/* File created by scraping https://www.transfermarkt.com using Antonio Cardin's program */

insert into Squadre values
  ('Aldershot Town','1TW Hampshire','Searle'),
  ('Notts County','3HJ','Ardley'),
  ('Sutton United','2EY','Gray'),
  ('Hartlepool United','8BZ Hartlepool','Challinor'),
  ('Barnet FC','2BE London','Fairclough'),
  ('Wealdstone FC','London Borough','Maynard'),
  ('Yeovil Town','8YF Yeovil','Sarll'),
  ('Woking FC','9AA Woking','Dowson'),
  ('Boreham Wood FC','5AL Boreham Wood, London Borough of Hertsmer','Garrard'),
  ('FC Halifax Town','2YS Halifax, West Yorkshire','Wild'),
  ('Maidenhead United','7,','Devonshire'),
  ('Stockport County','9DD Edgeley Park ,','Rusk'),
  ('Solihull Moors','2PP','Shan'),
  ('Chesterfield FC','8NZ Chesterfield','Pemberton'),
  ('King''s Lynn Town','5PB','Culverhouse'),
  ('Weymouth FC','','Stock'),
  ('Wrexham AFC','2AH Wrexham','Keates'),
  ('Eastleigh FC','9HT','Strevens'),
  ('Altrincham FC','8AP','Parkinson'),
  ('Bromley FC','Borough','Smith'),
  ('Dagenham & Redbridge FC','7XL Dagenham (London)','McMahon'),
  ('Dover Athletic','0JB','Hessenthaler'),
  ('Torquay United','3PS Torquay','Johnson');

insert into Giocatori values
  ('399423','Aldershot Town',null,'Brad','James','5-jul-1999','Portiere'),
  ('126222','Aldershot Town',1,'Mitch','Walker','24-sep-1991','Portiere'),
  ('658538','Aldershot Town',13,'Ryan','Hall','6-oct-2000','Portiere'),
  ('640280','Aldershot Town',null,'Giles','Phillips','22-jun-1997','Difensore'),
  ('248755','Aldershot Town',4,'Jamie','Sendles-White','10-apr-1994','Difensore'),
  ('688927','Aldershot Town',null,'Dinesh','Gillela','2-jan-2000','Difensore'),
  ('302458','Aldershot Town',3,'Alex','Finney','6-jun-1996','Difensore'),
  ('291127','Aldershot Town',6,'Kodi','Lyons-Foster','19-oct-1996','Difensore'),
  ('865990','Aldershot Town',21,'Ben','Shroll','26-oct-2000','Difensore'),
  ('651955','Aldershot Town',null,'Shadrach','Ogie','26-aug-2001','Difensore'),
  ('688887','Aldershot Town',null,'Joe','Rabbetts','17-jul-2002','Difensore'),
  ('201656','Aldershot Town',26,'Lewis','Kinsella','2-sep-1994','Difensore'),
  ('481174','Aldershot Town',2,'George','Fowler','20-nov-1997','Difensore'),
  ('652622','Aldershot Town',23,'Killian','Colombie','2-nov-1995','Difensore'),
  ('690114','Aldershot Town',null,'Taylor','Thain','13-may-2002','Centrocampista'),
  ('706684','Aldershot Town',18,'Reece','Wylie','27-may-2002','Centrocampista'),
  ('157503','Aldershot Town',7,'James','Rowe','21-oct-1991','Centrocampista'),
  ('122713','Aldershot Town',8,'Josh','Rees','4-oct-1993','Centrocampista'),
  ('690833','Aldershot Town',12,'Alfy','Whittingham','15-jul-1998','Centrocampista'),
  ('250331','Aldershot Town',15,'Jermaine','Anderson','16-may-1996','Centrocampista'),
  ('425901','Aldershot Town',20,'Toby','Edser','28-feb-1999','Centrocampista'),
  ('718371','Aldershot Town',null,'Elis','Watts','28-jun-2002','Attaccante'),
  ('725703','Aldershot Town',null,'Joseph','Hungbo','15-jan-2000','Attaccante'),
  ('029006','Aldershot Town',44,'Ross','McCormack','18-aug-1986','Attaccante'),
  ('290788','Aldershot Town',28,'Kaylen','Hinds','28-jan-1998','Attaccante'),
  ('224673','Aldershot Town',11,'Harry','Panayiotou','28-oct-1994','Attaccante'),
  ('243631','Aldershot Town',27,'Craig','Tanner','27-oct-1994','Attaccante'),
  ('506646','Aldershot Town',null,'Tommy','Willard','1-sep-2000','Attaccante'),
  ('542439','Aldershot Town',null,'Mike','Fondop','27-nov-1993','Attaccante'),
  ('207005','Aldershot Town',9,'Mohamed','Bettamer','1-apr-1993','Attaccante'),
  ('255818','Aldershot Town',10,'Chike','Kandi','6-oct-1995','Attaccante'),
  ('324152','Aldershot Town',14,'Joel','Nouble','19-jan-1996','Attaccante'),
  ('106119','Aldershot Town',30,'Ricky','Miller','13-mar-1989','Attaccante'),
  ('121388','Notts County',30,'Jake','Kean','4-feb-1991','Portiere'),
  ('095240','Notts County',1,'Sam','Slocombe','5-jun-1988','Portiere'),
  ('814499','Notts County',22,'Tiernan','Brooks','17-jun-2003','Portiere'),
  ('299457','Notts County',25,'Luke','Pilling','25-jul-1997','Portiere'),
  ('052497','Notts County',null,'Mark','Ellis','30-sep-1988','Difensore'),
  ('575633','Notts County',null,'Sam','Graham','13-aug-2000','Difensore'),
  ('039518','Notts County',5,'Ben','Turner','21-aug-1988','Difensore'),
  ('155742','Notts County',13,'Connell','Rawlinson','22-sep-1991','Difensore'),
  ('137155','Notts County',24,'Alex','Lacey','31-may-1993','Difensore'),
  ('244261','Notts County',null,'Calvin','Miller','9-jan-1998','Difensore'),
  ('596966','Notts County',7,'Jordan','Barnett','20-oct-1999','Difensore'),
  ('089394','Notts County',14,'Damien','McCrory','23-feb-1990','Difensore'),
  ('067214','Notts County',23,'Adam','Chicksen','27-sep-1991','Difensore'),
  ('476147','Notts County',null,'Kenton','Richardson','26-jun-1999','Difensore'),
  ('543783','Notts County',null,'Tylor','Golden','8-nov-1999','Difensore'),
  ('196714','Notts County',2,'Richard','Brindley','5-may-1993','Difensore'),
  ('347238','Notts County',16,'Dion','Kelly-Evans','21-sep-1996','Difensore'),
  ('185467','Notts County',4,'Jake','Reeves','30-may-1993','Centrocampista'),
  ('562749','Notts County',null,'Matty','Wolfe','12-jun-2000','Centrocampista'),
  ('583863','Notts County',null,'Regan','Griffiths','1-may-2000','Centrocampista'),
  ('048477','Notts County',6,'Jim','O''Brien','28-sep-1987','Centrocampista'),
  ('010025','Notts County',8,'Michael','Doyle','8-aug-1981','Centrocampista'),
  ('284749','Notts County',null,'Tom','Walker','12-dec-1995','Centrocampista'),
  ('195270','Notts County',11,'Enzio','Boldewijn','17-nov-1992','Attaccante'),
  ('288952','Notts County',10,'Callum','Roberts','14-apr-1997','Attaccante'),
  ('531674','Notts County',20,'Rúben','Rodrigues','2-aug-1996','Attaccante'),
  ('003539','Notts County',null,'Luke','Steele','24-sep-1984','Attaccante'),
  ('096621','Notts County',null,'Wes','Thomas','23-jan-1987','Attaccante'),
  ('220328','Notts County',null,'Inih','Effiong','2-mar-1991','Attaccante'),
  ('663889','Notts County',null,'Jimmy','Knowles','27-feb-2001','Attaccante'),
  ('334721','Notts County',9,'Kyle','Wootton','11-oct-1996','Attaccante'),
  ('420886','Notts County',19,'Elisha','Sam','31-mar-1997','Attaccante'),
  ('879805','Notts County',27,'Lewis','Knight','9-sep-1998','Attaccante'),
  ('050104','Sutton United',1,'Dean','Bouzanis','2-oct-1990','Portiere'),
  ('340306','Sutton United',13,'Bradley','House','19-oct-1998','Portiere'),
  ('805601','Sutton United',null,'Ben','Margetson','1-sep-2000','Difensore'),
  ('454239','Sutton United',5,'Ben','Goodliffe','19-jun-1999','Difensore'),
  ('440111','Sutton United',6,'Louis','John','19-apr-1994','Difensore'),
  ('632166','Sutton United',12,'Coby','Rowe','2-oct-1995','Difensore'),
  ('637631','Sutton United',16,'Bradley','Pearce','10-mar-1999','Difensore'),
  ('596718','Sutton United',20,'Joash','Nembhard','13-mar-1998','Difensore'),
  ('640217','Sutton United',23,'Jude','Mason','11-jan-2001','Difensore'),
  ('055851','Sutton United',24,'Rob','Milsom','2-jan-1987','Difensore'),
  ('747561','Sutton United',null,'Junior','Tiensia','25-dec-2000','Difensore'),
  ('250276','Sutton United',3,'Ben','Wyatt','4-feb-1996','Difensore'),
  ('374246','Sutton United',2,'Jonathan','Barden','9-nov-1992','Difensore'),
  ('346270','Sutton United',26,'Aaron','Simpson','4-jul-1997','Difensore'),
  ('067426','Sutton United',15,'Craig','Eastmond','9-dec-1990','Centrocampista'),
  ('130752','Sutton United',10,'Harry','Beautyman','1-apr-1992','Centrocampista'),
  ('092573','Sutton United',8,'Kenny','Davis','17-apr-1988','Centrocampista'),
  ('678529','Sutton United',18,'Adam','Lovatt','11-may-1999','Centrocampista'),
  ('061566','Sutton United',19,'Wayne','Brown','6-aug-1988','Centrocampista'),
  ('318069','Sutton United',18,'Will','Randall','2-may-1997','Attaccante'),
  ('248504','Sutton United',27,'Rhys','Browne','16-nov-1995','Attaccante'),
  ('485994','Sutton United',7,'David','Ajiboye','28-sep-1998','Attaccante'),
  ('330607','Sutton United',null,'Donovan','Wilson','14-mar-1997','Attaccante'),
  ('614030','Sutton United',null,'Jordan','Adebayo-Smith','11-jan-2001','Attaccante'),
  ('747681','Sutton United',null,'Isaac','Olaofe','21-nov-1999','Attaccante'),
  ('261741','Sutton United',17,'Tobi','Sho-Silva','27-mar-1995','Attaccante'),
  ('487847','Sutton United',9,'Omar','Bugiel','3-jan-1994','Attaccante'),
  ('207911','Sutton United',14,'Craig','Dundas','16-feb-1981','Attaccante'),
  ('455198','Sutton United',21,'Callum','Kealy','26-sep-1998','Attaccante'),
  ('325896','Hartlepool United',null,'Henrich','Ravas','16-aug-1997','Portiere'),
  ('703487','Hartlepool United',null,'Brad','Young','5-may-2002','Portiere'),
  ('244970','Hartlepool United',1,'Ben','Killip','24-nov-1995','Portiere'),
  ('066936','Hartlepool United',4,'Gary','Liddle','15-jun-1986','Difensore'),
  ('643162','Hartlepool United',null,'Jake','Cooper','2-jan-2001','Difensore'),
  ('428041','Hartlepool United',null,'Tyler','Magloire','21-dec-1998','Difensore'),
  ('474382','Hartlepool United',null,'Lewis','Cass','27-feb-2000','Difensore'),
  ('424878','Hartlepool United',5,'Timi','Odusina','28-oct-1999','Difensore'),
  ('299471','Hartlepool United',15,'Ryan','Johnson','2-oct-1996','Difensore'),
  ('580512','Hartlepool United',20,'Aaron','Cunningham','3-feb-1998','Difensore'),
  ('193078','Hartlepool United',26,'Zaine','Francis-Angol','30-jun-1993','Difensore'),
  ('214023','Hartlepool United',3,'David','Ferguson','7-jun-1994','Difensore'),
  ('253398','Hartlepool United',null,'Joe','Bunney','26-sep-1993','Difensore'),
  ('250431','Hartlepool United',23,'Jamie','Sterry','21-nov-1995','Difensore'),
  ('045607','Hartlepool United',8,'Nicky','Featherstone','22-sep-1988','Centrocampista'),
  ('496786','Hartlepool United',null,'Tom','White','9-may-1997','Centrocampista'),
  ('357225','Hartlepool United',6,'Mark','Shelton','12-sep-1996','Centrocampista'),
  ('523536','Hartlepool United',22,'Tom','Crawford','30-may-1999','Centrocampista'),
  ('375388','Hartlepool United',17,'Josh','MacDonald','7-feb-1995','Centrocampista'),
  ('127805','Hartlepool United',14,'Gavan','Holohan','15-dec-1991','Centrocampista'),
  ('419331','Hartlepool United',10,'Luke','Molyneux','29-mar-1998','Centrocampista'),
  ('257247','Hartlepool United',11,'Rhys','Oates','4-dec-1994','Attaccante'),
  ('547504','Hartlepool United',16,'Claudio','Ofosu','27-sep-1998','Attaccante'),
  ('131981','Hartlepool United',18,'Luke','Williams','11-jun-1993','Attaccante'),
  ('061569','Hartlepool United',7,'Ryan','Donaldson','1-may-1991','Attaccante'),
  ('383046','Hartlepool United',null,'Luke','Armstrong','2-jul-1996','Attaccante'),
  ('324502','Hartlepool United',null,'David','Parkhouse','24-oct-1999','Attaccante'),
  ('407393','Hartlepool United',null,'Richie','Bennett','3-mar-1991','Attaccante'),
  ('482999','Hartlepool United',null,'Harvey','Saunders','20-jul-1997','Attaccante'),
  ('730305','Hartlepool United',null,'Joe','Grey','4-may-2003','Attaccante'),
  ('339013','Hartlepool United',9,'Mason','Bloomfield','6-nov-1996','Attaccante'),
  ('646073','Hartlepool United',27,'Danny','Elliott','29-sep-1995','Attaccante'),
  ('412596','Barnet FC',null,'Adam','Parkes','30-nov-1999','Portiere'),
  ('058647','Barnet FC',1,'Scott','Loach','27-may-1988','Portiere'),
  ('801403','Barnet FC',12,'James','Callan','6-jun-2004','Portiere'),
  ('614276','Barnet FC',24,'Aymen','Azaze','20-dec-2001','Portiere'),
  ('155972','Barnet FC',null,'Bilel','Mohsni','21-jul-1987','Difensore'),
  ('105066','Barnet FC',null,'Liam','Daly','28-aug-1987','Difensore'),
  ('207891','Barnet FC',null,'Ben','Richards-Everton','17-oct-1991','Difensore'),
  ('696893','Barnet FC',null,'Richard','Taylor','2-oct-2000','Difensore'),
  ('727737','Barnet FC',null,'Themis','Kefalas','28-may-2000','Difensore'),
  ('268300','Barnet FC',5,'Matt','Preston','16-mar-1995','Difensore'),
  ('238603','Barnet FC',31,'Ben','Nugent','29-nov-1992','Difensore'),
  ('883810','Barnet FC',null,'Sam','Beard','12-mar-1998','Difensore'),
  ('277760','Barnet FC',3,'Jack','Connors','24-oct-1994','Difensore'),
  ('245334','Barnet FC',26,'Jerome','Binnom-Williams','7-mar-1995','Difensore'),
  ('707773','Barnet FC',35,'Loic','Hernandez','7-nov-1999','Difensore'),
  ('392302','Barnet FC',null,'Myles','Judd','3-feb-1999','Difensore'),
  ('476239','Barnet FC',2,'Dwight','Pascal','3-mar-2001','Difensore'),
  ('380028','Barnet FC',16,'Harry','Taylor','5-may-1997','Difensore'),
  ('105395','Barnet FC',30,'Lee','Vaughan','17-jul-1986','Difensore'),
  ('789534','Barnet FC',32,'Jack','Tompkins','13-dec-2001','Centrocampista'),
  ('050391','Barnet FC',40,'Anthony','Wordsworth','3-jan-1989','Centrocampista'),
  ('103487','Barnet FC',null,'Dean','Parrett','16-nov-1991','Centrocampista'),
  ('283652','Barnet FC',7,'Alexander','McQueen','24-mar-1995','Centrocampista'),
  ('747563','Barnet FC',null,'Sam','Skeffington','19-sep-2000','Centrocampista'),
  ('295627','Barnet FC',4,'Tyrone','Duffus','27-jan-1997','Centrocampista'),
  ('044789','Barnet FC',6,'James','Dunne','18-sep-1989','Centrocampista'),
  ('380021','Barnet FC',18,'Wesley','Fonguck','16-jul-1997','Centrocampista'),
  ('741984','Barnet FC',19,'Xander','McBurnie','6-nov-1997','Centrocampista'),
  ('189039','Barnet FC',10,'Michael','Petrasso','9-jul-1995','Centrocampista'),
  ('666507','Barnet FC',33,'Antonis','Vasiliou','12-may-2001','Centrocampista'),
  ('125784','Barnet FC',8,'Eliot','Richards','10-sep-1991','Attaccante'),
  ('298231','Barnet FC',null,'Courtney','Baker-Richardson','5-dec-1995','Attaccante'),
  ('317449','Barnet FC',null,'Tomi','Adeloye','17-feb-1996','Attaccante'),
  ('460299','Barnet FC',null,'Muhammadu','Faal','1-jul-1997','Attaccante'),
  ('305392','Barnet FC',9,'Alfie','Pavey','2-oct-1995','Attaccante'),
  ('203461','Barnet FC',11,'JJ','Hooper','9-oct-1993','Attaccante'),
  ('390068','Barnet FC',22,'Josh','Walker','28-dec-1997','Attaccante'),
  ('466637','Barnet FC',27,'Ephron','Mason-Clarke','25-aug-1999','Attaccante'),
  ('284718','Wealdstone FC',null,'Harry','Isted','5-mar-1997','Portiere'),
  ('243623','Wealdstone FC',null,'Stuart','Moore','8-sep-1994','Portiere'),
  ('185869','Wealdstone FC',null,'Grant','Smith','20-nov-1993','Portiere'),
  ('565684','Wealdstone FC',null,'George','Shelvey','22-apr-2001','Portiere'),
  ('531486','Wealdstone FC',25,'Jake','Askew','8-feb-2002','Portiere'),
  ('127984','Wealdstone FC',24,'Josh','Meekings','2-sep-1992','Difensore'),
  ('193080','Wealdstone FC',null,'Adel','Gafaiti','16-jul-1994','Difensore'),
  ('365204','Wealdstone FC',null,'Maxim','Kouogun','14-mar-1997','Difensore'),
  ('469249','Wealdstone FC',null,'Joseph','Olowu','27-nov-1999','Difensore'),
  ('487428','Wealdstone FC',null,'Nikola','Tavares','17-jan-1999','Difensore'),
  ('565674','Wealdstone FC',null,'Riley','Harbottle','26-sep-2000','Difensore'),
  ('574779','Wealdstone FC',null,'Dan','Bowry','29-apr-1998','Difensore'),
  ('646973','Wealdstone FC',null,'George','Langston','7-nov-2002','Difensore'),
  ('674953','Wealdstone FC',null,'Jamie','Fielding','18-aug-1999','Difensore'),
  ('673419','Wealdstone FC',5,'Connor','Stevens','9-jan-1998','Difensore'),
  ('333231','Wealdstone FC',6,'Jerome','Okimo','8-jun-1988','Difensore'),
  ('558342','Wealdstone FC',34,'Jack','Cawley','19-sep-1992','Difensore'),
  ('295259','Wealdstone FC',null,'Josh','Debayo','17-oct-1996','Difensore'),
  ('436334','Wealdstone FC',13,'Dan','Wishart','28-may-1992','Difensore'),
  ('822163','Wealdstone FC',17,'Jacob','Mendy','27-dec-1996','Difensore'),
  ('481250','Wealdstone FC',null,'Mohamed','Diallo','1-nov-1999','Difensore'),
  ('265990','Wealdstone FC',2,'Michee','Efete','11-mar-1997','Difensore'),
  ('869549','Wealdstone FC',31,'Elijah','Hearn','28-jul-2004','Difensore'),
  ('061639','Wealdstone FC',18,'Alex','Dyer','11-jun-1990','Centrocampista'),
  ('378629','Wealdstone FC',7,'Michael','Phillips','22-sep-1997','Centrocampista'),
  ('361075','Wealdstone FC',null,'Kundai','Benyu','12-dec-1997','Centrocampista'),
  ('886386','Wealdstone FC',null,'Tecane','Shrowder',null,'Centrocampista'),
  ('649053','Wealdstone FC',4,'Ashley','Charles','15-may-1999','Centrocampista'),
  ('177771','Wealdstone FC',8,'Connor','Smith','18-feb-1993','Centrocampista'),
  ('156586','Wealdstone FC',10,'Danny','Green','4-aug-1990','Centrocampista'),
  ('314387','Wealdstone FC',null,'Charlie','Wakefield','10-apr-1998','Centrocampista'),
  ('636900','Wealdstone FC',null,'Craig','Fasanmade','10-jun-2000','Centrocampista'),
  ('621775','Wealdstone FC',null,'Deshane','Dalling','13-aug-1998','Centrocampista'),
  ('558151','Wealdstone FC',null,'Matt','Lench','7-oct-1992','Centrocampista'),
  ('380024','Wealdstone FC',null,'Ryan','Gondoh','6-jun-1997','Attaccante'),
  ('451304','Wealdstone FC',11,'Dennon','Lewis','9-may-1997','Attaccante'),
  ('552847','Wealdstone FC',20,'Jorome','Slew','29-nov-1997','Attaccante'),
  ('646974','Wealdstone FC',null,'Sonny Blu','Lo-Everton','15-sep-2002','Attaccante'),
  ('282474','Wealdstone FC',9,'Ross','Lafayette','11-apr-1987','Attaccante'),
  ('727066','Wealdstone FC',12,'Charlee','Hughes','17-may-1996','Attaccante'),
  ('727067','Wealdstone FC',14,'Danny','Parish','18-oct-1998','Attaccante'),
  ('092531','Wealdstone FC',19,'Moses','Emmanuel','18-jul-1989','Attaccante'),
  ('163532','Yeovil Town',null,'Adam','Smith','23-nov-1992','Portiere'),
  ('422640','Yeovil Town',null,'Harry','Palmer','20-jun-1995','Portiere'),
  ('747353','Yeovil Town',26,'Max','Evans','25-may-2002','Portiere'),
  ('129013','Yeovil Town',6,'Luke','Wilkinson','2-dec-1991','Difensore'),
  ('364409','Yeovil Town',null,'Gabriel','Osho','14-aug-1998','Difensore'),
  ('594683','Yeovil Town',null,'Morgan','Williams','30-aug-1999','Difensore'),
  ('023848','Yeovil Town',null,'Lee','Collins','28-sep-1988','Difensore'),
  ('526874','Yeovil Town',null,'Billy','Sass-Davies','17-feb-2000','Difensore'),
  ('554465','Yeovil Town',26,'Max','Hunt','1-may-1999','Difensore'),
  ('344785','Yeovil Town',32,'Josh','Staunton','15-sep-1995','Difensore'),
  ('193875','Yeovil Town',null,'Michael','Kelly','3-nov-1997','Difensore'),
  ('434217','Yeovil Town',null,'Ryan','Burke','23-nov-2000','Difensore'),
  ('893412','Yeovil Town',null,'Jiah','Medrano','29-sep-2002','Difensore'),
  ('034337','Yeovil Town',3,'Carl','Dickinson','31-mar-1987','Difensore'),
  ('062073','Yeovil Town',null,'Daniel','Leadbitter','24-jun-1991','Difensore'),
  ('691062','Yeovil Town',18,'Albi','Skendi','26-sep-1993','Centrocampista'),
  ('667662','Yeovil Town',20,'Alex','John','8-feb-2001','Centrocampista'),
  ('039929','Yeovil Town',10,'Jimmy','Smith','7-jan-1987','Centrocampista'),
  ('357663','Yeovil Town',null,'Jack','Clarke','30-jan-1999','Centrocampista'),
  ('893411','Yeovil Town',null,'Adam','Heaton','14-nov-2002','Centrocampista'),
  ('493607','Yeovil Town',7,'Matt','Worthington','18-dec-1997','Centrocampista'),
  ('158809','Yeovil Town',8,'Lawson','D''Ath','24-dec-1992','Centrocampista'),
  ('016669','Yeovil Town',22,'Charlie','Lee','5-jan-1987','Centrocampista'),
  ('359234','Yeovil Town',27,'Alex','Bradley','27-jan-1999','Centrocampista'),
  ('603547','Yeovil Town',16,'Gabriel','Rogers','14-feb-2001','Attaccante'),
  ('559092','Yeovil Town',21,'Tom','Knowles','27-sep-1998','Attaccante'),
  ('312531','Yeovil Town',25,'Emmanuel','Sonupe','21-mar-1996','Attaccante'),
  ('636949','Yeovil Town',null,'Matt','Warburton','24-may-1992','Attaccante'),
  ('543093','Yeovil Town',null,'Josh','Neufville','22-mar-2001','Attaccante'),
  ('242434','Yeovil Town',null,'Courtney','Duffus','24-oct-1995','Attaccante'),
  ('838926','Yeovil Town',null,'Alfie','Lloyd','30-apr-2003','Attaccante'),
  ('890530','Yeovil Town',null,'Toby','Stephens','10-sep-2003','Attaccante'),
  ('045230','Yeovil Town',9,'Rhys','Murphy','6-nov-1990','Attaccante'),
  ('386148','Yeovil Town',19,'Joe','Quigley','10-dec-1996','Attaccante'),
  ('039693','Yeovil Town',33,'Reuben','Reid','26-jul-1988','Attaccante'),
  ('067269','Yeovil Town',34,'Chris','Dagnall','15-apr-1986','Attaccante'),
  ('683843','Woking FC',null,'Harvey','White','28-feb-2001','Portiere'),
  ('241696','Woking FC',13,'Craig','Ross','29-jan-1990','Portiere'),
  ('382071','Woking FC',31,'Mark','Smith','15-dec-1995','Portiere'),
  ('541518','Woking FC',null,'Saul','Shotton','10-nov-2000','Difensore'),
  ('543485','Woking FC',null,'Sam','Cartwright','8-jul-2000','Difensore'),
  ('636885','Woking FC',2,'Jack','Cook','16-sep-1993','Difensore'),
  ('120699','Woking FC',5,'Ben','Gerring','1-jan-1991','Difensore'),
  ('346178','Woking FC',6,'Moussa','Diarra','4-feb-1990','Difensore'),
  ('865003','Woking FC',null,'Jake','Rumble','7-aug-2003','Difensore'),
  ('138787','Woking FC',3,'Josh','Casey','19-oct-1991','Difensore'),
  ('879914','Woking FC',24,'Leo','Hamblin','24-oct-2002','Difensore'),
  ('373722','Woking FC',null,'Tyler','Reid','2-sep-1997','Difensore'),
  ('655723','Woking FC',null,'Kyran','Lofthouse','15-sep-2000','Difensore'),
  ('646275','Woking FC',21,'Tommy','Block','23-dec-1999','Difensore'),
  ('710141','Woking FC',15,'Jack','Skinner','18-jun-2000','Centrocampista'),
  ('550897','Woking FC',27,'Joe','Leslie','13-nov-2000','Centrocampista'),
  ('236397','Woking FC',12,'Nathan','Collier','18-jun-1986','Centrocampista'),
  ('608165','Woking FC',null,'Ben','Dempsey','25-nov-1999','Centrocampista'),
  ('727594','Woking FC',null,'John','Freeman','4-nov-2001','Centrocampista'),
  ('419183','Woking FC',4,'Charlie','Cooper','1-may-1997','Centrocampista'),
  ('169599','Woking FC',8,'Kane','Ferdinand','7-oct-1992','Centrocampista'),
  ('233134','Woking FC',10,'Max','Kretzschmar','12-oct-1993','Centrocampista'),
  ('526619','Woking FC',20,'Malachi','Napa','26-may-1999','Centrocampista'),
  ('192361','Woking FC',22,'Johnny','Goddard','2-jun-1993','Centrocampista'),
  ('491734','Woking FC',29,'Nathan','Wood','10-aug-1999','Centrocampista'),
  ('614154','Woking FC',null,'Slavi','Spasov','31-dec-2001','Attaccante'),
  ('015921','Woking FC',11,'Matt','Jarvis','22-may-1986','Attaccante'),
  ('884933','Woking FC',28,'Selim','Saied','9-mar-2003','Attaccante'),
  ('636887','Woking FC',32,'Paul','Hodges','24-may-1993','Attaccante'),
  ('470128','Woking FC',null,'Sam','Dalby','7-dec-1999','Attaccante'),
  ('481553','Woking FC',null,'Connor','Hall','18-feb-1998','Attaccante'),
  ('604057','Woking FC',null,'Niko','Muir','1-mar-1993','Attaccante'),
  ('718547','Woking FC',null,'Josh','Davison','16-sep-1999','Attaccante'),
  ('727132','Woking FC',null,'Zach','Robinson','11-jun-2002','Attaccante'),
  ('788703','Woking FC',null,'Sam','Ashford','21-dec-1995','Attaccante'),
  ('409695','Woking FC',7,'Dave','Tarpey','14-nov-1988','Attaccante'),
  ('226011','Woking FC',9,'Jonte','Smith','10-jul-1994','Attaccante'),
  ('879905','Woking FC',17,'Sam','Evans','1-oct-2002','Attaccante'),
  ('735140','Woking FC',23,'Jayden','Wareham','13-may-2003','Attaccante'),
  ('203464','Woking FC',26,'Jamar','Loza','10-may-1994','Attaccante'),
  ('883576','Boreham Wood FC',null,'Donnabhan','Green','16-dec-2001','Portiere'),
  ('092992','Boreham Wood FC',1,'Nathan','Ashmore','22-feb-1990','Portiere'),
  ('258920','Boreham Wood FC',17,'Ryan','Huddart','6-mar-1997','Portiere'),
  ('843972','Boreham Wood FC',21,'Martin','Brennan','14-sep-1982','Portiere'),
  ('119033','Boreham Wood FC',6,'David','Stephens','18-oct-1991','Difensore'),
  ('169720','Boreham Wood FC',12,'Jamal','Fyfield','17-mar-1989','Difensore'),
  ('062331','Boreham Wood FC',14,'Krystian','Pearce','5-jan-1990','Difensore'),
  ('883577','Boreham Wood FC',null,'Momodou','Jallow','25-apr-2003','Difensore'),
  ('156590','Boreham Wood FC',3,'Femi','Ilesanmi','18-apr-1991','Difensore'),
  ('048953','Boreham Wood FC',2,'Danny','Woodards','7-oct-1983','Difensore'),
  ('525850','Boreham Wood FC',19,'Kane','Smith','7-feb-1996','Difensore'),
  ('028941','Boreham Wood FC',4,'Mark','Ricketts','7-oct-1984','Centrocampista'),
  ('236396','Boreham Wood FC',5,'Tom','Champion','15-may-1986','Centrocampista'),
  ('353668','Boreham Wood FC',8,'Gus','Mafuta','11-jun-1995','Centrocampista'),
  ('079589','Boreham Wood FC',10,'Keiran','Murtagh','29-oct-1988','Centrocampista'),
  ('251822','Boreham Wood FC',20,'Adam','McDonnell','14-may-1997','Centrocampista'),
  ('147621','Boreham Wood FC',7,'Piero','Mingoia','20-oct-1991','Centrocampista'),
  ('186029','Boreham Wood FC',23,'Tyrone','Marsh','24-dec-1993','Attaccante'),
  ('475416','Boreham Wood FC',null,'Sorba','Thomas','25-jan-1999','Attaccante'),
  ('455600','Boreham Wood FC',null,'Corey','Whitely','11-jul-1991','Attaccante'),
  ('233141','Boreham Wood FC',null,'Junior','Morias','4-jul-1995','Attaccante'),
  ('346237','Boreham Wood FC',9,'Kabongo','Tshimanga','22-sep-1997','Attaccante'),
  ('098205','Boreham Wood FC',15,'Matt','Rhead','31-may-1984','Attaccante'),
  ('251829','Boreham Wood FC',18,'Shaq','Coulthirst','2-nov-1994','Attaccante'),
  ('406923','FC Halifax Town',null,'Chris','Renshaw','26-sep-1997','Portiere'),
  ('159827','FC Halifax Town',1,'Sam','Johnson','1-dec-1992','Portiere'),
  ('804535','FC Halifax Town',12,'Harrison','Davison-Hale','17-dec-2000','Portiere'),
  ('834598','FC Halifax Town',null,'Nick','Crane',null,'Difensore'),
  ('049087','FC Halifax Town',4,'Nathan','Clarke','30-nov-1983','Difensore'),
  ('121536','FC Halifax Town',5,'Neill','Byrne','2-feb-1993','Difensore'),
  ('804041','FC Halifax Town',null,'Jean','Belehouan','1-sep-2000','Difensore'),
  ('601512','FC Halifax Town',6,'Tom','Bradbury','27-feb-1998','Difensore'),
  ('820704','FC Halifax Town',18,'Jay','Benn','22-aug-2001','Difensore'),
  ('213967','FC Halifax Town',31,'Niall','Maher','31-jul-1995','Difensore'),
  ('457769','FC Halifax Town',3,'Jack','Senior','13-jan-1997','Difensore'),
  ('677827','FC Halifax Town',20,'Dom','Tear','25-oct-1999','Centrocampista'),
  ('508265','FC Halifax Town',null,'Kian','Spence','9-jan-2001','Centrocampista'),
  ('004108','FC Halifax Town',null,'Neil','Danns','23-nov-1982','Centrocampista'),
  ('036993','FC Halifax Town',19,'Luke','Summerfield','6-dec-1987','Centrocampista'),
  ('025389','FC Halifax Town',26,'Martin','Woods','1-jan-1986','Centrocampista'),
  ('330593','FC Halifax Town',2,'Jeff','King','19-dec-1995','Centrocampista'),
  ('241706','FC Halifax Town',11,'Danny','Williams','25-jan-1988','Centrocampista'),
  ('834592','FC Halifax Town',null,'Lucas','Schofield',null,'Centrocampista'),
  ('343301','FC Halifax Town',8,'Kieran','Green','30-jun-1997','Centrocampista'),
  ('460216','FC Halifax Town',10,'Jack','Earing','21-jan-1999','Centrocampista'),
  ('139198','FC Halifax Town',null,'Gevaro','Nepomuceno','10-nov-1992','Attaccante'),
  ('086303','FC Halifax Town',16,'Reuben','Noble-Lazarus','16-aug-1993','Attaccante'),
  ('359195','FC Halifax Town',null,'Lewis','Mansell','20-sep-1997','Attaccante'),
  ('229976','FC Halifax Town',7,'Jamie','Allen','25-may-1995','Attaccante'),
  ('182858','FC Halifax Town',null,'Darren','Stephenson','6-mar-1993','Attaccante'),
  ('286496','FC Halifax Town',null,'Tahvon','Campbell','10-jan-1997','Attaccante'),
  ('341072','FC Halifax Town',null,'Nyal','Bell','18-jan-1997','Attaccante'),
  ('517405','FC Halifax Town',null,'Gold','Omotayo','27-jan-1994','Attaccante'),
  ('795638','FC Halifax Town',null,'Micah','Obiero','22-feb-2001','Attaccante'),
  ('810454','FC Halifax Town',null,'Billy','Chadwick','19-jan-2000','Attaccante'),
  ('119666','FC Halifax Town',9,'Jake','Hyde','1-jul-1990','Attaccante'),
  ('628245','FC Halifax Town',14,'Matty','Stenson','16-mar-1994','Attaccante'),
  ('385763','Maidenhead United',null,'Rhys','Lovett','15-may-1997','Portiere'),
  ('314354','Maidenhead United',null,'Taye','Ashby-Hammond','21-mar-1999','Portiere'),
  ('433164','Maidenhead United',null,'Joshua','Oluwayemi','13-mar-2001','Portiere'),
  ('657262','Maidenhead United',null,'James','Holden','4-sep-2001','Portiere'),
  ('871172','Maidenhead United',26,'Rhys','Forster',null,'Portiere'),
  ('268527','Maidenhead United',4,'Shaun','Donnellan','16-oct-1996','Difensore'),
  ('241608','Maidenhead United',5,'Manny','Parry','20-jan-1994','Difensore'),
  ('333348','Maidenhead United',6,'Remy','Clerima','20-jan-1990','Difensore'),
  ('247703','Maidenhead United',24,'Alan','Massey','11-jan-1989','Difensore'),
  ('558150','Maidenhead United',3,'George','Wells','9-jan-1996','Difensore'),
  ('661377','Maidenhead United',2,'Jerry','Wiltshire','4-feb-1996','Difensore'),
  ('045557','Maidenhead United',15,'Nana','Ofori-Twumasi','15-may-1990','Difensore'),
  ('339997','Maidenhead United',16,'Ryheem','Sheckleford','20-may-1997','Difensore'),
  ('141568','Maidenhead United',null,'Rohan','Ince','8-nov-1992','Centrocampista'),
  ('096471','Maidenhead United',8,'James','Comley','24-jan-1991','Centrocampista'),
  ('425759','Maidenhead United',null,'Alfie','Egan','3-sep-1997','Centrocampista'),
  ('641846','Maidenhead United',12,'Bradley','Keetch','19-sep-2000','Centrocampista'),
  ('409699','Maidenhead United',19,'Ryan','Upward','19-may-1992','Centrocampista'),
  ('319032','Maidenhead United',28,'Josh','Smile','24-oct-1996','Centrocampista'),
  ('607522','Maidenhead United',7,'Josh','Coley','24-jul-1998','Centrocampista'),
  ('125705','Maidenhead United',11,'Dan','Sparkes','20-jul-1991','Centrocampista'),
  ('409707','Maidenhead United',25,'Sam','Barratt','25-aug-1995','Centrocampista'),
  ('471910','Maidenhead United',null,'Alex','Addai','20-dec-1993','Attaccante'),
  ('241440','Maidenhead United',9,'Nathan','Blissett','29-jun-1990','Attaccante'),
  ('641124','Maidenhead United',10,'Danilo','Orsi','19-apr-1996','Attaccante'),
  ('738310','Maidenhead United',17,'Reece','Smith','28-apr-2002','Attaccante'),
  ('526852','Maidenhead United',22,'Josh','Kelly','19-dec-1998','Attaccante'),
  ('709301','Stockport County',null,'Alex','Gorst','21-aug-1999','Portiere'),
  ('725762','Stockport County',null,'Joshua','Schofield','13-mar-2003','Portiere'),
  ('049597','Stockport County',1,'Ben','Hinchliffe','9-oct-1988','Portiere'),
  ('353146','Stockport County',21,'Joshua','Barnes','1-dec-1997','Portiere'),
  ('211076','Stockport County',26,'Ross','Fitzsimons','28-may-1994','Portiere'),
  ('636870','Stockport County',null,'Jordan','Downing','2-feb-1998','Difensore'),
  ('208429','Stockport County',4,'Liam','Hogan','8-feb-1989','Difensore'),
  ('160154','Stockport County',5,'Ashley','Palmer','9-nov-1992','Difensore'),
  ('471624','Stockport County',15,'Jamie','Stott','22-dec-1997','Difensore'),
  ('199740','Stockport County',16,'Jordan','Keane','19-sep-1993','Difensore'),
  ('049704','Stockport County',3,'James','Jennings','2-sep-1987','Difensore'),
  ('829759','Stockport County',null,'Adam','Owen',null,'Difensore'),
  ('295639','Stockport County',14,'Mark','Kitching','4-sep-1995','Difensore'),
  ('223784','Stockport County',2,'Sam','Minihan','16-feb-1994','Difensore'),
  ('538678','Stockport County',17,'Macauley','Southam-Hales','2-feb-1996','Difensore'),
  ('829758','Stockport County',null,'Jack','Hopkins',null,'Centrocampista'),
  ('335598','Stockport County',28,'Will','Collar','3-feb-1997','Centrocampista'),
  ('284958','Stockport County',6,'Lois','Maynard','22-jan-1989','Centrocampista'),
  ('710228','Stockport County',null,'Max','Greenhalgh','25-apr-2002','Centrocampista'),
  ('293570','Stockport County',18,'Ryan','Croasdale','26-sep-1994','Centrocampista'),
  ('473079','Stockport County',22,'Harvey','Gilmour','15-dec-1998','Centrocampista'),
  ('854689','Stockport County',27,'Jack','Hinchy',null,'Centrocampista'),
  ('336855','Stockport County',null,'Elliot','Newby','21-nov-1995','Centrocampista'),
  ('574596','Stockport County',null,'Nathan','Shaw','22-nov-2000','Centrocampista'),
  ('618885','Stockport County',32,'Ryan','Rydel','9-feb-2001','Centrocampista'),
  ('427894','Stockport County',null,'Alex','Curran','31-oct-1998','Centrocampista'),
  ('077372','Stockport County',8,'John','Rooney','17-dec-1990','Centrocampista'),
  ('407392','Stockport County',11,'Jordan','Williams','13-dec-1992','Attaccante'),
  ('156942','Stockport County',7,'Adam','Thomas','4-feb-1994','Attaccante'),
  ('530782','Stockport County',null,'Jack','Stretton','6-sep-2001','Attaccante'),
  ('292945','Stockport County',null,'Harry','Cardwell','23-oct-1996','Attaccante'),
  ('718116','Stockport County',null,'Louis','Britton','17-mar-2001','Attaccante'),
  ('212426','Stockport County',10,'Connor','Jennings','29-oct-1991','Attaccante'),
  ('480233','Stockport County',19,'Alex','Reid','6-sep-1995','Attaccante'),
  ('092488','Stockport County',34,'Paddy','Madden','4-mar-1990','Attaccante'),
  ('259916','Solihull Moors',1,'Ryan','Boot','9-nov-1994','Portiere'),
  ('683343','Solihull Moors',13,'Niall','Clayton','17-feb-1999','Portiere'),
  ('425802','Solihull Moors',null,'Jordon','Thompson','8-apr-1999','Difensore'),
  ('261297','Solihull Moors',null,'Kyle','Howkins','4-may-1996','Difensore'),
  ('238209','Solihull Moors',5,'Callum','Howe','9-apr-1994','Difensore'),
  ('407166','Solihull Moors',6,'Alex','Gudger','9-dec-1992','Difensore'),
  ('426158','Solihull Moors',17,'Jordan','Piggott','17-feb-1999','Difensore'),
  ('123674','Solihull Moors',29,'Nathan','Cameron','21-nov-1991','Difensore'),
  ('685595','Solihull Moors',null,'Lewis','Miccio','2-dec-1998','Difensore'),
  ('203188','Solihull Moors',3,'Jordan','Cranston','11-nov-1993','Difensore'),
  ('596447','Solihull Moors',19,'Joshveer','Shergill','1-jan-2002','Difensore'),
  ('740153','Solihull Moors',22,'Melis','Bushaj',null,'Difensore'),
  ('129071','Solihull Moors',24,'Mitch','Hancox','9-nov-1993','Difensore'),
  ('707953','Solihull Moors',null,'Reiss','McNally','3-aug-2000','Difensore'),
  ('303477','Solihull Moors',2,'Tyrone','Williams','21-oct-1994','Difensore'),
  ('344004','Solihull Moors',12,'Cameron','Coxe','18-dec-1998','Difensore'),
  ('681324','Solihull Moors',21,'Ben','Usher-Shipway','21-aug-1998','Difensore'),
  ('425795','Solihull Moors',15,'Callum','Maycock','23-dec-1997','Centrocampista'),
  ('003929','Solihull Moors',23,'Darren','Carter','18-dec-1983','Centrocampista'),
  ('013504','Solihull Moors',4,'Kyle','Storer','30-apr-1987','Centrocampista'),
  ('462841','Solihull Moors',7,'Joe','Sbarra','21-dec-1998','Centrocampista'),
  ('048307','Solihull Moors',8,'Stephen','Gleeson','3-aug-1988','Centrocampista'),
  ('298495','Solihull Moors',10,'Jamey','Osborne','7-jun-1992','Centrocampista'),
  ('297571','Solihull Moors',18,'James','Ball','1-dec-1995','Centrocampista'),
  ('479203','Solihull Moors',null,'Ryan','Barnett','23-sep-1999','Centrocampista'),
  ('501785','Solihull Moors',null,'Nick','Clayton-Phillips','23-sep-1999','Attaccante'),
  ('048692','Solihull Moors',11,'Jamie','Ward','12-may-1986','Attaccante'),
  ('365633','Solihull Moors',26,'Justin','Donawa','27-jun-1996','Attaccante'),
  ('533662','Solihull Moors',null,'Cameron','Archer','9-dec-2001','Attaccante'),
  ('037773','Solihull Moors',9,'Adam','Rooney','21-apr-1988','Attaccante'),
  ('829766','Solihull Moors',27,'Kyle','Hudlin','15-jun-2000','Attaccante'),
  ('042874','Chesterfield FC',null,'Kyle','Letheren','26-dec-1987','Portiere'),
  ('424456','Chesterfield FC',null,'Corey','Addai','10-oct-1997','Portiere'),
  ('392756','Chesterfield FC',null,'Adam','Przybek','2-apr-2000','Portiere'),
  ('206223','Chesterfield FC',12,'Luke','Coddington','6-jun-1995','Portiere'),
  ('735544','Chesterfield FC',31,'Dylan','Wharton','28-aug-2002','Portiere'),
  ('244225','Chesterfield FC',35,'James','Montgomery','20-apr-1994','Portiere'),
  ('038083','Chesterfield FC',null,'Gavin','Gunning','26-jan-1991','Difensore'),
  ('120967','Chesterfield FC',null,'Fraser','Kerr','17-jan-1993','Difensore'),
  ('642668','Chesterfield FC',null,'Jamie','Sharman','20-feb-2001','Difensore'),
  ('399386','Chesterfield FC',4,'Josef','Yarney','8-oct-1997','Difensore'),
  ('156672','Chesterfield FC',5,'Will','Evans','9-oct-1991','Difensore'),
  ('338291','Chesterfield FC',6,'Laurence','Maguire','8-feb-1997','Difensore'),
  ('142353','Chesterfield FC',26,'Haydn','Hollis','14-oct-1992','Difensore'),
  ('175755','Chesterfield FC',null,'Alex','Whittle','15-mar-1993','Difensore'),
  ('452809','Chesterfield FC',null,'Tyler','Denton','6-sep-1995','Difensore'),
  ('055810','Chesterfield FC',3,'David','Buchanan','6-may-1986','Difensore'),
  ('258310','Chesterfield FC',15,'Joel','Taylor','24-mar-1996','Difensore'),
  ('738261','Chesterfield FC',null,'Jordan','Cropper','12-may-2000','Difensore'),
  ('744328','Chesterfield FC',30,'Regan','Hutchinson','2-aug-2001','Difensore'),
  ('370741','Chesterfield FC',13,'Milan','Butterfield','24-jan-1998','Centrocampista'),
  ('257536','Chesterfield FC',null,'Martin','Smith','2-oct-1995','Centrocampista'),
  ('013589','Chesterfield FC',8,'Curtis','Weston','24-jan-1987','Centrocampista'),
  ('272017','Chesterfield FC',17,'Jak','McCourt','6-jul-1995','Centrocampista'),
  ('691063','Chesterfield FC',22,'Tom','Whelan','5-apr-1996','Centrocampista'),
  ('097622','Chesterfield FC',23,'Jonathan','Smith','17-oct-1986','Centrocampista'),
  ('186598','Chesterfield FC',38,'Emmanuel','Oyeleke','24-dec-1992','Centrocampista'),
  ('475555','Chesterfield FC',2,'George','Carline','23-mar-1993','Centrocampista'),
  ('495034','Chesterfield FC',7,'Joe','Rowley','3-jun-1999','Centrocampista'),
  ('369563','Chesterfield FC',10,'Liam','Mandeville','17-feb-1997','Centrocampista'),
  ('202885','Chesterfield FC',null,'Alex','Kiwomya','20-may-1996','Attaccante'),
  ('173484','Chesterfield FC',null,'Adi','Yussuf','10-sep-1992','Attaccante'),
  ('074777','Chesterfield FC',null,'Scott','Boden','23-nov-1989','Attaccante'),
  ('191202','Chesterfield FC',null,'Danny','Rowe','29-jan-1989','Attaccante'),
  ('347439','Chesterfield FC',null,'Jack','McKay','19-nov-1996','Attaccante'),
  ('428214','Chesterfield FC',null,'Kairo','Mitchell','21-oct-1997','Attaccante'),
  ('583425','Chesterfield FC',null,'Luke','Rawson','25-mar-2001','Attaccante'),
  ('556982','Chesterfield FC',null,'Marcus','Dinanga','30-jun-1997','Attaccante'),
  ('129552','Chesterfield FC',9,'Akwasi','Asante','6-sep-1992','Attaccante'),
  ('013431','Chesterfield FC',18,'Nathan','Tyson','4-may-1982','Attaccante'),
  ('095190','Chesterfield FC',24,'Tom','Denton','24-jul-1989','Attaccante'),
  ('184070','King''s Lynn Town',null,'Paul','Bastock','19-may-1970','Portiere'),
  ('447063','King''s Lynn Town',null,'Archie','Mair','10-feb-2001','Portiere'),
  ('820998','King''s Lynn Town',null,'Alex','Street','24-jul-1991','Portiere'),
  ('503677','King''s Lynn Town',1,'Theo','Richardson','6-oct-1998','Portiere'),
  ('670822','King''s Lynn Town',null,'Danny','Lupano','23-aug-2000','Difensore'),
  ('758030','King''s Lynn Town',null,'Elkan','Baggott','23-oct-2002','Difensore'),
  ('207601','King''s Lynn Town',5,'Kyle','Callan-McFadden','20-apr-1995','Difensore'),
  ('532105','King''s Lynn Town',5,'Chris','Smith','21-feb-1998','Difensore'),
  ('104761','King''s Lynn Town',6,'Rory','McAuley','16-oct-1989','Difensore'),
  ('834558','King''s Lynn Town',15,'Tai','Fleming','18-may-2002','Difensore'),
  ('747107','King''s Lynn Town',3,'Alex','Brown','21-sep-1998','Difensore'),
  ('397101','King''s Lynn Town',null,'Rob','Howard','15-sep-1999','Difensore'),
  ('425798','King''s Lynn Town',null,'Jak','Hickman','11-sep-1998','Difensore'),
  ('482653','King''s Lynn Town',2,'Aaron','Jones','11-mar-1994','Difensore'),
  ('472044','King''s Lynn Town',22,'Ross','Barrows','9-nov-1997','Difensore'),
  ('821000','King''s Lynn Town',null,'Ryan','Hawkins','31-jan-1995','Centrocampista'),
  ('677847','King''s Lynn Town',null,'Kyle','Barker','16-dec-2000','Centrocampista'),
  ('424903','King''s Lynn Town',null,'Ethan','Coleman','28-jan-2000','Centrocampista'),
  ('486290','King''s Lynn Town',null,'Alfie','Payne','7-oct-1999','Centrocampista'),
  ('379616','King''s Lynn Town',8,'Jordan','Richards','6-jul-1997','Centrocampista'),
  ('874465','King''s Lynn Town',null,'Joe','Gascoigne','11-nov-2001','Centrocampista'),
  ('198409','King''s Lynn Town',7,'Michael','Clunan','28-jan-1994','Centrocampista'),
  ('392860','King''s Lynn Town',null,'Simon','Power','13-may-1998','Centrocampista'),
  ('820999','King''s Lynn Town',24,'Sonny','Carey','20-jan-2001','Centrocampista'),
  ('196720','King''s Lynn Town',18,'Sam','Kelly','21-oct-1993','Centrocampista'),
  ('339842','King''s Lynn Town',null,'Alex','Babos','22-aug-1998','Centrocampista'),
  ('245045','King''s Lynn Town',17,'Cameron','King','5-oct-1995','Centrocampista'),
  ('343338','King''s Lynn Town',12,'Michael','Gyasi','2-mar-2000','Attaccante'),
  ('044913','King''s Lynn Town',null,'Simeon','Jackson','28-mar-1987','Attaccante'),
  ('125687','King''s Lynn Town',null,'Adam','Marriott','14-apr-1991','Attaccante'),
  ('104396','King''s Lynn Town',9,'Michael','Gash','3-sep-1986','Attaccante'),
  ('011692','King''s Lynn Town',14,'Ryan','Jarvis','11-jul-1986','Attaccante'),
  ('201211','King''s Lynn Town',20,'Dayle','Southwell','20-oct-1993','Attaccante'),
  ('878557','King''s Lynn Town',33,'Flo','Tsaguim',null,'Attaccante'),
  ('456733','King''s Lynn Town',34,'Jordan','Davies','16-nov-1995','Attaccante'),
  ('841028','Weymouth FC',null,'Nick','Hutchings',null,'Portiere'),
  ('266030','Weymouth FC',null,'Ethan','Ross','6-mar-1997','Portiere'),
  ('506230','Weymouth FC',null,'Jack','Bycroft','21-sep-2001','Portiere'),
  ('897628','Weymouth FC',null,'Harrison','Bruton','12-aug-2002','Portiere'),
  ('820639','Weymouth FC',1,'Gerard','Benfield','28-sep-1997','Portiere'),
  ('503750','Weymouth FC',null,'Dominic','Revan','19-sep-2000','Difensore'),
  ('132733','Weymouth FC',null,'Mark','Cooper','2-jan-1992','Difensore'),
  ('435765','Weymouth FC',null,'Corey','Jordan','4-mar-1999','Difensore'),
  ('848958','Weymouth FC',5,'Ade','Olumuyiwa','12-jun-1997','Difensore'),
  ('633476','Weymouth FC',12,'Ben','Morgan','10-sep-1998','Difensore'),
  ('173860','Weymouth FC',14,'Myles','Anderson','9-jan-1990','Difensore'),
  ('820638','Weymouth FC',15,'Josh','Leslie-Smith','15-oct-1999','Difensore'),
  ('858281','Weymouth FC',21,'Jacob','Mensah','18-jul-2000','Difensore'),
  ('398398','Weymouth FC',null,'Callum','Buckley','12-jan-1996','Difensore'),
  ('667925','Weymouth FC',null,'Sebastian','Revan','14-jul-2003','Difensore'),
  ('463694','Weymouth FC',26,'Ollie','Harfield','9-jan-1998','Difensore'),
  ('648699','Weymouth FC',null,'Brennan','Camp','12-oct-2000','Difensore'),
  ('124880','Weymouth FC',null,'Dean','Smith','21-jan-1983','Centrocampista'),
  ('822159','Weymouth FC',6,'Jordan','Ngalo','3-apr-1999','Centrocampista'),
  ('226974','Weymouth FC',16,'Andy','Robinson','16-oct-1992','Centrocampista'),
  ('335439','Weymouth FC',17,'Calvin','Brooks','1-jun-1994','Centrocampista'),
  ('201329','Weymouth FC',null,'Josh','Carmichael','27-sep-1994','Centrocampista'),
  ('533919','Weymouth FC',null,'Ben','Worman','30-aug-2001','Centrocampista'),
  ('897627','Weymouth FC',null,'Sammy','Lander',null,'Centrocampista'),
  ('225166','Weymouth FC',4,'Josh','Wakefield','6-nov-1993','Centrocampista'),
  ('334914','Weymouth FC',8,'Jake','McCarthy','1-dec-1996','Centrocampista'),
  ('823718','Weymouth FC',22,'Harry','Burns','1-jan-1999','Centrocampista'),
  ('293536','Weymouth FC',23,'Cameron','Murray','21-mar-1995','Centrocampista'),
  ('251922','Weymouth FC',7,'Alefe','Santos','1-mar-1995','Centrocampista'),
  ('848957','Weymouth FC',11,'Jack','Dickson','30-mar-1996','Centrocampista'),
  ('257126','Weymouth FC',32,'Sean','Shields','20-jan-1992','Centrocampista'),
  ('619579','Weymouth FC',null,'Zaid','Al Hussaini','7-jun-2000','Centrocampista'),
  ('558362','Weymouth FC',null,'Joan','Luque','16-jun-1992','Attaccante'),
  ('377436','Weymouth FC',42,'Pierre','Fonkeu','10-jul-1997','Attaccante'),
  ('655835','Weymouth FC',null,'Christian','Saydee','10-may-2002','Attaccante'),
  ('346423','Weymouth FC',null,'Shamir','Mullings','30-oct-1993','Attaccante'),
  ('406736','Weymouth FC',null,'Andy','Dallas','22-jul-1999','Attaccante'),
  ('820641','Weymouth FC',9,'Ben','Thomson','5-feb-1990','Attaccante'),
  ('066996','Weymouth FC',10,'Josh','McQuoid','15-dec-1989','Attaccante'),
  ('820640','Weymouth FC',19,'Jack','Hoey','3-nov-1998','Attaccante'),
  ('550131','Weymouth FC',20,'Cody','Cooke','2-mar-1993','Attaccante'),
  ('065691','Wrexham AFC',1,'Rob','Lainton','12-oct-1989','Portiere'),
  ('238525','Wrexham AFC',21,'Christian','Dibble','11-may-1994','Portiere'),
  ('705160','Wrexham AFC',null,'Max','Cleworth','9-aug-2002','Difensore'),
  ('280978','Wrexham AFC',22,'Fiacre','Kelleher','10-mar-1996','Difensore'),
  ('146786','Wrexham AFC',5,'Shaun','Pearson','28-apr-1989','Difensore'),
  ('129063','Wrexham AFC',3,'Jamie','Reckord','9-mar-1992','Difensore'),
  ('503763','Wrexham AFC',16,'Cameron','Green','24-apr-1999','Difensore'),
  ('199526','Wrexham AFC',2,'Reece','Hall-Johnson','9-may-1995','Difensore'),
  ('358664','Wrexham AFC',4,'Theo','Vassell','2-jan-1997','Difensore'),
  ('676307','Wrexham AFC',26,'Tyler','French','12-feb-1999','Difensore'),
  ('210202','Wrexham AFC',15,'James','Horsfield','30-nov-1995','Centrocampista'),
  ('835512','Wrexham AFC',null,'Ryan','Austin','10-oct-2002','Centrocampista'),
  ('049596','Wrexham AFC',6,'Jay','Harris','15-apr-1987','Centrocampista'),
  ('175828','Wrexham AFC',8,'Luke','Young','22-feb-1993','Centrocampista'),
  ('297906','Wrexham AFC',10,'Devonte','Redmond','19-sep-1996','Centrocampista'),
  ('357296','Wrexham AFC',12,'Daniel','Jarvis','3-apr-1998','Centrocampista'),
  ('048958','Wrexham AFC',13,'Mark','Carrington','4-may-1987','Centrocampista'),
  ('427927','Wrexham AFC',29,'Jordan','Davies','18-aug-1998','Centrocampista'),
  ('705177','Wrexham AFC',37,'Kyle','Robinson-Murray','30-oct-2001','Attaccante'),
  ('116653','Wrexham AFC',19,'Keanu','Marsh-Brown','10-aug-1992','Attaccante'),
  ('067359','Wrexham AFC',null,'Bobby','Grant','1-jul-1990','Attaccante'),
  ('208823','Wrexham AFC',null,'Anthony','Jeffrey','3-oct-1994','Attaccante'),
  ('298439','Wrexham AFC',null,'Elliott','Durrell','31-jul-1989','Attaccante'),
  ('067332','Wrexham AFC',14,'Paul','Rutherford','10-jul-1987','Attaccante'),
  ('705159','Wrexham AFC',null,'Jake','Bickerstaff','11-sep-2001','Attaccante'),
  ('523712','Wrexham AFC',9,'Jordan','Ponticelli','10-sep-1998','Attaccante'),
  ('425875','Wrexham AFC',18,'Chris','Sang','26-jun-1999','Attaccante'),
  ('284922','Wrexham AFC',20,'Dior','Angus','18-jan-1994','Attaccante'),
  ('183300','Wrexham AFC',39,'Kwame','Thomas','28-sep-1995','Attaccante'),
  ('330583','Eastleigh FC',1,'Joe','McDonnell','19-may-1994','Portiere'),
  ('009411','Eastleigh FC',13,'Ross','Flitney','1-jun-1984','Portiere'),
  ('525535','Eastleigh FC',5,'Pierce','Bird','16-apr-1999','Difensore'),
  ('079578','Eastleigh FC',6,'Andrew','Boyce','5-nov-1989','Difensore'),
  ('610399','Eastleigh FC',12,'Callum','Baughan',null,'Difensore'),
  ('137150','Eastleigh FC',15,'Alex','Wynter','15-sep-1993','Difensore'),
  ('195497','Eastleigh FC',3,'Mike','Green','12-may-1989','Difensore'),
  ('506440','Eastleigh FC',17,'Joe','Tomlinson','9-jun-2000','Difensore'),
  ('067003','Eastleigh FC',2,'Joe','Partington','1-apr-1990','Difensore'),
  ('096000','Eastleigh FC',8,'Jack','Payne','5-dec-1991','Centrocampista'),
  ('525823','Eastleigh FC',4,'Cav','Miley','29-apr-1995','Centrocampista'),
  ('648505','Eastleigh FC',16,'Ben','Scorey','21-dec-2000','Centrocampista'),
  ('038629','Eastleigh FC',19,'Danny','Hollands','6-nov-1985','Centrocampista'),
  ('495950','Eastleigh FC',20,'Ryan','Hill','19-mar-1998','Centrocampista'),
  ('639487','Eastleigh FC',11,'Sam','Smart','16-jul-1998','Centrocampista'),
  ('830336','Eastleigh FC',24,'Tom','Blair','24-apr-1999','Attaccante'),
  ('137088','Eastleigh FC',7,'Abdulai','Bell-Baggie','28-apr-1992','Attaccante'),
  ('560470','Eastleigh FC',9,'Dan','Smith','5-sep-1999','Attaccante'),
  ('158330','Eastleigh FC',10,'Tyrone','Barnett','28-oct-1985','Attaccante'),
  ('474234','Eastleigh FC',14,'Tom','Bearwish','16-oct-1999','Attaccante'),
  ('503759','Eastleigh FC',18,'Ben','House','5-jul-1999','Attaccante'),
  ('720090','Eastleigh FC',21,'Lewis','Beale',null,'Attaccante'),
  ('248597','Altrincham FC',1,'Tony','Thompson','4-nov-1994','Portiere'),
  ('203501','Altrincham FC',21,'Matt','Gould','7-jan-1994','Portiere'),
  ('727585','Altrincham FC',22,'Joel','Torrance','2-apr-2002','Portiere'),
  ('624894','Altrincham FC',null,'Harrison','Holgate','1-jul-2000','Difensore'),
  ('690615','Altrincham FC',null,'Yoan','Zouma','6-may-1998','Difensore'),
  ('104178','Altrincham FC',4,'Ritchie','Sutton','29-apr-1986','Difensore'),
  ('105226','Altrincham FC',5,'Tom','Hannigan','30-jun-1988','Difensore'),
  ('835340','Altrincham FC',14,'Will','Hall',null,'Difensore'),
  ('371101','Altrincham FC',25,'Toby','Mullarkey','4-nov-1995','Difensore'),
  ('170790','Altrincham FC',2,'Andy','White','8-oct-1992','Difensore'),
  ('475200','Altrincham FC',3,'Connor','Hampson','23-aug-1992','Difensore'),
  ('674136','Altrincham FC',null,'Joel','Senior','24-jun-1999','Difensore'),
  ('472330','Altrincham FC',null,'Reagan','Ogle','29-mar-1999','Difensore'),
  ('057050','Altrincham FC',20,'Shaun','Densmore','11-nov-1988','Difensore'),
  ('566815','Altrincham FC',null,'Connor','Kirby','10-sep-1998','Centrocampista'),
  ('673369','Altrincham FC',null,'Joe','Robbins','20-feb-2002','Centrocampista'),
  ('062692','Altrincham FC',6,'Jake','Moult','10-feb-1989','Centrocampista'),
  ('147479','Altrincham FC',8,'Sean','Williams','20-jan-1992','Centrocampista'),
  ('330587','Altrincham FC',10,'Josh','Hancock','5-sep-1990','Centrocampista'),
  ('631258','Altrincham FC',29,'Alistair','Smith','19-may-1999','Centrocampista'),
  ('077335','Altrincham FC',30,'Simon','Richman','2-jun-1990','Centrocampista'),
  ('543141','Altrincham FC',7,'Dan','Mooney','3-jul-1999','Centrocampista'),
  ('237981','Altrincham FC',null,'James','Hardy','11-may-1996','Centrocampista'),
  ('434188','Altrincham FC',27,'Rowan','Roache','9-feb-2000','Centrocampista'),
  ('594092','Altrincham FC',null,'Andy','Dales','13-nov-1994','Attaccante'),
  ('689106','Altrincham FC',11,'Yusifu','Ceesay','6-aug-1993','Attaccante'),
  ('147468','Altrincham FC',15,'Matty','Kosylo','17-aug-1992','Attaccante'),
  ('242802','Altrincham FC',34,'Ryan','Colclough','27-dec-1994','Attaccante'),
  ('181485','Altrincham FC',null,'Max','Clayton','9-aug-1994','Attaccante'),
  ('173256','Altrincham FC',null,'Byron','Harrison','15-jun-1987','Attaccante'),
  ('309586','Altrincham FC',null,'Fisayo','Adarabioyo','1-feb-1995','Attaccante'),
  ('535054','Altrincham FC',null,'Joe','Piggott','23-jun-1999','Attaccante'),
  ('251914','Altrincham FC',null,'Jacob','Blyth','14-aug-1992','Attaccante'),
  ('431151','Altrincham FC',null,'Montel','Gibson','15-dec-1997','Attaccante'),
  ('836364','Altrincham FC',null,'Jamie','McDonald','24-jan-1993','Attaccante'),
  ('820634','Altrincham FC',12,'Curtis','Miller','29-nov-2000','Attaccante'),
  ('835341','Altrincham FC',16,'Lewis','Salmon','2-nov-2001','Attaccante'),
  ('302378','Altrincham FC',23,'Tom','Peers','23-oct-1995','Attaccante'),
  ('363539','Bromley FC',null,'Lewis','Moore','28-aug-1996','Portiere'),
  ('033637','Bromley FC',1,'Mark','Cousins','9-jan-1987','Portiere'),
  ('632148','Bromley FC',13,'Tarek','Najia','23-jul-2001','Portiere'),
  ('306042','Bromley FC',null,'Harry','Kyprianou','16-mar-1997','Difensore'),
  ('746094','Bromley FC',null,'Alex','Mitchell','7-oct-2001','Difensore'),
  ('612164','Bromley FC',3,'Charlie','Fox','26-nov-1998','Difensore'),
  ('170407','Bromley FC',5,'Chris','Bush','12-jun-1992','Difensore'),
  ('145987','Bromley FC',6,'Jack','Holland','1-mar-1992','Difensore'),
  ('452875','Bromley FC',14,'Kory','Roberts','17-dec-1997','Difensore'),
  ('062112','Bromley FC',17,'Byron','Webster','31-mar-1987','Difensore'),
  ('822057','Bromley FC',22,'Liam','Vincent','11-feb-2003','Difensore'),
  ('013565','Bromley FC',null,'Alan','Dunne','23-aug-1982','Difensore'),
  ('632380','Bromley FC',2,'Joe','Kizzi','24-jun-1993','Difensore'),
  ('684279','Bromley FC',null,'Tate','Campbell','27-jun-2002','Centrocampista'),
  ('565916','Bromley FC',12,'Tom','Purrington','24-oct-2000','Centrocampista'),
  ('533849','Bromley FC',15,'Taylor','Maloney','21-jan-1999','Centrocampista'),
  ('123541','Bromley FC',4,'Billy','Bingham','15-jul-1990','Centrocampista'),
  ('192365','Bromley FC',8,'Frankie','Raymond','18-nov-1992','Centrocampista'),
  ('039694','Bromley FC',16,'Liam','Trotter','24-aug-1988','Centrocampista'),
  ('807418','Bromley FC',20,'Jude','Arthurs','6-aug-2001','Centrocampista'),
  ('300498','Bromley FC',24,'Jack','Bridge','21-sep-1995','Centrocampista'),
  ('201566','Bromley FC',7,'Luke','Coulson','6-mar-1994','Centrocampista'),
  ('682814','Bromley FC',null,'Nassim','L''Ghoul','30-jul-1997','Centrocampista'),
  ('808428','Bromley FC',null,'Harry','Forster','11-may-2000','Attaccante'),
  ('700405','Bromley FC',21,'Ollie','Tanner','13-may-2002','Attaccante'),
  ('459843','Bromley FC',null,'Reeco','Hackett-Fairchild','9-jan-1998','Attaccante'),
  ('375095','Bromley FC',9,'Michael','Cheek','23-aug-1991','Attaccante'),
  ('223261','Bromley FC',10,'James','Alabi','8-nov-1994','Attaccante'),
  ('062098','Bromley FC',18,'Ben','Williamson','25-dec-1988','Attaccante'),
  ('269929','Dagenham & Redbridge FC',1,'Elliot','Justham','18-jul-1990','Portiere'),
  ('457570','Dagenham & Redbridge FC',13,'Josh','Strizovic','12-apr-2000','Portiere'),
  ('055520','Dagenham & Redbridge FC',2,'Callum','Reynolds','10-nov-1989','Difensore'),
  ('244309','Dagenham & Redbridge FC',5,'Luke','Croll','10-jan-1995','Difensore'),
  ('207840','Dagenham & Redbridge FC',6,'Kenny','Clark','12-aug-1988','Difensore'),
  ('474225','Dagenham & Redbridge FC',null,'Liam','Gordon','15-may-1999','Difensore'),
  ('602545','Dagenham & Redbridge FC',null,'Bailey','Clements','15-nov-2000','Difensore'),
  ('170384','Dagenham & Redbridge FC',3,'Elliot','Johnson','17-aug-1994','Difensore'),
  ('476532','Dagenham & Redbridge FC',15,'Andrew','Eleftheriou','8-nov-1997','Difensore'),
  ('601437','Dagenham & Redbridge FC',20,'Will','Wright','12-jun-1997','Difensore'),
  ('225099','Dagenham & Redbridge FC',8,'Mitch','Brundle','4-dec-1994','Centrocampista'),
  ('306034','Dagenham & Redbridge FC',26,'Joey','Jones','15-apr-1994','Centrocampista'),
  ('044796','Dagenham & Redbridge FC',null,'Abu','Ogogo','3-nov-1989','Centrocampista'),
  ('307419','Dagenham & Redbridge FC',null,'Charlee','Adams','16-feb-1995','Centrocampista'),
  ('335835','Dagenham & Redbridge FC',null,'Tom','Smith','25-feb-1998','Centrocampista'),
  ('724881','Dagenham & Redbridge FC',null,'Saidou','Khan','5-dec-1995','Centrocampista'),
  ('098242','Dagenham & Redbridge FC',4,'Dean','Rance','24-sep-1991','Centrocampista'),
  ('095205','Dagenham & Redbridge FC',7,'Sam','Deering','26-feb-1991','Centrocampista'),
  ('238601','Dagenham & Redbridge FC',12,'Matt','Robinson','1-jun-1994','Centrocampista'),
  ('479896','Dagenham & Redbridge FC',16,'Harry','Phipps','23-oct-1998','Centrocampista'),
  ('411259','Dagenham & Redbridge FC',18,'Mo','Sagaf','12-nov-1997','Centrocampista'),
  ('367327','Dagenham & Redbridge FC',21,'Adrian','Clifton','12-dec-1988','Centrocampista'),
  ('134283','Dagenham & Redbridge FC',22,'Mauro','Vilhete','10-may-1993','Centrocampista'),
  ('104662','Dagenham & Redbridge FC',null,'James','Dobson','13-oct-1991','Centrocampista'),
  ('043696','Dagenham & Redbridge FC',10,'Ángelo','Balanta','1-jul-1990','Centrocampista'),
  ('494221','Dagenham & Redbridge FC',null,'Jaden','Brissett','4-may-2001','Attaccante'),
  ('055525','Dagenham & Redbridge FC',11,'Myles','Weston','12-mar-1988','Attaccante'),
  ('664579','Dagenham & Redbridge FC',null,'Kai','Brown','30-apr-2001','Attaccante'),
  ('825474','Dagenham & Redbridge FC',14,'George','Saunders','27-may-1998','Attaccante'),
  ('214776','Dagenham & Redbridge FC',9,'Paul','McCallum','28-jul-1993','Attaccante'),
  ('267121','Dagenham & Redbridge FC',17,'Darren','McQueen','8-may-1995','Attaccante'),
  ('450695','Dagenham & Redbridge FC',25,'Scott','Wilson','11-jan-1993','Attaccante'),
  ('324513','Dover Athletic',null,'Oliver','Webber','26-jun-2000','Portiere'),
  ('540690','Dover Athletic',null,'Tom','Smith','30-jan-2002','Portiere'),
  ('172665','Dover Athletic',1,'Yusuf','Mersin','23-sep-1994','Portiere'),
  ('476150','Dover Athletic',13,'Josh','Bexon','18-jun-1998','Portiere'),
  ('533083','Dover Athletic',null,'Bayli','Spencer-Adams','26-jun-2001','Difensore'),
  ('820702','Dover Athletic',null,'Harry','Ransom','1-oct-1999','Difensore'),
  ('367152','Dover Athletic',5,'Paul','Rooney','22-mar-1997','Difensore'),
  ('351667','Dover Athletic',6,'Will','De Havilland','8-nov-1994','Difensore'),
  ('679470','Dover Athletic',20,'Marvel','Ekpiteta','26-aug-1995','Difensore'),
  ('823712','Dover Athletic',21,'Will','Moses','12-may-2003','Difensore'),
  ('087975','Dover Athletic',3,'Sam','Wood','9-aug-1986','Difensore'),
  ('632149','Dover Athletic',16,'Marshall','Wratten','24-dec-1999','Difensore'),
  ('196562','Dover Athletic',2,'Josh','Passley','21-nov-1994','Difensore'),
  ('810453','Dover Athletic',null,'Ryan','Hanson','6-dec-2000','Centrocampista'),
  ('574809','Dover Athletic',14,'TJ','Bramble','9-may-2001','Centrocampista'),
  ('550668','Dover Athletic',23,'Omar','Mussa','20-aug-2000','Centrocampista'),
  ('084781','Dover Athletic',4,'Oscar','Gobern','26-jan-1991','Centrocampista'),
  ('689093','Dover Athletic',12,'Bilel','Hinchiri','8-aug-1995','Centrocampista'),
  ('642674','Dover Athletic',15,'Joe','Bedford','3-nov-1997','Centrocampista'),
  ('405965','Dover Athletic',8,'Kurtis','Cumberbatch','21-sep-1995','Centrocampista'),
  ('689097','Dover Athletic',null,'Oliver','Greaves','2-nov-1999','Centrocampista'),
  ('820705','Dover Athletic',7,'Louis','Collins','30-jul-2001','Centrocampista'),
  ('243588','Dover Athletic',11,'Jack','Munns','18-nov-1993','Centrocampista'),
  ('518548','Dover Athletic',9,'Ahkeem','Rose','27-nov-1998','Attaccante'),
  ('820703','Dover Athletic',17,'Travis','Gregory','5-oct-1994','Attaccante'),
  ('330581','Dover Athletic',10,'Steven','Rigg','30-jun-1992','Attaccante'),
  ('244220','Dover Athletic',19,'Adebayo','Azeez','8-jan-1994','Attaccante'),
  ('292877','Torquay United',null,'James','Hamon','1-jul-1995','Portiere'),
  ('416361','Torquay United',null,'Marcin','Brzozowski','29-oct-1998','Portiere'),
  ('735207','Torquay United',null,'Andy','Collings',null,'Portiere'),
  ('386507','Torquay United',1,'Shaun','MacDonald','20-oct-1996','Portiere'),
  ('138136','Torquay United',33,'Lucas','null','6-jun-1991','Portiere'),
  ('820970','Torquay United',null,'Sam','Sherring','8-may-2000','Difensore'),
  ('258881','Torquay United',4,'Kyle','Cameron','15-jan-1997','Difensore'),
  ('191870','Torquay United',6,'Gary','Warren','16-aug-1984','Difensore'),
  ('706632','Torquay United',20,'Louie','Slough','11-may-2001','Difensore'),
  ('404387','Torquay United',31,'Joe','Lewis','20-sep-1999','Difensore'),
  ('565915','Torquay United',null,'Ryan','Law','8-sep-1999','Difensore'),
  ('838895','Torquay United',null,'Owen','Price','31-oct-2002','Difensore'),
  ('037170','Torquay United',3,'Liam','Davis','23-nov-1986','Difensore'),
  ('077559','Torquay United',21,'Dean','Moxey','14-jan-1986','Difensore'),
  ('464738','Torquay United',2,'Ben','Wynter','11-dec-1997','Difensore'),
  ('692159','Torquay United',null,'Lucas','Tomlinson','6-nov-2000','Centrocampista'),
  ('633463','Torquay United',null,'Adam','Randell','1-oct-2000','Centrocampista'),
  ('606810','Torquay United',null,'Max','Sheaf','10-mar-2000','Centrocampista'),
  ('066609','Torquay United',8,'Asa','Hall','29-nov-1986','Centrocampista'),
  ('472127','Torquay United',15,'Matt','Buse','7-oct-1997','Centrocampista'),
  ('564600','Torquay United',11,'Jake','Andrews','14-oct-1997','Centrocampista'),
  ('402089','Torquay United',34,'Ben','Whitfield','28-feb-1996','Centrocampista'),
  ('319296','Torquay United',7,'Connor','Lemonheigh-Evans','24-jan-1997','Centrocampista'),
  ('337279','Torquay United',10,'Armani','Little','5-apr-1997','Centrocampista'),
  ('248325','Torquay United',23,'Aaron','Nemane','26-sep-1997','Attaccante'),
  ('246183','Torquay United',25,'Billy','Waters','15-oct-1994','Attaccante'),
  ('433652','Torquay United',null,'Benjamin','Mbunga Kimpioka','21-feb-2000','Attaccante'),
  ('703474','Torquay United',null,'Robert','Street','26-sep-2001','Attaccante'),
  ('097889','Torquay United',9,'Danny','Wright','10-sep-1984','Attaccante'),
  ('359187','Torquay United',14,'Andrew','Nelson','16-sep-1997','Attaccante'),
  ('636924','Torquay United',18,'Olaf','Koszela','29-mar-2002','Attaccante'),
  ('399264','Torquay United',35,'Josh','Umerah','8-mar-1997','Attaccante');

insert into Partite values
  ('CNAT0000',1,'Sutton United','Maidenhead United',3,0),
  ('CNAT0001',4,'Sutton United','Notts County',0,1),
  ('CNAT0002',8,'Sutton United','King''s Lynn Town',5,1),
  ('CNAT0003',9,'Sutton United','Dagenham & Redbridge FC',1,1),
  ('CNAT0004',11,'Sutton United','FC Halifax Town',1,0),
  ('CNAT0005',13,'Sutton United','Solihull Moors',4,1),
  ('CNAT0006',14,'Sutton United','Chesterfield FC',0,1),
  ('CNAT0007',18,'Sutton United','Bromley FC',3,2),
  ('CNAT0008',19,'Sutton United','Altrincham FC',2,2),
  ('CNAT0009',20,'Sutton United','Eastleigh FC',3,0),
  ('CNAT0010',1,'Torquay United','Stockport County',1,0),
  ('CNAT0011',4,'Torquay United','Chesterfield FC',2,1),
  ('CNAT0013',8,'Torquay United','Boreham Wood FC',1,1),
  ('CNAT0014',9,'Torquay United','Solihull Moors',2,0),
  ('CNAT0015',11,'Torquay United','Dagenham & Redbridge FC',0,1),
  ('CNAT0016',13,'Torquay United','Wrexham AFC',3,1),
  ('CNAT0017',14,'Torquay United','Maidenhead United',2,1),
  ('CNAT0018',16,'Torquay United','Yeovil Town',6,1),
  ('CNAT0019',2,'Stockport County','FC Halifax Town',2,1),
  ('CNAT0021',6,'Stockport County','Solihull Moors',0,0),
  ('CNAT0022',7,'Stockport County','Weymouth FC',1,2),
  ('CNAT0023',10,'Stockport County','Eastleigh FC',3,0),
  ('CNAT0024',15,'Stockport County','Sutton United',0,2),
  ('CNAT0025',17,'Stockport County','Wrexham AFC',2,0),
  ('CNAT0026',18,'Stockport County','Altrincham FC',2,2),
  ('CNAT0027',20,'Stockport County','Boreham Wood FC',1,1),
  ('CNAT0028',1,'Hartlepool United','Aldershot Town',2,1),
  ('CNAT0029',4,'Hartlepool United','Bromley FC',0,0),
  ('CNAT0030',6,'Hartlepool United','Altrincham FC',1,1),
  ('CNAT0031',7,'Hartlepool United','Torquay United',0,5),
  ('CNAT0032',9,'Hartlepool United','Wrexham AFC',0,1),
  ('CNAT0033',11,'Hartlepool United','Stockport County',4,0),
  ('CNAT0034',13,'Hartlepool United','Boreham Wood FC',1,2),
  ('CNAT0035',14,'Hartlepool United','King''s Lynn Town',2,0),
  ('CNAT0036',16,'Hartlepool United','FC Halifax Town',3,1),
  ('CNAT0037',19,'Hartlepool United','Wealdstone FC',3,1),
  ('CNAT0038',2,'Notts County','Altrincham FC',3,1),
  ('CNAT0039',3,'Notts County','Barnet FC',4,2),
  ('CNAT0040',5,'Notts County','Maidenhead United',2,3),
  ('CNAT0041',9,'Notts County','Stockport County',1,0),
  ('CNAT0042',11,'Notts County','Wealdstone FC',3,0),
  ('CNAT0043',13,'Notts County','Woking FC',1,0),
  ('CNAT0044',14,'Notts County','Boreham Wood FC',0,1),
  ('CNAT0045',17,'Notts County','Hartlepool United',0,1),
  ('CNAT0046',18,'Notts County','King''s Lynn Town',2,2),
  ('CNAT0047',20,'Notts County','Torquay United',0,0),
  ('CNAT0049',3,'Bromley FC','Torquay United',1,2),
  ('CNAT0050',6,'Bromley FC','Weymouth FC',3,2),
  ('CNAT0051',7,'Bromley FC','Eastleigh FC',1,2),
  ('CNAT0052',9,'Bromley FC','Boreham Wood FC',1,1),
  ('CNAT0053',11,'Bromley FC','Wrexham AFC',1,1),
  ('CNAT0054',13,'Bromley FC','Stockport County',0,2),
  ('CNAT0055',14,'Bromley FC','Yeovil Town',1,2),
  ('CNAT0056',16,'Bromley FC','Sutton United',1,3),
  ('CNAT0057',19,'Bromley FC','Chesterfield FC',1,2),
  ('CNAT0058',20,'Bromley FC','FC Halifax Town',1,2),
  ('CNAT0059',1,'Wrexham AFC','Boreham Wood FC',2,1),
  ('CNAT0060',4,'Wrexham AFC','Maidenhead United',0,1),
  ('CNAT0061',6,'Wrexham AFC','Barnet FC',0,0),
  ('CNAT0062',7,'Wrexham AFC','Sutton United',4,0),
  ('CNAT0063',10,'Wrexham AFC','Aldershot Town',1,0),
  ('CNAT0064',12,'Wrexham AFC','Altrincham FC',0,1),
  ('CNAT0066',19,'Wrexham AFC','Woking FC',2,0),
  ('CNAT0067',21,'Wrexham AFC','FC Halifax Town',0,0),
  ('CNAT0068',2,'Chesterfield FC','Hartlepool United',1,2),
  ('CNAT0069',3,'Chesterfield FC','Woking FC',4,0),
  ('CNAT0070',5,'Chesterfield FC','Stockport County',1,2),
  ('CNAT0071',8,'Chesterfield FC','Maidenhead United',1,2),
  ('CNAT0072',10,'Chesterfield FC','Notts County',2,3),
  ('CNAT0073',12,'Chesterfield FC','Aldershot Town',0,0),
  ('CNAT0074',15,'Chesterfield FC','Barnet FC',6,0),
  ('CNAT0075',17,'Chesterfield FC','King''s Lynn Town',4,1),
  ('CNAT0076',18,'Chesterfield FC','Solihull Moors',1,0),
  ('CNAT0077',20,'Chesterfield FC','Wrexham AFC',2,1),
  ('CNAT0078',2,'Eastleigh FC','Torquay United',2,1),
  ('CNAT0079',3,'Eastleigh FC','Altrincham FC',1,1),
  ('CNAT0080',5,'Eastleigh FC','Aldershot Town',2,2),
  ('CNAT0081',8,'Eastleigh FC','Hartlepool United',2,1),
  ('CNAT0082',9,'Eastleigh FC','Wealdstone FC',2,0),
  ('CNAT0083',11,'Eastleigh FC','King''s Lynn Town',0,1),
  ('CNAT0084',13,'Eastleigh FC','Maidenhead United',0,1),
  ('CNAT0085',14,'Eastleigh FC','Wrexham AFC',1,1),
  ('CNAT0086',16,'Eastleigh FC','Weymouth FC',0,0),
  ('CNAT0087',19,'Eastleigh FC','Notts County',2,0),
  ('CNAT0088',2,'Solihull Moors','Wrexham AFC',1,0),
  ('CNAT0089',3,'Solihull Moors','King''s Lynn Town',5,0),
  ('CNAT0090',5,'Solihull Moors','Boreham Wood FC',1,0),
  ('CNAT0091',8,'Solihull Moors','FC Halifax Town',2,1),
  ('CNAT0092',10,'Solihull Moors','Weymouth FC',2,1),
  ('CNAT0093',12,'Solihull Moors','Hartlepool United',2,0),
  ('CNAT0094',15,'Solihull Moors','Bromley FC',0,1),
  ('CNAT0095',16,'Solihull Moors','Chesterfield FC',2,1),
  ('CNAT0096',19,'Solihull Moors','Dagenham & Redbridge FC',0,1),
  ('CNAT0097',1,'FC Halifax Town','Dagenham & Redbridge FC',2,0),
  ('CNAT0098',4,'FC Halifax Town','Yeovil Town',1,1),
  ('CNAT0099',6,'FC Halifax Town','Notts County',1,1),
  ('CNAT0100',7,'FC Halifax Town','Wealdstone FC',0,1),
  ('CNAT0101',10,'FC Halifax Town','Torquay United',1,2),
  ('CNAT0102',12,'FC Halifax Town','Barnet FC',5,2),
  ('CNAT0103',15,'FC Halifax Town','Eastleigh FC',3,1),
  ('CNAT0104',17,'FC Halifax Town','Altrincham FC',3,2),
  ('CNAT0105',18,'FC Halifax Town','Hartlepool United',1,1),
  ('CNAT0106',2,'Dagenham & Redbridge FC','Barnet FC',1,2),
  ('CNAT0107',3,'Dagenham & Redbridge FC','Wealdstone FC',1,0),
  ('CNAT0108',5,'Dagenham & Redbridge FC','Yeovil Town',0,0),
  ('CNAT0109',8,'Dagenham & Redbridge FC','Stockport County',0,2),
  ('CNAT0110',12,'Dagenham & Redbridge FC','Notts County',0,0),
  ('CNAT0111',15,'Dagenham & Redbridge FC','Altrincham FC',0,1),
  ('CNAT0112',17,'Dagenham & Redbridge FC','Bromley FC',1,0),
  ('CNAT0113',20,'Dagenham & Redbridge FC','King''s Lynn Town',3,2),
  ('CNAT0114',3,'Boreham Wood FC','FC Halifax Town',0,0),
  ('CNAT0115',6,'Boreham Wood FC','Woking FC',1,0),
  ('CNAT0116',7,'Boreham Wood FC','Dagenham & Redbridge FC',0,1),
  ('CNAT0117',10,'Boreham Wood FC','Altrincham FC',0,1),
  ('CNAT0118',12,'Boreham Wood FC','Weymouth FC',1,0),
  ('CNAT0119',15,'Boreham Wood FC','Aldershot Town',3,2),
  ('CNAT0120',16,'Boreham Wood FC','Barnet FC',0,0),
  ('CNAT0121',19,'Boreham Wood FC','Yeovil Town',2,3),
  ('CNAT0122',2,'Maidenhead United','King''s Lynn Town',2,3),
  ('CNAT0123',3,'Maidenhead United','Hartlepool United',0,4),
  ('CNAT0124',6,'Maidenhead United','Dagenham & Redbridge FC',2,1),
  ('CNAT0125',7,'Maidenhead United','Solihull Moors',3,1),
  ('CNAT0126',10,'Maidenhead United','Bromley FC',2,2),
  ('CNAT0127',16,'Maidenhead United','Wealdstone FC',4,0),
  ('CNAT0128',19,'Maidenhead United','Stockport County',0,0),
  ('CNAT0129',21,'Maidenhead United','Yeovil Town',4,2),
  ('CNAT0130',2,'Aldershot Town','Sutton United',1,2),
  ('CNAT0131',6,'Aldershot Town','Torquay United',1,4),
  ('CNAT0132',7,'Aldershot Town','Notts County',1,0),
  ('CNAT0133',9,'Aldershot Town','Maidenhead United',0,0),
  ('CNAT0134',11,'Aldershot Town','Solihull Moors',1,3),
  ('CNAT0135',13,'Aldershot Town','Dagenham & Redbridge FC',2,1),
  ('CNAT0136',14,'Aldershot Town','FC Halifax Town',1,3),
  ('CNAT0137',16,'Aldershot Town','Woking FC',3,0),
  ('CNAT0138',19,'Aldershot Town','Barnet FC',2,1),
  ('CNAT0139',2,'Yeovil Town','Wealdstone FC',2,2),
  ('CNAT0140',3,'Yeovil Town','Wrexham AFC',0,1),
  ('CNAT0141',6,'Yeovil Town','Sutton United',1,2),
  ('CNAT0142',7,'Yeovil Town','Chesterfield FC',0,1),
  ('CNAT0143',10,'Yeovil Town','Hartlepool United',1,3),
  ('CNAT0144',12,'Yeovil Town','Eastleigh FC',1,3),
  ('CNAT0145',15,'Yeovil Town','Notts County',2,2),
  ('CNAT0146',17,'Yeovil Town','Aldershot Town',3,0),
  ('CNAT0147',18,'Yeovil Town','Torquay United',2,1),
  ('CNAT0148',20,'Yeovil Town','Solihull Moors',3,0),
  ('CNAT0149',1,'Altrincham FC','Weymouth FC',0,0),
  ('CNAT0150',4,'Altrincham FC','Solihull Moors',0,2),
  ('CNAT0151',5,'Altrincham FC','Bromley FC',0,1),
  ('CNAT0152',8,'Altrincham FC','Aldershot Town',1,2),
  ('CNAT0153',9,'Altrincham FC','Chesterfield FC',3,2),
  ('CNAT0154',11,'Altrincham FC','Maidenhead United',2,0),
  ('CNAT0155',13,'Altrincham FC','King''s Lynn Town',3,0),
  ('CNAT0156',14,'Altrincham FC','Woking FC',1,0),
  ('CNAT0157',16,'Altrincham FC','Stockport County',1,1),
  ('CNAT0158',2,'Weymouth FC','Woking FC',0,1),
  ('CNAT0159',3,'Weymouth FC','Sutton United',0,1),
  ('CNAT0160',5,'Weymouth FC','King''s Lynn Town',2,1),
  ('CNAT0161',8,'Weymouth FC','Wrexham AFC',2,3),
  ('CNAT0162',9,'Weymouth FC','Yeovil Town',0,3),
  ('CNAT0163',11,'Weymouth FC','Chesterfield FC',1,2),
  ('CNAT0164',13,'Weymouth FC','FC Halifax Town',1,5),
  ('CNAT0165',14,'Weymouth FC','Dagenham & Redbridge FC',2,3),
  ('CNAT0166',17,'Weymouth FC','Torquay United',3,4),
  ('CNAT0167',18,'Weymouth FC','Eastleigh FC',1,1),
  ('CNAT0168',20,'Weymouth FC','Hartlepool United',1,0),
  ('CNAT0169',1,'Wealdstone FC','Chesterfield FC',3,2),
  ('CNAT0170',4,'Wealdstone FC','Stockport County',2,5),
  ('CNAT0171',5,'Wealdstone FC','Wrexham AFC',4,3),
  ('CNAT0172',10,'Wealdstone FC','Sutton United',3,3),
  ('CNAT0173',12,'Wealdstone FC','Torquay United',1,2),
  ('CNAT0174',15,'Wealdstone FC','Weymouth FC',2,1),
  ('CNAT0175',17,'Wealdstone FC','Boreham Wood FC',1,0),
  ('CNAT0176',18,'Wealdstone FC','Maidenhead United',0,6),
  ('CNAT0177',20,'Wealdstone FC','Aldershot Town',3,4),
  ('CNAT0178',1,'Woking FC','Solihull Moors',2,1),
  ('CNAT0179',4,'Woking FC','Dagenham & Redbridge FC',2,0),
  ('CNAT0180',5,'Woking FC','FC Halifax Town',0,0),
  ('CNAT0181',8,'Woking FC','Yeovil Town',1,1),
  ('CNAT0182',10,'Woking FC','Barnet FC',4,1),
  ('CNAT0183',12,'Woking FC','Sutton United',0,1),
  ('CNAT0184',15,'Woking FC','Hartlepool United',3,0),
  ('CNAT0185',17,'Woking FC','Eastleigh FC',0,0),
  ('CNAT0186',18,'Woking FC','Aldershot Town',0,1),
  ('CNAT0187',20,'Woking FC','Maidenhead United',0,0),
  ('CNAT0188',1,'King''s Lynn Town','Yeovil Town',2,2),
  ('CNAT0189',4,'King''s Lynn Town','Boreham Wood FC',0,3),
  ('CNAT0190',6,'King''s Lynn Town','Wealdstone FC',2,3),
  ('CNAT0191',7,'King''s Lynn Town','Woking FC',3,2),
  ('CNAT0193',12,'King''s Lynn Town','Bromley FC',1,4),
  ('CNAT0194',15,'King''s Lynn Town','Torquay United',0,0),
  ('CNAT0195',16,'King''s Lynn Town','Notts County',0,1),
  ('CNAT0196',19,'King''s Lynn Town','FC Halifax Town',1,1),
  ('CNAT0197',1,'Barnet FC','Eastleigh FC',1,5),
  ('CNAT0198',4,'Barnet FC','Weymouth FC',1,0),
  ('CNAT0199',5,'Barnet FC','Hartlepool United',0,0),
  ('CNAT0200',8,'Barnet FC','Bromley FC',1,3),
  ('CNAT0201',9,'Barnet FC','King''s Lynn Town',0,2),
  ('CNAT0202',11,'Barnet FC','Yeovil Town',1,4),
  ('CNAT0203',13,'Barnet FC','Wealdstone FC',0,0),
  ('CNAT0204',14,'Barnet FC','Stockport County',1,2),
  ('CNAT0205',17,'Barnet FC','Maidenhead United',2,0),
  ('CNAT0206',18,'Barnet FC','Boreham Wood FC',0,3),
  ('CNAT0207',20,'Barnet FC','Altrincham FC',1,2),
  ('CNAT0208',1,'Dover Athletic','Notts County',1,0);

insert into Gol values
  ('CNAT0000',17,'487847',false),
  ('CNAT0000',35,'268527',true),
  ('CNAT0000',82,'455198',false),
  ('CNAT0001',94,'334721',false),
  ('CNAT0002',25,'747681',false),
  ('CNAT0002',53,'747681',false),
  ('CNAT0002',68,'261741',false),
  ('CNAT0002',69,'747681',false),
  ('CNAT0002',78,'201211',false),
  ('CNAT0002',89,'130752',false),
  ('CNAT0003',14,'487847',false),
  ('CNAT0003',66,'214776',false),
  ('CNAT0004',9,'130752',false),
  ('CNAT0005',22,'259916',true),
  ('CNAT0005',42,'261741',false),
  ('CNAT0005',47,'297571',false),
  ('CNAT0005',73,'485994',false),
  ('CNAT0005',85,'346270',false),
  ('CNAT0006',39,'142353',false),
  ('CNAT0007',14,'375095',false),
  ('CNAT0007',55,'067426',false),
  ('CNAT0007',65,'242434',false),
  ('CNAT0007',86,'130752',false),
  ('CNAT0007',93,'062112',true),
  ('CNAT0008',16,'371101',false),
  ('CNAT0008',33,'485994',false),
  ('CNAT0008',40,'747681',false),
  ('CNAT0008',94,'475200',false),
  ('CNAT0009',37,'055851',false),
  ('CNAT0009',42,'485994',false),
  ('CNAT0009',70,'067426',false),
  ('CNAT0010',91,'319296',false),
  ('CNAT0011',9,'718116',false),
  ('CNAT0011',43,'095190',false),
  ('CNAT0011',94,'066609',false),
  ('CNAT0013',16,'097889',false),
  ('CNAT0013',46,'475416',false),
  ('CNAT0014',9,'564600',false),
  ('CNAT0014',40,'633463',false),
  ('CNAT0015',14,'214776',false),
  ('CNAT0016',5,'402089',false),
  ('CNAT0016',17,'066609',false),
  ('CNAT0016',19,'358664',false),
  ('CNAT0016',74,'319296',false),
  ('CNAT0017',48,'402089',false),
  ('CNAT0017',59,'097889',false),
  ('CNAT0017',83,'268527',false),
  ('CNAT0018',5,'337279',false),
  ('CNAT0018',9,'097889',false),
  ('CNAT0018',21,'016669',true),
  ('CNAT0018',36,'248325',false),
  ('CNAT0018',49,'691062',false),
  ('CNAT0018',53,'319296',false),
  ('CNAT0018',83,'258881',false),
  ('CNAT0019',12,'460216',false),
  ('CNAT0019',23,'295639',false),
  ('CNAT0019',80,'156942',false),
  ('CNAT0022',14,'160154',false),
  ('CNAT0022',51,'335439',false),
  ('CNAT0022',85,'691063',false),
  ('CNAT0023',23,'292945',false),
  ('CNAT0023',54,'335598',false),
  ('CNAT0023',91,'480233',false),
  ('CNAT0024',31,'049597',true),
  ('CNAT0024',68,'747681',false),
  ('CNAT0025',12,'407393',false),
  ('CNAT0025',15,'199740',false),
  ('CNAT0026',5,'480233',false),
  ('CNAT0026',55,'077372',false),
  ('CNAT0026',70,'689106',false),
  ('CNAT0026',75,'242802',false),
  ('CNAT0027',6,'077372',false),
  ('CNAT0027',60,'346237',false),
  ('CNAT0028',34,'045607',false),
  ('CNAT0028',63,'243631',false),
  ('CNAT0028',86,'257247',false),
  ('CNAT0030',30,'324502',false),
  ('CNAT0030',85,'302378',false),
  ('CNAT0031',11,'097889',false),
  ('CNAT0031',15,'097889',false),
  ('CNAT0031',36,'402089',false),
  ('CNAT0031',55,'097889',false),
  ('CNAT0031',87,'191870',false),
  ('CNAT0032',54,'298439',false),
  ('CNAT0033',6,'257247',false),
  ('CNAT0033',47,'299471',false),
  ('CNAT0033',50,'383046',false),
  ('CNAT0033',91,'383046',false),
  ('CNAT0034',36,'353668',false),
  ('CNAT0034',46,'339013',false),
  ('CNAT0034',68,'353668',false),
  ('CNAT0035',22,'383046',false),
  ('CNAT0035',52,'383046',false),
  ('CNAT0036',7,'299471',false),
  ('CNAT0036',13,'810454',false),
  ('CNAT0036',57,'257247',false),
  ('CNAT0036',89,'339013',false),
  ('CNAT0037',34,'383046',false),
  ('CNAT0037',54,'257247',false),
  ('CNAT0037',58,'045607',false),
  ('CNAT0037',75,'822163',false),
  ('CNAT0038',15,'334721',false),
  ('CNAT0038',26,'334721',false),
  ('CNAT0038',64,'185467',false),
  ('CNAT0038',77,'543141',false),
  ('CNAT0039',14,'288952',false),
  ('CNAT0039',17,'334721',false),
  ('CNAT0039',23,'195270',false),
  ('CNAT0039',45,'203461',false),
  ('CNAT0039',75,'203461',false),
  ('CNAT0039',94,'010025',false),
  ('CNAT0040',3,'663889',false),
  ('CNAT0040',14,'409707',false),
  ('CNAT0040',29,'531674',false),
  ('CNAT0040',64,'409707',false),
  ('CNAT0040',75,'641124',false),
  ('CNAT0041',35,'185467',false),
  ('CNAT0042',15,'195270',false),
  ('CNAT0042',19,'420886',false),
  ('CNAT0042',89,'663889',false),
  ('CNAT0043',80,'334721',false),
  ('CNAT0044',71,'169720',false),
  ('CNAT0045',19,'383046',false),
  ('CNAT0046',1,'820999',false),
  ('CNAT0046',39,'334721',false),
  ('CNAT0046',43,'334721',false),
  ('CNAT0046',93,'428214',false),
  ('CNAT0049',17,'062112',false),
  ('CNAT0049',61,'633463',false),
  ('CNAT0049',93,'097889',false),
  ('CNAT0050',23,'225166',false),
  ('CNAT0050',35,'375095',false),
  ('CNAT0050',47,'682814',false),
  ('CNAT0050',67,'062098',false),
  ('CNAT0050',86,'691063',false),
  ('CNAT0051',59,'503759',false),
  ('CNAT0051',66,'503759',false),
  ('CNAT0052',5,'475416',false),
  ('CNAT0052',45,'375095',false),
  ('CNAT0053',54,'375095',false),
  ('CNAT0053',77,'173484',false),
  ('CNAT0054',16,'480233',false),
  ('CNAT0054',60,'077372',false),
  ('CNAT0055',7,'045230',false),
  ('CNAT0055',46,'386148',false),
  ('CNAT0055',70,'375095',false),
  ('CNAT0056',6,'033637',true),
  ('CNAT0056',48,'130752',false),
  ('CNAT0056',70,'747681',false),
  ('CNAT0056',79,'300498',false),
  ('CNAT0057',51,'357663',false),
  ('CNAT0057',67,'807418',false),
  ('CNAT0057',76,'475555',false),
  ('CNAT0058',15,'375095',false),
  ('CNAT0058',22,'036993',false),
  ('CNAT0058',48,'229976',false),
  ('CNAT0059',27,'199526',false),
  ('CNAT0059',60,'079589',false),
  ('CNAT0059',70,'175828',false),
  ('CNAT0060',33,'607522',false),
  ('CNAT0062',27,'183300',false),
  ('CNAT0062',42,'049596',false),
  ('CNAT0062',73,'173484',false),
  ('CNAT0062',78,'183300',false),
  ('CNAT0063',64,'175828',false),
  ('CNAT0064',44,'104178',false),
  ('CNAT0066',44,'284922',false),
  ('CNAT0066',65,'175828',false),
  ('CNAT0068',53,'095190',false),
  ('CNAT0068',64,'156672',true),
  ('CNAT0068',69,'299471',false),
  ('CNAT0069',4,'095190',false),
  ('CNAT0069',84,'583425',false),
  ('CNAT0069',87,'202885',false),
  ('CNAT0069',90,'583425',false),
  ('CNAT0070',20,'295639',false),
  ('CNAT0070',36,'738261',false),
  ('CNAT0070',85,'480233',false),
  ('CNAT0071',30,'074777',false),
  ('CNAT0071',54,'409707',false),
  ('CNAT0071',71,'409707',false),
  ('CNAT0072',22,'195270',false),
  ('CNAT0072',33,'097622',false),
  ('CNAT0072',78,'095190',false),
  ('CNAT0072',91,'531674',false),
  ('CNAT0072',93,'334721',false),
  ('CNAT0074',40,'129552',false),
  ('CNAT0074',56,'074777',false),
  ('CNAT0074',64,'142353',false),
  ('CNAT0074',74,'129552',false),
  ('CNAT0074',78,'129552',false),
  ('CNAT0074',89,'272017',false),
  ('CNAT0075',28,'173484',false),
  ('CNAT0075',31,'820999',false),
  ('CNAT0075',33,'475555',false),
  ('CNAT0075',47,'399386',false),
  ('CNAT0075',54,'191202',false),
  ('CNAT0076',43,'691063',false),
  ('CNAT0077',9,'129552',false),
  ('CNAT0077',20,'175828',false),
  ('CNAT0077',89,'129552',false),
  ('CNAT0078',24,'820970',false),
  ('CNAT0078',73,'503759',false),
  ('CNAT0078',82,'503759',false),
  ('CNAT0079',10,'689106',false),
  ('CNAT0079',45,'525823',false),
  ('CNAT0081',1,'503759',false),
  ('CNAT0081',27,'158330',false),
  ('CNAT0081',91,'730305',false),
  ('CNAT0083',37,'125687',false),
  ('CNAT0084',47,'471910',false),
  ('CNAT0085',45,'183300',false),
  ('CNAT0085',71,'506440',false),
  ('CNAT0087',57,'079578',false),
  ('CNAT0087',75,'506440',false),
  ('CNAT0088',56,'297571',false),
  ('CNAT0089',39,'462841',false),
  ('CNAT0089',47,'533662',false),
  ('CNAT0089',64,'298495',false),
  ('CNAT0089',71,'533662',false),
  ('CNAT0089',81,'238209',false),
  ('CNAT0090',75,'037773',false),
  ('CNAT0091',21,'025389',false),
  ('CNAT0091',24,'297571',false),
  ('CNAT0091',56,'829766',false),
  ('CNAT0092',9,'066996',false),
  ('CNAT0092',31,'829766',false),
  ('CNAT0092',63,'037773',false),
  ('CNAT0093',62,'062331',false),
  ('CNAT0093',81,'297571',false),
  ('CNAT0094',46,'375095',false),
  ('CNAT0095',34,'095190',false),
  ('CNAT0095',61,'462841',false),
  ('CNAT0095',93,'829766',false),
  ('CNAT0096',57,'214776',false),
  ('CNAT0097',47,'036993',false),
  ('CNAT0097',67,'460216',false),
  ('CNAT0098',6,'330593',false),
  ('CNAT0098',53,'242434',false),
  ('CNAT0099',6,'420886',false),
  ('CNAT0099',94,'229976',false),
  ('CNAT0100',86,'727067',false),
  ('CNAT0101',17,'066609',false),
  ('CNAT0101',53,'229976',false),
  ('CNAT0101',83,'319296',false),
  ('CNAT0102',1,'330593',false),
  ('CNAT0102',21,'341072',false),
  ('CNAT0102',44,'119666',false),
  ('CNAT0102',47,'460216',false),
  ('CNAT0102',57,'025389',false),
  ('CNAT0102',68,'460299',false),
  ('CNAT0102',85,'220328',false),
  ('CNAT0103',33,'229976',false),
  ('CNAT0103',48,'343301',false),
  ('CNAT0103',54,'158330',false),
  ('CNAT0103',84,'341072',false),
  ('CNAT0104',17,'036993',false),
  ('CNAT0104',30,'810454',false),
  ('CNAT0104',31,'330587',false),
  ('CNAT0104',46,'025389',false),
  ('CNAT0104',70,'543141',false),
  ('CNAT0105',12,'357225',false),
  ('CNAT0105',77,'343301',false),
  ('CNAT0106',30,'043696',false),
  ('CNAT0106',85,'203461',false),
  ('CNAT0106',88,'125784',false),
  ('CNAT0107',65,'043696',false),
  ('CNAT0109',51,'407393',false),
  ('CNAT0109',68,'480233',false),
  ('CNAT0111',39,'062692',false),
  ('CNAT0112',25,'474225',false),
  ('CNAT0113',31,'202885',false),
  ('CNAT0113',48,'104396',false),
  ('CNAT0113',72,'055520',false),
  ('CNAT0113',78,'476532',false),
  ('CNAT0113',93,'225099',false),
  ('CNAT0115',33,'353668',false),
  ('CNAT0116',58,'055525',false),
  ('CNAT0117',86,'836364',false),
  ('CNAT0118',71,'346237',false),
  ('CNAT0119',12,'346237',false),
  ('CNAT0119',21,'353668',false),
  ('CNAT0119',28,'651955',false),
  ('CNAT0119',53,'169720',true),
  ('CNAT0119',87,'475416',false),
  ('CNAT0121',14,'045230',false),
  ('CNAT0121',33,'039693',false),
  ('CNAT0121',40,'543093',false),
  ('CNAT0121',47,'346237',false),
  ('CNAT0121',78,'353668',false),
  ('CNAT0122',7,'409707',false),
  ('CNAT0122',31,'392860',false),
  ('CNAT0122',54,'409707',false),
  ('CNAT0122',82,'201211',false),
  ('CNAT0122',90,'482653',false),
  ('CNAT0123',46,'641124',true),
  ('CNAT0123',47,'547504',false),
  ('CNAT0123',51,'299471',false),
  ('CNAT0123',83,'127805',false),
  ('CNAT0124',45,'095205',false),
  ('CNAT0124',56,'241440',false),
  ('CNAT0124',75,'607522',false),
  ('CNAT0125',49,'048307',false),
  ('CNAT0125',56,'409707',false),
  ('CNAT0125',82,'409707',false),
  ('CNAT0125',93,'409707',false),
  ('CNAT0126',30,'641124',false),
  ('CNAT0126',46,'268527',false),
  ('CNAT0126',58,'459843',false),
  ('CNAT0126',95,'170407',false),
  ('CNAT0127',4,'409699',false),
  ('CNAT0127',38,'607522',false),
  ('CNAT0127',49,'641124',false),
  ('CNAT0127',53,'241440',false),
  ('CNAT0129',19,'691062',false),
  ('CNAT0129',31,'641124',false),
  ('CNAT0129',49,'241608',false),
  ('CNAT0129',69,'125705',false),
  ('CNAT0129',75,'691062',false),
  ('CNAT0129',88,'641124',false),
  ('CNAT0130',39,'067426',false),
  ('CNAT0130',75,'207005',false),
  ('CNAT0130',85,'302458',true),
  ('CNAT0131',8,'243631',false),
  ('CNAT0131',43,'464738',false),
  ('CNAT0131',47,'097889',false),
  ('CNAT0131',51,'402089',false),
  ('CNAT0131',90,'097889',false),
  ('CNAT0132',64,'224673',false),
  ('CNAT0134',18,'048692',false),
  ('CNAT0134',46,'407166',false),
  ('CNAT0134',62,'037773',false),
  ('CNAT0134',87,'122713',false),
  ('CNAT0135',7,'207005',false),
  ('CNAT0135',31,'224673',false),
  ('CNAT0135',89,'098242',false),
  ('CNAT0136',36,'207005',false),
  ('CNAT0136',63,'119666',false),
  ('CNAT0136',66,'341072',false),
  ('CNAT0136',70,'119666',false),
  ('CNAT0137',32,'224673',false),
  ('CNAT0137',34,'250331',false),
  ('CNAT0137',38,'250331',false),
  ('CNAT0138',53,'189039',false),
  ('CNAT0138',61,'248755',false),
  ('CNAT0138',72,'207005',false),
  ('CNAT0139',26,'092531',false),
  ('CNAT0139',46,'045230',false),
  ('CNAT0139',60,'016669',false),
  ('CNAT0139',73,'378629',false),
  ('CNAT0140',10,'183300',false),
  ('CNAT0141',10,'130752',false),
  ('CNAT0141',49,'386148',false),
  ('CNAT0141',50,'130752',false),
  ('CNAT0142',69,'095190',false),
  ('CNAT0143',2,'419331',false),
  ('CNAT0143',36,'127805',false),
  ('CNAT0143',38,'428041',false),
  ('CNAT0143',45,'386148',false),
  ('CNAT0144',7,'158330',false),
  ('CNAT0144',34,'506440',false),
  ('CNAT0144',59,'503759',false),
  ('CNAT0144',68,'386148',false),
  ('CNAT0145',29,'039929',false),
  ('CNAT0145',38,'039693',false),
  ('CNAT0145',78,'195270',false),
  ('CNAT0145',86,'531674',false),
  ('CNAT0146',15,'242434',false),
  ('CNAT0146',78,'242434',false),
  ('CNAT0146',87,'691062',false),
  ('CNAT0147',46,'248325',false),
  ('CNAT0147',87,'543093',false),
  ('CNAT0147',91,'129013',false),
  ('CNAT0148',27,'386148',false),
  ('CNAT0148',53,'386148',false),
  ('CNAT0148',71,'386148',false),
  ('CNAT0150',18,'462841',false),
  ('CNAT0150',22,'298495',false),
  ('CNAT0151',4,'223261',false),
  ('CNAT0152',13,'425901',false),
  ('CNAT0152',79,'255818',false),
  ('CNAT0152',89,'302378',false),
  ('CNAT0153',13,'074777',false),
  ('CNAT0153',29,'309586',false),
  ('CNAT0153',62,'330587',false),
  ('CNAT0153',63,'738261',false),
  ('CNAT0153',89,'330587',false),
  ('CNAT0154',63,'330587',false),
  ('CNAT0154',80,'302378',false),
  ('CNAT0155',16,'330587',false),
  ('CNAT0155',57,'330587',false),
  ('CNAT0155',59,'237981',false),
  ('CNAT0156',69,'147468',false),
  ('CNAT0157',25,'689106',false),
  ('CNAT0157',82,'212426',false),
  ('CNAT0158',45,'614154',false),
  ('CNAT0159',81,'318069',false),
  ('CNAT0160',38,'550131',false),
  ('CNAT0160',52,'125687',false),
  ('CNAT0160',86,'691063',false),
  ('CNAT0161',3,'066996',false),
  ('CNAT0161',26,'334914',false),
  ('CNAT0161',72,'173484',false),
  ('CNAT0161',73,'358664',false),
  ('CNAT0161',95,'199526',false),
  ('CNAT0162',14,'543093',false),
  ('CNAT0162',19,'691062',false),
  ('CNAT0162',88,'386148',false),
  ('CNAT0163',40,'257126',false),
  ('CNAT0163',47,'129552',false),
  ('CNAT0163',60,'095190',false),
  ('CNAT0164',10,'241706',false),
  ('CNAT0164',22,'213967',false),
  ('CNAT0164',65,'066996',false),
  ('CNAT0164',71,'139198',false),
  ('CNAT0164',79,'601512',false),
  ('CNAT0164',82,'119666',false),
  ('CNAT0165',14,'066996',false),
  ('CNAT0165',26,'225099',false),
  ('CNAT0165',27,'214776',false),
  ('CNAT0165',71,'225099',false),
  ('CNAT0165',83,'334914',false),
  ('CNAT0166',15,'066609',false),
  ('CNAT0166',24,'399264',false),
  ('CNAT0166',31,'550131',false),
  ('CNAT0166',46,'248325',false),
  ('CNAT0166',49,'293536',false),
  ('CNAT0166',62,'066996',false),
  ('CNAT0166',87,'319296',false),
  ('CNAT0167',11,'195497',false),
  ('CNAT0167',74,'822159',false),
  ('CNAT0168',40,'066996',false),
  ('CNAT0169',3,'095190',false),
  ('CNAT0169',13,'092531',false),
  ('CNAT0169',16,'092531',false),
  ('CNAT0169',81,'822163',false),
  ('CNAT0169',83,'095190',false),
  ('CNAT0170',16,'552847',false),
  ('CNAT0170',22,'077372',false),
  ('CNAT0170',48,'282474',false),
  ('CNAT0170',77,'407393',false),
  ('CNAT0170',79,'284958',false),
  ('CNAT0170',84,'077372',false),
  ('CNAT0170',88,'077372',false),
  ('CNAT0171',15,'314387',false),
  ('CNAT0171',16,'333231',true),
  ('CNAT0171',18,'173484',false),
  ('CNAT0171',22,'822163',false),
  ('CNAT0171',57,'061639',false),
  ('CNAT0171',63,'265990',false),
  ('CNAT0171',94,'173484',false),
  ('CNAT0172',4,'747681',false),
  ('CNAT0172',11,'487847',false),
  ('CNAT0172',46,'282474',false),
  ('CNAT0172',66,'282474',false),
  ('CNAT0172',88,'822163',false),
  ('CNAT0172',95,'067426',false),
  ('CNAT0173',27,'727067',false),
  ('CNAT0173',59,'246183',false),
  ('CNAT0173',89,'246183',false),
  ('CNAT0174',25,'820641',false),
  ('CNAT0174',45,'451304',false),
  ('CNAT0174',47,'558342',false),
  ('CNAT0175',26,'177771',false),
  ('CNAT0176',34,'409707',false),
  ('CNAT0176',64,'641124',false),
  ('CNAT0176',69,'641124',false),
  ('CNAT0176',71,'641124',false),
  ('CNAT0176',81,'125705',false),
  ('CNAT0176',85,'125705',false),
  ('CNAT0177',6,'324152',false),
  ('CNAT0177',18,'451304',false),
  ('CNAT0177',27,'061639',false),
  ('CNAT0177',38,'250331',false),
  ('CNAT0177',42,'255818',false),
  ('CNAT0177',75,'122713',false),
  ('CNAT0177',82,'092531',false),
  ('CNAT0178',18,'048692',false),
  ('CNAT0178',53,'233134',false),
  ('CNAT0178',60,'169599',false),
  ('CNAT0179',20,'636885',false),
  ('CNAT0179',32,'526619',false),
  ('CNAT0181',44,'636949',false),
  ('CNAT0181',89,'718547',false),
  ('CNAT0182',7,'169599',false),
  ('CNAT0182',17,'245334',true),
  ('CNAT0182',63,'233134',false),
  ('CNAT0182',82,'409695',false),
  ('CNAT0182',88,'189039',false),
  ('CNAT0183',48,'130752',false),
  ('CNAT0184',2,'015921',false),
  ('CNAT0184',17,'636885',false),
  ('CNAT0184',59,'614154',false),
  ('CNAT0186',72,'425901',false),
  ('CNAT0188',46,'129013',false),
  ('CNAT0188',76,'201211',false),
  ('CNAT0188',81,'242434',false),
  ('CNAT0188',87,'125687',false),
  ('CNAT0190',6,'727067',false),
  ('CNAT0190',48,'428214',false),
  ('CNAT0190',67,'727067',false),
  ('CNAT0190',70,'428214',false),
  ('CNAT0190',74,'727067',false),
  ('CNAT0191',27,'125687',false),
  ('CNAT0191',40,'169599',false),
  ('CNAT0191',45,'718547',false),
  ('CNAT0191',81,'203464',false),
  ('CNAT0191',88,'203464',false),
  ('CNAT0193',21,'223261',false),
  ('CNAT0193',42,'375095',false),
  ('CNAT0193',45,'039694',false),
  ('CNAT0193',52,'392860',false),
  ('CNAT0193',55,'459843',false),
  ('CNAT0195',54,'185467',false),
  ('CNAT0196',38,'202885',false),
  ('CNAT0196',51,'359195',false),
  ('CNAT0197',5,'158330',false),
  ('CNAT0197',39,'380021',false),
  ('CNAT0197',53,'137150',false),
  ('CNAT0197',56,'503759',false),
  ('CNAT0197',64,'525823',false),
  ('CNAT0197',75,'137088',false),
  ('CNAT0198',45,'380021',false),
  ('CNAT0200',12,'632380',false),
  ('CNAT0200',25,'223261',false),
  ('CNAT0200',57,'375095',false),
  ('CNAT0200',68,'189039',false),
  ('CNAT0201',6,'203464',false),
  ('CNAT0201',60,'203464',false),
  ('CNAT0202',11,'039929',false),
  ('CNAT0202',13,'526874',false),
  ('CNAT0202',14,'203461',false),
  ('CNAT0202',58,'045230',false),
  ('CNAT0202',80,'543093',false),
  ('CNAT0204',43,'480233',false),
  ('CNAT0204',48,'466637',false),
  ('CNAT0204',73,'480233',false),
  ('CNAT0205',57,'380028',false),
  ('CNAT0205',64,'050391',false),
  ('CNAT0206',19,'346237',false),
  ('CNAT0206',29,'346237',false),
  ('CNAT0206',43,'236396',false),
  ('CNAT0207',14,'203461',false),
  ('CNAT0207',35,'147468',false),
  ('CNAT0207',91,'330587',false),
  ('CNAT0208',89,'820702',false);
