/* File created by scraping https://www.transfermarkt.com using Antonio Cardin's program */

insert into Squadre values
  ('Woking FC','9AA Woking','Dyer'),
  ('Notts County','3HJ','Burchnall'),
  ('Barnet FC','2BE London','Brennan'),
  ('Eastleigh FC','9HT','Bradbury'),
  ('Grimsby Town','7PY Grimsby, South Humberside','Hurst'),
  ('Wealdstone FC','London Borough','Maynard'),
  ('Bromley FC','Borough','Woodman'),
  ('Southend United','6NQ Southend-on-Sea','Maher'),
  ('Aldershot Town','1TW Hampshire','Molesley'),
  ('Dover Athletic','0JB','Hessenthaler'),
  ('Stockport County','9DD Edgeley Park ,','Challinor'),
  ('Maidenhead United','7,','Devonshire'),
  ('Yeovil Town','8YF Yeovil','Sarll'),
  ('Dagenham & Redbridge FC','7XL Dagenham (London)','McMahon'),
  ('FC Halifax Town','2YS Halifax, West Yorkshire','Wild'),
  ('King''s Lynn Town','5PB','Widdrington'),
  ('Solihull Moors','2PP','Ardley'),
  ('Wrexham AFC','2AH Wrexham','Parkinson'),
  ('Altrincham FC','8AP','Parkinson'),
  ('Boreham Wood FC','5AL Boreham Wood, London Borough of Hertsmer','Garrard'),
  ('Torquay United','3PS Torquay','Johnson'),
  ('Chesterfield FC','8NZ Chesterfield','Cook'),
  ('Weymouth FC','','Oldfield');

insert into Giocatori values
  ('382071','Woking FC',1,'Mark','Smith','15-dec-1995','Portiere'),
  ('241696','Woking FC',13,'Craig','Ross','29-jan-1990','Portiere'),
  ('104345','Woking FC',5,'Joe','McNerney','24-jan-1990','Difensore'),
  ('346178','Woking FC',6,'Moussa','Diarra','4-feb-1990','Difensore'),
  ('405563','Woking FC',16,'Louie','Annesley','3-may-2000','Difensore'),
  ('678387','Woking FC',22,'David','Longe-King','26-jan-1995','Difensore'),
  ('865003','Woking FC',null,'Jake','Rumble','7-aug-2003','Difensore'),
  ('138787','Woking FC',3,'Josh','Casey','19-oct-1991','Difensore'),
  ('655723','Woking FC',2,'Kyran','Lofthouse','15-sep-2000','Difensore'),
  ('887895','Woking FC',null,'Louis','Evans','5-apr-2003','Centrocampista'),
  ('710141','Woking FC',15,'Jack','Skinner','18-jun-2000','Centrocampista'),
  ('141568','Woking FC',24,'Rohan','Ince','8-nov-1992','Centrocampista'),
  ('503986','Woking FC',27,'Oliver','Pendlebury','19-jan-2002','Centrocampista'),
  ('236396','Woking FC',4,'Tom','Champion','15-may-1986','Centrocampista'),
  ('899555','Woking FC',8,'Solomon','Nwabuokei','23-feb-1996','Centrocampista'),
  ('233134','Woking FC',10,'Max','Kretzschmar','12-oct-1993','Centrocampista'),
  ('431425','Woking FC',20,'Jack','Roles','26-feb-1999','Centrocampista'),
  ('250331','Woking FC',23,'Jermaine','Anderson','16-may-1996','Centrocampista'),
  ('602159','Woking FC',17,'Tarryn','Allarakhia','17-oct-1997','Centrocampista'),
  ('404586','Woking FC',11,'Tyreke','Johnson','3-nov-1998','Centrocampista'),
  ('483385','Woking FC',18,'Nicke','Kabamba','1-feb-1993','Attaccante'),
  ('313719','Woking FC',14,'George','Oakley','18-nov-1995','Attaccante'),
  ('879905','Woking FC',null,'Sam','Evans','1-oct-2002','Attaccante'),
  ('203464','Woking FC',7,'Jamar','Loza','10-may-1994','Attaccante'),
  ('220328','Woking FC',9,'Inih','Effiong','2-mar-1991','Attaccante'),
  ('486604','Notts County',null,'Vitezslav','Jaros','23-jul-2001','Portiere'),
  ('095240','Notts County',1,'Sam','Slocombe','5-jun-1988','Portiere'),
  ('814499','Notts County',12,'Tiernan','Brooks','17-jun-2003','Portiere'),
  ('332327','Notts County',14,'Ed','Francis','11-sep-1999','Difensore'),
  ('258881','Notts County',4,'Kyle','Cameron','15-jan-1997','Difensore'),
  ('155742','Notts County',5,'Connell','Rawlinson','22-sep-1991','Difensore'),
  ('137155','Notts County',24,'Alex','Lacey','31-may-1993','Difensore'),
  ('258310','Notts County',3,'Joel','Taylor','24-mar-1996','Difensore'),
  ('067214','Notts County',23,'Adam','Chicksen','27-sep-1991','Difensore'),
  ('196714','Notts County',2,'Richard','Brindley','5-may-1993','Difensore'),
  ('347238','Notts County',16,'Dion','Kelly-Evans','21-sep-1996','Difensore'),
  ('565675','Notts County',26,'Jayden','Richardson','4-sep-2000','Difensore'),
  ('746777','Notts County',null,'Zak','Brunt','17-nov-2001','Centrocampista'),
  ('048477','Notts County',6,'Jim','O''Brien','28-sep-1987','Centrocampista'),
  ('010025','Notts County',8,'Michael','Doyle','8-aug-1981','Centrocampista'),
  ('236870','Notts County',18,'Matt','Palmer','27-feb-1995','Centrocampista'),
  ('690884','Notts County',17,'Frank','Vincent','23-apr-1999','Centrocampista'),
  ('288952','Notts County',10,'Callum','Roberts','14-apr-1997','Attaccante'),
  ('248325','Notts County',11,'Aaron','Nemane','26-sep-1997','Attaccante'),
  ('531674','Notts County',20,'Rúben','Rodrigues','2-aug-1996','Attaccante'),
  ('428214','Notts County',7,'Kairo','Mitchell','21-oct-1997','Attaccante'),
  ('334721','Notts County',9,'Kyle','Wootton','11-oct-1996','Attaccante'),
  ('879805','Notts County',15,'Lewis','Knight','9-sep-1998','Attaccante'),
  ('420886','Notts County',19,'Elisha','Sam','31-mar-1997','Attaccante'),
  ('288948','Barnet FC',27,'Aston','Oxborough','9-may-1998','Portiere'),
  ('801403','Barnet FC',12,'James','Callan','6-jun-2004','Portiere'),
  ('531486','Barnet FC',24,'Jake','Askew','8-feb-2002','Portiere'),
  ('614276','Barnet FC',25,'Aymen','Azaze','20-dec-2001','Portiere'),
  ('265231','Barnet FC',15,'Reiss','Greenidge','10-aug-1996','Difensore'),
  ('611650','Barnet FC',28,'Sam','Woods','11-sep-1998','Difensore'),
  ('745159','Barnet FC',null,'Ross','Marshall','9-oct-1999','Difensore'),
  ('106359','Barnet FC',5,'Jamie','Turley','7-apr-1990','Difensore'),
  ('207891','Barnet FC',6,'Ben','Richards-Everton','17-oct-1991','Difensore'),
  ('061594','Barnet FC',21,'Joe','Widdowson','28-mar-1989','Difensore'),
  ('883810','Barnet FC',23,'Sam','Beard','12-mar-1998','Difensore'),
  ('424902','Barnet FC',null,'Teddy','Howe','9-oct-1998','Difensore'),
  ('563306','Barnet FC',2,'Jordan','Thomas','2-jan-2001','Difensore'),
  ('925837','Barnet FC',17,'Sam','Granville',null,'Difensore'),
  ('380028','Barnet FC',19,'Harry','Taylor','5-may-1997','Difensore'),
  ('380021','Barnet FC',18,'Wesley','Fonguck','16-jul-1997','Centrocampista'),
  ('505307','Barnet FC',33,'Ryan','De Havilland','15-jan-2001','Centrocampista'),
  ('264199','Barnet FC',39,'Reece','Grego-Cox','12-nov-1996','Centrocampista'),
  ('632376','Barnet FC',9,'Louis','Walsh','5-aug-2000','Centrocampista'),
  ('526862','Barnet FC',20,'Serhat','Tasdemir','21-jul-2000','Centrocampista'),
  ('401321','Barnet FC',16,'Kian','Flanagan','29-aug-1999','Centrocampista'),
  ('121236','Barnet FC',7,'Rob','Hall','20-oct-1993','Attaccante'),
  ('092986','Barnet FC',10,'Daniel','Powell','12-mar-1991','Attaccante'),
  ('466637','Barnet FC',11,'Ephron','Mason-Clarke','25-aug-1999','Attaccante'),
  ('125687','Barnet FC',14,'Adam','Marriott','14-apr-1991','Attaccante'),
  ('330583','Eastleigh FC',1,'Joe','McDonnell','19-may-1994','Portiere'),
  ('009411','Eastleigh FC',13,'Ross','Flitney','1-jun-1984','Portiere'),
  ('907528','Eastleigh FC',23,'Charlie','Philpott',null,'Portiere'),
  ('526247','Eastleigh FC',5,'Tom','Broadbent','15-feb-1992','Difensore'),
  ('079578','Eastleigh FC',6,'Andrew','Boyce','5-nov-1989','Difensore'),
  ('137150','Eastleigh FC',15,'Alex','Wynter','15-sep-1993','Difensore'),
  ('193875','Eastleigh FC',3,'Michael','Kelly','3-nov-1997','Difensore'),
  ('707955','Eastleigh FC',26,'Vincent','Harper','22-sep-2000','Difensore'),
  ('648699','Eastleigh FC',null,'Brennan','Camp','12-oct-2000','Difensore'),
  ('688928','Eastleigh FC',24,'Jack','Torniainen','3-nov-2001','Difensore'),
  ('990204','Eastleigh FC',null,'Ronan','Silva','18-apr-2000','Centrocampista'),
  ('525823','Eastleigh FC',4,'Cav','Miley','29-apr-1995','Centrocampista'),
  ('495950','Eastleigh FC',11,'Ryan','Hill','19-mar-1998','Centrocampista'),
  ('038629','Eastleigh FC',19,'Danny','Hollands','6-nov-1985','Centrocampista'),
  ('907536','Eastleigh FC',22,'Dan','Bradshaw',null,'Centrocampista'),
  ('409692','Eastleigh FC',8,'Harry','Pritchard','23-apr-1993','Centrocampista'),
  ('315185','Eastleigh FC',12,'Jake','Hesketh','27-mar-1996','Centrocampista'),
  ('333545','Eastleigh FC',17,'Danny','Whitehall','8-oct-1995','Attaccante'),
  ('376663','Eastleigh FC',18,'Tjay','De Barr','13-mar-2000','Attaccante'),
  ('560470','Eastleigh FC',9,'Dan','Smith','5-sep-1999','Attaccante'),
  ('158330','Eastleigh FC',10,'Tyrone','Barnett','28-oct-1985','Attaccante'),
  ('048312','Eastleigh FC',14,'Brett','Pitman','31-jan-1988','Attaccante'),
  ('207843','Grimsby Town',21,'Max','Crocombe','12-aug-1993','Portiere'),
  ('062327','Grimsby Town',1,'James','McKeown','24-jul-1989','Portiere'),
  ('624947','Grimsby Town',13,'Ollie','Battersby','23-jul-2001','Portiere'),
  ('743741','Grimsby Town',null,'Andy','Smith','11-sep-2001','Difensore'),
  ('146786','Grimsby Town',5,'Shaun','Pearson','28-apr-1989','Difensore'),
  ('090476','Grimsby Town',6,'Luke','Waterfall','30-jul-1990','Difensore'),
  ('455602','Grimsby Town',null,'Danny','Amos','22-dec-1999','Difensore'),
  ('425896','Grimsby Town',3,'Adam','Crookes','18-nov-1997','Difensore'),
  ('265990','Grimsby Town',2,'Michee','Efete','11-mar-1997','Difensore'),
  ('452708','Grimsby Town',4,'Ben','Fox','1-feb-1998','Centrocampista'),
  ('698637','Grimsby Town',null,'Arjan','Raikhy','20-oct-2002','Centrocampista'),
  ('809775','Grimsby Town',null,'Luke','Spokes','6-aug-2000','Centrocampista'),
  ('061638','Grimsby Town',8,'Giles','Coke','3-jun-1986','Centrocampista'),
  ('381352','Grimsby Town',15,'Harry','Clifton','12-jun-1998','Centrocampista'),
  ('324112','Grimsby Town',30,'Scott','Burgess','27-jun-1996','Centrocampista'),
  ('725641','Grimsby Town',31,'Evan','Khouri','21-jan-2003','Centrocampista'),
  ('061549','Grimsby Town',11,'Sean','Scannell','17-sep-1990','Attaccante'),
  ('385846','Grimsby Town',18,'Érico','Sousa','12-mar-1995','Attaccante'),
  ('444716','Grimsby Town',19,'Max','Wright','6-apr-1998','Attaccante'),
  ('037012','Grimsby Town',20,'Joel','Grant','26-aug-1987','Attaccante'),
  ('341028','Grimsby Town',25,'Jordan','Maguire-Drew','19-sep-1997','Attaccante'),
  ('504855','Grimsby Town',10,'John','McAtee','23-jul-1999','Attaccante'),
  ('492391','Grimsby Town',null,'Tristan','Abrahams','29-dec-1998','Attaccante'),
  ('268451','Grimsby Town',12,'Emmanuel','Dieseruvwe','20-feb-1995','Attaccante'),
  ('067386','Grimsby Town',14,'Lenell','John-Lewis','17-may-1989','Attaccante'),
  ('049459','Grimsby Town',29,'Ryan','Taylor','4-may-1988','Attaccante'),
  ('734505','Grimsby Town',33,'Luis','Adlard','13-oct-2002','Attaccante'),
  ('502070','Wealdstone FC',1,'George','Wickens','8-nov-2001','Portiere'),
  ('920379','Wealdstone FC',13,'Alfie','Marigliani','19-mar-2003','Portiere'),
  ('636885','Wealdstone FC',2,'Jack','Cook','16-sep-1993','Difensore'),
  ('333231','Wealdstone FC',6,'Jerome','Okimo','8-jun-1988','Difensore'),
  ('487428','Wealdstone FC',17,'Nikola','Tavares','17-jan-1999','Difensore'),
  ('436334','Wealdstone FC',null,'Dan','Wishart','28-may-1992','Difensore'),
  ('549848','Wealdstone FC',null,'Jamie','Mascoll','15-mar-1997','Difensore'),
  ('460155','Wealdstone FC',23,'Jaydn','Mundle-Smith','17-dec-1999','Difensore'),
  ('602158','Wealdstone FC',11,'David','Sesay','18-sep-1998','Difensore'),
  ('476532','Wealdstone FC',12,'Andrew','Eleftheriou','8-nov-1997','Difensore'),
  ('061639','Wealdstone FC',18,'Alex','Dyer','11-jun-1990','Centrocampista'),
  ('649053','Wealdstone FC',4,'Ashley','Charles','15-may-1999','Centrocampista'),
  ('449454','Wealdstone FC',7,'Nathan','Ferguson','12-oct-1995','Centrocampista'),
  ('472127','Wealdstone FC',8,'Matt','Buse','7-oct-1997','Centrocampista'),
  ('056652','Wealdstone FC',20,'Medy','Elito','20-mar-1990','Centrocampista'),
  ('419183','Wealdstone FC',24,'Charlie','Cooper','1-may-1997','Centrocampista'),
  ('886386','Wealdstone FC',29,'Tecane','Shrowder',null,'Centrocampista'),
  ('248504','Wealdstone FC',10,'Rhys','Browne','16-nov-1995','Attaccante'),
  ('451589','Wealdstone FC',16,'Ira','Jackson Jr.','28-jan-1997','Attaccante'),
  ('399264','Wealdstone FC',9,'Josh','Umerah','8-mar-1997','Attaccante'),
  ('456292','Bromley FC',null,'Ellery','Balcombe','15-oct-1999','Portiere'),
  ('033637','Bromley FC',1,'Mark','Cousins','9-jan-1987','Portiere'),
  ('805601','Bromley FC',null,'Ben','Margetson','1-sep-2000','Difensore'),
  ('170407','Bromley FC',5,'Chris','Bush','12-jun-1992','Difensore'),
  ('344354','Bromley FC',6,'Omar','Sowunmi','7-nov-1995','Difensore'),
  ('062112','Bromley FC',17,'Byron','Webster','31-mar-1987','Difensore'),
  ('558342','Bromley FC',34,'Jack','Cawley','19-sep-1992','Difensore'),
  ('608179','Bromley FC',null,'Toby','Stevenson','22-nov-1999','Difensore'),
  ('067003','Bromley FC',2,'Joe','Partington','1-apr-1990','Difensore'),
  ('432293','Bromley FC',null,'Luke','Dreher','27-nov-1998','Centrocampista'),
  ('123541','Bromley FC',4,'Billy','Bingham','15-jul-1990','Centrocampista'),
  ('807418','Bromley FC',8,'Jude','Arthurs','6-aug-2001','Centrocampista'),
  ('039694','Bromley FC',16,'Liam','Trotter','24-aug-1988','Centrocampista'),
  ('053066','Bromley FC',null,'Scott','Wagstaff','31-mar-1990','Centrocampista'),
  ('201566','Bromley FC',7,'Luke','Coulson','6-mar-1994','Centrocampista'),
  ('855272','Bromley FC',24,'Marcus','Sablier','12-mar-2003','Centrocampista'),
  ('808428','Bromley FC',19,'Harry','Forster','11-may-2000','Attaccante'),
  ('455600','Bromley FC',18,'Corey','Whitely','11-jul-1991','Attaccante'),
  ('649180','Bromley FC',22,'George','Alexander','14-oct-2000','Attaccante'),
  ('339013','Bromley FC',null,'Mason','Bloomfield','6-nov-1996','Attaccante'),
  ('375095','Bromley FC',9,'Michael','Cheek','23-aug-1991','Attaccante'),
  ('223261','Bromley FC',10,'James','Alabi','8-nov-1994','Attaccante'),
  ('233213','Bromley FC',11,'Louis','Dennis','9-oct-1992','Attaccante'),
  ('969341','Bromley FC',26,'Palace','Francis',null,'Attaccante'),
  ('937359','Bromley FC',28,'Finlay','Lovatt',null,'Attaccante'),
  ('022206','Southend United',1,'Steve','Arnold','22-aug-1989','Portiere'),
  ('934449','Southend United',23,'Collin','Andeng-Ndi','1-aug-2003','Portiere'),
  ('837482','Southend United',null,'Reiss','Chandler','21-may-2003','Difensore'),
  ('633228','Southend United',null,'Kacper','Lopata','27-aug-2001','Difensore'),
  ('066493','Southend United',null,'Josh','Coulson','28-jan-1989','Difensore'),
  ('582367','Southend United',null,'Miles','Mitchell-Nelson','24-nov-2000','Difensore'),
  ('562257','Southend United',5,'Shaun','Hobson','29-jun-1998','Difensore'),
  ('574585','Southend United',35,'Ollie','Kensdale','20-apr-2000','Difensore'),
  ('042108','Southend United',40,'John','White','26-jul-1986','Difensore'),
  ('164186','Southend United',3,'Nathan','Ralph','14-feb-1993','Difensore'),
  ('642538','Southend United',12,'Tom','Clifford','2-sep-1999','Difensore'),
  ('048250','Southend United',24,'Jason','Dimitriou','18-nov-1987','Difensore'),
  ('409052','Southend United',27,'Leon','Davies','22-nov-1999','Difensore'),
  ('746736','Southend United',null,'Harrison','Neal','12-may-2001','Centrocampista'),
  ('320220','Southend United',38,'Noor','Husin','3-mar-1997','Centrocampista'),
  ('044796','Southend United',4,'Abu','Ogogo','3-nov-1989','Centrocampista'),
  ('300498','Southend United',7,'Jack','Bridge','21-sep-1995','Centrocampista'),
  ('044789','Southend United',8,'James','Dunne','18-sep-1989','Centrocampista'),
  ('582366','Southend United',15,'Lewis','Gard','26-aug-1999','Centrocampista'),
  ('560535','Southend United',16,'Harry','Phillips','19-sep-1997','Centrocampista'),
  ('061427','Southend United',20,'Will','Atkinson','14-oct-1988','Centrocampista'),
  ('551964','Southend United',30,'Matthew','Dennis','15-apr-2002','Centrocampista'),
  ('980561','Southend United',25,'Jack','Wood',null,'Centrocampista'),
  ('451588','Southend United',null,'Callum','Powell','28-jan-1996','Attaccante'),
  ('470128','Southend United',10,'Sam','Dalby','7-dec-1999','Attaccante'),
  ('292945','Southend United',null,'Harry','Cardwell','23-oct-1996','Attaccante'),
  ('045230','Southend United',9,'Rhys','Murphy','6-nov-1990','Attaccante'),
  ('337869','Southend United',19,'Simeon','Akinola','6-aug-1992','Attaccante'),
  ('126222','Aldershot Town',1,'Mitch','Walker','24-sep-1991','Portiere'),
  ('744547','Aldershot Town',31,'Callum','Coulter','24-oct-2000','Portiere'),
  ('640280','Aldershot Town',22,'Giles','Phillips','22-jun-1997','Difensore'),
  ('264849','Aldershot Town',5,'Kevin','Lokko','3-nov-1995','Difensore'),
  ('291127','Aldershot Town',6,'Kodi','Lyons-Foster','19-oct-1996','Difensore'),
  ('435765','Aldershot Town',16,'Corey','Jordan','4-mar-1999','Difensore'),
  ('201656','Aldershot Town',3,'Lewis','Kinsella','2-sep-1994','Difensore'),
  ('804473','Aldershot Town',32,'Bradley','Webb','9-jun-2001','Difensore'),
  ('091291','Aldershot Town',33,'Colin','Daniel','15-feb-1988','Difensore'),
  ('392790','Aldershot Town',12,'Christian','Oxlade-Chamberlain','24-jun-1998','Difensore'),
  ('734511','Aldershot Town',26,'Alfie','Saunders','16-oct-2001','Difensore'),
  ('526790','Aldershot Town',18,'Mohamad','Sylla','1-dec-1993','Centrocampista'),
  ('690833','Aldershot Town',null,'Alfy','Whittingham','15-jul-1998','Centrocampista'),
  ('425901','Aldershot Town',8,'Toby','Edser','28-feb-1999','Centrocampista'),
  ('460154','Aldershot Town',23,'Jayden','Harris','4-sep-1999','Centrocampista'),
  ('684173','Aldershot Town',14,'Ryan','Glover','9-nov-2000','Centrocampista'),
  ('282901','Aldershot Town',34,'Sam','Matthews','1-mar-1997','Centrocampista'),
  ('718371','Aldershot Town',null,'Elis','Watts','28-jun-2002','Attaccante'),
  ('603052','Aldershot Town',10,'Jacob','Berkeley-Agyepong','29-mar-1997','Attaccante'),
  ('224673','Aldershot Town',11,'Harry','Panayiotou','28-oct-1994','Attaccante'),
  ('678411','Aldershot Town',15,'Josh','Fawole','21-jul-1998','Attaccante'),
  ('450695','Aldershot Town',17,'Scott','Wilson','11-jan-1993','Attaccante'),
  ('747672','Aldershot Town',19,'Reece','Miller','3-oct-2000','Attaccante'),
  ('562256','Aldershot Town',20,'Mikael','Ndjoli','16-dec-1998','Attaccante'),
  ('506646','Aldershot Town',27,'Tommy','Willard','1-sep-2000','Attaccante'),
  ('412596','Dover Athletic',20,'Adam','Parkes','30-nov-1999','Portiere'),
  ('476150','Dover Athletic',1,'Josh','Bexon','18-jun-1998','Portiere'),
  ('468052','Dover Athletic',44,'Alexis','André','31-may-1997','Portiere'),
  ('823712','Dover Athletic',2,'Will','Moses','12-may-2003','Difensore'),
  ('057400','Dover Athletic',5,'Réda','Johnson','21-mar-1988','Difensore'),
  ('216319','Dover Athletic',6,'Jake','Goodman','5-aug-1993','Difensore'),
  ('820702','Dover Athletic',16,'Harry','Ransom','1-oct-1999','Difensore'),
  ('314205','Dover Athletic',23,'Daniele','Collinge','9-apr-1998','Difensore'),
  ('632149','Dover Athletic',null,'Marshall','Wratten','24-dec-1999','Difensore'),
  ('929264','Dover Athletic',12,'Alex','Green','5-jun-2003','Difensore'),
  ('045557','Dover Athletic',15,'Nana','Ofori-Twumasi','15-may-1990','Difensore'),
  ('931739','Dover Athletic',24,'Harrison','Byford',null,'Difensore'),
  ('392302','Dover Athletic',30,'Myles','Judd','3-feb-1999','Difensore'),
  ('973835','Dover Athletic',29,'Luke','Baptiste',null,'Centrocampista'),
  ('574809','Dover Athletic',4,'TJ','Bramble','9-may-2001','Centrocampista'),
  ('810453','Dover Athletic',25,'Ryan','Hanson','6-dec-2000','Centrocampista'),
  ('727735','Dover Athletic',32,'Arjanit','Krasniqi','16-oct-1999','Centrocampista'),
  ('614152','Dover Athletic',18,'Henry','Woods','7-sep-1999','Centrocampista'),
  ('973834','Dover Athletic',28,'George','Wilkinson','2-apr-2004','Centrocampista'),
  ('264734','Dover Athletic',22,'Koby','Arthur','31-jan-1996','Centrocampista'),
  ('345961','Dover Athletic',34,'Djair','Parfitt-Williams','1-oct-1996','Attaccante'),
  ('343338','Dover Athletic',null,'Michael','Gyasi','2-mar-2000','Attaccante'),
  ('173760','Dover Athletic',8,'James','Caton','4-jan-1994','Attaccante'),
  ('820703','Dover Athletic',17,'Travis','Gregory','5-oct-1994','Attaccante'),
  ('935409','Dover Athletic',19,'Noah','Carney','18-feb-2004','Attaccante'),
  ('433163','Stockport County',null,'Luca','Ashby-Hammond','25-mar-2001','Portiere'),
  ('049597','Stockport County',1,'Ben','Hinchliffe','9-oct-1988','Portiere'),
  ('266030','Stockport County',26,'Ethan','Ross','6-mar-1997','Portiere'),
  ('335593','Stockport County',null,'Ben','Barclay','7-oct-1996','Difensore'),
  ('647433','Stockport County',null,'Lewis','Earl','1-oct-2001','Difensore'),
  ('208429','Stockport County',4,'Liam','Hogan','8-feb-1989','Difensore'),
  ('160154','Stockport County',5,'Ashley','Palmer','9-nov-1992','Difensore'),
  ('299471','Stockport County',15,'Ryan','Johnson','2-oct-1996','Difensore'),
  ('199740','Stockport County',16,'Jordan','Keane','19-sep-1993','Difensore'),
  ('295639','Stockport County',3,'Mark','Kitching','4-sep-1995','Difensore'),
  ('223784','Stockport County',2,'Sam','Minihan','16-feb-1994','Difensore'),
  ('538678','Stockport County',7,'Macauley','Southam-Hales','2-feb-1996','Difensore'),
  ('335598','Stockport County',14,'Will','Collar','3-feb-1997','Centrocampista'),
  ('293570','Stockport County',18,'Ryan','Croasdale','26-sep-1994','Centrocampista'),
  ('160525','Stockport County',23,'Antoni','Sarcevic','13-mar-1992','Centrocampista'),
  ('336855','Stockport County',20,'Elliot','Newby','21-nov-1995','Centrocampista'),
  ('402089','Stockport County',10,'Ben','Whitfield','28-feb-1996','Centrocampista'),
  ('618885','Stockport County',17,'Ryan','Rydel','9-feb-2001','Centrocampista'),
  ('329849','Stockport County',21,'Myles','Hippolyte','9-nov-1994','Attaccante'),
  ('426285','Stockport County',27,'Oliver','Crankshaw','12-aug-1998','Attaccante'),
  ('092488','Stockport County',9,'Paddy','Madden','4-mar-1990','Attaccante'),
  ('212426','Stockport County',11,'Connor','Jennings','29-oct-1991','Attaccante'),
  ('480233','Stockport County',19,'Alex','Reid','6-sep-1995','Attaccante'),
  ('231602','Stockport County',22,'Scott','Quigley','2-sep-1992','Attaccante'),
  ('268184','Maidenhead United',null,'Dániel','Gyollai','7-apr-1997','Portiere'),
  ('422640','Maidenhead United',null,'Harry','Palmer','20-jun-1995','Portiere'),
  ('351667','Maidenhead United',4,'Will','De Havilland','8-nov-1994','Difensore'),
  ('241608','Maidenhead United',5,'Manny','Parry','20-jan-1994','Difensore'),
  ('333348','Maidenhead United',6,'Remy','Clerima','20-jan-1990','Difensore'),
  ('268527','Maidenhead United',8,'Shaun','Donnellan','16-oct-1996','Difensore'),
  ('247703','Maidenhead United',24,'Alan','Massey','11-jan-1989','Difensore'),
  ('558150','Maidenhead United',3,'George','Wells','9-jan-1996','Difensore'),
  ('339997','Maidenhead United',16,'Ryheem','Sheckleford','20-may-1997','Difensore'),
  ('802229','Maidenhead United',15,'Sam','Beckwith','11-dec-2001','Centrocampista'),
  ('319032','Maidenhead United',null,'Josh','Smile','24-oct-1996','Centrocampista'),
  ('169599','Maidenhead United',10,'Kane','Ferdinand','7-oct-1992','Centrocampista'),
  ('409699','Maidenhead United',19,'Ryan','Upward','19-may-1992','Centrocampista'),
  ('307419','Maidenhead United',27,'Charlee','Adams','16-feb-1995','Centrocampista'),
  ('125705','Maidenhead United',11,'Dan','Sparkes','20-jul-1991','Centrocampista'),
  ('409707','Maidenhead United',25,'Sam','Barratt','25-aug-1995','Centrocampista'),
  ('470371','Maidenhead United',null,'Shawn','McCoulsky','6-jan-1997','Attaccante'),
  ('543074','Maidenhead United',7,'Dylan','Asonganyi','10-dec-2000','Attaccante'),
  ('241440','Maidenhead United',9,'Nathan','Blissett','29-jun-1990','Attaccante'),
  ('738310','Maidenhead United',17,'Reece','Smith','28-apr-2002','Attaccante'),
  ('662538','Maidenhead United',18,'Emile','Acquah','13-jul-2000','Attaccante'),
  ('526852','Maidenhead United',22,'Josh','Kelly','19-dec-1998','Attaccante'),
  ('185869','Yeovil Town',1,'Grant','Smith','20-nov-1993','Portiere'),
  ('747353','Yeovil Town',12,'Max','Evans','25-may-2002','Portiere'),
  ('129013','Yeovil Town',6,'Luke','Wilkinson','2-dec-1991','Difensore'),
  ('594683','Yeovil Town',13,'Morgan','Williams','30-aug-1999','Difensore'),
  ('554465','Yeovil Town',5,'Max','Hunt','1-may-1999','Difensore'),
  ('344785','Yeovil Town',32,'Josh','Staunton','15-sep-1995','Difensore'),
  ('596966','Yeovil Town',3,'Jordan','Barnett','20-oct-1999','Difensore'),
  ('041099','Yeovil Town',2,'Mark','Little','20-aug-1988','Difensore'),
  ('493607','Yeovil Town',7,'Matt','Worthington','18-dec-1997','Centrocampista'),
  ('248578','Yeovil Town',8,'Dale','Gorman','28-jun-1996','Centrocampista'),
  ('359234','Yeovil Town',14,'Alex','Bradley','27-jan-1999','Centrocampista'),
  ('158809','Yeovil Town',24,'Lawson','D''Ath','24-dec-1992','Centrocampista'),
  ('314387','Yeovil Town',19,'Charlie','Wakefield','10-apr-1998','Centrocampista'),
  ('559092','Yeovil Town',11,'Tom','Knowles','27-sep-1998','Attaccante'),
  ('646974','Yeovil Town',15,'Sonny Blu','Lo-Everton','15-sep-2002','Attaccante'),
  ('173484','Yeovil Town',23,'Adi','Yussuf','10-sep-1992','Attaccante'),
  ('890530','Yeovil Town',null,'Toby','Stephens','10-sep-2003','Attaccante'),
  ('039693','Yeovil Town',9,'Reuben','Reid','26-jul-1988','Attaccante'),
  ('356569','Yeovil Town',10,'Olufela','Olomola','5-sep-1997','Attaccante'),
  ('386148','Yeovil Town',10,'Joe','Quigley','10-dec-1996','Attaccante'),
  ('457570','Dagenham & Redbridge FC',null,'Josh','Strizovic','12-apr-2000','Portiere'),
  ('269929','Dagenham & Redbridge FC',1,'Elliot','Justham','18-jul-1990','Portiere'),
  ('055520','Dagenham & Redbridge FC',2,'Callum','Reynolds','10-nov-1989','Difensore'),
  ('207840','Dagenham & Redbridge FC',6,'Kenny','Clark','12-aug-1988','Difensore'),
  ('690615','Dagenham & Redbridge FC',28,'Yoan','Zouma','6-may-1998','Difensore'),
  ('170384','Dagenham & Redbridge FC',3,'Elliot','Johnson','17-aug-1994','Difensore'),
  ('250336','Dagenham & Redbridge FC',null,'Josh','Hare','12-aug-1994','Difensore'),
  ('835877','Dagenham & Redbridge FC',null,'Junior','Nkwonta','4-jun-2003','Difensore'),
  ('601437','Dagenham & Redbridge FC',5,'Will','Wright','12-jun-1997','Difensore'),
  ('302459','Dagenham & Redbridge FC',19,'Sam','Ling','17-dec-1996','Difensore'),
  ('664554','Dagenham & Redbridge FC',null,'Ryley','Scott','25-jul-2001','Centrocampista'),
  ('306034','Dagenham & Redbridge FC',26,'Joey','Jones','15-apr-1994','Centrocampista'),
  ('362809','Dagenham & Redbridge FC',30,'Brandon','Comley','18-nov-1995','Centrocampista'),
  ('098242','Dagenham & Redbridge FC',4,'Dean','Rance','24-sep-1991','Centrocampista'),
  ('411259','Dagenham & Redbridge FC',8,'Mo','Sagaf','12-nov-1997','Centrocampista'),
  ('238601','Dagenham & Redbridge FC',12,'Matt','Robinson','1-jun-1994','Centrocampista'),
  ('479896','Dagenham & Redbridge FC',16,'Harry','Phipps','23-oct-1998','Centrocampista'),
  ('134283','Dagenham & Redbridge FC',20,'Mauro','Vilhete','10-may-1993','Centrocampista'),
  ('043696','Dagenham & Redbridge FC',10,'Ángelo','Balanta','1-jul-1990','Centrocampista'),
  ('055525','Dagenham & Redbridge FC',11,'Myles','Weston','12-mar-1988','Attaccante'),
  ('825474','Dagenham & Redbridge FC',14,'George','Saunders','27-may-1998','Attaccante'),
  ('233141','Dagenham & Redbridge FC',24,'Junior','Morias','4-jul-1995','Attaccante'),
  ('390068','Dagenham & Redbridge FC',7,'Josh','Walker','28-dec-1997','Attaccante'),
  ('214776','Dagenham & Redbridge FC',9,'Paul','McCallum','28-jul-1993','Attaccante'),
  ('486764','Dagenham & Redbridge FC',21,'Ibby','Akanbi','12-jul-1997','Attaccante'),
  ('159827','FC Halifax Town',1,'Sam','Johnson','1-dec-1992','Portiere'),
  ('490094','FC Halifax Town',12,'Tom','Scott','28-oct-2000','Portiere'),
  ('820704','FC Halifax Town',2,'Jay','Benn','22-aug-2001','Difensore'),
  ('671490','FC Halifax Town',5,'Jesse','Debrah','1-may-2001','Difensore'),
  ('601512','FC Halifax Town',6,'Tom','Bradbury','27-feb-1998','Difensore'),
  ('213967','FC Halifax Town',31,'Niall','Maher','31-jul-1995','Difensore'),
  ('457769','FC Halifax Town',3,'Jack','Senior','13-jan-1997','Difensore'),
  ('640853','FC Halifax Town',18,'Javid','Swaby-Neavin','11-jun-2001','Difensore'),
  ('396163','FC Halifax Town',21,'Tyrell','Warren','5-oct-1998','Difensore'),
  ('508265','FC Halifax Town',17,'Kian','Spence','9-jan-2001','Centrocampista'),
  ('803417','FC Halifax Town',null,'Jamie','Cooke','28-jan-2002','Centrocampista'),
  ('036993','FC Halifax Town',4,'Luke','Summerfield','6-dec-1987','Centrocampista'),
  ('473079','FC Halifax Town',20,'Harvey','Gilmour','15-dec-1998','Centrocampista'),
  ('025389','FC Halifax Town',26,'Martin','Woods','1-jan-1986','Centrocampista'),
  ('343301','FC Halifax Town',8,'Kieran','Green','30-jun-1997','Centrocampista'),
  ('636949','FC Halifax Town',10,'Matt','Warburton','24-may-1992','Attaccante'),
  ('246183','FC Halifax Town',11,'Billy','Waters','15-oct-1994','Attaccante'),
  ('319101','FC Halifax Town',null,'Jamie','Thomas','10-jan-1997','Attaccante'),
  ('229976','FC Halifax Town',7,'Jamie','Allen','25-may-1995','Attaccante'),
  ('315773','FC Halifax Town',null,'Gerry','McDonagh','14-feb-1998','Attaccante'),
  ('628245','FC Halifax Town',null,'Matty','Stenson','16-mar-1994','Attaccante'),
  ('796677','FC Halifax Town',null,'Aaron','Martin','5-jul-1991','Attaccante'),
  ('164785','FC Halifax Town',25,'Jordan','Slew','7-sep-1992','Attaccante'),
  ('396284','FC Halifax Town',27,'Zak','Dearnley','28-sep-1998','Attaccante'),
  ('003999','King''s Lynn Town',1,'Paul','Jones','28-jun-1986','Portiere'),
  ('834558','King''s Lynn Town',null,'Tai','Fleming','18-may-2002','Difensore'),
  ('678927','King''s Lynn Town',2,'Luis','Fernandez','28-sep-2001','Difensore'),
  ('207601','King''s Lynn Town',4,'Kyle','Callan-McFadden','20-apr-1995','Difensore'),
  ('525535','King''s Lynn Town',5,'Pierce','Bird','16-apr-1999','Difensore'),
  ('574779','King''s Lynn Town',6,'Dan','Bowry','29-apr-1998','Difensore'),
  ('957060','King''s Lynn Town',21,'Baris','Altintop',null,'Difensore'),
  ('452809','King''s Lynn Town',3,'Tyler','Denton','6-sep-1995','Difensore'),
  ('970483','King''s Lynn Town',24,'Oliver','Scott','22-oct-2000','Difensore'),
  ('425798','King''s Lynn Town',8,'Jak','Hickman','11-sep-1998','Difensore'),
  ('482653','King''s Lynn Town',17,'Aaron','Jones','11-mar-1994','Difensore'),
  ('472044','King''s Lynn Town',22,'Ross','Barrows','9-nov-1997','Difensore'),
  ('718253','King''s Lynn Town',16,'Brett','McGavin','21-dec-1999','Centrocampista'),
  ('581870','King''s Lynn Town',23,'Arthur','Iontton','16-dec-2000','Centrocampista'),
  ('507620','King''s Lynn Town',null,'Theo','Widdrington','6-apr-1999','Centrocampista'),
  ('874465','King''s Lynn Town',null,'Joe','Gascoigne','11-nov-2001','Centrocampista'),
  ('198409','King''s Lynn Town',7,'Michael','Clunan','28-jan-1994','Centrocampista'),
  ('925781','King''s Lynn Town',18,'Munashe','Sundire','22-jan-1997','Centrocampista'),
  ('245045','King''s Lynn Town',11,'Cameron','King','5-oct-1995','Centrocampista'),
  ('325192','King''s Lynn Town',20,'Josh','Barrett','21-jun-1998','Centrocampista'),
  ('655138','King''s Lynn Town',27,'Connor','Kurran-Browne','26-jan-2002','Attaccante'),
  ('633475','King''s Lynn Town',null,'Zain','Walker','8-jan-2002','Attaccante'),
  ('673368','King''s Lynn Town',14,'Malachi','Linton','22-dec-2000','Attaccante'),
  ('878557','King''s Lynn Town',null,'Flo','Tsaguim',null,'Attaccante'),
  ('517405','King''s Lynn Town',9,'Gold','Omotayo','27-jan-1994','Attaccante'),
  ('962053','King''s Lynn Town',19,'Ken','Charles','5-aug-2000','Attaccante'),
  ('966184','King''s Lynn Town',32,'Mitchell','Rasberry',null,'Attaccante'),
  ('970484','King''s Lynn Town',35,'Tyler','Knowles',null,'Attaccante'),
  ('259916','Solihull Moors',1,'Ryan','Boot','9-nov-1994','Portiere'),
  ('683343','Solihull Moors',13,'Niall','Clayton','17-feb-1999','Portiere'),
  ('923291','Solihull Moors',28,'Tom','Allsopp','5-oct-2002','Portiere'),
  ('052497','Solihull Moors',null,'Mark','Ellis','30-sep-1988','Difensore'),
  ('426158','Solihull Moors',null,'Jordan','Piggott','17-feb-1999','Difensore'),
  ('238209','Solihull Moors',5,'Callum','Howe','9-apr-1994','Difensore'),
  ('407166','Solihull Moors',6,'Alex','Gudger','9-dec-1992','Difensore'),
  ('268300','Solihull Moors',23,'Matt','Preston','16-mar-1995','Difensore'),
  ('203188','Solihull Moors',3,'Jordan','Cranston','11-nov-1993','Difensore'),
  ('746778','Solihull Moors',14,'Harry','Boyes','2-nov-2001','Difensore'),
  ('740153','Solihull Moors',20,'Melis','Bushaj',null,'Difensore'),
  ('707953','Solihull Moors',12,'Reiss','McNally','3-aug-2000','Difensore'),
  ('681324','Solihull Moors',16,'Ben','Usher-Shipway','21-aug-1998','Difensore'),
  ('425795','Solihull Moors',8,'Callum','Maycock','23-dec-1997','Centrocampista'),
  ('284958','Solihull Moors',25,'Lois','Maynard','22-jan-1989','Centrocampista'),
  ('013504','Solihull Moors',4,'Kyle','Storer','30-apr-1987','Centrocampista'),
  ('462841','Solihull Moors',7,'Joe','Sbarra','21-dec-1998','Centrocampista'),
  ('298495','Solihull Moors',10,'Jamey','Osborne','7-jun-1992','Centrocampista'),
  ('479203','Solihull Moors',11,'Ryan','Barnett','23-sep-1999','Centrocampista'),
  ('365633','Solihull Moors',17,'Justin','Donawa','27-jun-1996','Attaccante'),
  ('037773','Solihull Moors',9,'Adam','Rooney','21-apr-1988','Attaccante'),
  ('406736','Solihull Moors',19,'Andy','Dallas','22-jul-1999','Attaccante'),
  ('207881','Solihull Moors',24,'Danny','Newton','18-mar-1991','Attaccante'),
  ('829766','Solihull Moors',27,'Kyle','Hudlin','15-jun-2000','Attaccante'),
  ('599976','Wrexham AFC',31,'Dawid','Szczepaniak','13-apr-2000','Portiere'),
  ('065691','Wrexham AFC',1,'Rob','Lainton','12-oct-1989','Portiere'),
  ('238525','Wrexham AFC',21,'Christian','Dibble','11-may-1994','Portiere'),
  ('705160','Wrexham AFC',32,'Max','Cleworth','9-aug-2002','Difensore'),
  ('077368','Wrexham AFC',4,'Shaun','Brisley','6-may-1990','Difensore'),
  ('357297','Wrexham AFC',5,'Aaron','Hayden','16-jan-1997','Difensore'),
  ('065927','Wrexham AFC',6,'Ben','Tozer','1-mar-1990','Difensore'),
  ('297476','Wrexham AFC',26,'Harry','Lennon','16-dec-1994','Difensore'),
  ('134422','Wrexham AFC',null,'Callum','McFadzean','16-jan-1994','Difensore'),
  ('199526','Wrexham AFC',2,'Reece','Hall-Johnson','9-may-1995','Difensore'),
  ('676307','Wrexham AFC',15,'Tyler','French','12-feb-1999','Difensore'),
  ('529746','Wrexham AFC',17,'Bryce','Hosannah','8-apr-1999','Difensore'),
  ('357661','Wrexham AFC',null,'Thomas','O''Connor','21-apr-1999','Centrocampista'),
  ('427927','Wrexham AFC',7,'Jordan','Davies','18-aug-1998','Centrocampista'),
  ('175828','Wrexham AFC',8,'Luke','Young','22-feb-1993','Centrocampista'),
  ('357296','Wrexham AFC',12,'Daniel','Jarvis','3-apr-1998','Centrocampista'),
  ('024634','Wrexham AFC',18,'David','Jones','4-nov-1984','Centrocampista'),
  ('315968','Wrexham AFC',30,'James','Jones','13-feb-1996','Centrocampista'),
  ('987040','Wrexham AFC',37,'Kai','Evans','27-jan-2004','Attaccante'),
  ('119666','Wrexham AFC',9,'Jake','Hyde','1-jul-1990','Attaccante'),
  ('278501','Wrexham AFC',10,'Paul','Mullin','6-nov-1994','Attaccante'),
  ('166319','Wrexham AFC',11,'Liam','McAlinden','26-sep-1993','Attaccante'),
  ('523712','Wrexham AFC',19,'Jordan','Ponticelli','10-sep-1998','Attaccante'),
  ('284922','Wrexham AFC',20,'Dior','Angus','18-jan-1994','Attaccante'),
  ('282256','Wrexham AFC',35,'Ollie','Palmer','21-jan-1992','Attaccante'),
  ('183300','Wrexham AFC',39,'Kwame','Thomas','28-sep-1995','Attaccante'),
  ('248597','Altrincham FC',1,'Tony','Thompson','4-nov-1994','Portiere'),
  ('203501','Altrincham FC',21,'Matt','Gould','7-jan-1994','Portiere'),
  ('039036','Altrincham FC',30,'Steven','Drench','11-sep-1985','Portiere'),
  ('447286','Altrincham FC',null,'Kyle','Ferguson','24-sep-1999','Difensore'),
  ('644223','Altrincham FC',null,'Harry','Perritt','16-feb-2001','Difensore'),
  ('105226','Altrincham FC',5,'Tom','Hannigan','30-jun-1988','Difensore'),
  ('363609','Altrincham FC',18,'Kennedy','Digie','13-dec-1996','Difensore'),
  ('371101','Altrincham FC',25,'Toby','Mullarkey','4-nov-1995','Difensore'),
  ('696918','Altrincham FC',34,'Kwame','Osigwe','11-jan-2002','Difensore'),
  ('475200','Altrincham FC',3,'Connor','Hampson','23-aug-1992','Difensore'),
  ('170790','Altrincham FC',20,'Andy','White','8-oct-1992','Difensore'),
  ('558429','Altrincham FC',null,'Jamie','Morgan','8-nov-1997','Difensore'),
  ('057050','Altrincham FC',2,'Shaun','Densmore','11-nov-1988','Difensore'),
  ('385920','Altrincham FC',16,'Brad','Jackson','20-oct-1996','Difensore'),
  ('918661','Altrincham FC',null,'Isaac','Marriott','11-oct-1999','Centrocampista'),
  ('062692','Altrincham FC',6,'Jake','Moult','10-feb-1989','Centrocampista'),
  ('330587','Altrincham FC',10,'Josh','Hancock','5-sep-1990','Centrocampista'),
  ('543141','Altrincham FC',7,'Dan','Mooney','3-jul-1999','Centrocampista'),
  ('029589','Altrincham FC',17,'Ben','Pringle','25-jul-1989','Centrocampista'),
  ('466673','Altrincham FC',null,'Elliot','Osborne','12-may-1996','Centrocampista'),
  ('242802','Altrincham FC',11,'Ryan','Colclough','27-dec-1994','Attaccante'),
  ('147468','Altrincham FC',15,'Matty','Kosylo','17-aug-1992','Attaccante'),
  ('820634','Altrincham FC',12,'Curtis','Miller','29-nov-2000','Attaccante'),
  ('115608','Altrincham FC',27,'AJ','Leitch-Smith','6-mar-1990','Attaccante'),
  ('406621','Altrincham FC',29,'Jordan','Hulme','23-nov-1990','Attaccante'),
  ('561453','Boreham Wood FC',null,'Joshua','Roach','4-mar-2003','Portiere'),
  ('092992','Boreham Wood FC',1,'Nathan','Ashmore','22-feb-1990','Portiere'),
  ('883576','Boreham Wood FC',13,'Donnabhan','Green','16-dec-2001','Portiere'),
  ('314354','Boreham Wood FC',21,'Taye','Ashby-Hammond','21-mar-1999','Portiere'),
  ('156672','Boreham Wood FC',5,'Will','Evans','9-oct-1991','Difensore'),
  ('119033','Boreham Wood FC',6,'David','Stephens','18-oct-1991','Difensore'),
  ('169720','Boreham Wood FC',12,'Jamal','Fyfield','17-mar-1989','Difensore'),
  ('673419','Boreham Wood FC',24,'Connor','Stevens','9-jan-1998','Difensore'),
  ('883577','Boreham Wood FC',null,'Momodou','Jallow','25-apr-2003','Difensore'),
  ('129063','Boreham Wood FC',2,'Jamie','Reckord','9-mar-1992','Difensore'),
  ('156590','Boreham Wood FC',3,'Femi','Ilesanmi','18-apr-1991','Difensore'),
  ('822163','Boreham Wood FC',17,'Jacob','Mendy','27-dec-1996','Difensore'),
  ('525850','Boreham Wood FC',19,'Kane','Smith','7-feb-1996','Difensore'),
  ('096471','Boreham Wood FC',16,'James','Comley','24-jan-1991','Centrocampista'),
  ('028941','Boreham Wood FC',4,'Mark','Ricketts','7-oct-1984','Centrocampista'),
  ('122713','Boreham Wood FC',7,'Josh','Rees','4-oct-1993','Centrocampista'),
  ('353668','Boreham Wood FC',8,'Gus','Mafuta','11-jun-1995','Centrocampista'),
  ('192365','Boreham Wood FC',11,'Frankie','Raymond','18-nov-1992','Centrocampista'),
  ('367327','Boreham Wood FC',14,'Adrian','Clifton','12-dec-1988','Centrocampista'),
  ('177771','Boreham Wood FC',18,'Connor','Smith','18-feb-1993','Centrocampista'),
  ('243588','Boreham Wood FC',null,'Jack','Munns','18-nov-1993','Centrocampista'),
  ('186029','Boreham Wood FC',10,'Tyrone','Marsh','24-dec-1993','Attaccante'),
  ('451304','Boreham Wood FC',15,'Dennon','Lewis','9-may-1997','Attaccante'),
  ('088750','Boreham Wood FC',null,'Nile','Ranger','11-apr-1991','Attaccante'),
  ('074777','Boreham Wood FC',9,'Scott','Boden','23-nov-1989','Attaccante'),
  ('641124','Boreham Wood FC',29,'Danilo','Orsi','19-apr-1996','Attaccante'),
  ('099972','Torquay United',1,'Mark','Halstead','17-sep-1990','Portiere'),
  ('416361','Torquay United',23,'Marcin','Brzozowski','29-oct-1998','Portiere'),
  ('386507','Torquay United',37,'Shaun','MacDonald','20-oct-1996','Portiere'),
  ('620041','Torquay United',5,'Ali','Omar','14-sep-1999','Difensore'),
  ('404387','Torquay United',31,'Joe','Lewis','20-sep-1999','Difensore'),
  ('483347','Torquay United',3,'Daniel','Martin','10-sep-1999','Difensore'),
  ('077559','Torquay United',21,'Dean','Moxey','14-jan-1986','Difensore'),
  ('483346','Torquay United',null,'Joe','Felix','29-sep-1999','Difensore'),
  ('464738','Torquay United',2,'Ben','Wynter','11-dec-1997','Difensore'),
  ('340311','Torquay United',14,'Chiori','Johnson','5-oct-1997','Difensore'),
  ('854715','Torquay United',22,'Alex','Moyse','22-sep-2002','Centrocampista'),
  ('342556','Torquay United',4,'Tom','Lapslie','5-oct-1995','Centrocampista'),
  ('066609','Torquay United',8,'Asa','Hall','29-nov-1986','Centrocampista'),
  ('503731','Torquay United',null,'Stephen','Duke-McKenna','17-aug-2000','Centrocampista'),
  ('463695','Torquay United',16,'Keelan','O''Connell','30-nov-1999','Centrocampista'),
  ('532175','Torquay United',null,'Stephen','Wearne','16-dec-2000','Centrocampista'),
  ('319296','Torquay United',7,'Connor','Lemonheigh-Evans','24-jan-1997','Centrocampista'),
  ('337279','Torquay United',10,'Armani','Little','5-apr-1997','Centrocampista'),
  ('923288','Torquay United',20,'Scott','Piper','2-apr-2003','Centrocampista'),
  ('603547','Torquay United',null,'Gabriel','Rogers','14-feb-2001','Attaccante'),
  ('097889','Torquay United',9,'Danny','Wright','10-sep-1984','Attaccante'),
  ('565911','Torquay United',19,'Klaidi','Lolos','6-oct-2000','Attaccante'),
  ('241680','Torquay United',30,'Dan','Holman','5-jun-1990','Attaccante'),
  ('058647','Chesterfield FC',1,'Scott','Loach','27-may-1988','Portiere'),
  ('812997','Chesterfield FC',13,'Melvin','Minter','7-mar-1995','Portiere'),
  ('038083','Chesterfield FC',5,'Gavin','Gunning','26-jan-1991','Difensore'),
  ('338291','Chesterfield FC',6,'Laurence','Maguire','8-feb-1997','Difensore'),
  ('244309','Chesterfield FC',21,'Luke','Croll','10-jan-1995','Difensore'),
  ('123550','Chesterfield FC',22,'Jamie','Grimes','22-dec-1990','Difensore'),
  ('142353','Chesterfield FC',26,'Haydn','Hollis','14-oct-1992','Difensore'),
  ('120967','Chesterfield FC',32,'Fraser','Kerr','17-jan-1993','Difensore'),
  ('244261','Chesterfield FC',3,'Calvin','Miller','9-jan-1998','Difensore'),
  ('175755','Chesterfield FC',29,'Alex','Whittle','15-mar-1993','Difensore'),
  ('303477','Chesterfield FC',null,'Tyrone','Williams','21-oct-1994','Difensore'),
  ('202945','Chesterfield FC',null,'Jim','Kellermann','11-dec-1994','Centrocampista'),
  ('691063','Chesterfield FC',null,'Tom','Whelan','5-apr-1996','Centrocampista'),
  ('186598','Chesterfield FC',4,'Emmanuel','Oyeleke','24-dec-1992','Centrocampista'),
  ('013589','Chesterfield FC',8,'Curtis','Weston','24-jan-1987','Centrocampista'),
  ('357663','Chesterfield FC',11,'Jack','Clarke','30-jan-1999','Centrocampista'),
  ('272017','Chesterfield FC',17,'Jak','McCourt','6-jul-1995','Centrocampista'),
  ('724881','Chesterfield FC',28,'Saidou','Khan','5-dec-1995','Centrocampista'),
  ('475555','Chesterfield FC',2,'George','Carline','23-mar-1993','Centrocampista'),
  ('330593','Chesterfield FC',20,'Jeff','King','19-dec-1995','Centrocampista'),
  ('495034','Chesterfield FC',null,'Joe','Rowley','3-jun-1999','Centrocampista'),
  ('369563','Chesterfield FC',10,'Liam','Mandeville','17-feb-1997','Centrocampista'),
  ('191202','Chesterfield FC',7,'Danny','Rowe','29-jan-1989','Attaccante'),
  ('129552','Chesterfield FC',9,'Akwasi','Asante','6-sep-1992','Attaccante'),
  ('013431','Chesterfield FC',18,'Nathan','Tyson','4-may-1982','Attaccante'),
  ('346237','Chesterfield FC',19,'Kabongo','Tshimanga','22-sep-1997','Attaccante'),
  ('095190','Chesterfield FC',24,'Tom','Denton','24-jul-1989','Attaccante'),
  ('211076','Weymouth FC',1,'Ross','Fitzsimons','28-may-1994','Portiere'),
  ('897628','Weymouth FC',25,'Harrison','Bruton','12-aug-2002','Portiere'),
  ('548966','Weymouth FC',31,'Tommy','Scott','13-sep-1999','Portiere'),
  ('633476','Weymouth FC',5,'Ben','Morgan','10-sep-1998','Difensore'),
  ('620168','Weymouth FC',6,'Tyler','Cordner','4-dec-1998','Difensore'),
  ('820638','Weymouth FC',15,'Josh','Leslie-Smith','15-oct-1999','Difensore'),
  ('463694','Weymouth FC',26,'Ollie','Harfield','9-jan-1998','Difensore'),
  ('625082','Weymouth FC',12,'Haji','Mnoga','16-apr-2002','Difensore'),
  ('550668','Weymouth FC',8,'Omar','Mussa','20-aug-2000','Centrocampista'),
  ('226974','Weymouth FC',16,'Andy','Robinson','16-oct-1992','Centrocampista'),
  ('741984','Weymouth FC',4,'Xander','McBurnie','6-nov-1997','Centrocampista'),
  ('293536','Weymouth FC',23,'Cameron','Murray','21-mar-1995','Centrocampista'),
  ('257126','Weymouth FC',32,'Sean','Shields','20-jan-1992','Centrocampista'),
  ('830336','Weymouth FC',20,'Tom','Blair','24-apr-1999','Attaccante'),
  ('518548','Weymouth FC',27,'Ahkeem','Rose','27-nov-1998','Attaccante'),
  ('503732','Weymouth FC',null,'Manasse','Mampala','18-jul-2000','Attaccante'),
  ('423584','Weymouth FC',7,'Brandon','Goodship','22-sep-1994','Attaccante'),
  ('820641','Weymouth FC',9,'Ben','Thomson','5-feb-1990','Attaccante'),
  ('066996','Weymouth FC',10,'Josh','McQuoid','15-dec-1989','Attaccante'),
  ('347336','Weymouth FC',11,'Bradley','Ash','5-apr-1996','Attaccante'),
  ('474234','Weymouth FC',14,'Tom','Bearwish','16-oct-1999','Attaccante'),
  ('346474','Weymouth FC',19,'Martell','Taylor-Crossdale','26-dec-1999','Attaccante');

insert into Partite values
  ('CNAT0000',1,'Stockport County','Dagenham & Redbridge FC',1,3),
  ('CNAT0001',3,'Stockport County','Grimsby Town',0,0),
  ('CNAT0002',5,'Stockport County','Yeovil Town',0,3),
  ('CNAT0003',8,'Stockport County','Wrexham AFC',2,1),
  ('CNAT0004',11,'Stockport County','Aldershot Town',1,0),
  ('CNAT0005',13,'Stockport County','Barnet FC',1,2),
  ('CNAT0006',15,'Stockport County','Bromley FC',1,1),
  ('CNAT0007',17,'Stockport County','King''s Lynn Town',5,0),
  ('CNAT0008',19,'Stockport County','Eastleigh FC',3,0),
  ('CNAT0009',2,'Chesterfield FC','Wealdstone FC',2,0),
  ('CNAT0010',4,'Chesterfield FC','Bromley FC',2,2),
  ('CNAT0011',6,'Chesterfield FC','Barnet FC',4,2),
  ('CNAT0012',8,'Chesterfield FC','Torquay United',2,2),
  ('CNAT0013',9,'Chesterfield FC','Yeovil Town',1,0),
  ('CNAT0014',12,'Chesterfield FC','Boreham Wood FC',2,1),
  ('CNAT0015',13,'Chesterfield FC','Eastleigh FC',1,0),
  ('CNAT0016',15,'Chesterfield FC','Weymouth FC',4,0),
  ('CNAT0017',17,'Chesterfield FC','Altrincham FC',2,2),
  ('CNAT0018',19,'Chesterfield FC','Notts County',3,1),
  ('CNAT0019',1,'Wrexham AFC','Yeovil Town',0,2),
  ('CNAT0020',3,'Wrexham AFC','Notts County',1,1),
  ('CNAT0021',5,'Wrexham AFC','Woking FC',1,0),
  ('CNAT0022',7,'Wrexham AFC','Dagenham & Redbridge FC',1,0),
  ('CNAT0023',10,'Wrexham AFC','Chesterfield FC',1,1),
  ('CNAT0024',14,'Wrexham AFC','Torquay United',1,1),
  ('CNAT0025',16,'Wrexham AFC','Wealdstone FC',0,0),
  ('CNAT0026',18,'Wrexham AFC','Bromley FC',2,0),
  ('CNAT0027',20,'Wrexham AFC','Weymouth FC',1,0),
  ('CNAT0028',1,'FC Halifax Town','Maidenhead United',1,2),
  ('CNAT0029',3,'FC Halifax Town','Altrincham FC',2,0),
  ('CNAT0030',5,'FC Halifax Town','Southend United',3,1),
  ('CNAT0031',7,'FC Halifax Town','Stockport County',3,0),
  ('CNAT0032',10,'FC Halifax Town','Notts County',3,2),
  ('CNAT0033',11,'FC Halifax Town','Weymouth FC',2,0),
  ('CNAT0034',13,'FC Halifax Town','Dagenham & Redbridge FC',1,0),
  ('CNAT0035',17,'FC Halifax Town','Wrexham AFC',1,2),
  ('CNAT0036',19,'FC Halifax Town','King''s Lynn Town',2,0),
  ('CNAT0037',2,'Boreham Wood FC','Aldershot Town',1,0),
  ('CNAT0038',4,'Boreham Wood FC','Stockport County',0,0),
  ('CNAT0039',6,'Boreham Wood FC','FC Halifax Town',2,2),
  ('CNAT0040',8,'Boreham Wood FC','Yeovil Town',2,1),
  ('CNAT0041',10,'Boreham Wood FC','Torquay United',2,0),
  ('CNAT0042',11,'Boreham Wood FC','Dagenham & Redbridge FC',2,0),
  ('CNAT0043',14,'Boreham Wood FC','Southend United',1,0),
  ('CNAT0044',16,'Boreham Wood FC','Maidenhead United',4,0),
  ('CNAT0045',17,'Boreham Wood FC','Notts County',1,1),
  ('CNAT0046',2,'Solihull Moors','Barnet FC',1,1),
  ('CNAT0047',4,'Solihull Moors','Weymouth FC',3,4),
  ('CNAT0048',6,'Solihull Moors','Torquay United',2,1),
  ('CNAT0049',7,'Solihull Moors','Boreham Wood FC',3,1),
  ('CNAT0050',9,'Solihull Moors','Southend United',2,0),
  ('CNAT0051',12,'Solihull Moors','FC Halifax Town',1,0),
  ('CNAT0052',14,'Solihull Moors','Yeovil Town',0,0),
  ('CNAT0053',16,'Solihull Moors','Chesterfield FC',0,2),
  ('CNAT0054',17,'Solihull Moors','Grimsby Town',2,0),
  ('CNAT0055',19,'Solihull Moors','Woking FC',2,0),
  ('CNAT0056',2,'Notts County','Torquay United',1,1),
  ('CNAT0057',4,'Notts County','Aldershot Town',3,2),
  ('CNAT0058',6,'Notts County','Wealdstone FC',3,2),
  ('CNAT0059',7,'Notts County','Maidenhead United',1,0),
  ('CNAT0060',9,'Notts County','Woking FC',1,4),
  ('CNAT0061',12,'Notts County','Stockport County',2,1),
  ('CNAT0062',13,'Notts County','Bromley FC',1,1),
  ('CNAT0063',15,'Notts County','Solihull Moors',2,0),
  ('CNAT0064',18,'Notts County','Dagenham & Redbridge FC',2,1),
  ('CNAT0065',2,'Grimsby Town','Weymouth FC',1,0),
  ('CNAT0066',4,'Grimsby Town','Barnet FC',4,3),
  ('CNAT0067',6,'Grimsby Town','Wrexham AFC',3,1),
  ('CNAT0068',7,'Grimsby Town','Eastleigh FC',2,0),
  ('CNAT0069',9,'Grimsby Town','Dover Athletic',6,0),
  ('CNAT0070',12,'Grimsby Town','Yeovil Town',2,0),
  ('CNAT0071',14,'Grimsby Town','Notts County',0,1),
  ('CNAT0072',16,'Grimsby Town','Southend United',1,0),
  ('CNAT0073',18,'Grimsby Town','Boreham Wood FC',0,0),
  ('CNAT0074',1,'Bromley FC','Grimsby Town',3,1),
  ('CNAT0075',3,'Bromley FC','Eastleigh FC',3,0),
  ('CNAT0076',5,'Bromley FC','Boreham Wood FC',2,3),
  ('CNAT0077',7,'Bromley FC','Barnet FC',2,0),
  ('CNAT0078',10,'Bromley FC','Weymouth FC',3,0),
  ('CNAT0079',11,'Bromley FC','Torquay United',2,0),
  ('CNAT0080',14,'Bromley FC','FC Halifax Town',0,0),
  ('CNAT0081',16,'Bromley FC','King''s Lynn Town',3,2),
  ('CNAT0082',17,'Bromley FC','Yeovil Town',1,2),
  ('CNAT0083',19,'Bromley FC','Wealdstone FC',3,2),
  ('CNAT0084',2,'Dagenham & Redbridge FC','Bromley FC',4,2),
  ('CNAT0085',4,'Dagenham & Redbridge FC','Wealdstone FC',2,2),
  ('CNAT0086',6,'Dagenham & Redbridge FC','Weymouth FC',4,2),
  ('CNAT0087',8,'Dagenham & Redbridge FC','Solihull Moors',5,1),
  ('CNAT0088',9,'Dagenham & Redbridge FC','Altrincham FC',2,3),
  ('CNAT0089',12,'Dagenham & Redbridge FC','Southend United',3,0),
  ('CNAT0090',14,'Dagenham & Redbridge FC','Chesterfield FC',2,2),
  ('CNAT0091',16,'Dagenham & Redbridge FC','Yeovil Town',0,1),
  ('CNAT0092',17,'Dagenham & Redbridge FC','Eastleigh FC',0,1),
  ('CNAT0093',19,'Dagenham & Redbridge FC','Grimsby Town',3,2),
  ('CNAT0094',1,'Torquay United','Altrincham FC',1,3),
  ('CNAT0095',3,'Torquay United','Woking FC',0,4),
  ('CNAT0096',5,'Torquay United','Grimsby Town',1,3),
  ('CNAT0097',7,'Torquay United','Southend United',1,0),
  ('CNAT0098',9,'Torquay United','Wealdstone FC',5,0),
  ('CNAT0099',12,'Torquay United','King''s Lynn Town',2,0),
  ('CNAT0100',15,'Torquay United','Dover Athletic',2,1),
  ('CNAT0101',18,'Torquay United','FC Halifax Town',2,3),
  ('CNAT0102',20,'Torquay United','Stockport County',2,1),
  ('CNAT0103',2,'Southend United','Stockport County',0,1),
  ('CNAT0104',4,'Southend United','Wrexham AFC',2,2),
  ('CNAT0105',6,'Southend United','Aldershot Town',2,3),
  ('CNAT0106',10,'Southend United','Eastleigh FC',1,0),
  ('CNAT0107',11,'Southend United','Chesterfield FC',0,4),
  ('CNAT0108',13,'Southend United','Dover Athletic',4,1),
  ('CNAT0109',15,'Southend United','Woking FC',0,2),
  ('CNAT0110',17,'Southend United','Maidenhead United',1,1),
  ('CNAT0111',19,'Southend United','Yeovil Town',2,1),
  ('CNAT0112',2,'Yeovil Town','King''s Lynn Town',1,2),
  ('CNAT0113',4,'Yeovil Town','FC Halifax Town',1,0),
  ('CNAT0114',7,'Yeovil Town','Altrincham FC',1,1),
  ('CNAT0115',10,'Yeovil Town','Maidenhead United',0,0),
  ('CNAT0116',11,'Yeovil Town','Notts County',0,2),
  ('CNAT0117',13,'Yeovil Town','Woking FC',2,0),
  ('CNAT0118',15,'Yeovil Town','Eastleigh FC',2,1),
  ('CNAT0119',18,'Yeovil Town','Dover Athletic',1,1),
  ('CNAT0120',20,'Yeovil Town','Barnet FC',1,0),
  ('CNAT0121',4,'Altrincham FC','Dover Athletic',3,2),
  ('CNAT0122',6,'Altrincham FC','King''s Lynn Town',4,1),
  ('CNAT0123',8,'Altrincham FC','Notts County',1,0),
  ('CNAT0124',10,'Altrincham FC','Grimsby Town',2,3),
  ('CNAT0125',11,'Altrincham FC','Maidenhead United',2,0),
  ('CNAT0126',13,'Altrincham FC','Solihull Moors',1,2),
  ('CNAT0127',15,'Altrincham FC','Boreham Wood FC',1,1),
  ('CNAT0128',18,'Altrincham FC','Southend United',1,2),
  ('CNAT0129',20,'Altrincham FC','Bromley FC',0,1),
  ('CNAT0130',2,'Eastleigh FC','Wrexham AFC',0,2),
  ('CNAT0131',4,'Eastleigh FC','King''s Lynn Town',3,3),
  ('CNAT0132',6,'Eastleigh FC','Dover Athletic',4,1),
  ('CNAT0133',8,'Eastleigh FC','Woking FC',3,2),
  ('CNAT0134',9,'Eastleigh FC','Boreham Wood FC',1,1),
  ('CNAT0135',12,'Eastleigh FC','Altrincham FC',2,1),
  ('CNAT0136',14,'Eastleigh FC','Maidenhead United',1,0),
  ('CNAT0137',16,'Eastleigh FC','Notts County',2,0),
  ('CNAT0138',18,'Eastleigh FC','Solihull Moors',0,0),
  ('CNAT0139',20,'Eastleigh FC','Aldershot Town',0,3),
  ('CNAT0140',1,'Wealdstone FC','Woking FC',1,2),
  ('CNAT0141',3,'Wealdstone FC','Southend United',0,0),
  ('CNAT0142',5,'Wealdstone FC','Altrincham FC',1,0),
  ('CNAT0143',7,'Wealdstone FC','Aldershot Town',2,2),
  ('CNAT0144',10,'Wealdstone FC','Solihull Moors',0,0),
  ('CNAT0145',11,'Wealdstone FC','Eastleigh FC',1,2),
  ('CNAT0146',13,'Wealdstone FC','Grimsby Town',1,0),
  ('CNAT0147',15,'Wealdstone FC','Barnet FC',1,0),
  ('CNAT0148',18,'Wealdstone FC','Stockport County',1,4),
  ('CNAT0149',20,'Wealdstone FC','FC Halifax Town',0,1),
  ('CNAT0150',1,'Barnet FC','Notts County',0,5),
  ('CNAT0151',3,'Barnet FC','Dagenham & Redbridge FC',0,2),
  ('CNAT0152',5,'Barnet FC','Eastleigh FC',1,1),
  ('CNAT0153',8,'Barnet FC','Weymouth FC',3,1),
  ('CNAT0154',9,'Barnet FC','FC Halifax Town',0,0),
  ('CNAT0155',12,'Barnet FC','Wrexham AFC',0,3),
  ('CNAT0156',14,'Barnet FC','Aldershot Town',2,1),
  ('CNAT0157',16,'Barnet FC','Torquay United',2,1),
  ('CNAT0158',19,'Barnet FC','Maidenhead United',3,0),
  ('CNAT0159',2,'Maidenhead United','Dover Athletic',2,0),
  ('CNAT0160',4,'Maidenhead United','Torquay United',3,4),
  ('CNAT0161',6,'Maidenhead United','Stockport County',0,2),
  ('CNAT0162',8,'Maidenhead United','Grimsby Town',1,1),
  ('CNAT0163',9,'Maidenhead United','King''s Lynn Town',2,3),
  ('CNAT0164',12,'Maidenhead United','Woking FC',3,2),
  ('CNAT0165',13,'Maidenhead United','Wrexham AFC',3,2),
  ('CNAT0166',15,'Maidenhead United','Dagenham & Redbridge FC',1,4),
  ('CNAT0167',18,'Maidenhead United','Chesterfield FC',3,2),
  ('CNAT0168',20,'Maidenhead United','Solihull Moors',0,4),
  ('CNAT0169',2,'Woking FC','FC Halifax Town',2,3),
  ('CNAT0170',6,'Woking FC','Bromley FC',0,2),
  ('CNAT0171',7,'Woking FC','Chesterfield FC',3,1),
  ('CNAT0172',10,'Woking FC','Dagenham & Redbridge FC',1,0),
  ('CNAT0173',11,'Woking FC','Grimsby Town',0,1),
  ('CNAT0174',14,'Woking FC','Altrincham FC',3,2),
  ('CNAT0175',16,'Woking FC','Stockport County',1,2),
  ('CNAT0176',18,'Woking FC','Barnet FC',1,2),
  ('CNAT0177',20,'Woking FC','Boreham Wood FC',0,2),
  ('CNAT0178',1,'Aldershot Town','Chesterfield FC',0,2),
  ('CNAT0179',3,'Aldershot Town','Yeovil Town',1,2),
  ('CNAT0180',5,'Aldershot Town','Solihull Moors',1,2),
  ('CNAT0181',8,'Aldershot Town','FC Halifax Town',0,1),
  ('CNAT0182',9,'Aldershot Town','Wrexham AFC',0,5),
  ('CNAT0183',12,'Aldershot Town','Bromley FC',2,3),
  ('CNAT0184',13,'Aldershot Town','Weymouth FC',0,2),
  ('CNAT0185',15,'Aldershot Town','Grimsby Town',2,1),
  ('CNAT0186',17,'Aldershot Town','Torquay United',1,0),
  ('CNAT0187',19,'Aldershot Town','Altrincham FC',2,2),
  ('CNAT0188',1,'Weymouth FC','Boreham Wood FC',0,2),
  ('CNAT0189',3,'Weymouth FC','Maidenhead United',3,1),
  ('CNAT0190',5,'Weymouth FC','Notts County',1,1),
  ('CNAT0191',7,'Weymouth FC','Dover Athletic',1,1),
  ('CNAT0192',9,'Weymouth FC','Stockport County',1,2),
  ('CNAT0193',12,'Weymouth FC','Wealdstone FC',1,1),
  ('CNAT0194',14,'Weymouth FC','King''s Lynn Town',1,0),
  ('CNAT0195',16,'Weymouth FC','Altrincham FC',1,4),
  ('CNAT0196',17,'Weymouth FC','Woking FC',2,3),
  ('CNAT0197',19,'Weymouth FC','Torquay United',1,2),
  ('CNAT0198',1,'King''s Lynn Town','Southend United',0,1),
  ('CNAT0199',3,'King''s Lynn Town','Chesterfield FC',0,2),
  ('CNAT0200',5,'King''s Lynn Town','Dagenham & Redbridge FC',1,2),
  ('CNAT0201',8,'King''s Lynn Town','Wealdstone FC',0,1),
  ('CNAT0202',10,'King''s Lynn Town','Barnet FC',1,1),
  ('CNAT0203',11,'King''s Lynn Town','Solihull Moors',0,1),
  ('CNAT0204',13,'King''s Lynn Town','Boreham Wood FC',0,1),
  ('CNAT0205',15,'King''s Lynn Town','Wrexham AFC',2,6),
  ('CNAT0206',18,'King''s Lynn Town','Aldershot Town',0,1),
  ('CNAT0207',20,'King''s Lynn Town','Dover Athletic',2,1),
  ('CNAT0208',1,'Dover Athletic','Solihull Moors',0,0),
  ('CNAT0209',3,'Dover Athletic','Boreham Wood FC',0,1),
  ('CNAT0210',5,'Dover Athletic','Chesterfield FC',0,0),
  ('CNAT0211',8,'Dover Athletic','Bromley FC',0,1),
  ('CNAT0212',10,'Dover Athletic','Aldershot Town',1,2),
  ('CNAT0213',11,'Dover Athletic','Barnet FC',1,2),
  ('CNAT0214',14,'Dover Athletic','Stockport County',2,5),
  ('CNAT0215',16,'Dover Athletic','FC Halifax Town',1,3),
  ('CNAT0216',17,'Dover Athletic','Wealdstone FC',2,3),
  ('CNAT0217',19,'Dover Athletic','Wrexham AFC',0,1);

insert into Gol values
  ('CNAT0000',40,'601437',false),
  ('CNAT0000',56,'390068',false),
  ('CNAT0000',58,'238601',false),
  ('CNAT0002',26,'314387',false),
  ('CNAT0002',53,'386148',false),
  ('CNAT0002',86,'173484',false),
  ('CNAT0003',1,'278501',false),
  ('CNAT0003',48,'092488',false),
  ('CNAT0003',80,'618885',false),
  ('CNAT0004',46,'092488',false),
  ('CNAT0005',21,'061594',false),
  ('CNAT0005',40,'426285',false),
  ('CNAT0005',51,'265231',false),
  ('CNAT0006',49,'231602',false),
  ('CNAT0006',89,'208429',true),
  ('CNAT0007',34,'199740',false),
  ('CNAT0007',45,'618885',false),
  ('CNAT0007',48,'426285',false),
  ('CNAT0007',77,'335593',false),
  ('CNAT0007',91,'212426',false),
  ('CNAT0008',14,'079578',true),
  ('CNAT0008',40,'092488',false),
  ('CNAT0008',74,'212426',false),
  ('CNAT0009',5,'724881',false),
  ('CNAT0009',81,'475555',false),
  ('CNAT0010',36,'375095',false),
  ('CNAT0010',38,'475555',false),
  ('CNAT0010',71,'186598',false),
  ('CNAT0010',96,'375095',false),
  ('CNAT0011',6,'346237',false),
  ('CNAT0011',9,'346237',false),
  ('CNAT0011',45,'526862',false),
  ('CNAT0011',48,'925837',false),
  ('CNAT0011',64,'346237',false),
  ('CNAT0011',77,'038083',false),
  ('CNAT0012',58,'346237',false),
  ('CNAT0012',73,'346237',false),
  ('CNAT0012',88,'337279',false),
  ('CNAT0012',95,'342556',false),
  ('CNAT0013',46,'202945',false),
  ('CNAT0014',20,'191202',false),
  ('CNAT0014',43,'346237',false),
  ('CNAT0014',67,'156672',false),
  ('CNAT0015',34,'346237',false),
  ('CNAT0016',23,'346237',false),
  ('CNAT0016',47,'346237',false),
  ('CNAT0016',58,'346237',false),
  ('CNAT0016',73,'724881',false),
  ('CNAT0017',11,'369563',false),
  ('CNAT0017',44,'346237',false),
  ('CNAT0017',84,'147468',false),
  ('CNAT0017',96,'115608',false),
  ('CNAT0018',40,'420886',false),
  ('CNAT0018',60,'338291',false),
  ('CNAT0018',86,'338291',false),
  ('CNAT0018',90,'129552',false),
  ('CNAT0019',64,'344785',false),
  ('CNAT0019',83,'646974',false),
  ('CNAT0020',44,'334721',false),
  ('CNAT0020',53,'278501',false),
  ('CNAT0021',40,'427927',false),
  ('CNAT0022',8,'278501',false),
  ('CNAT0023',5,'120967',false),
  ('CNAT0023',84,'278501',false),
  ('CNAT0024',4,'297476',false),
  ('CNAT0024',84,'319296',false),
  ('CNAT0026',33,'199526',false),
  ('CNAT0026',60,'278501',false),
  ('CNAT0027',29,'427927',false),
  ('CNAT0028',26,'246183',false),
  ('CNAT0028',61,'409707',false),
  ('CNAT0028',90,'169599',false),
  ('CNAT0029',59,'164785',false),
  ('CNAT0029',84,'246183',false),
  ('CNAT0030',39,'164785',false),
  ('CNAT0030',48,'246183',false),
  ('CNAT0030',73,'213967',false),
  ('CNAT0030',88,'045230',false),
  ('CNAT0031',41,'636949',false),
  ('CNAT0031',78,'601512',false),
  ('CNAT0031',93,'246183',false),
  ('CNAT0032',30,'531674',false),
  ('CNAT0032',57,'137155',false),
  ('CNAT0032',79,'164785',false),
  ('CNAT0032',86,'246183',false),
  ('CNAT0032',100,'636949',false),
  ('CNAT0033',33,'164785',false),
  ('CNAT0033',83,'508265',false),
  ('CNAT0034',12,'343301',false),
  ('CNAT0035',67,'164785',false),
  ('CNAT0035',83,'315968',false),
  ('CNAT0035',91,'278501',false),
  ('CNAT0036',63,'636949',false),
  ('CNAT0037',65,'169720',false),
  ('CNAT0039',22,'601512',false),
  ('CNAT0039',27,'122713',false),
  ('CNAT0039',38,'074777',false),
  ('CNAT0039',79,'246183',false),
  ('CNAT0040',15,'248578',false),
  ('CNAT0040',26,'344785',true),
  ('CNAT0040',60,'122713',false),
  ('CNAT0041',42,'525850',false),
  ('CNAT0041',46,'074777',false),
  ('CNAT0042',49,'169720',false),
  ('CNAT0042',58,'122713',false),
  ('CNAT0043',83,'186029',false),
  ('CNAT0044',18,'074777',false),
  ('CNAT0044',24,'122713',false),
  ('CNAT0044',46,'074777',false),
  ('CNAT0044',79,'822163',false),
  ('CNAT0045',31,'531674',false),
  ('CNAT0045',64,'186029',false),
  ('CNAT0046',42,'406736',false),
  ('CNAT0046',80,'092986',false),
  ('CNAT0047',8,'820638',false),
  ('CNAT0047',21,'347336',false),
  ('CNAT0047',37,'462841',false),
  ('CNAT0047',46,'347336',false),
  ('CNAT0047',48,'066996',false),
  ('CNAT0047',70,'462841',false),
  ('CNAT0047',91,'406736',false),
  ('CNAT0048',32,'406736',false),
  ('CNAT0048',48,'462841',false),
  ('CNAT0048',80,'565911',false),
  ('CNAT0049',8,'462841',false),
  ('CNAT0049',29,'207881',false),
  ('CNAT0049',36,'822163',false),
  ('CNAT0049',48,'207881',false),
  ('CNAT0050',29,'562257',true),
  ('CNAT0051',52,'425795',false),
  ('CNAT0053',36,'175755',false),
  ('CNAT0053',45,'346237',false),
  ('CNAT0054',7,'037773',false),
  ('CNAT0054',68,'462841',false),
  ('CNAT0055',28,'462841',false),
  ('CNAT0055',78,'037773',false),
  ('CNAT0056',36,'097889',false),
  ('CNAT0056',68,'334721',false),
  ('CNAT0057',38,'334721',false),
  ('CNAT0057',52,'258881',false),
  ('CNAT0057',64,'288952',false),
  ('CNAT0058',31,'399264',false),
  ('CNAT0058',41,'288952',false),
  ('CNAT0058',45,'334721',false),
  ('CNAT0058',57,'258881',false),
  ('CNAT0058',64,'399264',false),
  ('CNAT0059',48,'137155',false),
  ('CNAT0060',29,'531674',false),
  ('CNAT0060',70,'220328',false),
  ('CNAT0060',75,'346178',false),
  ('CNAT0061',54,'334721',false),
  ('CNAT0061',68,'690884',false),
  ('CNAT0061',93,'402089',false),
  ('CNAT0062',46,'258881',false),
  ('CNAT0062',80,'375095',false),
  ('CNAT0063',55,'334721',false),
  ('CNAT0063',83,'428214',false),
  ('CNAT0064',35,'690884',false),
  ('CNAT0064',42,'043696',false),
  ('CNAT0064',73,'334721',false),
  ('CNAT0065',74,'504855',false),
  ('CNAT0066',5,'504855',false),
  ('CNAT0066',33,'526862',false),
  ('CNAT0066',43,'339013',false),
  ('CNAT0066',62,'061594',false),
  ('CNAT0066',65,'504855',false),
  ('CNAT0066',75,'049459',false),
  ('CNAT0067',22,'119666',false),
  ('CNAT0067',27,'049459',false),
  ('CNAT0067',34,'090476',false),
  ('CNAT0067',90,'444716',false),
  ('CNAT0068',45,'265990',false),
  ('CNAT0068',74,'452708',false),
  ('CNAT0069',26,'090476',false),
  ('CNAT0069',31,'504855',false),
  ('CNAT0069',33,'049459',false),
  ('CNAT0069',47,'049459',false),
  ('CNAT0069',70,'090476',false),
  ('CNAT0070',20,'067386',false),
  ('CNAT0070',90,'504855',false),
  ('CNAT0071',90,'531674',false),
  ('CNAT0072',3,'049459',false),
  ('CNAT0074',43,'504855',false),
  ('CNAT0074',57,'375095',false),
  ('CNAT0074',67,'223261',false),
  ('CNAT0074',81,'455600',false),
  ('CNAT0075',25,'223261',false),
  ('CNAT0075',49,'455600',false),
  ('CNAT0075',87,'375095',false),
  ('CNAT0076',16,'074777',false),
  ('CNAT0076',48,'123541',false),
  ('CNAT0076',55,'122713',false),
  ('CNAT0076',66,'375095',false),
  ('CNAT0076',91,'186029',false),
  ('CNAT0077',19,'375095',false),
  ('CNAT0077',62,'170407',false),
  ('CNAT0078',10,'375095',false),
  ('CNAT0078',46,'170407',false),
  ('CNAT0078',77,'223261',false),
  ('CNAT0079',17,'855272',false),
  ('CNAT0079',36,'344354',false),
  ('CNAT0081',43,'375095',false),
  ('CNAT0081',51,'472044',false),
  ('CNAT0081',62,'223261',false),
  ('CNAT0081',70,'375095',false),
  ('CNAT0082',18,'559092',false),
  ('CNAT0082',44,'375095',false),
  ('CNAT0082',46,'314387',false),
  ('CNAT0083',8,'399264',false),
  ('CNAT0083',25,'649180',false),
  ('CNAT0083',29,'855272',false),
  ('CNAT0083',72,'636885',false),
  ('CNAT0083',91,'062112',false),
  ('CNAT0084',7,'062112',false),
  ('CNAT0084',36,'390068',false),
  ('CNAT0084',61,'214776',false),
  ('CNAT0084',72,'238601',false),
  ('CNAT0084',86,'055525',false),
  ('CNAT0084',91,'375095',false),
  ('CNAT0085',8,'399264',false),
  ('CNAT0085',35,'214776',false),
  ('CNAT0085',75,'451304',false),
  ('CNAT0085',80,'825474',false),
  ('CNAT0086',6,'820638',false),
  ('CNAT0086',21,'134283',false),
  ('CNAT0086',40,'347336',false),
  ('CNAT0086',54,'601437',false),
  ('CNAT0086',78,'601437',false),
  ('CNAT0086',84,'214776',false),
  ('CNAT0087',36,'214776',false),
  ('CNAT0087',39,'390068',false),
  ('CNAT0087',76,'450695',false),
  ('CNAT0087',80,'134283',false),
  ('CNAT0087',91,'214776',false),
  ('CNAT0088',10,'055520',true),
  ('CNAT0088',34,'134283',false),
  ('CNAT0088',41,'238601',false),
  ('CNAT0088',87,'330587',false),
  ('CNAT0088',94,'543141',false),
  ('CNAT0089',52,'411259',false),
  ('CNAT0089',56,'302459',false),
  ('CNAT0089',58,'302459',false),
  ('CNAT0090',13,'043696',false),
  ('CNAT0090',23,'825474',false),
  ('CNAT0090',50,'123550',false),
  ('CNAT0090',52,'346237',false),
  ('CNAT0091',46,'214776',true),
  ('CNAT0092',66,'333545',false),
  ('CNAT0093',20,'098242',false),
  ('CNAT0093',47,'504855',false),
  ('CNAT0093',51,'486764',false),
  ('CNAT0093',53,'043696',false),
  ('CNAT0094',74,'062692',true),
  ('CNAT0094',84,'371101',false),
  ('CNAT0095',4,'141568',false),
  ('CNAT0096',11,'337279',false),
  ('CNAT0096',24,'265990',false),
  ('CNAT0096',33,'061638',false),
  ('CNAT0096',92,'381352',false),
  ('CNAT0097',90,'319296',false),
  ('CNAT0098',11,'342556',false),
  ('CNAT0098',17,'241680',false),
  ('CNAT0098',30,'337279',false),
  ('CNAT0098',48,'404387',false),
  ('CNAT0098',68,'241680',false),
  ('CNAT0099',77,'404387',false),
  ('CNAT0100',4,'820703',false),
  ('CNAT0100',34,'337279',false),
  ('CNAT0100',90,'337279',false),
  ('CNAT0101',30,'164785',false),
  ('CNAT0101',46,'164785',false),
  ('CNAT0101',50,'246183',false),
  ('CNAT0101',88,'565911',false),
  ('CNAT0101',91,'337279',false),
  ('CNAT0102',19,'335598',true),
  ('CNAT0102',21,'335598',false),
  ('CNAT0102',49,'066609',false),
  ('CNAT0104',25,'470128',false),
  ('CNAT0104',52,'045230',false),
  ('CNAT0104',54,'129063',false),
  ('CNAT0104',66,'284922',false),
  ('CNAT0105',17,'045230',false),
  ('CNAT0105',37,'048250',true),
  ('CNAT0105',88,'603052',false),
  ('CNAT0105',95,'048250',false),
  ('CNAT0106',69,'449454',false),
  ('CNAT0107',19,'191202',false),
  ('CNAT0107',40,'191202',false),
  ('CNAT0107',49,'724881',false),
  ('CNAT0107',73,'191202',false),
  ('CNAT0108',30,'045230',false),
  ('CNAT0108',35,'045230',false),
  ('CNAT0108',59,'470128',false),
  ('CNAT0108',69,'810453',false),
  ('CNAT0108',73,'300498',false),
  ('CNAT0109',88,'233134',false),
  ('CNAT0110',44,'045230',false),
  ('CNAT0110',72,'169599',false),
  ('CNAT0111',29,'048250',false),
  ('CNAT0111',60,'642538',false),
  ('CNAT0111',90,'039693',false),
  ('CNAT0112',15,'386148',false),
  ('CNAT0112',85,'925781',false),
  ('CNAT0113',14,'386148',false),
  ('CNAT0114',57,'386148',false),
  ('CNAT0114',65,'115608',false),
  ('CNAT0116',16,'531674',false),
  ('CNAT0116',81,'531674',false),
  ('CNAT0117',4,'314387',false),
  ('CNAT0117',47,'559092',false),
  ('CNAT0118',42,'559092',false),
  ('CNAT0118',68,'409692',false),
  ('CNAT0118',76,'173484',false),
  ('CNAT0119',2,'574809',false),
  ('CNAT0119',77,'173484',false),
  ('CNAT0120',9,'173484',false),
  ('CNAT0121',8,'264734',false),
  ('CNAT0121',21,'543141',false),
  ('CNAT0121',71,'115608',false),
  ('CNAT0121',86,'242802',false),
  ('CNAT0122',12,'242802',false),
  ('CNAT0122',52,'062692',false),
  ('CNAT0122',86,'543141',false),
  ('CNAT0122',87,'233141',false),
  ('CNAT0122',89,'330587',false),
  ('CNAT0124',48,'049459',false),
  ('CNAT0124',55,'381352',false),
  ('CNAT0124',65,'543141',false),
  ('CNAT0124',75,'062692',false),
  ('CNAT0125',56,'147468',false),
  ('CNAT0126',46,'365633',false),
  ('CNAT0126',72,'462841',false),
  ('CNAT0127',57,'169720',false),
  ('CNAT0127',76,'330587',false),
  ('CNAT0128',1,'045230',false),
  ('CNAT0128',34,'470128',false),
  ('CNAT0128',68,'543141',false),
  ('CNAT0129',31,'344354',false),
  ('CNAT0130',12,'119666',false),
  ('CNAT0130',42,'119666',false),
  ('CNAT0131',1,'525535',true),
  ('CNAT0131',9,'409692',false),
  ('CNAT0131',49,'198409',false),
  ('CNAT0131',85,'718253',false),
  ('CNAT0132',20,'495950',false),
  ('CNAT0132',21,'409692',false),
  ('CNAT0132',45,'250336',false),
  ('CNAT0133',30,'333545',false),
  ('CNAT0133',63,'691063',false),
  ('CNAT0133',73,'691063',false),
  ('CNAT0134',31,'409692',false),
  ('CNAT0134',33,'074777',false),
  ('CNAT0135',5,'062692',false),
  ('CNAT0135',52,'038629',false),
  ('CNAT0135',61,'691063',false),
  ('CNAT0136',38,'158330',false),
  ('CNAT0137',40,'158330',false),
  ('CNAT0137',68,'079578',false),
  ('CNAT0139',77,'201656',false),
  ('CNAT0140',20,'233134',false),
  ('CNAT0140',24,'233134',false),
  ('CNAT0140',69,'399264',false),
  ('CNAT0142',101,'056652',false),
  ('CNAT0143',26,'451589',false),
  ('CNAT0143',62,'399264',false),
  ('CNAT0145',36,'158330',false),
  ('CNAT0145',84,'399264',false),
  ('CNAT0146',29,'472127',false),
  ('CNAT0147',77,'248504',false),
  ('CNAT0148',26,'231602',false),
  ('CNAT0148',62,'426285',false),
  ('CNAT0148',67,'426285',false),
  ('CNAT0148',81,'426285',false),
  ('CNAT0148',87,'451589',false),
  ('CNAT0149',34,'636949',false),
  ('CNAT0150',47,'531674',false),
  ('CNAT0150',54,'531674',false),
  ('CNAT0150',68,'288952',false),
  ('CNAT0150',79,'334721',false),
  ('CNAT0150',95,'048477',false),
  ('CNAT0151',21,'214776',false),
  ('CNAT0151',38,'390068',false),
  ('CNAT0152',24,'339013',false),
  ('CNAT0153',70,'423584',false),
  ('CNAT0153',79,'125687',false),
  ('CNAT0153',85,'207891',false),
  ('CNAT0155',24,'278501',false),
  ('CNAT0155',28,'357297',false),
  ('CNAT0155',55,'077368',false),
  ('CNAT0156',27,'401321',false),
  ('CNAT0156',56,'526790',false),
  ('CNAT0156',86,'121236',false),
  ('CNAT0157',42,'125687',false),
  ('CNAT0157',59,'337279',false),
  ('CNAT0157',65,'466637',false),
  ('CNAT0158',31,'121236',false),
  ('CNAT0158',55,'466637',false),
  ('CNAT0159',14,'526852',false),
  ('CNAT0159',19,'409707',false),
  ('CNAT0160',14,'337279',false),
  ('CNAT0160',20,'337279',false),
  ('CNAT0160',44,'066609',false),
  ('CNAT0160',47,'319296',false),
  ('CNAT0160',46,'333348',false),
  ('CNAT0160',54,'247703',false),
  ('CNAT0160',66,'662538',false),
  ('CNAT0161',59,'480233',false),
  ('CNAT0162',73,'385846',false),
  ('CNAT0162',83,'169599',false),
  ('CNAT0163',4,'169599',false),
  ('CNAT0163',46,'673368',false),
  ('CNAT0163',50,'472044',false),
  ('CNAT0163',90,'409707',false),
  ('CNAT0163',92,'718253',false),
  ('CNAT0164',25,'220328',false),
  ('CNAT0164',38,'409707',false),
  ('CNAT0164',50,'104345',false),
  ('CNAT0164',76,'526852',false),
  ('CNAT0164',90,'409707',false),
  ('CNAT0165',17,'169599',false),
  ('CNAT0165',46,'278501',false),
  ('CNAT0165',57,'427927',false),
  ('CNAT0165',77,'526852',false),
  ('CNAT0166',28,'043696',false),
  ('CNAT0166',39,'043696',false),
  ('CNAT0166',58,'526852',false),
  ('CNAT0166',66,'043696',false),
  ('CNAT0166',72,'486764',false),
  ('CNAT0167',7,'526852',false),
  ('CNAT0167',20,'125705',false),
  ('CNAT0167',49,'330593',false),
  ('CNAT0167',55,'346237',false),
  ('CNAT0167',80,'526852',false),
  ('CNAT0168',12,'462841',false),
  ('CNAT0168',40,'746778',false),
  ('CNAT0168',46,'298495',false),
  ('CNAT0168',58,'365633',false),
  ('CNAT0169',24,'671490',false),
  ('CNAT0169',39,'341028',false),
  ('CNAT0169',44,'025389',false),
  ('CNAT0169',46,'246183',false),
  ('CNAT0169',68,'313719',false),
  ('CNAT0170',78,'649180',false),
  ('CNAT0170',86,'558342',false),
  ('CNAT0171',12,'724881',false),
  ('CNAT0171',89,'220328',false),
  ('CNAT0172',30,'233134',false),
  ('CNAT0173',87,'381352',false),
  ('CNAT0174',39,'233134',false),
  ('CNAT0174',63,'220328',false),
  ('CNAT0174',66,'330587',false),
  ('CNAT0175',5,'092488',false),
  ('CNAT0175',29,'092488',false),
  ('CNAT0176',2,'104345',false),
  ('CNAT0176',28,'125687',false),
  ('CNAT0176',90,'125687',false),
  ('CNAT0177',1,'525850',false),
  ('CNAT0177',13,'353668',false),
  ('CNAT0178',72,'191202',false),
  ('CNAT0178',76,'346237',false),
  ('CNAT0179',14,'386148',false),
  ('CNAT0179',83,'386148',false),
  ('CNAT0180',26,'640280',false),
  ('CNAT0180',45,'284958',false),
  ('CNAT0180',88,'462841',false),
  ('CNAT0181',27,'246183',false),
  ('CNAT0182',40,'357297',false),
  ('CNAT0182',43,'297476',false),
  ('CNAT0182',58,'199526',false),
  ('CNAT0182',61,'523712',false),
  ('CNAT0182',68,'427927',false),
  ('CNAT0183',4,'562256',false),
  ('CNAT0183',9,'649180',false),
  ('CNAT0183',25,'201656',false),
  ('CNAT0183',33,'126222',true),
  ('CNAT0183',65,'375095',false),
  ('CNAT0184',9,'820641',false),
  ('CNAT0184',62,'820638',false),
  ('CNAT0185',12,'506646',false),
  ('CNAT0185',17,'381352',false),
  ('CNAT0185',60,'690833',false),
  ('CNAT0186',85,'201656',false),
  ('CNAT0187',28,'690833',false),
  ('CNAT0187',40,'526790',false),
  ('CNAT0187',47,'371101',false),
  ('CNAT0187',90,'242802',false),
  ('CNAT0188',9,'525850',false),
  ('CNAT0188',40,'186029',false),
  ('CNAT0189',28,'293536',false),
  ('CNAT0189',41,'620168',false),
  ('CNAT0189',61,'526852',false),
  ('CNAT0189',64,'066996',false),
  ('CNAT0190',59,'288952',false),
  ('CNAT0190',69,'226974',false),
  ('CNAT0191',22,'264734',false),
  ('CNAT0191',42,'066996',false),
  ('CNAT0192',39,'257126',false),
  ('CNAT0192',72,'092488',false),
  ('CNAT0192',88,'426285',false),
  ('CNAT0193',40,'820641',false),
  ('CNAT0194',50,'550668',false),
  ('CNAT0195',34,'242802',false),
  ('CNAT0195',57,'147468',false),
  ('CNAT0195',60,'242802',false),
  ('CNAT0195',89,'147468',false),
  ('CNAT0196',61,'141568',false),
  ('CNAT0196',66,'620168',false),
  ('CNAT0196',91,'226974',false),
  ('CNAT0197',65,'404387',false),
  ('CNAT0197',68,'423584',false),
  ('CNAT0198',9,'470128',false),
  ('CNAT0199',43,'346237',false),
  ('CNAT0199',48,'346237',false),
  ('CNAT0200',46,'390068',false),
  ('CNAT0200',88,'055525',false),
  ('CNAT0200',91,'055520',true),
  ('CNAT0201',32,'419183',false),
  ('CNAT0202',4,'061594',false),
  ('CNAT0202',22,'198409',false),
  ('CNAT0203',86,'207881',false),
  ('CNAT0204',7,'074777',false),
  ('CNAT0205',12,'198409',false),
  ('CNAT0205',22,'357297',false),
  ('CNAT0205',52,'427927',false),
  ('CNAT0205',63,'278501',false),
  ('CNAT0205',76,'523712',false),
  ('CNAT0205',86,'673368',false),
  ('CNAT0205',90,'357296',false),
  ('CNAT0206',80,'690833',false),
  ('CNAT0207',20,'325192',false),
  ('CNAT0207',49,'325192',false),
  ('CNAT0209',41,'216319',true),
  ('CNAT0211',7,'455600',false),
  ('CNAT0212',23,'506646',false),
  ('CNAT0212',74,'425901',false),
  ('CNAT0213',10,'339013',false),
  ('CNAT0213',59,'092986',false),
  ('CNAT0214',22,'231602',false),
  ('CNAT0214',42,'092488',false),
  ('CNAT0214',50,'264734',false),
  ('CNAT0214',66,'426285',false),
  ('CNAT0214',76,'208429',false),
  ('CNAT0214',95,'402089',false),
  ('CNAT0215',9,'246183',false),
  ('CNAT0215',80,'343301',false),
  ('CNAT0215',88,'246183',false),
  ('CNAT0216',11,'820702',false),
  ('CNAT0216',24,'399264',false),
  ('CNAT0216',63,'614152',false),
  ('CNAT0217',84,'427927',false);
