/* File created by scraping https://www.transfermarkt.com using Antonio Cardin's program */

insert into Squadre values
  ('FC Barcelona','Barcelona','Koeman'),
  ('Real Madrid','Madrid','Zidane'),
  ('Atlético de Madrid','Madrid','Simeone'),
  ('Sevilla FC','Sevilla','Lopetegui'),
  ('Real Sociedad','Donostia-San Sebastián (Gipuzkoa)','Alguacil'),
  ('Villarreal CF','Villarreal','Emery'),
  ('Valencia CF','Valencia','null'),
  ('Real Betis Balompié','Sevilla','Pellegrini'),
  ('Athletic Bilbao','Bilbao-Bilbo (Bizkaia)','null'),
  ('Getafe CF','Getafe (Madrid)','Bordalás'),
  ('Celta de Vigo','Vigo','García'),
  ('Granada CF','Granada','Martínez'),
  ('Levante UD','Valencia','null'),
  ('CA Osasuna','Pamplona','Arrasate'),
  ('SD Eibar','Eibar (Gipuzkoa)','Mendilibar'),
  ('Deportivo Alavés','Vitoria-Gasteiz','Calleja'),
  ('SD Huesca','Huesca','null'),
  ('Real Valladolid CF','Valladolid','null'),
  ('Cádiz CF','Cádiz','Cervera'),
  ('Elche CF','Elche (Alicante)','Almirón');

insert into Giocatori values
  ('074857','FC Barcelona',1,'Marc-André','ter Stegen','30-apr-1992','Portiere'),
  ('111819','FC Barcelona',13,'Neto','null','19-jul-1989','Portiere'),
  ('283170','FC Barcelona',26,'Iñaki','Peña','2-mar-1999','Portiere'),
  ('466783','FC Barcelona',36,'Arnau','Tenas','30-may-2001','Portiere'),
  ('480267','FC Barcelona',4,'Ronald','Araújo','7-mar-1999','Difensore'),
  ('182904','FC Barcelona',15,'Clément','Lenglet','17-jun-1995','Difensore'),
  ('331505','FC Barcelona',28,'Óscar','Mingueza','13-may-1999','Difensore'),
  ('018944','FC Barcelona',3,'Gerard','Piqué','2-feb-1987','Difensore'),
  ('126540','FC Barcelona',23,'Samuel','Umtiti','14-nov-1993','Difensore'),
  ('688593','FC Barcelona',null,'Santi','Ramos Mingo','21-nov-2001','Difensore'),
  ('069751','FC Barcelona',18,'Jordi','Alba','21-mar-1989','Difensore'),
  ('374139','FC Barcelona',24,'Junior','Firpo','22-aug-1996','Difensore'),
  ('361104','FC Barcelona',2,'Sergiño','Dest','3-nov-2000','Difensore'),
  ('364240','FC Barcelona',null,'Moussa','Wagué','4-oct-1998','Difensore'),
  ('065230','FC Barcelona',5,'Sergio','Busquets','16-jul-1988','Centrocampista'),
  ('326330','FC Barcelona',21,'Frenkie','de Jong','12-may-1997','Centrocampista'),
  ('683840','FC Barcelona',16,'Pedri','null','25-nov-2002','Centrocampista'),
  ('617074','FC Barcelona',27,'Ilaix','Moriba','19-jan-2003','Centrocampista'),
  ('044162','FC Barcelona',8,'Miralem','Pjanic','2-apr-1990','Centrocampista'),
  ('331511','FC Barcelona',12,'Riqui','Puig','13-aug-1999','Centrocampista'),
  ('085370','FC Barcelona',20,'Sergi','Roberto','7-feb-1992','Centrocampista'),
  ('284854','FC Barcelona',6,'Carles','Aleñá','5-jan-1998','Centrocampista'),
  ('129473','FC Barcelona',12,'Rafinha','null','12-feb-1993','Centrocampista'),
  ('351892','FC Barcelona',19,'Matheus','Fernandes','30-jun-1998','Centrocampista'),
  ('466810','FC Barcelona',22,'Ansu','Fati','31-oct-2002','Attaccante'),
  ('080444','FC Barcelona',14,'Philippe','Coutinho','12-jun-1992','Attaccante'),
  ('466809','FC Barcelona',29,'Konrad','de la Fuente','16-jul-2001','Attaccante'),
  ('028003','FC Barcelona',10,'Lionel','Messi','24-jun-1987','Attaccante'),
  ('288230','FC Barcelona',11,'Ousmane','Dembélé','15-may-1997','Attaccante'),
  ('412669','FC Barcelona',17,'Francisco','Trincão','29-dec-1999','Attaccante'),
  ('282722','FC Barcelona',30,'Álex','Collado','22-apr-1999','Attaccante'),
  ('125781','FC Barcelona',7,'Antoine','Griezmann','21-mar-1991','Attaccante'),
  ('095732','FC Barcelona',9,'Martin','Braithwaite','5-jun-1991','Attaccante'),
  ('108390','Real Madrid',1,'Thibaut','Courtois','11-may-1992','Portiere'),
  ('404839','Real Madrid',13,'Andriy','Lunin','11-feb-1999','Portiere'),
  ('549069','Real Madrid',26,'Diego','Altube','22-feb-2000','Portiere'),
  ('623525','Real Madrid',33,'Luis','López','8-may-2001','Portiere'),
  ('568154','Real Madrid',42,'Lucas','Cañizares','10-may-2002','Portiere'),
  ('164770','Real Madrid',5,'Raphaël','Varane','25-apr-1993','Difensore'),
  ('401530','Real Madrid',3,'Éder','Militão','18-jan-1998','Difensore'),
  ('025557','Real Madrid',4,'Sergio','Ramos','30-mar-1986','Difensore'),
  ('058884','Real Madrid',6,'Nacho','Fernández','18-jan-1990','Difensore'),
  ('495625','Real Madrid',32,'Víctor','Chust','5-mar-2000','Difensore'),
  ('629511','Real Madrid',39,'Pablo','Ramón','30-jun-2001','Difensore'),
  ('291417','Real Madrid',23,'Ferland','Mendy','8-jun-1995','Difensore'),
  ('044501','Real Madrid',12,'Marcelo','null','12-may-1988','Difensore'),
  ('525299','Real Madrid',35,'Miguel','Gutiérrez','27-jul-2001','Difensore'),
  ('138927','Real Madrid',2,'Daniel','Carvajal','11-jan-1992','Difensore'),
  ('221316','Real Madrid',17,'Lucas','Vázquez','1-jul-1991','Difensore'),
  ('280730','Real Madrid',19,'Álvaro','Odriozola','14-dec-1995','Difensore'),
  ('537759','Real Madrid',40,'Sergio','Santos','3-jan-2001','Difensore'),
  ('016306','Real Madrid',14,'Casemiro','null','23-feb-1992','Centrocampista'),
  ('495621','Real Madrid',31,'Antonio','Blanco','23-jul-2000','Centrocampista'),
  ('369081','Real Madrid',15,'Federico','Valverde','22-jul-1998','Centrocampista'),
  ('031909','Real Madrid',8,'Toni','Kroos','4-jan-1990','Centrocampista'),
  ('027992','Real Madrid',10,'Luka','Modric','9-sep-1985','Centrocampista'),
  ('316264','Real Madrid',21,'Martin','Ødegaard','17-dec-1998','Centrocampista'),
  ('085288','Real Madrid',22,'Isco','null','21-apr-1992','Centrocampista'),
  ('050202','Real Madrid',7,'Eden','Hazard','7-jan-1991','Attaccante'),
  ('371998','Real Madrid',20,'Vinicius Junior','null','12-jul-2000','Attaccante'),
  ('652332','Real Madrid',43,'Óscar','Aranda','29-apr-2002','Attaccante'),
  ('296622','Real Madrid',11,'Marco','Asensio','21-jan-1996','Attaccante'),
  ('412363','Real Madrid',25,'Rodrygo','null','9-jan-2001','Attaccante'),
  ('537762','Real Madrid',30,'Sergio','Arribas','30-sep-2001','Attaccante'),
  ('603940','Real Madrid',28,'Marvin','Park','3-jul-2000','Attaccante'),
  ('018922','Real Madrid',9,'Karim','Benzema','19-dec-1987','Attaccante'),
  ('257462','Real Madrid',18,'Luka','Jovic','23-dec-1997','Attaccante'),
  ('298976','Real Madrid',16,'Borja','Mayoral','5-apr-1997','Attaccante'),
  ('225020','Real Madrid',24,'Mariano','Díaz','1-aug-1993','Attaccante'),
  ('573775','Real Madrid',34,'Hugo','Duro','10-nov-1999','Attaccante'),
  ('121483','Atlético de Madrid',13,'Jan','Oblak','7-jan-1993','Portiere'),
  ('226073','Atlético de Madrid',1,'Ivo','Grbic','18-jan-1996','Portiere'),
  ('396337','Atlético de Madrid',31,'Miguel','San Román','14-jul-1997','Portiere'),
  ('250845','Atlético de Madrid',2,'José María','Giménez','20-jan-1995','Difensore'),
  ('281769','Atlético de Madrid',22,'Mario','Hermoso','18-jun-1995','Difensore'),
  ('107010','Atlético de Madrid',15,'Stefan','Savic','8-jan-1991','Difensore'),
  ('156501','Atlético de Madrid',18,'Felipe','null','16-may-1989','Difensore'),
  ('491693','Atlético de Madrid',4,'Nehuén','Pérez','24-jun-2000','Difensore'),
  ('495600','Atlético de Madrid',28,'Álvaro','García','1-jun-2000','Difensore'),
  ('708388','Atlético de Madrid',49,'Adrián','Corral','5-jan-2003','Difensore'),
  ('476352','Atlético de Madrid',12,'Renan','Lodi','8-apr-1998','Difensore'),
  ('618809','Atlético de Madrid',3,'Manu','Sánchez','24-aug-2000','Difensore'),
  ('095810','Atlético de Madrid',23,'Kieran','Trippier','19-sep-1990','Difensore'),
  ('076061','Atlético de Madrid',24,'Sime','Vrsaljko','10-jan-1992','Difensore'),
  ('388545','Atlético de Madrid',29,'Ricard','Sánchez','22-feb-2000','Difensore'),
  ('230784','Atlético de Madrid',5,'Thomas','Partey','13-jun-1993','Centrocampista'),
  ('318077','Atlético de Madrid',5,'Lucas','Torreira','11-feb-1996','Centrocampista'),
  ('127189','Atlético de Madrid',4,'Geoffrey','Kondogbia','15-feb-1993','Centrocampista'),
  ('282411','Atlético de Madrid',14,'Marcos','Llorente','30-jan-1995','Centrocampista'),
  ('074229','Atlético de Madrid',6,'Koke','null','8-jan-1992','Centrocampista'),
  ('148928','Atlético de Madrid',8,'Saúl','Ñíguez','21-nov-1994','Centrocampista'),
  ('122043','Atlético de Madrid',16,'Héctor','Herrera','19-apr-1990','Centrocampista'),
  ('446106','Atlético de Madrid',35,'Juan Manuel','Sanabria','29-mar-2000','Centrocampista'),
  ('295065','Atlético de Madrid',34,'Toni','Moya','20-mar-1998','Centrocampista'),
  ('408472','Atlético de Madrid',39,'Josep','Calavera','2-oct-1999','Centrocampista'),
  ('536823','Atlético de Madrid',41,'Óscar','Castro','20-jun-2001','Centrocampista'),
  ('205562','Atlético de Madrid',11,'Thomas','Lemar','12-nov-1995','Centrocampista'),
  ('568148','Atlético de Madrid',42,'Mario','Soriano','22-apr-2002','Centrocampista'),
  ('140776','Atlético de Madrid',21,'Yannick','Carrasco','4-sep-1993','Attaccante'),
  ('067082','Atlético de Madrid',20,'Vitolo','null','2-nov-1989','Attaccante'),
  ('505673','Atlético de Madrid',26,'Víctor','Mollejo','21-jan-2001','Attaccante'),
  ('548188','Atlético de Madrid',30,'Germán','Valera','16-mar-2002','Attaccante'),
  ('462250','Atlético de Madrid',7,'João Félix','null','10-nov-1999','Attaccante'),
  ('266807','Atlético de Madrid',10,'Ángel','Correa','9-mar-1995','Attaccante'),
  ('229004','Atlético de Madrid',19,'Moussa','Dembélé','12-jul-1996','Attaccante'),
  ('044352','Atlético de Madrid',9,'Luis','Suárez','24-jan-1987','Attaccante'),
  ('044779','Atlético de Madrid',19,'Diego','Costa','7-oct-1988','Attaccante'),
  ('505674','Atlético de Madrid',27,'Sergio','Camello','10-feb-2001','Attaccante'),
  ('274347','Atlético de Madrid',17,'Ivan','Saponjic','2-aug-1997','Attaccante'),
  ('207834','Sevilla FC',13,'Bono','null','5-apr-1991','Portiere'),
  ('064000','Sevilla FC',1,'Tomas','Vaclik','29-mar-1989','Portiere'),
  ('396107','Sevilla FC',31,'Javi','Díaz','15-may-1997','Portiere'),
  ('537367','Sevilla FC',33,'Alfonso','Pastor','4-oct-2000','Portiere'),
  ('537369','Sevilla FC',29,'Adrián','González','20-mar-2000','Portiere'),
  ('411975','Sevilla FC',12,'Jules','Koundé','12-nov-1998','Difensore'),
  ('329145','Sevilla FC',20,'Diego Carlos','null','15-mar-1993','Difensore'),
  ('092947','Sevilla FC',3,'Sergi','Gómez','28-mar-1992','Difensore'),
  ('182579','Sevilla FC',4,'Karim','Rekik','2-dec-1994','Difensore'),
  ('378954','Sevilla FC',2,'Joris','Gnagnon','13-jan-1997','Difensore'),
  ('398435','Sevilla FC',37,'Kike','Ríos','21-jan-2000','Difensore'),
  ('060410','Sevilla FC',19,'Marcos','Acuña','28-oct-1991','Difensore'),
  ('093935','Sevilla FC',18,'Sergio','Escudero','2-sep-1989','Difensore'),
  ('461866','Sevilla FC',35,'Javi','Vázquez','24-sep-2000','Difensore'),
  ('711628','Sevilla FC',26,'Pablo','Pérez','18-aug-2001','Difensore'),
  ('341272','Sevilla FC',17,'Alejandro','Pozo','22-feb-1999','Difensore'),
  ('015956','Sevilla FC',16,'Jesús','Navas','21-nov-1985','Difensore'),
  ('088490','Sevilla FC',17,'Aleix','Vidal','21-aug-1989','Difensore'),
  ('074294','Sevilla FC',6,'Nemanja','Gudelj','16-nov-1991','Centrocampista'),
  ('051174','Sevilla FC',25,'Fernando','null','25-jul-1987','Centrocampista'),
  ('263727','Sevilla FC',8,'Joan','Jordán','6-jul-1994','Centrocampista'),
  ('214775','Sevilla FC',21,'Óliver','Torres','10-nov-1994','Centrocampista'),
  ('032467','Sevilla FC',10,'Ivan','Rakitic','10-mar-1988','Centrocampista'),
  ('284884','Sevilla FC',14,'Óscar','Rodríguez','28-jun-1998','Centrocampista'),
  ('076163','Sevilla FC',22,'Franco','Vázquez','22-feb-1989','Centrocampista'),
  ('668179','Sevilla FC',41,'Carlos','Álvarez','6-aug-2003','Centrocampista'),
  ('189441','Sevilla FC',5,'Lucas','Ocampos','11-jul-1994','Attaccante'),
  ('537382','Sevilla FC',29,'Bryan','Gil','11-feb-2001','Attaccante'),
  ('241391','Sevilla FC',23,'Oussama','Idrissi','26-feb-1996','Attaccante'),
  ('111961','Sevilla FC',7,'Suso','null','19-nov-1993','Attaccante'),
  ('676042','Sevilla FC',32,'Juanlu','Sánchez','15-aug-2003','Attaccante'),
  ('587562','Sevilla FC',30,'Antonio','Zarzana','21-mar-2002','Attaccante'),
  ('020005','Sevilla FC',24,'Papu Gómez','null','15-feb-1988','Attaccante'),
  ('433049','Sevilla FC',15,'Youssef','En-Nesyri','1-jun-1997','Attaccante'),
  ('072522','Sevilla FC',9,'Luuk','de Jong','27-aug-1990','Attaccante'),
  ('223725','Sevilla FC',11,'Munir El Haddadi','null','1-sep-1995','Attaccante'),
  ('216464','Sevilla FC',24,'Carlos','Fernández','22-may-1996','Attaccante'),
  ('628886','Sevilla FC',36,'Iván','Romero','10-apr-2001','Attaccante'),
  ('212862','Real Sociedad',1,'Álex','Remiro','24-mar-1995','Portiere'),
  ('026065','Real Sociedad',13,'Miguel Ángel','Moyá','2-apr-1984','Portiere'),
  ('428948','Real Sociedad',30,'Andoni','Zubiaurre','4-dec-1996','Portiere'),
  ('561702','Real Sociedad',34,'Gaizka','Ayesa','2-apr-2001','Portiere'),
  ('625657','Real Sociedad',31,'Unai','Marrero','9-oct-2001','Portiere'),
  ('351809','Real Sociedad',24,'Robin','Le Normand','11-nov-1996','Difensore'),
  ('246291','Real Sociedad',3,'Diego','Llorente','16-aug-1993','Difensore'),
  ('355628','Real Sociedad',5,'Igor','Zubeldia','30-mar-1997','Difensore'),
  ('229804','Real Sociedad',6,'Aritz','Elustondo','28-mar-1994','Difensore'),
  ('524925','Real Sociedad',15,'Modibo','Sagnan','14-apr-1999','Difensore'),
  ('625651','Real Sociedad',37,'Urko','González','20-mar-2001','Difensore'),
  ('580560','Real Sociedad',26,'Jon','Pacheco','8-jan-2001','Difensore'),
  ('517845','Real Sociedad',32,'Jérémy','Blasco','12-feb-1999','Difensore'),
  ('434602','Real Sociedad',33,'Aritz','Arambarri','31-jan-1998','Difensore'),
  ('517842','Real Sociedad',12,'Aihen','Muñoz','16-aug-1997','Difensore'),
  ('043003','Real Sociedad',20,'Nacho','Monreal','26-feb-1986','Difensore'),
  ('289255','Real Sociedad',18,'Andoni','Gorosabel','4-aug-1996','Difensore'),
  ('197135','Real Sociedad',2,'Joseba','Zaldua','24-jun-1992','Difensore'),
  ('423440','Real Sociedad',36,'Martín','Zubimendi','2-feb-1999','Centrocampista'),
  ('059344','Real Sociedad',4,'Asier','Illarramendi','8-mar-1990','Centrocampista'),
  ('338424','Real Sociedad',8,'Mikel','Merino','22-jun-1996','Centrocampista'),
  ('465967','Real Sociedad',16,'Ander','Guevara','7-jul-1997','Centrocampista'),
  ('289257','Real Sociedad',14,'Jon','Guridi','28-feb-1995','Centrocampista'),
  ('289286','Real Sociedad',23,'Luca','Sangalli','10-feb-1995','Centrocampista'),
  ('634431','Real Sociedad',27,'Beñat','Turrientes','31-jan-2002','Centrocampista'),
  ('569866','Real Sociedad',28,'Roberto','López','24-apr-2000','Centrocampista'),
  ('035518','Real Sociedad',21,'David','Silva','8-jan-1986','Centrocampista'),
  ('563137','Real Sociedad',29,'Robert','Navarro','12-apr-2002','Centrocampista'),
  ('351478','Real Sociedad',10,'Mikel','Oyarzabal','21-apr-1997','Attaccante'),
  ('616369','Real Sociedad',22,'Ander','Barrenetxea','27-dec-2001','Attaccante'),
  ('289272','Real Sociedad',17,'Martín','Merquelanz','12-jun-1995','Attaccante'),
  ('099353','Real Sociedad',7,'Portu','null','21-may-1992','Attaccante'),
  ('177847','Real Sociedad',11,'Adnan','Januzaj','5-feb-1995','Attaccante'),
  ('349066','Real Sociedad',19,'Alexander','Isak','21-sep-1999','Attaccante'),
  ('122155','Real Sociedad',9,'Willian José','null','23-nov-1991','Attaccante'),
  ('625654','Real Sociedad',35,'Julen','Lobete','18-sep-2000','Attaccante'),
  ('289236','Real Sociedad',25,'Jon','Bautista','3-jul-1995','Attaccante'),
  ('051710','Villarreal CF',1,'Sergio','Asenjo','28-jun-1989','Portiere'),
  ('229604','Villarreal CF',13,'Gerónimo','Rulli','20-may-1992','Portiere'),
  ('585323','Villarreal CF',35,'Filip','Jörgensen','16-apr-2002','Portiere'),
  ('547248','Villarreal CF',31,'Iker','Álvarez','25-jul-2001','Portiere'),
  ('399776','Villarreal CF',4,'Pau','Torres','16-jan-1997','Difensore'),
  ('015452','Villarreal CF',3,'Raúl','Albiol','4-sep-1985','Difensore'),
  ('011111','Villarreal CF',6,'Ramiro','Funes Mori','5-mar-1991','Difensore'),
  ('236956','Villarreal CF',22,'Soufiane','Chakla','2-sep-1993','Difensore'),
  ('356197','Villarreal CF',24,'Alfonso','Pedraza','9-apr-1996','Difensore'),
  ('349599','Villarreal CF',15,'Pervis','Estupiñán','21-jan-1998','Difensore'),
  ('207917','Villarreal CF',18,'Alberto','Moreno','5-jul-1992','Difensore'),
  ('065318','Villarreal CF',21,'Jaume','Costa','18-mar-1988','Difensore'),
  ('480763','Villarreal CF',8,'Juan','Foyth','12-jan-1998','Difensore'),
  ('073250','Villarreal CF',2,'Mario','Gaspar','24-nov-1990','Difensore'),
  ('238868','Villarreal CF',20,'Rubén','Peña','18-jul-1991','Difensore'),
  ('527966','Villarreal CF',44,'Andrei','Ratiu','20-jun-1998','Difensore'),
  ('631098','Villarreal CF',27,'Lanchi','null','23-jun-2001','Difensore'),
  ('074869','Villarreal CF',19,'Francis','Coquelin','13-may-1991','Centrocampista'),
  ('063494','Villarreal CF',25,'Étienne','Capoue','11-jul-1988','Centrocampista'),
  ('188854','Villarreal CF',14,'Manu','Trigueros','17-oct-1991','Centrocampista'),
  ('059561','Villarreal CF',5,'Dani','Parejo','16-apr-1989','Centrocampista'),
  ('065467','Villarreal CF',10,'Vicente','Iborra','16-jan-1988','Centrocampista'),
  ('627287','Villarreal CF',28,'Carlo','García','12-feb-2001','Centrocampista'),
  ('341277','Villarreal CF',47,'Sergio','Lozano','24-mar-1999','Centrocampista'),
  ('175449','Villarreal CF',23,'Moi','Gómez','23-jun-1994','Attaccante'),
  ('298983','Villarreal CF',8,'Javi','Ontiveros','9-sep-1997','Attaccante'),
  ('548111','Villarreal CF',32,'Álex','Baena','20-jul-2001','Attaccante'),
  ('401922','Villarreal CF',11,'Samuel','Chukwueze','22-may-1999','Attaccante'),
  ('405398','Villarreal CF',16,'Takefusa','Kubo','4-jun-2001','Attaccante'),
  ('568157','Villarreal CF',30,'Yéremy','Pino','20-oct-2002','Attaccante'),
  ('413262','Villarreal CF',12,'Dani','Raba','29-oct-1995','Attaccante'),
  ('177467','Villarreal CF',7,'Gerard','Moreno','7-apr-1992','Attaccante'),
  ('126716','Villarreal CF',17,'Paco','Alcácer','30-aug-1993','Attaccante'),
  ('627294','Villarreal CF',34,'Fer','Niño','24-oct-2000','Attaccante'),
  ('119235','Villarreal CF',9,'Carlos','Bacca','8-sep-1986','Attaccante'),
  ('412041','Villarreal CF',40,'Álex','Millán','7-nov-1999','Attaccante'),
  ('146227','Valencia CF',13,'Jasper','Cillessen','22-apr-1989','Portiere'),
  ('227805','Valencia CF',1,'Jaume','Doménech','5-nov-1990','Portiere'),
  ('398131','Valencia CF',25,'Cristian','Rivero','21-mar-1998','Portiere'),
  ('288376','Valencia CF',null,'Unai','Etxebarria','30-aug-1996','Portiere'),
  ('149498','Valencia CF',5,'Gabriel Paulista','null','26-nov-1990','Difensore'),
  ('346289','Valencia CF',12,'Mouctar','Diakhaby','19-dec-1996','Difensore'),
  ('294321','Valencia CF',6,'Ferro','null','26-mar-1997','Difensore'),
  ('090681','Valencia CF',4,'Eliaquim','Mangala','13-feb-1991','Difensore'),
  ('602156','Valencia CF',null,'Guillem','Molina','3-may-2000','Difensore'),
  ('409273','Valencia CF',null,'Kevin','Sibille','15-sep-1998','Difensore'),
  ('221322','Valencia CF',14,'José','Gayà','25-may-1995','Difensore'),
  ('320271','Valencia CF',3,'Toni','Lato','21-nov-1997','Difensore'),
  ('423443','Valencia CF',null,'Álex','Centelles','30-aug-1999','Difensore'),
  ('623024','Valencia CF',null,'Jesús','Vázquez','2-jan-2003','Difensore'),
  ('367466','Valencia CF',2,'Thierry','Correia','9-mar-1999','Difensore'),
  ('163086','Valencia CF',24,'Cristiano','Piccini','26-sep-1992','Difensore'),
  ('417575','Valencia CF',19,'Uros','Racic','17-mar-1998','Centrocampista'),
  ('495629','Valencia CF',15,'Hugo','Guillamón','31-jan-2000','Centrocampista'),
  ('563812','Valencia CF',10,'Christian','Oliva','1-jun-1996','Centrocampista'),
  ('372246','Valencia CF',8,'Carlos','Soler','2-jan-1997','Centrocampista'),
  ('063463','Valencia CF',18,'Daniel','Wass','31-may-1989','Centrocampista'),
  ('569375','Valencia CF',27,'Koba','Koindredi','27-oct-2001','Centrocampista'),
  ('557149','Valencia CF',20,'Kang-in','Lee','19-feb-2001','Centrocampista'),
  ('599263','Valencia CF',null,'Vicente','Esquerdo','2-jan-1999','Centrocampista'),
  ('225122','Valencia CF',7,'Gonçalo','Guedes','29-nov-1996','Attaccante'),
  ('098322','Valencia CF',17,'Denis','Cheryshev','26-dec-1990','Attaccante'),
  ('328914','Valencia CF',16,'Álex','Blanco','16-dec-1998','Attaccante'),
  ('503991','Valencia CF',30,'Yunus','Musah','29-nov-2002','Attaccante'),
  ('263860','Valencia CF',23,'Jason','null','6-jul-1994','Attaccante'),
  ('396894','Valencia CF',22,'Maxi','Gómez','14-aug-1996','Attaccante'),
  ('265078','Valencia CF',11,'Patrick','Cutrone','3-jan-1998','Attaccante'),
  ('527350','Valencia CF',21,'Manu','Vallejo','14-feb-1997','Attaccante'),
  ('027389','Valencia CF',9,'Kévin','Gameiro','9-may-1987','Attaccante'),
  ('085383','Valencia CF',null,'Rubén','Sobrino','1-jun-1992','Attaccante'),
  ('101118','Real Betis Balompié',1,'Joel','Robles','17-jun-1990','Portiere'),
  ('335221','Real Betis Balompié',13,'Dani','Martín','8-jul-1998','Portiere'),
  ('040423','Real Betis Balompié',25,'Claudio','Bravo','13-apr-1983','Portiere'),
  ('566666','Real Betis Balompié',30,'Dani','Rebollo','10-dec-1999','Portiere'),
  ('251877','Real Betis Balompié',31,'Carlos','Marín','20-feb-1997','Portiere'),
  ('099922','Real Betis Balompié',5,'Marc','Bartra','15-jan-1991','Difensore'),
  ('080293','Real Betis Balompié',23,'Aïssa','Mandi','22-oct-1991','Difensore'),
  ('027374','Real Betis Balompié',12,'Sidnei','null','23-aug-1989','Difensore'),
  ('062920','Real Betis Balompié',6,'Víctor','Ruiz','25-jan-1989','Difensore'),
  ('630984','Real Betis Balompié',37,'Geovanni','Barba','17-may-2001','Difensore'),
  ('341227','Real Betis Balompié',33,'Juan','Miranda','19-jan-2000','Difensore'),
  ('193098','Real Betis Balompié',15,'Álex','Moreno','8-jun-1993','Difensore'),
  ('630998','Real Betis Balompié',36,'José','Calderón','7-jan-2000','Difensore'),
  ('476344','Real Betis Balompié',22,'Emerson Royal','null','14-jan-1999','Difensore'),
  ('068645','Real Betis Balompié',2,'Martín','Montoya','14-apr-1991','Difensore'),
  ('711638','Real Betis Balompié',32,'Fran','Delgado','11-jul-2001','Difensore'),
  ('342385','Real Betis Balompié',21,'Guido','Rodríguez','12-apr-1994','Centrocampista'),
  ('429901','Real Betis Balompié',4,'Paul','Akouokou','20-dec-1997','Centrocampista'),
  ('100131','Real Betis Balompié',14,'William','Carvalho','7-apr-1992','Centrocampista'),
  ('263856','Real Betis Balompié',3,'Víctor','Camarasa','28-may-1994','Centrocampista'),
  ('020506','Real Betis Balompié',18,'Andrés','Guardado','28-sep-1986','Centrocampista'),
  ('203496','Real Betis Balompié',8,'Nabil','Fekir','18-jul-1993','Centrocampista'),
  ('066106','Real Betis Balompié',10,'Sergio','Canales','16-feb-1991','Centrocampista'),
  ('630995','Real Betis Balompié',28,'Rodri','Sánchez','16-feb-2000','Centrocampista'),
  ('395694','Real Betis Balompié',19,'Yassin','Fekir','5-may-1997','Centrocampista'),
  ('141834','Real Betis Balompié',11,'Cristian','Tello','11-aug-1991','Attaccante'),
  ('126737','Real Betis Balompié',7,'Juanmi','null','20-may-1993','Attaccante'),
  ('371174','Real Betis Balompié',20,'Diego','Lainez','9-jun-2000','Attaccante'),
  ('378139','Real Betis Balompié',24,'Aitor','Ruibal','22-mar-1996','Attaccante'),
  ('007663','Real Betis Balompié',17,'Joaquín','null','21-jul-1981','Attaccante'),
  ('278359','Real Betis Balompié',9,'Borja','Iglesias','17-jan-1993','Attaccante'),
  ('354741','Real Betis Balompié',16,'Loren','Morón','30-dec-1993','Attaccante'),
  ('234523','Real Betis Balompié',19,'Antonio','Sanabria','4-mar-1996','Attaccante'),
  ('262396','Athletic Bilbao',1,'Unai','Simón','11-jun-1997','Portiere'),
  ('071570','Athletic Bilbao',25,'Iago','Herrerín','25-jan-1988','Portiere'),
  ('379548','Athletic Bilbao',13,'Jokin','Ezkieta','17-aug-1996','Portiere'),
  ('338285','Athletic Bilbao',3,'Unai','Núñez','30-jan-1997','Difensore'),
  ('158863','Athletic Bilbao',4,'Iñigo','Martínez','17-may-1991','Difensore'),
  ('255488','Athletic Bilbao',5,'Yeray','Álvarez','24-jan-1995','Difensore'),
  ('591916','Athletic Bilbao',38,'Aitor','Paredes','29-apr-2000','Difensore'),
  ('061812','Athletic Bilbao',17,'Yuri','Berchiche','10-feb-1990','Difensore'),
  ('085258','Athletic Bilbao',24,'Mikel','Balenziaga','29-feb-1988','Difensore'),
  ('197545','Athletic Bilbao',21,'Ander','Capa','8-feb-1992','Difensore'),
  ('096718','Athletic Bilbao',18,'Óscar','de Marcos','14-apr-1989','Difensore'),
  ('255501','Athletic Bilbao',15,'Iñigo','Lekue','4-may-1993','Difensore'),
  ('447052','Athletic Bilbao',23,'Peru','Nolaskoain','25-oct-1998','Centrocampista'),
  ('300168','Athletic Bilbao',6,'Mikel','Vesga','8-apr-1993','Centrocampista'),
  ('192009','Athletic Bilbao',8,'Unai','López','30-oct-1995','Centrocampista'),
  ('610083','Athletic Bilbao',27,'Unai','Vencedor','15-nov-2000','Centrocampista'),
  ('178425','Athletic Bilbao',14,'Dani','García','24-may-1990','Centrocampista'),
  ('524010','Athletic Bilbao',19,'Oier','Zarraga','4-jan-1999','Centrocampista'),
  ('625047','Athletic Bilbao',39,'Beñat','Prados','8-feb-2001','Centrocampista'),
  ('447053','Athletic Bilbao',40,'Julen','Bernaola','29-apr-1999','Centrocampista'),
  ('571020','Athletic Bilbao',16,'Oihan','Sancet','25-apr-2000','Centrocampista'),
  ('338425','Athletic Bilbao',12,'Álex','Berenguer','4-jul-1995','Attaccante'),
  ('054235','Athletic Bilbao',10,'Iker','Muniain','19-dec-1992','Attaccante'),
  ('455349','Athletic Bilbao',2,'Jon','Morcillo','15-sep-1998','Attaccante'),
  ('251848','Athletic Bilbao',11,'Iñigo','Córdoba','13-mar-1997','Attaccante'),
  ('335216','Athletic Bilbao',26,'Iñigo','Vicente','6-jan-1998','Attaccante'),
  ('709187','Athletic Bilbao',30,'Nico','Williams','12-jul-2002','Attaccante'),
  ('127837','Athletic Bilbao',7,'Ibai','Gómez','11-nov-1989','Attaccante'),
  ('255508','Athletic Bilbao',9,'Iñaki','Williams','15-jun-1994','Attaccante'),
  ('251897','Athletic Bilbao',20,'Asier','Villalibre','30-sep-1997','Attaccante'),
  ('034601','Athletic Bilbao',22,'Raúl','García','11-jul-1986','Attaccante'),
  ('197126','Athletic Bilbao',19,'Kenan','Kodro','19-aug-1993','Attaccante'),
  ('226012','Getafe CF',13,'David','Soria','4-apr-1993','Portiere'),
  ('246335','Getafe CF',1,'Rubén','Yáñez','12-oct-1993','Portiere'),
  ('221150','Getafe CF',2,'Djené','null','31-dec-1991','Difensore'),
  ('302991','Getafe CF',3,'Erick','Cabaco','19-apr-1995','Difensore'),
  ('071559','Getafe CF',4,'Xabi','Etxeita','31-oct-1987','Difensore'),
  ('248330','Getafe CF',6,'Chema','Rodríguez','3-mar-1992','Difensore'),
  ('385396','Getafe CF',null,'Ryan','Nolan','17-feb-1999','Difensore'),
  ('583508','Getafe CF',null,'David','Alba','19-may-1999','Difensore'),
  ('284857','Getafe CF',15,'Marc','Cucurella','22-jul-1998','Difensore'),
  ('376514','Getafe CF',17,'Mathí­as','Olivera','31-oct-1997','Difensore'),
  ('809639','Getafe CF',null,'Koffi','null','20-nov-2001','Difensore'),
  ('111508','Getafe CF',12,'Allan','Nyom','10-may-1988','Difensore'),
  ('076746','Getafe CF',22,'Damián','Suárez','27-apr-1988','Difensore'),
  ('390688','Getafe CF',null,'Juan','Iglesias','3-jul-1998','Difensore'),
  ('273152','Getafe CF',20,'Nemanja','Maksimovic','26-jan-1995','Centrocampista'),
  ('371003','Getafe CF',null,'Ante','Palaversa','6-apr-2000','Centrocampista'),
  ('158795','Getafe CF',24,'David','Timor','17-oct-1989','Centrocampista'),
  ('290249','Getafe CF',18,'Mauro','Arambarri','30-sep-1995','Centrocampista'),
  ('841121','Getafe CF',null,'John Joe Patrick','Finn','24-oct-2003','Centrocampista'),
  ('648812','Getafe CF',null,'Sabit','Abdulai','11-may-1999','Centrocampista'),
  ('355336','Getafe CF',null,'Josete','Miranda','22-jul-1998','Attaccante'),
  ('148396','Getafe CF',null,'Abdoulay','Diaby','21-may-1991','Attaccante'),
  ('138803','Getafe CF',8,'Francisco','Portillo','13-jun-1990','Attaccante'),
  ('459463','Getafe CF',23,'Cucho','Hernández','20-apr-1999','Attaccante'),
  ('251106','Getafe CF',10,'Enes','Ünal','10-may-1997','Attaccante'),
  ('227961','Getafe CF',7,'Jaime','Mata','24-oct-1988','Attaccante'),
  ('051510','Getafe CF',9,'Ángel','Rodríguez','26-apr-1987','Attaccante'),
  ('399780','Getafe CF',19,'Darío','Poveda','13-mar-1997','Attaccante'),
  ('715650','Getafe CF',null,'Mamor','Niang','4-feb-2002','Attaccante'),
  ('199321','Celta de Vigo',13,'Rubén','Blanco','25-jul-1995','Portiere'),
  ('297194','Celta de Vigo',1,'Iván','Villar','9-jul-1997','Portiere'),
  ('045912','Celta de Vigo',25,'Sergio','Álvarez','3-aug-1986','Portiere'),
  ('636092','Celta de Vigo',26,'Iago','Domínguez','22-nov-2001','Portiere'),
  ('378482','Celta de Vigo',41,'Patrick','Sequeira','1-mar-1999','Portiere'),
  ('495627','Celta de Vigo',35,'Álvaro','Fernández','10-apr-2000','Portiere'),
  ('577869','Celta de Vigo',35,'Raúl','García','27-jan-2000','Portiere'),
  ('715622','Celta de Vigo',45,'Gael','Alonso','22-jul-2002','Difensore'),
  ('064134','Celta de Vigo',4,'Néstor','Araújo','29-aug-1991','Difensore'),
  ('131102','Celta de Vigo',24,'Jeison','Murillo','27-may-1992','Difensore'),
  ('358250','Celta de Vigo',18,'Joseph','Aidoo','29-sep-1995','Difensore'),
  ('636093','Celta de Vigo',40,'Carlos','Domínguez','11-feb-2001','Difensore'),
  ('276111','Celta de Vigo',3,'David','Costas','26-mar-1995','Difensore'),
  ('340339','Celta de Vigo',16,'Jorge','Sáenz','17-nov-1996','Difensore'),
  ('609361','Celta de Vigo',29,'José','Fontán','11-feb-2000','Difensore'),
  ('216240','Celta de Vigo',15,'Lucas','Olaza','21-jul-1994','Difensore'),
  ('251878','Celta de Vigo',19,'Aarón','Martín','22-apr-1997','Difensore'),
  ('164055','Celta de Vigo',17,'David','Juncà','16-nov-1993','Difensore'),
  ('505493','Celta de Vigo',28,'Diego','Pampín','15-mar-2000','Difensore'),
  ('119905','Celta de Vigo',2,'Hugo','Mallo','22-jun-1991','Difensore'),
  ('545647','Celta de Vigo',34,'Sergio','Carreira','13-oct-2000','Difensore'),
  ('221315','Celta de Vigo',20,'Kevin','Vázquez','23-mar-1993','Difensore'),
  ('277137','Celta de Vigo',14,'Renato','Tapia','28-jul-1995','Centrocampista'),
  ('137616','Celta de Vigo',5,'Okay','Yokuslu','9-mar-1994','Centrocampista'),
  ('423444','Celta de Vigo',8,'Fran','Beltrán','3-feb-1999','Centrocampista'),
  ('699704','Celta de Vigo',31,'Gabriel','Veiga','27-may-2002','Centrocampista'),
  ('429309','Celta de Vigo',39,'Jordan','Holsgrove','10-sep-1999','Centrocampista'),
  ('892221','Celta de Vigo',44,'Hugo','Sotelo','19-dec-2003','Centrocampista'),
  ('165007','Celta de Vigo',6,'Denis','Suárez','6-jan-1994','Centrocampista'),
  ('523977','Celta de Vigo',27,'Miguel','Baeza','27-mar-2000','Centrocampista'),
  ('070934','Celta de Vigo',9,'Nolito','null','15-oct-1986','Attaccante'),
  ('162074','Celta de Vigo',7,'Álvaro','Vadillo','12-sep-1994','Attaccante'),
  ('357628','Celta de Vigo',36,'Alfon','González','4-may-1999','Attaccante'),
  ('309110','Celta de Vigo',23,'Brais','Méndez','7-jan-1997','Attaccante'),
  ('282694','Celta de Vigo',21,'Augusto','Solari','3-jan-1992','Attaccante'),
  ('634427','Celta de Vigo',32,'Miguel','Rodríguez','29-apr-2003','Attaccante'),
  ('283223','Celta de Vigo',11,'Emre','Mor','24-jul-1997','Attaccante'),
  ('255653','Celta de Vigo',22,'Santi','Mina','7-dec-1995','Attaccante'),
  ('072047','Celta de Vigo',10,'Iago','Aspas','1-aug-1987','Attaccante'),
  ('093795','Celta de Vigo',12,'Facundo','Ferreyra','14-mar-1991','Attaccante'),
  ('561745','Celta de Vigo',38,'Lautaro','de León','9-feb-2001','Attaccante'),
  ('234811','Granada CF',1,'Rui','Silva','7-feb-1994','Portiere'),
  ('284430','Granada CF',13,'Aarón','Escandell','27-sep-1995','Portiere'),
  ('198638','Granada CF',null,'João','Costa','2-feb-1996','Portiere'),
  ('713632','Granada CF',null,'Ángel','Jiménez','22-jun-2002','Portiere'),
  ('575472','Granada CF',31,'Arnau','Fàbrega','28-jun-2000','Portiere'),
  ('833884','Granada CF',null,'Rafael','Romero','7-aug-2003','Portiere'),
  ('257376','Granada CF',22,'Domingos','Duarte','10-mar-1995','Difensore'),
  ('251896','Granada CF',20,'Jesús','Vallejo','5-jan-1997','Difensore'),
  ('095963','Granada CF',6,'Germán','Sánchez','12-dec-1986','Difensore'),
  ('468700','Granada CF',18,'Neyder','Lozano','4-mar-1994','Difensore'),
  ('500191','Granada CF',28,'Pepe','Sánchez','2-mar-2000','Difensore'),
  ('562058','Granada CF',null,'Sergio','Barcia','31-dec-2000','Difensore'),
  ('631222','Granada CF',null,'Raúl','Torrente','11-sep-2001','Difensore'),
  ('448844','Granada CF',15,'Carlos','Neva','12-jun-1996','Difensore'),
  ('295414','Granada CF',18,'Adrián','Marín','9-jan-1997','Difensore'),
  ('170472','Granada CF',2,'Dimitri','Foulquier','23-mar-1993','Difensore'),
  ('058330','Granada CF',16,'Víctor','Díaz','12-jun-1988','Difensore'),
  ('223053','Granada CF',17,'Quini','null','24-sep-1989','Difensore'),
  ('358981','Granada CF',null,'Kingsley','Fobi','20-sep-1998','Difensore'),
  ('060542','Granada CF',4,'Maxime','Gonalons','10-mar-1989','Centrocampista'),
  ('413459','Granada CF',null,'Eris','Abedini','29-aug-1998','Centrocampista'),
  ('636229','Granada CF',null,'Carlos','León','5-dec-2002','Centrocampista'),
  ('378293','Granada CF',21,'Yangel','Herrera','7-jan-1998','Centrocampista'),
  ('281989','Granada CF',5,'Luis','Milla','7-oct-1994','Centrocampista'),
  ('391719','Granada CF',12,'Domingos','Quina','18-nov-1999','Centrocampista'),
  ('297784','Granada CF',8,'Yan','Eteki','26-aug-1997','Centrocampista'),
  ('059551','Granada CF',19,'Ángel','Montoro','25-jun-1988','Centrocampista'),
  ('131667','Granada CF',null,'Ramon','Azeez','12-dec-1992','Centrocampista'),
  ('631221','Granada CF',null,'Isma','Ruiz','14-feb-2001','Centrocampista'),
  ('284872','Granada CF',null,'Álvaro','Bravo','4-feb-1998','Centrocampista'),
  ('696883','Granada CF',null,'Juan','Brunet','24-jan-1998','Centrocampista'),
  ('281404','Granada CF',24,'Kenedy','null','8-feb-1996','Centrocampista'),
  ('162079','Granada CF',14,'Fede','Vico','4-jul-1994','Centrocampista'),
  ('631223','Granada CF',null,'Antonio','Aranda','7-oct-2000','Centrocampista'),
  ('211251','Granada CF',11,'Darwin','Machís','7-feb-1993','Attaccante'),
  ('614195','Granada CF',null,'Dani','Plomer','30-nov-1998','Attaccante'),
  ('262365','Granada CF',10,'Antonio','Puertas','21-feb-1992','Attaccante'),
  ('487688','Granada CF',26,'Alberto','Soro','9-mar-1999','Attaccante'),
  ('462380','Granada CF',null,'Jesús','Rodríguez','11-feb-1998','Attaccante'),
  ('424784','Granada CF',7,'Luis','Suárez','2-dec-1997','Attaccante'),
  ('610336','Granada CF',null,'Antoñín','null','16-apr-2000','Attaccante'),
  ('057825','Granada CF',23,'Jorge','Molina','22-apr-1982','Attaccante'),
  ('034870','Granada CF',9,'Roberto','Soldado','27-may-1985','Attaccante'),
  ('118997','Levante UD',13,'Aitor','Fernández','3-may-1991','Portiere'),
  ('397676','Levante UD',34,'Dani','Cárdenas','28-mar-1997','Portiere'),
  ('299715','Levante UD',null,'Koke Vegas','null','27-sep-1995','Portiere'),
  ('617059','Levante UD',null,'Pablo','Cuñat','28-apr-2002','Portiere'),
  ('257851','Levante UD',14,'Rúben','Vezo','25-apr-1994','Difensore'),
  ('387129','Levante UD',4,'Rober','Pier','16-feb-1995','Difensore'),
  ('158791','Levante UD',15,'Sergio','Postigo','4-nov-1988','Difensore'),
  ('175323','Levante UD',6,'Óscar','Duarte','3-jun-1989','Difensore'),
  ('618806','Levante UD',null,'Alfredo','Pedraza','20-dec-2000','Difensore'),
  ('702332','Levante UD',null,'Eusebio','Monzó','4-dec-2000','Difensore'),
  ('193784','Levante UD',19,'Carlos','Clerc','21-feb-1992','Difensore'),
  ('125931','Levante UD',3,'Toño','García','7-nov-1989','Difensore'),
  ('228917','Levante UD',20,'Jorge','Miramón','2-jun-1989','Difensore'),
  ('349856','Levante UD',2,'Son','null','30-mar-1994','Difensore'),
  ('071905','Levante UD',23,'Coke','null','26-apr-1987','Difensore'),
  ('205569','Levante UD',12,'Mickaël','Malsa','12-oct-1995','Centrocampista'),
  ('168959','Levante UD',5,'Nemanja','Radoja','6-feb-1993','Centrocampista'),
  ('151470','Levante UD',17,'Nikola','Vukcevic','13-dec-1991','Centrocampista'),
  ('129679','Levante UD',25,'Cheick','Doukouré','11-sep-1992','Centrocampista'),
  ('120095','Levante UD',24,'José','Campaña','31-may-1993','Centrocampista'),
  ('162056','Levante UD',22,'Gonzalo','Melero','2-jan-1994','Centrocampista'),
  ('568835','Levante UD',null,'Pablo','Martínez','22-feb-1998','Centrocampista'),
  ('405564','Levante UD',null,'Giorgi','Kochorashvili','29-jun-1999','Centrocampista'),
  ('611198','Levante UD',null,'Álex','Blesa','15-jan-2002','Centrocampista'),
  ('245014','Levante UD',10,'Enis','Bardhi','2-jul-1995','Centrocampista'),
  ('638235','Levante UD',29,'Alejandro','Cantero','8-jun-2000','Attaccante'),
  ('455181','Levante UD',18,'Jorge','de Frutos','20-feb-1997','Attaccante'),
  ('067548','Levante UD',16,'Rubén','Rochina','23-mar-1991','Attaccante'),
  ('172142','Levante UD',null,'Hernâni','null','20-aug-1991','Attaccante'),
  ('430488','Levante UD',44,'Edgar','Sevikyan','8-aug-2001','Attaccante'),
  ('212391','Levante UD',9,'Roger','Martí','3-jan-1991','Attaccante'),
  ('252677','Levante UD',11,'José Luis','Morales','23-jul-1987','Attaccante'),
  ('422460','Levante UD',21,'Dani','Gómez','30-jul-1998','Attaccante'),
  ('145769','Levante UD',7,'Sergio','León','6-jan-1989','Attaccante'),
  ('248738','CA Osasuna',1,'Sergio','Herrera','5-jun-1993','Portiere'),
  ('298613','CA Osasuna',25,'Juan','Pérez','15-jul-1996','Portiere'),
  ('008184','CA Osasuna',13,'Rubén','Martínez','22-jun-1984','Portiere'),
  ('568183','CA Osasuna',null,'Iván','Martínez','19-feb-2002','Portiere'),
  ('548635','CA Osasuna',null,'Iñaki','Álvarez','18-jun-1997','Portiere'),
  ('298589','CA Osasuna',5,'David','García','14-feb-1994','Difensore'),
  ('082503','CA Osasuna',23,'Aridane','Hernández','23-mar-1989','Difensore'),
  ('197122','CA Osasuna',4,'Unai','García','3-sep-1992','Difensore'),
  ('061546','CA Osasuna',12,'Facundo','Roncaglia','10-feb-1987','Difensore'),
  ('069660','CA Osasuna',15,'Jonás','Ramalho','10-jun-1993','Difensore'),
  ('142419','CA Osasuna',null,'Raúl','Navas','11-may-1988','Difensore'),
  ('555500','CA Osasuna',null,'Jorge','Herrando','28-feb-2001','Difensore'),
  ('169497','CA Osasuna',3,'Juan','Cruz','28-jul-1992','Difensore'),
  ('216870','CA Osasuna',2,'Nacho','Vidal','24-jan-1995','Difensore'),
  ('311440','CA Osasuna',null,'Gorka','Zabarte','9-jan-1999','Difensore'),
  ('213670','CA Osasuna',24,'Lucas','Torró','19-jul-1994','Centrocampista'),
  ('063040','CA Osasuna',6,'Oier','Sanjurjo','25-may-1986','Centrocampista'),
  ('552425','CA Osasuna',27,'Jon','Moncayola','13-may-1998','Centrocampista'),
  ('095641','CA Osasuna',8,'Darko','Brasanac','12-feb-1992','Centrocampista'),
  ('071579','CA Osasuna',21,'Iñigo','Pérez','18-jan-1988','Centrocampista'),
  ('634131','CA Osasuna',null,'Aimar','Oroz','27-nov-2001','Centrocampista'),
  ('063056','CA Osasuna',10,'Roberto','Torres','7-mar-1989','Centrocampista'),
  ('471474','CA Osasuna',28,'Javi','Martínez','22-dec-1999','Centrocampista'),
  ('228761','CA Osasuna',7,'Jony','null','9-jul-1991','Attaccante'),
  ('388519','CA Osasuna',null,'Kike','Saverio','19-jun-1999','Attaccante'),
  ('505512','CA Osasuna',null,'Asier','Córdoba','31-mar-2000','Attaccante'),
  ('213260','CA Osasuna',14,'Rubén','García','14-jul-1993','Attaccante'),
  ('298575','CA Osasuna',11,'Kike','Barja','4-apr-1997','Attaccante'),
  ('167721','CA Osasuna',9,'Chimy','Ávila','6-feb-1994','Attaccante'),
  ('046413','CA Osasuna',17,'Ante','Budimir','22-jul-1991','Attaccante'),
  ('284727','CA Osasuna',16,'Jonathan','Calleri','23-sep-1993','Attaccante'),
  ('045383','CA Osasuna',20,'Adrián','López','8-jan-1988','Attaccante'),
  ('114060','CA Osasuna',19,'Enric','Gallego','12-sep-1986','Attaccante'),
  ('251680','CA Osasuna',null,'Brandon','Thomas','4-feb-1995','Attaccante'),
  ('443222','CA Osasuna',null,'Marc','Cardona','8-jul-1995','Attaccante'),
  ('094308','SD Eibar',1,'Marko','Dmitrovic','24-jan-1992','Portiere'),
  ('058115','SD Eibar',13,'Yoel','Rodríguez','28-aug-1988','Portiere'),
  ('606848','SD Eibar',null,'Jonmi','Magunagoitia','6-aug-2000','Portiere'),
  ('867426','SD Eibar',null,'Unai','Ayala','22-feb-2004','Portiere'),
  ('139336','SD Eibar',4,'Paulo','Oliveira','8-jan-1992','Difensore'),
  ('337922','SD Eibar',2,'Esteban','Burgos','9-jan-1992','Difensore'),
  ('311287','SD Eibar',null,'José Antonio','Martínez','12-feb-1993','Difensore'),
  ('203043','SD Eibar',3,'Pedro','Bigas','15-may-1990','Difensore'),
  ('071548','SD Eibar',23,'Anaitz','Arbilla','15-may-1987','Difensore'),
  ('783429','SD Eibar',null,'Unai','Dufur','21-jan-1999','Difensore'),
  ('206947','SD Eibar',24,'Kévin','Rodrigues','5-mar-1994','Difensore'),
  ('198006','SD Eibar',11,'Rafa','Soares','9-may-1995','Difensore'),
  ('087469','SD Eibar',15,'Cote','null','5-sep-1989','Difensore'),
  ('290273','SD Eibar',null,'Álvaro','Tejero','20-jul-1996','Difensore'),
  ('223890','SD Eibar',20,'Rober','Correa','20-sep-1992','Difensore'),
  ('684253','SD Eibar',null,'Sergio','Cubero','5-sep-1999','Difensore'),
  ('039907','SD Eibar',8,'Pape','Diop','19-mar-1986','Centrocampista'),
  ('506248','SD Eibar',10,'Edu','Expósito','1-aug-1996','Centrocampista'),
  ('261504','SD Eibar',19,'Aleix','García','28-jun-1997','Centrocampista'),
  ('138935','SD Eibar',6,'Sergio','Álvarez','23-jan-1992','Centrocampista'),
  ('150948','SD Eibar',18,'Recio','null','11-jan-1991','Centrocampista'),
  ('242299','SD Eibar',null,'Roberto','Olabe','5-may-1996','Centrocampista'),
  ('480955','SD Eibar',33,'Miguel','Atienza','27-may-1999','Centrocampista'),
  ('684299','SD Eibar',null,'Eñaut','Mendi','25-jun-1999','Attaccante'),
  ('098249','SD Eibar',14,'Takashi','Inui','2-jun-1988','Attaccante'),
  ('199299','SD Eibar',null,'Damian','Kadzior','16-jun-1992','Attaccante'),
  ('051587','SD Eibar',21,'Pedro','León','24-nov-1986','Attaccante'),
  ('093936','SD Eibar',17,'Kike','García','25-nov-1989','Attaccante'),
  ('230541','SD Eibar',12,'Yoshinori','Muto','15-jul-1992','Attaccante'),
  ('081988','SD Eibar',9,'Sergi','Enrich','26-feb-1990','Attaccante'),
  ('079352','SD Eibar',7,'Quique','González','16-may-1990','Attaccante'),
  ('783434','SD Eibar',null,'Unai','Arieta','16-jun-1999','Attaccante'),
  ('172015','Deportivo Alavés',1,'Fernando','Pacheco','18-may-1992','Portiere'),
  ('298197','Deportivo Alavés',13,'Antonio','Sivera','11-aug-1996','Portiere'),
  ('582718','Deportivo Alavés',null,'Aritz','Castro','20-may-1998','Portiere'),
  ('127108','Deportivo Alavés',22,'Florian','Lejeune','20-may-1991','Difensore'),
  ('067080','Deportivo Alavés',5,'Víctor','Laguardia','5-nov-1989','Difensore'),
  ('176140','Deportivo Alavés',4,'Rodrigo','Ely','3-nov-1993','Difensore'),
  ('354697','Deportivo Alavés',2,'Tachi','null','10-sep-1997','Difensore'),
  ('559979','Deportivo Alavés',null,'Abdel','Abqar','10-mar-1999','Difensore'),
  ('718032','Deportivo Alavés',null,'Stephane Paul','Keller','20-aug-2001','Difensore'),
  ('718027','Deportivo Alavés',null,'Hugo','Pérez','16-dec-2002','Difensore'),
  ('177046','Deportivo Alavés',3,'Rubén','Duarte','18-oct-1995','Difensore'),
  ('568158','Deportivo Alavés',26,'Javi','López','25-mar-2002','Difensore'),
  ('892217','Deportivo Alavés',null,'Eneko','Ortiz','26-may-2003','Difensore'),
  ('550549','Deportivo Alavés',null,'Tomás','Tavares','7-mar-2001','Difensore'),
  ('483573','Deportivo Alavés',21,'Martín','Aguirregabiria','10-may-1996','Difensore'),
  ('184767','Deportivo Alavés',23,'Ximo','Navarro','23-jan-1990','Difensore'),
  ('242497','Deportivo Alavés',20,'Pere','Pons','20-feb-1993','Centrocampista'),
  ('076273','Deportivo Alavés',19,'Manu','García','26-apr-1986','Centrocampista'),
  ('089297','Deportivo Alavés',6,'Rodrigo','Battaglia','12-jul-1991','Centrocampista'),
  ('139895','Deportivo Alavés',8,'Tomás','Pina','14-oct-1987','Centrocampista'),
  ('615636','Deportivo Alavés',null,'Abdallahi','Mahmoud','4-may-2000','Centrocampista'),
  ('718035','Deportivo Alavés',null,'Pepe','Blanco','29-jul-1999','Centrocampista'),
  ('598608','Deportivo Alavés',null,'Sergi','García','14-apr-1999','Centrocampista'),
  ('278837','Deportivo Alavés',11,'Luis','Rioja','16-oct-1993','Attaccante'),
  ('634461','Deportivo Alavés',29,'Borja','Sainz','1-feb-2001','Attaccante'),
  ('246277','Deportivo Alavés',18,'Burgui','null','29-oct-1993','Attaccante'),
  ('676318','Deportivo Alavés',37,'Facundo','Pellistri','20-dec-2001','Attaccante'),
  ('133794','Deportivo Alavés',16,'Edgar','Méndez','2-jan-1990','Attaccante'),
  ('176591','Deportivo Alavés',24,'Jota','Peleteiro','16-jun-1991','Attaccante'),
  ('081999','Deportivo Alavés',9,'Joselu','null','27-mar-1990','Attaccante'),
  ('073185','Deportivo Alavés',7,'Lucas','Pérez','10-sep-1988','Attaccante'),
  ('243541','Deportivo Alavés',null,'Deyverson','null','8-may-1991','Attaccante'),
  ('098596','Deportivo Alavés',10,'John','Guidetti','15-apr-1992','Attaccante'),
  ('453704','SD Huesca',1,'Álvaro','Fernández','13-apr-1998','Portiere'),
  ('057522','SD Huesca',13,'Andrés','Fernández','17-dec-1986','Portiere'),
  ('290275','SD Huesca',30,'Antonio','Valera','17-aug-1996','Portiere'),
  ('824754','SD Huesca',null,'Javi','Gasca','1-jan-2000','Portiere'),
  ('718190','SD Huesca',null,'Jorge','Cofrades','19-jan-2001','Difensore'),
  ('239962','SD Huesca',25,'Denis','Vavro','10-apr-1996','Difensore'),
  ('052403','SD Huesca',18,'Dimitrios','Siovas','16-sep-1988','Difensore'),
  ('067546','SD Huesca',14,'Jorge','Pulido','8-apr-1991','Difensore'),
  ('171362','SD Huesca',4,'Pablo','Insua','9-sep-1993','Difensore'),
  ('189452','SD Huesca',22,'Gastón','Silva','5-mar-1994','Difensore'),
  ('448628','SD Huesca',11,'Javi','Galán','19-nov-1994','Difensore'),
  ('366930','SD Huesca',10,'Sergio','Gómez','4-sep-2000','Difensore'),
  ('056777','SD Huesca',16,'Luisinho','null','5-may-1985','Difensore'),
  ('251876','SD Huesca',3,'Pablo','Maffeo','12-jul-1997','Difensore'),
  ('025412','SD Huesca',19,'Pedro','López','1-nov-1983','Difensore'),
  ('430579','SD Huesca',2,'Idrissa','Doumbia','14-apr-1998','Centrocampista'),
  ('340867','SD Huesca',20,'Jaime','Seoane','22-jan-1997','Centrocampista'),
  ('044069','SD Huesca',5,'Pedro','Mosquera','21-apr-1988','Centrocampista'),
  ('051474','SD Huesca',17,'Mikel','Rico','4-nov-1984','Centrocampista'),
  ('461836','SD Huesca',null,'Manuel','Galán','6-jun-1998','Centrocampista'),
  ('067808','SD Huesca',24,'Borja','García','2-nov-1990','Centrocampista'),
  ('383153','SD Huesca',null,'Kelechi','Nwakali','5-jun-1998','Centrocampista'),
  ('201861','SD Huesca',21,'Juan Carlos','Real','15-mar-1991','Centrocampista'),
  ('223073','SD Huesca',8,'Eugeni','null','19-jul-1994','Centrocampista'),
  ('491541','SD Huesca',null,'Juan','Peñaloza','3-may-2000','Attaccante'),
  ('071918','SD Huesca',7,'David','Ferreiro','1-apr-1988','Attaccante'),
  ('396334','SD Huesca',null,'Joaquín','Muñoz','10-mar-1999','Attaccante'),
  ('853290','SD Huesca',null,'Gustavo','Abizanda','1-may-2000','Attaccante'),
  ('361254','SD Huesca',9,'Rafa','Mir','18-jun-1997','Attaccante'),
  ('199369','SD Huesca',6,'Sandro','Ramírez','9-jul-1995','Attaccante'),
  ('079642','SD Huesca',12,'Shinji','Okazaki','16-apr-1986','Attaccante'),
  ('531829','SD Huesca',23,'Dani','Escriche','24-mar-1998','Attaccante'),
  ('718201','SD Huesca',null,'Carlos','Kevin','10-apr-2001','Attaccante'),
  ('065263','Real Valladolid CF',1,'Jordi','Masip','3-jan-1989','Portiere'),
  ('037403','Real Valladolid CF',13,'Roberto','null','10-feb-1986','Portiere'),
  ('363541','Real Valladolid CF',null,'Samuel','Pérez','26-apr-1997','Portiere'),
  ('448835','Real Valladolid CF',null,'Gaizka','Campos','16-may-1997','Portiere'),
  ('340853','Real Valladolid CF',5,'Javi','Sánchez','14-mar-1997','Difensore'),
  ('221321','Real Valladolid CF',24,'Joaquín','Fernández','31-may-1996','Difensore'),
  ('235412','Real Valladolid CF',15,'Jawad','El Yamiq','29-feb-1992','Difensore'),
  ('051667','Real Valladolid CF',4,'Kiko','Olivas','21-aug-1988','Difensore'),
  ('188838','Real Valladolid CF',6,'Bruno','González','24-may-1990','Difensore'),
  ('583510','Real Valladolid CF',null,'Miguel','Rubio','11-mar-1998','Difensore'),
  ('809716','Real Valladolid CF',null,'Lucas','Freitas','20-jan-2001','Difensore'),
  ('710479','Real Valladolid CF',null,'Jesús','Palomeque','17-oct-2001','Difensore'),
  ('127554','Real Valladolid CF',22,'Nacho','Martínez','7-mar-1989','Difensore'),
  ('139434','Real Valladolid CF',3,'Raúl','Carnero','30-apr-1989','Difensore'),
  ('581701','Real Valladolid CF',null,'Ignasi','Vilarrasa','23-aug-1999','Difensore'),
  ('196435','Real Valladolid CF',18,'Saidy','Janko','22-oct-1995','Difensore'),
  ('523972','Real Valladolid CF',null,'Sergio','López','8-apr-1999','Difensore'),
  ('358115','Real Valladolid CF',2,'Luis','Pérez','4-feb-1995','Difensore'),
  ('071204','Real Valladolid CF',null,'Javi','Moyano','23-feb-1986','Difensore'),
  ('207922','Real Valladolid CF',null,'Luismi','null','5-may-1992','Centrocampista'),
  ('247250','Real Valladolid CF',14,'Rubén','Alcaraz','1-may-1991','Centrocampista'),
  ('307519','Real Valladolid CF',20,'Fede','San Emeterio','16-mar-1997','Centrocampista'),
  ('202984','Real Valladolid CF',17,'Roque','Mesa','7-jun-1989','Centrocampista'),
  ('065331','Real Valladolid CF',21,'Míchel','Herrero','29-jul-1988','Centrocampista'),
  ('527698','Real Valladolid CF',8,'Kike','Pérez','14-feb-1997','Centrocampista'),
  ('293388','Real Valladolid CF',null,'Oriol','Rey','25-feb-1998','Centrocampista'),
  ('329812','Real Valladolid CF',40,'Jota','null','30-mar-1999','Attaccante'),
  ('337066','Real Valladolid CF',19,'Toni','Villa','7-jan-1995','Attaccante'),
  ('404688','Real Valladolid CF',23,'Waldo','Rubio','17-aug-1995','Attaccante'),
  ('221309','Real Valladolid CF',10,'Óscar','Plano','11-feb-1991','Attaccante'),
  ('142027','Real Valladolid CF',11,'Pablo','Hervías','8-mar-1993','Attaccante'),
  ('060890','Real Valladolid CF',12,'Fabián','Orellana','27-jan-1986','Attaccante'),
  ('311696','Real Valladolid CF',null,'Kuki','Zalazar','5-may-1998','Attaccante'),
  ('247652','Real Valladolid CF',9,'Shon','Weissman','14-feb-1996','Attaccante'),
  ('481084','Real Valladolid CF',16,'Marcos André','null','20-oct-1996','Attaccante'),
  ('256429','Real Valladolid CF',7,'Sergi','Guardiola','29-may-1991','Attaccante'),
  ('531825','Real Valladolid CF',null,'Sergio','Benito','23-mar-1999','Attaccante'),
  ('284342','Cádiz CF',1,'Jeremías','Ledesma','13-feb-1993','Portiere'),
  ('162027','Cádiz CF',13,'David','Gil','11-jan-1994','Portiere'),
  ('408895','Cádiz CF',null,'Juanjo','Garrancho','22-jun-1997','Portiere'),
  ('513972','Cádiz CF',null,'Juan','Flere','12-may-1998','Portiere'),
  ('007668','Cádiz CF',null,'Alberto','Cifuentes','29-may-1979','Portiere'),
  ('252667','Cádiz CF',3,'Fali','null','12-aug-1993','Difensore'),
  ('247366','Cádiz CF',4,'Marcos','Mauro','9-jan-1991','Difensore'),
  ('067089','Cádiz CF',16,'Juan','Cala','26-nov-1989','Difensore'),
  ('345083','Cádiz CF',null,'Álex','Martín','25-jan-1998','Difensore'),
  ('051663','Cádiz CF',19,'Pedro','Alcalá','19-mar-1989','Difensore'),
  ('203981','Cádiz CF',null,'Jean-Pierre','Rhyner','15-mar-1996','Difensore'),
  ('419596','Cádiz CF',null,'Saturday','Erimuya','10-jan-1998','Difensore'),
  ('490421','Cádiz CF',null,'Momo','Mbaye','28-jun-1998','Difensore'),
  ('311044','Cádiz CF',22,'Alfonso','Espino','5-jan-1992','Difensore'),
  ('388512','Cádiz CF',null,'Marc','Baró','23-aug-1999','Difensore'),
  ('254037','Cádiz CF',20,'Iza','Carcelén','23-apr-1993','Difensore'),
  ('225015','Cádiz CF',15,'Carlos','Akapo','12-mar-1993','Difensore'),
  ('148355','Cádiz CF',2,'Jens','Jönsson','10-jan-1993','Centrocampista'),
  ('158704','Cádiz CF',5,'Jon Ander','Garrido','9-oct-1989','Centrocampista'),
  ('435500','Cádiz CF',null,'Sergio','González','14-may-1997','Centrocampista'),
  ('225462','Cádiz CF',6,'José Mari','null','6-dec-1987','Centrocampista'),
  ('290533','Cádiz CF',null,'Yann','Bodiger','9-feb-1995','Centrocampista'),
  ('039151','Cádiz CF',17,'Augusto','Fernández','10-apr-1986','Centrocampista'),
  ('882772','Cádiz CF',null,'Álvaro','Bastida','12-may-2004','Centrocampista'),
  ('089733','Cádiz CF',8,'Álex','Fernández','15-oct-1992','Centrocampista'),
  ('336747','Cádiz CF',11,'Jorge','Pombo','22-feb-1994','Centrocampista'),
  ('099559','Cádiz CF',10,'Alberto','Perea','19-dec-1990','Attaccante'),
  ('337946','Cádiz CF',25,'Jairo','Izquierdo','22-oct-1993','Attaccante'),
  ('402002','Cádiz CF',null,'Mamady','Diarra','26-jun-2000','Attaccante'),
  ('246204','Cádiz CF',7,'Salvi','Sánchez','30-mar-1991','Attaccante'),
  ('281755','Cádiz CF',14,'Iván','Alejo','10-feb-1995','Attaccante'),
  ('162652','Cádiz CF',24,'Filip','Malbasic','18-nov-1992','Attaccante'),
  ('331514','Cádiz CF',null,'Bobby','Adekanye','14-feb-1999','Attaccante'),
  ('746908','Cádiz CF',null,'Kike','Carrasco','2-mar-1998','Attaccante'),
  ('131275','Cádiz CF',9,'Choco','Lozano','25-apr-1993','Attaccante'),
  ('057935','Cádiz CF',null,'Álvaro','Giménez','19-may-1991','Attaccante'),
  ('018644','Cádiz CF',18,'Álvaro','Negredo','20-aug-1985','Attaccante'),
  ('305956','Cádiz CF',null,'Nano','Mesa','5-feb-1995','Attaccante'),
  ('399357','Cádiz CF',null,'Manuel','Nieto','29-mar-1998','Attaccante'),
  ('195488','Elche CF',1,'Paulo','Gazzaniga','2-jan-1992','Portiere'),
  ('102146','Elche CF',13,'Édgar','Badía','12-feb-1992','Portiere'),
  ('090800','Elche CF',null,'Diego','Rodríguez','25-jun-1989','Portiere'),
  ('602979','Elche CF',null,'Lluis','Andreu','27-jul-1999','Portiere'),
  ('694535','Elche CF',null,'Luis','Castillo','31-jan-2000','Portiere'),
  ('714313','Elche CF',null,'José','Salinas',null,'Portiere'),
  ('326416','Elche CF',12,'Dani','Calvo','1-apr-1994','Difensore'),
  ('349836','Elche CF',2,'Diego','González','28-jan-1995','Difensore'),
  ('255892','Elche CF',24,'Josema','null','6-jun-1996','Difensore'),
  ('184779','Elche CF',5,'Gonzalo','Verdú','21-oct-1988','Difensore'),
  ('725201','Elche CF',null,'Nacho','Pastor','3-apr-2000','Difensore'),
  ('628492','Elche CF',null,'Gerard','Barri','2-jan-2001','Difensore'),
  ('262939','Elche CF',25,'Johan','Mojica','21-aug-1992','Difensore'),
  ('274484','Elche CF',null,'Youssouf','Koné','5-jul-1995','Difensore'),
  ('819590','Elche CF',null,'José','Salinas','30-sep-2000','Difensore'),
  ('211389','Elche CF',18,'Helibelton','Palacios','9-jun-1993','Difensore'),
  ('032522','Elche CF',19,'Antonio','Barragán','12-jun-1987','Difensore'),
  ('175836','Elche CF',23,'Miguel','Cifuentes','5-oct-1990','Difensore'),
  ('090451','Elche CF',4,'Iván','Marcone','3-jun-1990','Centrocampista'),
  ('203516','Elche CF',6,'Omenuke','Mfulu','20-mar-1994','Centrocampista'),
  ('330352','Elche CF',14,'Raúl','Guti','30-dec-1996','Centrocampista'),
  ('286841','Elche CF',null,'Ramón','Folch','4-oct-1989','Centrocampista'),
  ('627290','Elche CF',null,'John','Chetauya','30-aug-2000','Centrocampista'),
  ('672953','Elche CF',null,'César','Moreno','23-apr-2001','Centrocampista'),
  ('786438','Elche CF',null,'Jony','Álamo','25-sep-2001','Centrocampista'),
  ('169249','Elche CF',null,'Juan','Sánchez Miño','1-jan-1990','Centrocampista'),
  ('149231','Elche CF',16,'Fidel','null','27-oct-1989','Attaccante'),
  ('339816','Elche CF',11,'Tete Morente','null','4-dec-1996','Attaccante'),
  ('056067','Elche CF',20,'Pablo','Piatti','31-mar-1989','Attaccante'),
  ('129753','Elche CF',8,'Víctor','Rodríguez','23-jul-1989','Attaccante'),
  ('282544','Elche CF',null,'Emiliano','Rigoni','4-feb-1993','Attaccante'),
  ('277533','Elche CF',17,'Josan','null','3-dec-1989','Attaccante'),
  ('352567','Elche CF',null,'Jeison','Lucumí','8-apr-1995','Attaccante'),
  ('225593','Elche CF',10,'Pere','Milla','23-sep-1992','Attaccante'),
  ('334222','Elche CF',9,'Lucas','Boyé','28-feb-1996','Attaccante'),
  ('184672','Elche CF',21,'Guido','Carrillo','25-may-1991','Attaccante'),
  ('510385','Elche CF',null,'Claudio','Medina','4-sep-1993','Attaccante'),
  ('527972','Elche CF',null,'Mourad','El Ghezouani','27-may-1998','Attaccante'),
  ('029178','Elche CF',7,'Nino','null','10-jun-1980','Attaccante'),
  ('720532','Elche CF',null,'Diego','Bri','12-sep-2002','Attaccante'),
  ('887054','Elche CF',null,'Cheikh','Diamanka','20-jan-2001','Attaccante');

insert into Partite values
  ('ES100000',1,'Atlético de Madrid','Sevilla FC',2,0),
  ('ES100001',3,'Atlético de Madrid','Granada CF',6,1),
  ('ES100002',5,'Atlético de Madrid','Villarreal CF',0,0),
  ('ES100003',7,'Atlético de Madrid','Real Betis Balompié',2,0),
  ('ES100004',9,'Atlético de Madrid','Cádiz CF',4,0),
  ('ES100005',10,'Atlético de Madrid','FC Barcelona',1,0),
  ('ES100006',12,'Atlético de Madrid','Real Valladolid CF',2,0),
  ('ES100007',14,'Atlético de Madrid','Elche CF',3,1),
  ('ES100008',16,'Atlético de Madrid','Getafe CF',1,0),
  ('ES100009',18,'Atlético de Madrid','Athletic Bilbao',2,1),
  ('ES100010',1,'Real Madrid','Getafe CF',2,0),
  ('ES100011',4,'Real Madrid','Real Valladolid CF',1,0),
  ('ES100012',6,'Real Madrid','Cádiz CF',0,1),
  ('ES100013',8,'Real Madrid','SD Huesca',4,1),
  ('ES100014',11,'Real Madrid','Deportivo Alavés',1,2),
  ('ES100015',13,'Real Madrid','Atlético de Madrid',2,0),
  ('ES100016',15,'Real Madrid','Granada CF',2,0),
  ('ES100017',17,'Real Madrid','Celta de Vigo',2,0),
  ('ES100018',19,'Real Madrid','Athletic Bilbao',3,1),
  ('ES100019',1,'FC Barcelona','Elche CF',3,0),
  ('ES100020',3,'FC Barcelona','Villarreal CF',4,0),
  ('ES100021',5,'FC Barcelona','Sevilla FC',1,1),
  ('ES100022',7,'FC Barcelona','Real Madrid',1,3),
  ('ES100023',9,'FC Barcelona','Real Betis Balompié',5,2),
  ('ES100024',11,'FC Barcelona','CA Osasuna',4,0),
  ('ES100025',13,'FC Barcelona','Levante UD',1,0),
  ('ES100026',14,'FC Barcelona','Valencia CF',2,2),
  ('ES100027',16,'FC Barcelona','SD Eibar',1,1),
  ('ES100028',19,'FC Barcelona','Real Sociedad',2,1),
  ('ES100029',2,'Sevilla FC','Elche CF',2,0),
  ('ES100030',4,'Sevilla FC','Levante UD',1,0),
  ('ES100031',7,'Sevilla FC','SD Eibar',0,1),
  ('ES100032',9,'Sevilla FC','CA Osasuna',1,0),
  ('ES100033',10,'Sevilla FC','Celta de Vigo',4,2),
  ('ES100034',12,'Sevilla FC','Real Madrid',0,1),
  ('ES100035',14,'Sevilla FC','Real Valladolid CF',1,1),
  ('ES100036',16,'Sevilla FC','Villarreal CF',2,0),
  ('ES100037',18,'Sevilla FC','Real Sociedad',3,2),
  ('ES100038',2,'Real Sociedad','Real Madrid',0,0),
  ('ES100039',4,'Real Sociedad','Valencia CF',0,1),
  ('ES100040',5,'Real Sociedad','Getafe CF',3,0),
  ('ES100041',7,'Real Sociedad','SD Huesca',4,1),
  ('ES100042',9,'Real Sociedad','Granada CF',2,0),
  ('ES100043',11,'Real Sociedad','Villarreal CF',1,1),
  ('ES100044',13,'Real Sociedad','SD Eibar',1,1),
  ('ES100045',15,'Real Sociedad','Atlético de Madrid',0,2),
  ('ES100046',17,'Real Sociedad','CA Osasuna',1,1),
  ('ES100047',2,'Real Betis Balompié','Real Valladolid CF',2,0),
  ('ES100048',3,'Real Betis Balompié','Real Madrid',2,3),
  ('ES100049',6,'Real Betis Balompié','Real Sociedad',0,3),
  ('ES100050',8,'Real Betis Balompié','Elche CF',3,1),
  ('ES100051',11,'Real Betis Balompié','SD Eibar',0,2),
  ('ES100052',13,'Real Betis Balompié','Villarreal CF',1,1),
  ('ES100053',15,'Real Betis Balompié','Cádiz CF',1,0),
  ('ES100054',17,'Real Betis Balompié','Sevilla FC',1,1),
  ('ES100055',19,'Real Betis Balompié','Celta de Vigo',2,1),
  ('ES100056',1,'Villarreal CF','SD Huesca',1,1),
  ('ES100057',2,'Villarreal CF','SD Eibar',2,1),
  ('ES100058',4,'Villarreal CF','Deportivo Alavés',3,1),
  ('ES100059',6,'Villarreal CF','Valencia CF',2,1),
  ('ES100060',8,'Villarreal CF','Real Valladolid CF',2,0),
  ('ES100061',10,'Villarreal CF','Real Madrid',1,1),
  ('ES100062',12,'Villarreal CF','Elche CF',0,0),
  ('ES100063',15,'Villarreal CF','Athletic Bilbao',1,1),
  ('ES100064',17,'Villarreal CF','Levante UD',2,1),
  ('ES100065',19,'Villarreal CF','Granada CF',2,2),
  ('ES100066',2,'Celta de Vigo','Valencia CF',2,1),
  ('ES100067',4,'Celta de Vigo','FC Barcelona',0,3),
  ('ES100068',6,'Celta de Vigo','Atlético de Madrid',0,2),
  ('ES100069',8,'Celta de Vigo','Real Sociedad',1,4),
  ('ES100070',11,'Celta de Vigo','Granada CF',3,1),
  ('ES100071',13,'Celta de Vigo','Cádiz CF',4,0),
  ('ES100072',14,'Celta de Vigo','Deportivo Alavés',2,0),
  ('ES100073',16,'Celta de Vigo','SD Huesca',2,1),
  ('ES100074',18,'Celta de Vigo','Villarreal CF',0,4),
  ('ES100075',2,'Athletic Bilbao','FC Barcelona',2,3),
  ('ES100076',4,'Athletic Bilbao','Cádiz CF',0,1),
  ('ES100077',6,'Athletic Bilbao','Levante UD',2,0),
  ('ES100078',8,'Athletic Bilbao','Sevilla FC',2,1),
  ('ES100079',10,'Athletic Bilbao','Real Betis Balompié',4,0),
  ('ES100080',12,'Athletic Bilbao','Celta de Vigo',0,2),
  ('ES100081',14,'Athletic Bilbao','SD Huesca',2,0),
  ('ES100082',16,'Athletic Bilbao','Real Sociedad',0,1),
  ('ES100083',17,'Athletic Bilbao','Elche CF',1,0),
  ('ES100084',1,'Granada CF','Athletic Bilbao',2,0),
  ('ES100085',2,'Granada CF','Deportivo Alavés',2,1),
  ('ES100086',4,'Granada CF','CA Osasuna',2,0),
  ('ES100087',6,'Granada CF','Sevilla FC',1,0),
  ('ES100088',8,'Granada CF','Levante UD',1,1),
  ('ES100089',10,'Granada CF','Real Valladolid CF',1,3),
  ('ES100090',12,'Granada CF','SD Huesca',3,3),
  ('ES100091',14,'Granada CF','Real Betis Balompié',2,0),
  ('ES100092',16,'Granada CF','Valencia CF',2,1),
  ('ES100093',18,'Granada CF','FC Barcelona',0,4),
  ('ES100094',3,'CA Osasuna','Levante UD',1,3),
  ('ES100095',5,'CA Osasuna','Celta de Vigo',2,0),
  ('ES100096',7,'CA Osasuna','Athletic Bilbao',1,0),
  ('ES100097',8,'CA Osasuna','Atlético de Madrid',1,3),
  ('ES100098',10,'CA Osasuna','SD Huesca',1,1),
  ('ES100099',12,'CA Osasuna','Real Betis Balompié',0,2),
  ('ES100100',14,'CA Osasuna','Villarreal CF',1,3),
  ('ES100101',16,'CA Osasuna','Deportivo Alavés',1,1),
  ('ES100102',18,'CA Osasuna','Real Madrid',0,0),
  ('ES100103',1,'Cádiz CF','CA Osasuna',0,2),
  ('ES100104',3,'Cádiz CF','Sevilla FC',1,3),
  ('ES100105',5,'Cádiz CF','Granada CF',1,1),
  ('ES100106',7,'Cádiz CF','Villarreal CF',0,0),
  ('ES100107',10,'Cádiz CF','Real Sociedad',0,1),
  ('ES100108',12,'Cádiz CF','FC Barcelona',2,1),
  ('ES100109',14,'Cádiz CF','Getafe CF',0,2),
  ('ES100110',16,'Cádiz CF','Real Valladolid CF',0,0),
  ('ES100111',18,'Cádiz CF','Deportivo Alavés',3,1),
  ('ES100112',19,'Cádiz CF','Levante UD',2,2),
  ('ES100113',1,'Valencia CF','Levante UD',4,2),
  ('ES100114',3,'Valencia CF','SD Huesca',1,1),
  ('ES100115',5,'Valencia CF','Real Betis Balompié',0,2),
  ('ES100116',8,'Valencia CF','Getafe CF',2,2),
  ('ES100117',9,'Valencia CF','Real Madrid',4,1),
  ('ES100118',11,'Valencia CF','Atlético de Madrid',0,1),
  ('ES100119',13,'Valencia CF','Athletic Bilbao',2,2),
  ('ES100120',15,'Valencia CF','Sevilla FC',0,1),
  ('ES100121',17,'Valencia CF','Cádiz CF',1,1),
  ('ES100122',19,'Valencia CF','CA Osasuna',1,1),
  ('ES100123',2,'Levante UD','Atlético de Madrid',1,1),
  ('ES100124',5,'Levante UD','Real Madrid',0,2),
  ('ES100125',7,'Levante UD','Celta de Vigo',1,1),
  ('ES100126',9,'Levante UD','Deportivo Alavés',1,1),
  ('ES100127',10,'Levante UD','Elche CF',1,1),
  ('ES100128',12,'Levante UD','Getafe CF',3,0),
  ('ES100129',14,'Levante UD','Real Sociedad',2,1),
  ('ES100130',16,'Levante UD','Real Betis Balompié',4,3),
  ('ES100131',18,'Levante UD','SD Eibar',2,1),
  ('ES100132',2,'Getafe CF','CA Osasuna',1,0),
  ('ES100133',4,'Getafe CF','Real Betis Balompié',3,0),
  ('ES100134',6,'Getafe CF','FC Barcelona',1,0),
  ('ES100135',7,'Getafe CF','Granada CF',0,1),
  ('ES100136',9,'Getafe CF','Villarreal CF',1,3),
  ('ES100137',11,'Getafe CF','Athletic Bilbao',1,1),
  ('ES100138',13,'Getafe CF','Sevilla FC',0,1),
  ('ES100139',15,'Getafe CF','Celta de Vigo',1,1),
  ('ES100140',17,'Getafe CF','Real Valladolid CF',0,1),
  ('ES100141',19,'Getafe CF','SD Huesca',1,0),
  ('ES100142',1,'Deportivo Alavés','Real Betis Balompié',0,1),
  ('ES100143',3,'Deportivo Alavés','Getafe CF',0,0),
  ('ES100144',5,'Deportivo Alavés','Athletic Bilbao',1,0),
  ('ES100145',6,'Deportivo Alavés','Elche CF',0,2),
  ('ES100146',8,'Deportivo Alavés','FC Barcelona',1,1),
  ('ES100147',10,'Deportivo Alavés','Valencia CF',2,2),
  ('ES100148',12,'Deportivo Alavés','Real Sociedad',0,0),
  ('ES100149',15,'Deportivo Alavés','SD Eibar',2,1),
  ('ES100150',17,'Deportivo Alavés','Atlético de Madrid',1,2),
  ('ES100151',19,'Deportivo Alavés','Sevilla FC',1,2),
  ('ES100152',3,'Elche CF','Real Sociedad',0,3),
  ('ES100153',5,'Elche CF','SD Huesca',0,0),
  ('ES100154',7,'Elche CF','Valencia CF',2,1),
  ('ES100155',9,'Elche CF','Celta de Vigo',1,1),
  ('ES100156',11,'Elche CF','Cádiz CF',1,1),
  ('ES100157',13,'Elche CF','Granada CF',0,1),
  ('ES100158',15,'Elche CF','CA Osasuna',2,2),
  ('ES100159',16,'Elche CF','Real Madrid',1,1),
  ('ES100160',18,'Elche CF','Getafe CF',1,3),
  ('ES100161',2,'SD Huesca','Cádiz CF',0,2),
  ('ES100162',4,'SD Huesca','Atlético de Madrid',0,0),
  ('ES100163',6,'SD Huesca','Real Valladolid CF',2,2),
  ('ES100164',9,'SD Huesca','SD Eibar',1,1),
  ('ES100165',11,'SD Huesca','Sevilla FC',0,1),
  ('ES100166',13,'SD Huesca','Deportivo Alavés',1,0),
  ('ES100167',15,'SD Huesca','Levante UD',1,1),
  ('ES100168',17,'SD Huesca','FC Barcelona',0,1),
  ('ES100169',18,'SD Huesca','Real Betis Balompié',0,2),
  ('ES100170',1,'Real Valladolid CF','Real Sociedad',1,1),
  ('ES100171',3,'Real Valladolid CF','Celta de Vigo',1,1),
  ('ES100172',5,'Real Valladolid CF','SD Eibar',1,2),
  ('ES100173',7,'Real Valladolid CF','Deportivo Alavés',0,2),
  ('ES100174',9,'Real Valladolid CF','Athletic Bilbao',2,1),
  ('ES100175',11,'Real Valladolid CF','Levante UD',1,1),
  ('ES100176',13,'Real Valladolid CF','CA Osasuna',3,2),
  ('ES100177',15,'Real Valladolid CF','FC Barcelona',0,3),
  ('ES100178',18,'Real Valladolid CF','Valencia CF',0,1),
  ('ES100179',19,'Real Valladolid CF','Elche CF',2,2),
  ('ES100180',1,'SD Eibar','Celta de Vigo',0,0),
  ('ES100181',3,'SD Eibar','Athletic Bilbao',1,2),
  ('ES100182',4,'SD Eibar','Elche CF',0,1),
  ('ES100183',6,'SD Eibar','CA Osasuna',0,0),
  ('ES100184',8,'SD Eibar','Cádiz CF',0,2),
  ('ES100185',10,'SD Eibar','Getafe CF',0,0),
  ('ES100186',12,'SD Eibar','Valencia CF',0,0),
  ('ES100187',14,'SD Eibar','Real Madrid',1,3),
  ('ES100188',17,'SD Eibar','Granada CF',2,0),
  ('ES100189',19,'SD Eibar','Atlético de Madrid',1,2);

insert into Gol values
  ('ES100000',17,'266807',false),
  ('ES100000',76,'148928',false),
  ('ES100001',9,'044779',false),
  ('ES100001',47,'266807',false),
  ('ES100001',72,'282411',false),
  ('ES100001',85,'044352',false),
  ('ES100001',87,'057825',false),
  ('ES100001',93,'044352',false),
  ('ES100003',46,'282411',false),
  ('ES100003',91,'044352',false),
  ('ES100004',22,'282411',false),
  ('ES100004',51,'044352',false),
  ('ES100005',48,'140776',false),
  ('ES100006',56,'205562',false),
  ('ES100006',72,'282411',false),
  ('ES100007',41,'044352',false),
  ('ES100007',58,'044352',false),
  ('ES100007',64,'334222',false),
  ('ES100007',80,'044779',false),
  ('ES100008',20,'044352',false),
  ('ES100009',21,'054235',false),
  ('ES100009',47,'282411',false),
  ('ES100009',51,'044352',false),
  ('ES100010',60,'018922',false),
  ('ES100010',66,'291417',false),
  ('ES100012',16,'131275',false),
  ('ES100013',40,'050202',false),
  ('ES100013',45,'018922',false),
  ('ES100013',54,'369081',false),
  ('ES100013',74,'071918',false),
  ('ES100013',90,'018922',false),
  ('ES100014',5,'073185',false),
  ('ES100015',63,'121483',true),
  ('ES100016',93,'018922',false),
  ('ES100017',6,'221316',false),
  ('ES100017',53,'296622',false),
  ('ES100018',46,'031909',false),
  ('ES100018',52,'197545',false),
  ('ES100018',74,'018922',false),
  ('ES100018',92,'018922',false),
  ('ES100019',48,'028003',false),
  ('ES100019',68,'028003',false),
  ('ES100019',73,'069751',false),
  ('ES100020',15,'466810',false),
  ('ES100020',19,'466810',false),
  ('ES100020',35,'028003',false),
  ('ES100020',45,'399776',true),
  ('ES100021',8,'072522',false),
  ('ES100021',10,'080444',false),
  ('ES100022',5,'369081',false),
  ('ES100022',8,'466810',false),
  ('ES100022',63,'025557',false),
  ('ES100022',90,'027992',false),
  ('ES100023',22,'288230',false),
  ('ES100023',47,'234523',false),
  ('ES100023',49,'125781',false),
  ('ES100023',61,'028003',false),
  ('ES100023',73,'354741',false),
  ('ES100023',82,'028003',false),
  ('ES100024',29,'095732',false),
  ('ES100024',42,'125781',false),
  ('ES100024',57,'080444',false),
  ('ES100024',73,'028003',false),
  ('ES100025',76,'028003',false),
  ('ES100026',29,'346289',false),
  ('ES100026',49,'028003',false),
  ('ES100026',52,'480267',false),
  ('ES100026',69,'396894',false),
  ('ES100027',57,'093936',false),
  ('ES100027',67,'288230',false),
  ('ES100028',31,'069751',false),
  ('ES100028',43,'326330',false),
  ('ES100029',43,'433049',false),
  ('ES100029',89,'076163',false),
  ('ES100030',92,'433049',false),
  ('ES100031',41,'093936',false),
  ('ES100032',59,'189441',false),
  ('ES100033',5,'411975',false),
  ('ES100033',10,'072047',false),
  ('ES100033',48,'433049',false),
  ('ES100033',85,'093935',false),
  ('ES100035',31,'189441',false),
  ('ES100035',87,'139434',false),
  ('ES100036',8,'189441',false),
  ('ES100036',53,'433049',false),
  ('ES100037',4,'433049',false),
  ('ES100037',7,'433049',false),
  ('ES100037',14,'349066',false),
  ('ES100037',46,'433049',false),
  ('ES100039',75,'396894',false),
  ('ES100040',28,'351478',false),
  ('ES100040',79,'338424',false),
  ('ES100041',35,'351478',false),
  ('ES100041',46,'361254',false),
  ('ES100041',54,'351478',false),
  ('ES100041',75,'349066',false),
  ('ES100042',22,'043003',false),
  ('ES100042',27,'351478',false),
  ('ES100043',6,'177467',false),
  ('ES100043',33,'351478',false),
  ('ES100044',20,'616369',false),
  ('ES100044',65,'081988',false),
  ('ES100045',49,'281769',false),
  ('ES100045',74,'282411',false),
  ('ES100046',20,'284727',false),
  ('ES100046',46,'616369',false),
  ('ES100047',10,'203496',false),
  ('ES100047',18,'100131',false),
  ('ES100048',14,'369081',false),
  ('ES100048',35,'080293',false),
  ('ES100048',37,'100131',false),
  ('ES100048',82,'025557',false),
  ('ES100049',74,'351478',false),
  ('ES100049',88,'177847',false),
  ('ES100050',7,'234523',false),
  ('ES100050',29,'141834',false),
  ('ES100050',56,'141834',false),
  ('ES100051',49,'230541',false),
  ('ES100051',54,'337922',false),
  ('ES100052',5,'399776',false),
  ('ES100052',51,'378139',false),
  ('ES100053',71,'342385',false),
  ('ES100054',53,'066106',false),
  ('ES100055',15,'255653',false),
  ('ES100055',25,'066106',false),
  ('ES100055',44,'066106',false),
  ('ES100056',42,'251876',false),
  ('ES100056',68,'177467',false),
  ('ES100057',50,'093936',false),
  ('ES100057',63,'177467',false),
  ('ES100057',71,'126716',false),
  ('ES100058',13,'126716',false),
  ('ES100058',37,'133794',false),
  ('ES100058',45,'177467',false),
  ('ES100058',67,'126716',false),
  ('ES100059',6,'126716',false),
  ('ES100059',37,'225122',false),
  ('ES100059',69,'059561',false),
  ('ES100060',21,'401922',false),
  ('ES100060',37,'399776',false),
  ('ES100061',2,'225020',false),
  ('ES100061',76,'177467',false),
  ('ES100063',19,'255508',false),
  ('ES100063',74,'568157',false),
  ('ES100064',19,'627294',false),
  ('ES100064',54,'177467',false),
  ('ES100064',73,'145769',false),
  ('ES100065',21,'034870',false),
  ('ES100065',29,'238868',false),
  ('ES100065',65,'175449',false),
  ('ES100066',13,'072047',false),
  ('ES100066',46,'396894',false),
  ('ES100066',57,'072047',false),
  ('ES100067',11,'466810',false),
  ('ES100067',51,'216240',true),
  ('ES100067',95,'085370',false),
  ('ES100068',6,'044352',false),
  ('ES100068',95,'140776',false),
  ('ES100069',24,'035518',false),
  ('ES100069',34,'351478',false),
  ('ES100069',77,'072047',false),
  ('ES100070',25,'044352',false),
  ('ES100070',81,'523977',false),
  ('ES100070',85,'423444',false),
  ('ES100071',31,'072047',false),
  ('ES100071',43,'423444',false),
  ('ES100071',46,'309110',false),
  ('ES100072',19,'309110',false),
  ('ES100072',79,'309110',false),
  ('ES100073',61,'072047',false),
  ('ES100073',84,'340867',false),
  ('ES100074',5,'177467',false),
  ('ES100074',14,'175449',false),
  ('ES100074',19,'059561',false),
  ('ES100074',31,'627294',false),
  ('ES100075',3,'255508',false),
  ('ES100075',38,'028003',false),
  ('ES100075',62,'028003',false),
  ('ES100075',90,'054235',false),
  ('ES100076',57,'192009',true),
  ('ES100077',68,'338425',false),
  ('ES100077',79,'255508',false),
  ('ES100078',9,'433049',false),
  ('ES100078',76,'054235',false),
  ('ES100078',86,'571020',false),
  ('ES100079',9,'062920',true),
  ('ES100079',33,'197545',false),
  ('ES100079',59,'054235',false),
  ('ES100079',68,'338425',false),
  ('ES100080',61,'119905',false),
  ('ES100080',78,'072047',false),
  ('ES100081',86,'197126',false),
  ('ES100081',91,'338285',false),
  ('ES100083',25,'054235',false),
  ('ES100084',49,'378293',false),
  ('ES100084',53,'281989',false),
  ('ES100085',7,'034870',false),
  ('ES100085',79,'211251',false),
  ('ES100086',22,'044352',false),
  ('ES100086',46,'248738',true),
  ('ES100087',82,'378293',false),
  ('ES100088',8,'211251',false),
  ('ES100088',34,'257851',false),
  ('ES100089',47,'221309',false),
  ('ES100089',63,'257376',false),
  ('ES100090',21,'051474',false),
  ('ES100090',43,'044352',false),
  ('ES100090',49,'067808',false),
  ('ES100090',82,'079642',false),
  ('ES100090',88,'057825',false),
  ('ES100090',90,'095963',false),
  ('ES100091',14,'034870',false),
  ('ES100091',20,'034870',false),
  ('ES100092',36,'027389',false),
  ('ES100092',88,'057825',false),
  ('ES100093',12,'125781',false),
  ('ES100093',35,'028003',false),
  ('ES100093',42,'028003',false),
  ('ES100093',63,'125781',false),
  ('ES100094',38,'063056',false),
  ('ES100094',41,'162056',false),
  ('ES100094',77,'212391',false),
  ('ES100094',81,'252677',false),
  ('ES100095',23,'061546',false),
  ('ES100095',76,'284727',false),
  ('ES100096',81,'213260',false),
  ('ES100097',80,'046413',false),
  ('ES100097',88,'318077',false),
  ('ES100098',5,'199369',false),
  ('ES100098',68,'298589',false),
  ('ES100099',76,'278359',false),
  ('ES100099',91,'341227',false),
  ('ES100100',7,'177467',false),
  ('ES100100',29,'627294',false),
  ('ES100100',70,'063056',false),
  ('ES100100',86,'177467',false),
  ('ES100101',67,'063056',false),
  ('ES100101',75,'073185',false),
  ('ES100103',10,'045383',false),
  ('ES100103',79,'213260',false),
  ('ES100104',48,'246204',false),
  ('ES100104',65,'072522',false),
  ('ES100104',94,'032467',false),
  ('ES100105',27,'095963',false),
  ('ES100105',48,'281755',false),
  ('ES100107',66,'349066',false),
  ('ES100108',8,'057935',false),
  ('ES100108',57,'051663',true),
  ('ES100108',63,'018644',false),
  ('ES100109',33,'459463',false),
  ('ES100109',94,'273152',false),
  ('ES100111',15,'089733',false),
  ('ES100111',56,'131275',false),
  ('ES100111',68,'018644',false),
  ('ES100112',4,'099559',false),
  ('ES100112',8,'212391',false),
  ('ES100112',11,'212391',false),
  ('ES100112',28,'067089',false),
  ('ES100113',1,'252677',false),
  ('ES100113',36,'252677',false),
  ('ES100113',39,'396894',false),
  ('ES100113',75,'527350',false),
  ('ES100113',94,'527350',false),
  ('ES100114',38,'063463',false),
  ('ES100114',63,'052403',false),
  ('ES100115',19,'066106',false),
  ('ES100115',74,'141834',false),
  ('ES100116',22,'503991',false),
  ('ES100116',87,'459463',false),
  ('ES100116',94,'051510',false),
  ('ES100116',100,'372246',false),
  ('ES100117',23,'018922',false),
  ('ES100117',35,'372246',false),
  ('ES100117',43,'164770',true),
  ('ES100117',54,'372246',false),
  ('ES100117',63,'372246',false),
  ('ES100118',79,'320271',true),
  ('ES100119',26,'372246',false),
  ('ES100119',55,'251897',false),
  ('ES100119',79,'034601',false),
  ('ES100119',83,'527350',false),
  ('ES100121',58,'131275',false),
  ('ES100121',79,'396894',false),
  ('ES100122',42,'284727',false),
  ('ES100122',69,'197122',true),
  ('ES100123',17,'245014',false),
  ('ES100123',37,'282411',false),
  ('ES100124',95,'018922',false),
  ('ES100125',48,'212391',false),
  ('ES100125',52,'545647',false),
  ('ES100126',4,'073185',false),
  ('ES100126',51,'252677',false),
  ('ES100127',12,'162056',false),
  ('ES100128',5,'212391',false),
  ('ES100128',17,'422460',false),
  ('ES100128',57,'455181',false),
  ('ES100129',22,'349066',false),
  ('ES100129',28,'212391',false),
  ('ES100129',87,'455181',false),
  ('ES100130',2,'175323',false),
  ('ES100130',12,'080293',false),
  ('ES100130',22,'252677',false),
  ('ES100130',24,'252677',false),
  ('ES100130',55,'212391',false),
  ('ES100130',78,'066106',false),
  ('ES100130',86,'066106',false),
  ('ES100131',51,'098249',false),
  ('ES100131',65,'162056',false),
  ('ES100131',76,'252677',false),
  ('ES100132',54,'227961',false),
  ('ES100133',13,'051510',false),
  ('ES100133',39,'284857',false),
  ('ES100133',42,'051510',false),
  ('ES100134',56,'227961',false),
  ('ES100135',47,'059551',false),
  ('ES100136',11,'126716',false),
  ('ES100136',16,'290249',false),
  ('ES100136',18,'188854',false),
  ('ES100136',62,'177467',false),
  ('ES100137',9,'251897',false),
  ('ES100137',75,'051510',false),
  ('ES100138',81,'071559',true),
  ('ES100139',7,'076746',false),
  ('ES100139',17,'072047',false),
  ('ES100140',37,'247652',false),
  ('ES100141',69,'290249',false),
  ('ES100142',95,'141834',false),
  ('ES100144',74,'176140',false),
  ('ES100145',39,'225593',false),
  ('ES100146',31,'278837',false),
  ('ES100146',63,'125781',false),
  ('ES100147',2,'184767',false),
  ('ES100147',16,'073185',false),
  ('ES100147',72,'527350',false),
  ('ES100147',77,'495629',false),
  ('ES100149',4,'051587',false),
  ('ES100149',41,'133794',false),
  ('ES100150',41,'282411',false),
  ('ES100150',90,'044352',false),
  ('ES100151',3,'433049',false),
  ('ES100151',12,'133794',false),
  ('ES100152',77,'177847',false),
  ('ES100152',94,'569866',false),
  ('ES100154',74,'320271',false),
  ('ES100155',41,'255653',false),
  ('ES100156',38,'334222',false),
  ('ES100156',55,'057935',false),
  ('ES100157',42,'044352',false),
  ('ES100158',10,'213260',false),
  ('ES100158',64,'095641',false),
  ('ES100158',78,'184672',false),
  ('ES100159',20,'027992',false),
  ('ES100160',4,'330352',false),
  ('ES100160',39,'284857',false),
  ('ES100160',69,'227961',false),
  ('ES100160',86,'051510',false),
  ('ES100161',10,'018644',false),
  ('ES100161',83,'336747',false),
  ('ES100163',35,'188838',false),
  ('ES100163',51,'404688',false),
  ('ES100163',52,'361254',false),
  ('ES100163',56,'199369',false),
  ('ES100164',38,'337922',false),
  ('ES100164',67,'361254',false),
  ('ES100165',83,'433049',false),
  ('ES100166',66,'298983',false),
  ('ES100167',31,'298983',false),
  ('ES100167',53,'162056',false),
  ('ES100168',27,'326330',false),
  ('ES100169',78,'080293',false),
  ('ES100169',93,'234523',false),
  ('ES100170',39,'065331',false),
  ('ES100170',60,'569866',false),
  ('ES100171',44,'072047',false),
  ('ES100171',66,'256429',false),
  ('ES100172',29,'337922',false),
  ('ES100172',37,'337066',false),
  ('ES100172',90,'206947',false),
  ('ES100173',55,'139895',false),
  ('ES100173',85,'634461',false),
  ('ES100174',19,'060890',false),
  ('ES100174',86,'255508',false),
  ('ES100175',83,'120095',false),
  ('ES100176',7,'247652',false),
  ('ES100176',27,'046413',false),
  ('ES100176',43,'063056',false),
  ('ES100176',56,'060890',false),
  ('ES100176',76,'247652',false),
  ('ES100177',21,'182904',false),
  ('ES100177',35,'095732',false),
  ('ES100177',65,'028003',false),
  ('ES100178',76,'372246',false),
  ('ES100179',71,'065331',false),
  ('ES100179',89,'221321',false),
  ('ES100181',40,'192009',false),
  ('ES100181',48,'093936',false),
  ('ES100181',87,'192009',false),
  ('ES100182',37,'334222',false),
  ('ES100184',36,'018644',false),
  ('ES100184',39,'246204',false),
  ('ES100187',6,'018922',false),
  ('ES100187',13,'027992',false),
  ('ES100187',28,'093936',false),
  ('ES100187',92,'221316',false),
  ('ES100188',55,'537382',false),
  ('ES100188',76,'537382',false),
  ('ES100189',12,'094308',false),
  ('ES100189',40,'044352',false),
  ('ES100189',89,'044352',false);
