/* File created by scraping https://www.transfermarkt.com using Antonio Cardin's program */

insert into Squadre values
  ('Real Madrid','Madrid','Ancelotti'),
  ('FC Barcelona','Barcelona','null'),
  ('Atlético de Madrid','Madrid','Simeone'),
  ('Sevilla FC','Sevilla','Lopetegui'),
  ('Real Sociedad','Donostia-San Sebastián (Gipuzkoa)','Alguacil'),
  ('Villarreal CF','Villarreal','Emery'),
  ('Valencia CF','Valencia','Bordalás'),
  ('Real Betis Balompié','Sevilla','Pellegrini'),
  ('Athletic Bilbao','Bilbao-Bilbo (Bizkaia)','null'),
  ('Getafe CF','Getafe (Madrid)','null'),
  ('Celta de Vigo','Vigo','Coudet'),
  ('RCD Espanyol Barcelona','Barcelona','Moreno'),
  ('CA Osasuna','Pamplona','Arrasate'),
  ('Levante UD','Valencia','Lisci'),
  ('Granada CF','Granada','Espínola'),
  ('RCD Mallorca','Palma de Mallorca','García'),
  ('Deportivo Alavés','Vitoria-Gasteiz','Mendilibar'),
  ('Cádiz CF','Cádiz','null'),
  ('Rayo Vallecano','Madrid','Iraola'),
  ('Elche CF','Elche (Alicante)','Rodríguez');

insert into Giocatori values
  ('108390','Real Madrid',1,'Thibaut','Courtois','11-may-1992','Portiere'),
  ('404839','Real Madrid',13,'Andriy','Lunin','11-feb-1999','Portiere'),
  ('401530','Real Madrid',3,'Éder','Militão','18-jan-1998','Difensore'),
  ('059016','Real Madrid',4,'David','Alaba','24-jun-1992','Difensore'),
  ('058884','Real Madrid',6,'Nacho','Fernández','18-jan-1990','Difensore'),
  ('251896','Real Madrid',5,'Jesús','Vallejo','5-jan-1997','Difensore'),
  ('291417','Real Madrid',23,'Ferland','Mendy','8-jun-1995','Difensore'),
  ('525299','Real Madrid',35,'Miguel','Gutiérrez','27-jul-2001','Difensore'),
  ('044501','Real Madrid',12,'Marcelo','null','12-may-1988','Difensore'),
  ('138927','Real Madrid',2,'Daniel','Carvajal','11-jan-1992','Difensore'),
  ('221316','Real Madrid',17,'Lucas','Vázquez','1-jul-1991','Difensore'),
  ('016306','Real Madrid',14,'Casemiro','null','23-feb-1992','Centrocampista'),
  ('369081','Real Madrid',15,'Federico','Valverde','22-jul-1998','Centrocampista'),
  ('640428','Real Madrid',25,'Eduardo','Camavinga','10-nov-2002','Centrocampista'),
  ('031909','Real Madrid',8,'Toni','Kroos','4-jan-1990','Centrocampista'),
  ('319745','Real Madrid',19,'Dani','Ceballos','7-aug-1996','Centrocampista'),
  ('027992','Real Madrid',10,'Luka','Modric','9-sep-1985','Centrocampista'),
  ('085288','Real Madrid',22,'Isco','null','21-apr-1992','Centrocampista'),
  ('371998','Real Madrid',20,'Vinicius Junior','null','12-jul-2000','Attaccante'),
  ('050202','Real Madrid',7,'Eden','Hazard','7-jan-1991','Attaccante'),
  ('296622','Real Madrid',11,'Marco','Asensio','21-jan-1996','Attaccante'),
  ('412363','Real Madrid',21,'Rodrygo','null','9-jan-2001','Attaccante'),
  ('039381','Real Madrid',18,'Gareth','Bale','16-jul-1989','Attaccante'),
  ('018922','Real Madrid',9,'Karim','Benzema','19-dec-1987','Attaccante'),
  ('257462','Real Madrid',16,'Luka','Jovic','23-dec-1997','Attaccante'),
  ('225020','Real Madrid',24,'Mariano','Díaz','1-aug-1993','Attaccante'),
  ('074857','FC Barcelona',1,'Marc-André','ter Stegen','30-apr-1992','Portiere'),
  ('111819','FC Barcelona',13,'Neto','null','19-jul-1989','Portiere'),
  ('466783','FC Barcelona',36,'Arnau','Tenas','30-may-2001','Portiere'),
  ('480267','FC Barcelona',4,'Ronald','Araújo','7-mar-1999','Difensore'),
  ('466794','FC Barcelona',24,'Eric','García','9-jan-2001','Difensore'),
  ('182904','FC Barcelona',15,'Clément','Lenglet','17-jun-1995','Difensore'),
  ('331505','FC Barcelona',22,'Óscar','Mingueza','13-may-1999','Difensore'),
  ('018944','FC Barcelona',3,'Gerard','Piqué','2-feb-1987','Difensore'),
  ('126540','FC Barcelona',23,'Samuel','Umtiti','14-nov-1993','Difensore'),
  ('069751','FC Barcelona',18,'Jordi','Alba','21-mar-1989','Difensore'),
  ('636688','FC Barcelona',31,'Álex','Balde','18-oct-2003','Difensore'),
  ('361104','FC Barcelona',2,'Sergiño','Dest','3-nov-2000','Difensore'),
  ('364240','FC Barcelona',null,'Moussa','Wagué','4-oct-1998','Difensore'),
  ('015951','FC Barcelona',8,'Dani Alves','null','6-may-1983','Difensore'),
  ('065230','FC Barcelona',5,'Sergio','Busquets','16-jul-1988','Centrocampista'),
  ('683840','FC Barcelona',16,'Pedri','null','25-nov-2002','Centrocampista'),
  ('326330','FC Barcelona',21,'Frenkie','de Jong','12-may-1997','Centrocampista'),
  ('646740','FC Barcelona',30,'Gavi','null','5-aug-2004','Centrocampista'),
  ('466805','FC Barcelona',14,'Nico','González','3-jan-2002','Centrocampista'),
  ('331511','FC Barcelona',6,'Riqui','Puig','13-aug-1999','Centrocampista'),
  ('085370','FC Barcelona',20,'Sergi','Roberto','7-feb-1992','Centrocampista'),
  ('466810','FC Barcelona',10,'Ansu','Fati','31-oct-2002','Attaccante'),
  ('724520','FC Barcelona',33,'Ez Abde','null','17-dec-2001','Attaccante'),
  ('398184','FC Barcelona',19,'Ferran','Torres','29-feb-2000','Attaccante'),
  ('288230','FC Barcelona',7,'Ousmane','Dembélé','15-may-1997','Attaccante'),
  ('204103','FC Barcelona',11,'Adama','Traoré','25-jan-1996','Attaccante'),
  ('167850','FC Barcelona',9,'Memphis','Depay','13-feb-1994','Attaccante'),
  ('058864','FC Barcelona',25,'Pierre-Emerick','Aubameyang','18-jun-1989','Attaccante'),
  ('095732','FC Barcelona',12,'Martin','Braithwaite','5-jun-1991','Attaccante'),
  ('072522','FC Barcelona',17,'Luuk','de Jong','27-aug-1990','Attaccante'),
  ('121483','Atlético de Madrid',13,'Jan','Oblak','7-jan-1993','Portiere'),
  ('127181','Atlético de Madrid',1,'Benjamin','Lecomte','26-apr-1991','Portiere'),
  ('250845','Atlético de Madrid',2,'José María','Giménez','20-jan-1995','Difensore'),
  ('281769','Atlético de Madrid',22,'Mario','Hermoso','18-jun-1995','Difensore'),
  ('107010','Atlético de Madrid',15,'Stefan','Savic','8-jan-1991','Difensore'),
  ('156501','Atlético de Madrid',18,'Felipe','null','16-may-1989','Difensore'),
  ('476352','Atlético de Madrid',12,'Renan','Lodi','8-apr-1998','Difensore'),
  ('240692','Atlético de Madrid',23,'Reinildo','Mandava','21-jan-1994','Difensore'),
  ('076061','Atlético de Madrid',24,'Sime','Vrsaljko','10-jan-1992','Difensore'),
  ('127189','Atlético de Madrid',4,'Geoffrey','Kondogbia','15-feb-1993','Centrocampista'),
  ('282411','Atlético de Madrid',14,'Marcos','Llorente','30-jan-1995','Centrocampista'),
  ('255901','Atlético de Madrid',5,'Rodrigo','de Paul','24-may-1994','Centrocampista'),
  ('074229','Atlético de Madrid',6,'Koke','null','8-jan-1992','Centrocampista'),
  ('063463','Atlético de Madrid',17,'Daniel','Wass','31-may-1989','Centrocampista'),
  ('122043','Atlético de Madrid',16,'Héctor','Herrera','19-apr-1990','Centrocampista'),
  ('205562','Atlético de Madrid',11,'Thomas','Lemar','12-nov-1995','Centrocampista'),
  ('140776','Atlético de Madrid',21,'Yannick','Carrasco','4-sep-1993','Attaccante'),
  ('462250','Atlético de Madrid',7,'João Félix','null','10-nov-1999','Attaccante'),
  ('125781','Atlético de Madrid',8,'Antoine','Griezmann','21-mar-1991','Attaccante'),
  ('266807','Atlético de Madrid',10,'Ángel','Correa','9-mar-1995','Attaccante'),
  ('517894','Atlético de Madrid',19,'Matheus Cunha','null','27-may-1999','Attaccante'),
  ('044352','Atlético de Madrid',9,'Luis','Suárez','24-jan-1987','Attaccante'),
  ('207834','Sevilla FC',13,'Bono','null','5-apr-1991','Portiere'),
  ('094308','Sevilla FC',1,'Marko','Dmitrovic','24-jan-1992','Portiere'),
  ('396107','Sevilla FC',31,'Javi','Díaz','15-may-1997','Portiere'),
  ('411975','Sevilla FC',23,'Jules','Koundé','12-nov-1998','Difensore'),
  ('329145','Sevilla FC',20,'Diego Carlos','null','15-mar-1993','Difensore'),
  ('182579','Sevilla FC',4,'Karim','Rekik','2-dec-1994','Difensore'),
  ('060410','Sevilla FC',19,'Marcos','Acuña','28-oct-1991','Difensore'),
  ('170646','Sevilla FC',3,'Ludwig','Augustinsson','21-apr-1994','Difensore'),
  ('402733','Sevilla FC',2,'Gonzalo','Montiel','1-jan-1997','Difensore'),
  ('015956','Sevilla FC',16,'Jesús','Navas','21-nov-1985','Difensore'),
  ('091849','Sevilla FC',18,'Thomas','Delaney','3-sep-1991','Centrocampista'),
  ('074294','Sevilla FC',6,'Nemanja','Gudelj','16-nov-1991','Centrocampista'),
  ('051174','Sevilla FC',25,'Fernando','null','25-jul-1987','Centrocampista'),
  ('263727','Sevilla FC',8,'Joan','Jordán','6-jul-1994','Centrocampista'),
  ('214775','Sevilla FC',21,'Óliver','Torres','10-nov-1994','Centrocampista'),
  ('032467','Sevilla FC',10,'Ivan','Rakitic','10-mar-1988','Centrocampista'),
  ('189441','Sevilla FC',5,'Lucas','Ocampos','11-jul-1994','Attaccante'),
  ('125165','Sevilla FC',9,'Tecatito Corona','null','6-jan-1993','Attaccante'),
  ('111630','Sevilla FC',17,'Erik','Lamela','4-mar-1992','Attaccante'),
  ('111961','Sevilla FC',7,'Suso','null','19-nov-1993','Attaccante'),
  ('020005','Sevilla FC',24,'Papu Gómez','null','15-feb-1988','Attaccante'),
  ('433049','Sevilla FC',15,'Youssef','En-Nesyri','1-jun-1997','Attaccante'),
  ('182877','Sevilla FC',22,'Anthony','Martial','5-dec-1995','Attaccante'),
  ('361254','Sevilla FC',12,'Rafa','Mir','18-jun-1997','Attaccante'),
  ('223725','Sevilla FC',11,'Munir El Haddadi','null','1-sep-1995','Attaccante'),
  ('628886','Sevilla FC',36,'Iván','Romero','10-apr-2001','Attaccante'),
  ('212862','Real Sociedad',1,'Álex','Remiro','24-mar-1995','Portiere'),
  ('128969','Real Sociedad',13,'Mathew','Ryan','8-apr-1992','Portiere'),
  ('351809','Real Sociedad',24,'Robin','Le Normand','11-nov-1996','Difensore'),
  ('229804','Real Sociedad',6,'Aritz','Elustondo','28-mar-1994','Difensore'),
  ('355628','Real Sociedad',5,'Igor','Zubeldia','30-mar-1997','Difensore'),
  ('580560','Real Sociedad',26,'Jon','Pacheco','8-jan-2001','Difensore'),
  ('517842','Real Sociedad',12,'Aihen','Muñoz','16-aug-1997','Difensore'),
  ('249513','Real Sociedad',15,'Diego','Rico','23-feb-1993','Difensore'),
  ('043003','Real Sociedad',20,'Nacho','Monreal','26-feb-1986','Difensore'),
  ('289255','Real Sociedad',18,'Andoni','Gorosabel','4-aug-1996','Difensore'),
  ('197135','Real Sociedad',2,'Joseba','Zaldua','24-jun-1992','Difensore'),
  ('423440','Real Sociedad',3,'Martín','Zubimendi','2-feb-1999','Centrocampista'),
  ('059344','Real Sociedad',4,'Asier','Illarramendi','8-mar-1990','Centrocampista'),
  ('338424','Real Sociedad',8,'Mikel','Merino','22-jun-1996','Centrocampista'),
  ('129473','Real Sociedad',17,'Rafinha','null','12-feb-1993','Centrocampista'),
  ('465967','Real Sociedad',16,'Ander','Guevara','7-jul-1997','Centrocampista'),
  ('634431','Real Sociedad',27,'Beñat','Turrientes','31-jan-2002','Centrocampista'),
  ('289257','Real Sociedad',14,'Jon','Guridi','28-feb-1995','Centrocampista'),
  ('035518','Real Sociedad',21,'David','Silva','8-jan-1986','Centrocampista'),
  ('351478','Real Sociedad',10,'Mikel','Oyarzabal','21-apr-1997','Attaccante'),
  ('616369','Real Sociedad',22,'Ander','Barrenetxea','27-dec-2001','Attaccante'),
  ('594926','Real Sociedad',37,'Näis','Djouahra','23-nov-1999','Attaccante'),
  ('099353','Real Sociedad',7,'Portu','null','21-may-1992','Attaccante'),
  ('177847','Real Sociedad',11,'Adnan','Januzaj','5-feb-1995','Attaccante'),
  ('349066','Real Sociedad',19,'Alexander','Isak','21-sep-1999','Attaccante'),
  ('238407','Real Sociedad',23,'Alexander','Sörloth','5-dec-1995','Attaccante'),
  ('216464','Real Sociedad',9,'Carlos','Fernández','22-may-1996','Attaccante'),
  ('625654','Real Sociedad',35,'Julen','Lobete','18-sep-2000','Attaccante'),
  ('229604','Villarreal CF',13,'Gerónimo','Rulli','20-may-1992','Portiere'),
  ('051710','Villarreal CF',1,'Sergio','Asenjo','28-jun-1989','Portiere'),
  ('399776','Villarreal CF',4,'Pau','Torres','16-jan-1997','Difensore'),
  ('080293','Villarreal CF',22,'Aïssa','Mandi','22-oct-1991','Difensore'),
  ('015452','Villarreal CF',3,'Raúl','Albiol','4-sep-1985','Difensore'),
  ('356197','Villarreal CF',24,'Alfonso','Pedraza','9-apr-1996','Difensore'),
  ('349599','Villarreal CF',12,'Pervis','Estupiñán','21-jan-1998','Difensore'),
  ('207917','Villarreal CF',18,'Alberto','Moreno','5-jul-1992','Difensore'),
  ('480763','Villarreal CF',8,'Juan','Foyth','12-jan-1998','Difensore'),
  ('127032','Villarreal CF',25,'Serge','Aurier','24-dec-1992','Difensore'),
  ('073250','Villarreal CF',2,'Mario','Gaspar','24-nov-1990','Difensore'),
  ('238868','Villarreal CF',20,'Rubén','Peña','18-jul-1991','Difensore'),
  ('074869','Villarreal CF',19,'Francis','Coquelin','13-may-1991','Centrocampista'),
  ('063494','Villarreal CF',6,'Étienne','Capoue','11-jul-1988','Centrocampista'),
  ('348795','Villarreal CF',17,'Giovani','Lo Celso','9-apr-1996','Centrocampista'),
  ('188854','Villarreal CF',14,'Manu','Trigueros','17-oct-1991','Centrocampista'),
  ('059561','Villarreal CF',5,'Dani','Parejo','16-apr-1989','Centrocampista'),
  ('065467','Villarreal CF',10,'Vicente','Iborra','16-jan-1988','Centrocampista'),
  ('355861','Villarreal CF',15,'Arnaut','Danjuma','31-jan-1997','Attaccante'),
  ('175449','Villarreal CF',23,'Moi','Gómez','23-jun-1994','Attaccante'),
  ('614464','Villarreal CF',28,'Nikita','Iosifov','11-apr-2001','Attaccante'),
  ('568157','Villarreal CF',21,'Yéremy','Pino','20-oct-2002','Attaccante'),
  ('401922','Villarreal CF',11,'Samuel','Chukwueze','22-may-1999','Attaccante'),
  ('177467','Villarreal CF',7,'Gerard','Moreno','7-apr-1992','Attaccante'),
  ('626913','Villarreal CF',16,'Boulaye','Dia','16-nov-1996','Attaccante'),
  ('126716','Villarreal CF',9,'Paco','Alcácer','30-aug-1993','Attaccante'),
  ('146227','Valencia CF',13,'Jasper','Cillessen','22-apr-1989','Portiere'),
  ('502676','Valencia CF',28,'Giorgi','Mamardashvili','29-sep-2000','Portiere'),
  ('227805','Valencia CF',1,'Jaume','Doménech','5-nov-1990','Portiere'),
  ('149498','Valencia CF',5,'Gabriel Paulista','null','26-nov-1990','Difensore'),
  ('346289','Valencia CF',12,'Mouctar','Diakhaby','19-dec-1996','Difensore'),
  ('353032','Valencia CF',15,'Omar','Alderete','26-dec-1996','Difensore'),
  ('298583','Valencia CF',24,'Eray','Cömert','4-feb-1998','Difensore'),
  ('221322','Valencia CF',14,'José','Gayà','25-may-1995','Difensore'),
  ('320271','Valencia CF',3,'Toni','Lato','21-nov-1997','Difensore'),
  ('623024','Valencia CF',32,'Jesús','Vázquez','2-jan-2003','Difensore'),
  ('367466','Valencia CF',2,'Thierry','Correia','9-mar-1999','Difensore'),
  ('170472','Valencia CF',20,'Dimitri','Foulquier','23-mar-1993','Difensore'),
  ('495629','Valencia CF',6,'Hugo','Guillamón','31-jan-2000','Centrocampista'),
  ('417575','Valencia CF',8,'Uros','Racic','17-mar-1998','Centrocampista'),
  ('372246','Valencia CF',10,'Carlos','Soler','2-jan-1997','Centrocampista'),
  ('617074','Valencia CF',23,'Ilaix','Moriba','19-jan-2003','Centrocampista'),
  ('569375','Valencia CF',27,'Koba','Koindredi','27-oct-2001','Centrocampista'),
  ('225122','Valencia CF',7,'Gonçalo','Guedes','29-nov-1996','Attaccante'),
  ('537382','Valencia CF',21,'Bryan','Gil','11-feb-2001','Attaccante'),
  ('098322','Valencia CF',17,'Denis','Cheryshev','26-dec-1990','Attaccante'),
  ('503991','Valencia CF',4,'Yunus','Musah','29-nov-2002','Attaccante'),
  ('173900','Valencia CF',11,'Hélder','Costa','12-jan-1994','Attaccante'),
  ('396894','Valencia CF',9,'Maxi','Gómez','14-aug-1996','Attaccante'),
  ('481084','Valencia CF',22,'Marcos André','null','20-oct-1996','Attaccante'),
  ('573775','Valencia CF',19,'Hugo','Duro','10-nov-1999','Attaccante'),
  ('234811','Real Betis Balompié',13,'Rui','Silva','7-feb-1994','Portiere'),
  ('101118','Real Betis Balompié',1,'Joel','Robles','17-jun-1990','Portiere'),
  ('040423','Real Betis Balompié',25,'Claudio','Bravo','13-apr-1983','Portiere'),
  ('099922','Real Betis Balompié',5,'Marc','Bartra','15-jan-1991','Difensore'),
  ('401624','Real Betis Balompié',3,'Edgar','González','1-apr-1997','Difensore'),
  ('113133','Real Betis Balompié',16,'Germán','Pezzella','27-jun-1991','Difensore'),
  ('062920','Real Betis Balompié',6,'Víctor','Ruiz','25-jan-1989','Difensore'),
  ('193098','Real Betis Balompié',15,'Álex','Moreno','8-jun-1993','Difensore'),
  ('341227','Real Betis Balompié',33,'Juan','Miranda','19-jan-2000','Difensore'),
  ('191217','Real Betis Balompié',19,'Héctor','Bellerín','19-mar-1995','Difensore'),
  ('135492','Real Betis Balompié',23,'Youssouf','Sabaly','5-mar-1993','Difensore'),
  ('068645','Real Betis Balompié',2,'Martín','Montoya','14-apr-1991','Difensore'),
  ('342385','Real Betis Balompié',21,'Guido','Rodríguez','12-apr-1994','Centrocampista'),
  ('429901','Real Betis Balompié',4,'Paul','Akouokou','20-dec-1997','Centrocampista'),
  ('100131','Real Betis Balompié',14,'William','Carvalho','7-apr-1992','Centrocampista'),
  ('020506','Real Betis Balompié',18,'Andrés','Guardado','28-sep-1986','Centrocampista'),
  ('263856','Real Betis Balompié',22,'Víctor','Camarasa','28-may-1994','Centrocampista'),
  ('203496','Real Betis Balompié',8,'Nabil','Fekir','18-jul-1993','Centrocampista'),
  ('066106','Real Betis Balompié',10,'Sergio','Canales','16-feb-1991','Centrocampista'),
  ('630995','Real Betis Balompié',28,'Rodri','Sánchez','16-feb-2000','Centrocampista'),
  ('126737','Real Betis Balompié',7,'Juanmi','null','20-may-1993','Attaccante'),
  ('141834','Real Betis Balompié',11,'Cristian','Tello','11-aug-1991','Attaccante'),
  ('371174','Real Betis Balompié',20,'Diego','Lainez','9-jun-2000','Attaccante'),
  ('378139','Real Betis Balompié',24,'Aitor','Ruibal','22-mar-1996','Attaccante'),
  ('007663','Real Betis Balompié',17,'Joaquín','null','21-jul-1981','Attaccante'),
  ('122155','Real Betis Balompié',12,'Willian José','null','23-nov-1991','Attaccante'),
  ('278359','Real Betis Balompié',9,'Borja','Iglesias','17-jan-1993','Attaccante'),
  ('262396','Athletic Bilbao',1,'Unai','Simón','11-jun-1997','Portiere'),
  ('625014','Athletic Bilbao',26,'Julen','Agirrezabala','26-dec-2000','Portiere'),
  ('379548','Athletic Bilbao',13,'Jokin','Ezkieta','17-aug-1996','Portiere'),
  ('158863','Athletic Bilbao',4,'Iñigo','Martínez','17-may-1991','Difensore'),
  ('255488','Athletic Bilbao',5,'Yeray','Álvarez','24-jan-1995','Difensore'),
  ('338285','Athletic Bilbao',3,'Unai','Núñez','30-jan-1997','Difensore'),
  ('524000','Athletic Bilbao',12,'Dani','Vivian','5-jul-1999','Difensore'),
  ('061812','Athletic Bilbao',17,'Yuri','Berchiche','10-feb-1990','Difensore'),
  ('085258','Athletic Bilbao',24,'Mikel','Balenziaga','29-feb-1988','Difensore'),
  ('197545','Athletic Bilbao',21,'Ander','Capa','8-feb-1992','Difensore'),
  ('255501','Athletic Bilbao',15,'Iñigo','Lekue','4-may-1993','Difensore'),
  ('096718','Athletic Bilbao',18,'Óscar','de Marcos','14-apr-1989','Difensore'),
  ('527838','Athletic Bilbao',2,'Álex','Petxa','6-feb-1997','Difensore'),
  ('300168','Athletic Bilbao',6,'Mikel','Vesga','8-apr-1993','Centrocampista'),
  ('610083','Athletic Bilbao',16,'Unai','Vencedor','15-nov-2000','Centrocampista'),
  ('178425','Athletic Bilbao',14,'Dani','García','24-may-1990','Centrocampista'),
  ('524010','Athletic Bilbao',19,'Oier','Zarraga','4-jan-1999','Centrocampista'),
  ('571020','Athletic Bilbao',8,'Oihan','Sancet','25-apr-2000','Centrocampista'),
  ('338425','Athletic Bilbao',7,'Álex','Berenguer','4-jul-1995','Attaccante'),
  ('054235','Athletic Bilbao',10,'Iker','Muniain','19-dec-1992','Attaccante'),
  ('668183','Athletic Bilbao',33,'Nico','Serrano','5-mar-2003','Attaccante'),
  ('709187','Athletic Bilbao',30,'Nico','Williams','12-jul-2002','Attaccante'),
  ('255508','Athletic Bilbao',9,'Iñaki','Williams','15-jun-1994','Attaccante'),
  ('251897','Athletic Bilbao',20,'Asier','Villalibre','30-sep-1997','Attaccante'),
  ('034601','Athletic Bilbao',22,'Raúl','García','11-jul-1986','Attaccante'),
  ('226012','Getafe CF',13,'David','Soria','4-apr-1993','Portiere'),
  ('246335','Getafe CF',1,'Rubén','Yáñez','12-oct-1993','Portiere'),
  ('341713','Getafe CF',27,'Diego','Conde','28-oct-1998','Portiere'),
  ('221150','Getafe CF',2,'Djené','null','31-dec-1991','Difensore'),
  ('494880','Getafe CF',15,'Jorge','Cuenca','17-nov-1999','Difensore'),
  ('302991','Getafe CF',3,'Erick','Cabaco','19-apr-1995','Difensore'),
  ('143029','Getafe CF',23,'Stefan','Mitrovic','22-may-1990','Difensore'),
  ('577486','Getafe CF',4,'Gastón','Álvarez','24-mar-2000','Difensore'),
  ('376514','Getafe CF',17,'Mathí­as','Olivera','31-oct-1997','Difensore'),
  ('189453','Getafe CF',14,'Jonathan','Silva','29-jun-1994','Difensore'),
  ('076746','Getafe CF',22,'Damián','Suárez','27-apr-1988','Difensore'),
  ('390688','Getafe CF',21,'Juan','Iglesias','3-jul-1998','Difensore'),
  ('273152','Getafe CF',20,'Nemanja','Maksimovic','26-jan-1995','Centrocampista'),
  ('357162','Getafe CF',5,'Florentino','null','19-aug-1999','Centrocampista'),
  ('137616','Getafe CF',19,'Okay','Yokuslu','9-mar-1994','Centrocampista'),
  ('290249','Getafe CF',18,'Mauro','Arambarri','30-sep-1995','Centrocampista'),
  ('398163','Getafe CF',6,'Gonzalo','Villar','23-mar-1998','Centrocampista'),
  ('284854','Getafe CF',11,'Carles','Aleñá','5-jan-1998','Centrocampista'),
  ('319160','Getafe CF',16,'Jakub','Jankto','19-jan-1996','Centrocampista'),
  ('284884','Getafe CF',24,'Óscar','Rodríguez','28-jun-1998','Centrocampista'),
  ('067082','Getafe CF',8,'Vitolo','null','2-nov-1989','Attaccante'),
  ('298976','Getafe CF',25,'Borja','Mayoral','5-apr-1997','Attaccante'),
  ('251106','Getafe CF',10,'Enes','Ünal','10-may-1997','Attaccante'),
  ('199369','Getafe CF',12,'Sandro','Ramírez','9-jul-1995','Attaccante'),
  ('227961','Getafe CF',7,'Jaime','Mata','24-oct-1988','Attaccante'),
  ('199321','Celta de Vigo',13,'Rubén','Blanco','25-jul-1995','Portiere'),
  ('144128','Celta de Vigo',1,'Matías','Dituro','8-may-1987','Portiere'),
  ('064134','Celta de Vigo',4,'Néstor','Araújo','29-aug-1991','Difensore'),
  ('358250','Celta de Vigo',15,'Joseph','Aidoo','29-sep-1995','Difensore'),
  ('131102','Celta de Vigo',24,'Jeison','Murillo','27-may-1992','Difensore'),
  ('609361','Celta de Vigo',19,'José','Fontán','11-feb-2000','Difensore'),
  ('636093','Celta de Vigo',28,'Carlos','Domínguez','11-feb-2001','Difensore'),
  ('448628','Celta de Vigo',17,'Javi','Galán','19-nov-1994','Difensore'),
  ('119905','Celta de Vigo',2,'Hugo','Mallo','22-jun-1991','Difensore'),
  ('221315','Celta de Vigo',20,'Kevin','Vázquez','23-mar-1993','Difensore'),
  ('277137','Celta de Vigo',14,'Renato','Tapia','28-jul-1995','Centrocampista'),
  ('423444','Celta de Vigo',8,'Fran','Beltrán','3-feb-1999','Centrocampista'),
  ('165007','Celta de Vigo',6,'Denis','Suárez','6-jan-1994','Centrocampista'),
  ('334042','Celta de Vigo',18,'Orbelín','Pineda','24-mar-1996','Attaccante'),
  ('341110','Celta de Vigo',11,'Franco','Cervi','26-may-1994','Attaccante'),
  ('070934','Celta de Vigo',9,'Nolito','null','15-oct-1986','Attaccante'),
  ('309110','Celta de Vigo',23,'Brais','Méndez','7-jan-1997','Attaccante'),
  ('282694','Celta de Vigo',21,'Augusto','Solari','3-jan-1992','Attaccante'),
  ('255653','Celta de Vigo',22,'Santi','Mina','7-dec-1995','Attaccante'),
  ('072047','Celta de Vigo',10,'Iago','Aspas','1-aug-1987','Attaccante'),
  ('186399','Celta de Vigo',7,'Thiago','Galhardo','20-jul-1989','Attaccante'),
  ('034370','RCD Espanyol Barcelona',13,'Diego','López','3-nov-1981','Portiere'),
  ('561613','RCD Espanyol Barcelona',34,'Joan','García','4-may-2001','Portiere'),
  ('008176','RCD Espanyol Barcelona',1,'Oier','Olazábal','14-sep-1989','Portiere'),
  ('102423','RCD Espanyol Barcelona',4,'Leandro','Cabrera','17-jun-1991','Difensore'),
  ('092947','RCD Espanyol Barcelona',24,'Sergi','Gómez','28-mar-1992','Difensore'),
  ('357884','RCD Espanyol Barcelona',5,'Fernando','Calero','14-sep-1995','Difensore'),
  ('501418','RCD Espanyol Barcelona',3,'Adrià','Pedrosa','13-may-1998','Difensore'),
  ('067090','RCD Espanyol Barcelona',17,'Dídac','Vilà','9-jun-1989','Difensore'),
  ('544106','RCD Espanyol Barcelona',12,'Óscar','Gil','26-apr-1998','Difensore'),
  ('088490','RCD Espanyol Barcelona',22,'Aleix','Vidal','21-aug-1989','Difensore'),
  ('399775','RCD Espanyol Barcelona',2,'Miguelón','null','18-jan-1996','Difensore'),
  ('129444','RCD Espanyol Barcelona',15,'David','López','9-oct-1989','Centrocampista'),
  ('378293','RCD Espanyol Barcelona',25,'Yangel','Herrera','7-jan-1998','Centrocampista'),
  ('182581','RCD Espanyol Barcelona',19,'Tonny','Vilhena','3-jan-1995','Centrocampista'),
  ('142021','RCD Espanyol Barcelona',10,'Sergi','Darder','22-dec-1993','Centrocampista'),
  ('335225','RCD Espanyol Barcelona',6,'Manu','Morlanes','12-jan-1999','Centrocampista'),
  ('295622','RCD Espanyol Barcelona',20,'Keidi','Bare','28-aug-1997','Centrocampista'),
  ('042920','RCD Espanyol Barcelona',8,'Fran','Mérida','4-mar-1990','Centrocampista'),
  ('570421','RCD Espanyol Barcelona',21,'Nico','Melamed','11-apr-2001','Centrocampista'),
  ('408471','RCD Espanyol Barcelona',9,'Javi','Puado','25-may-1998','Attaccante'),
  ('140436','RCD Espanyol Barcelona',7,'Lei','Wu','19-nov-1991','Attaccante'),
  ('288318','RCD Espanyol Barcelona',23,'Adrián','Embarba','7-may-1992','Attaccante'),
  ('448344','RCD Espanyol Barcelona',14,'Óscar','Melendo','23-aug-1997','Attaccante'),
  ('162038','RCD Espanyol Barcelona',11,'Raúl','de Tomás','17-oct-1994','Attaccante'),
  ('354741','RCD Espanyol Barcelona',16,'Loren','Morón','30-dec-1993','Attaccante'),
  ('311489','RCD Espanyol Barcelona',18,'Landry','Dimata','1-sep-1997','Attaccante'),
  ('248738','CA Osasuna',1,'Sergio','Herrera','5-jun-1993','Portiere'),
  ('298613','CA Osasuna',13,'Juan','Pérez','15-jul-1996','Portiere'),
  ('298589','CA Osasuna',5,'David','García','14-feb-1994','Difensore'),
  ('082503','CA Osasuna',23,'Aridane','Hernández','23-mar-1989','Difensore'),
  ('197122','CA Osasuna',4,'Unai','García','3-sep-1992','Difensore'),
  ('069660','CA Osasuna',15,'Jonás','Ramalho','10-jun-1993','Difensore'),
  ('618809','CA Osasuna',39,'Manu','Sánchez','24-aug-2000','Difensore'),
  ('169497','CA Osasuna',3,'Juan','Cruz','28-jul-1992','Difensore'),
  ('087469','CA Osasuna',16,'Cote','null','5-sep-1989','Difensore'),
  ('216870','CA Osasuna',2,'Nacho','Vidal','24-jan-1995','Difensore'),
  ('488626','CA Osasuna',32,'Jesús','Areso','2-jul-1999','Difensore'),
  ('213670','CA Osasuna',24,'Lucas','Torró','19-jul-1994','Centrocampista'),
  ('063040','CA Osasuna',6,'Oier','Sanjurjo','25-may-1986','Centrocampista'),
  ('552425','CA Osasuna',7,'Jon','Moncayola','13-may-1998','Centrocampista'),
  ('095641','CA Osasuna',8,'Darko','Brasanac','12-feb-1992','Centrocampista'),
  ('071579','CA Osasuna',21,'Iñigo','Pérez','18-jan-1988','Centrocampista'),
  ('063056','CA Osasuna',10,'Roberto','Torres','7-mar-1989','Centrocampista'),
  ('471474','CA Osasuna',28,'Javi','Martínez','22-dec-1999','Centrocampista'),
  ('213260','CA Osasuna',14,'Rubén','García','14-jul-1993','Attaccante'),
  ('298575','CA Osasuna',11,'Kike','Barja','4-apr-1997','Attaccante'),
  ('167721','CA Osasuna',9,'Chimy','Ávila','6-feb-1994','Attaccante'),
  ('046413','CA Osasuna',17,'Ante','Budimir','22-jul-1991','Attaccante'),
  ('093936','CA Osasuna',18,'Kike','García','25-nov-1989','Attaccante'),
  ('514514','CA Osasuna',20,'Barbero','null','17-aug-1998','Attaccante'),
  ('118997','Levante UD',1,'Aitor','Fernández','3-may-1991','Portiere'),
  ('397676','Levante UD',34,'Dani','Cárdenas','28-mar-1997','Portiere'),
  ('257851','Levante UD',14,'Rúben','Vezo','25-apr-1994','Difensore'),
  ('088590','Levante UD',13,'Shkodran','Mustafi','17-apr-1992','Difensore'),
  ('387129','Levante UD',4,'Rober','Pier','16-feb-1995','Difensore'),
  ('054935','Levante UD',7,'Martín','Cáceres','7-apr-1987','Difensore'),
  ('175323','Levante UD',6,'Óscar','Duarte','3-jun-1989','Difensore'),
  ('158791','Levante UD',15,'Sergio','Postigo','4-nov-1988','Difensore'),
  ('373916','Levante UD',25,'Marcelo','Saracchi','23-apr-1998','Difensore'),
  ('193784','Levante UD',19,'Carlos','Clerc','21-feb-1992','Difensore'),
  ('282700','Levante UD',3,'Enric','Franquesa','26-feb-1997','Difensore'),
  ('228917','Levante UD',20,'Jorge','Miramón','2-jun-1989','Difensore'),
  ('349856','Levante UD',2,'Son','null','30-mar-1994','Difensore'),
  ('071905','Levante UD',23,'Coke','null','26-apr-1987','Difensore'),
  ('205569','Levante UD',12,'Mickaël','Malsa','12-oct-1995','Centrocampista'),
  ('328480','Levante UD',8,'Pepelu','null','11-aug-1998','Centrocampista'),
  ('168959','Levante UD',5,'Nemanja','Radoja','6-feb-1993','Centrocampista'),
  ('151470','Levante UD',17,'Nikola','Vukcevic','13-dec-1991','Centrocampista'),
  ('120095','Levante UD',24,'José','Campaña','31-may-1993','Centrocampista'),
  ('162056','Levante UD',22,'Gonzalo','Melero','2-jan-1994','Centrocampista'),
  ('245014','Levante UD',10,'Enis','Bardhi','2-jul-1995','Centrocampista'),
  ('638235','Levante UD',29,'Alejandro','Cantero','8-jun-2000','Attaccante'),
  ('455181','Levante UD',18,'Jorge','de Frutos','20-feb-1997','Attaccante'),
  ('212391','Levante UD',9,'Roger','Martí','3-jan-1991','Attaccante'),
  ('252677','Levante UD',11,'José Luis','Morales','23-jul-1987','Attaccante'),
  ('422460','Levante UD',21,'Dani','Gómez','30-jul-1998','Attaccante'),
  ('034870','Levante UD',16,'Roberto','Soldado','27-may-1985','Attaccante'),
  ('367464','Granada CF',1,'Luís Maximiano','null','5-jan-1999','Portiere'),
  ('284430','Granada CF',13,'Aarón','Escandell','27-sep-1995','Portiere'),
  ('198638','Granada CF',null,'João','Costa','2-feb-1996','Portiere'),
  ('257376','Granada CF',22,'Domingos','Duarte','10-mar-1995','Difensore'),
  ('631222','Granada CF',28,'Raúl','Torrente','11-sep-2001','Difensore'),
  ('095963','Granada CF',6,'Germán','Sánchez','12-dec-1986','Difensore'),
  ('468700','Granada CF',null,'Neyder','Lozano','4-mar-1994','Difensore'),
  ('448844','Granada CF',15,'Carlos','Neva','12-jun-1996','Difensore'),
  ('093935','Granada CF',3,'Sergio','Escudero','2-sep-1989','Difensore'),
  ('120443','Granada CF',2,'Santiago','Arias','13-jan-1992','Difensore'),
  ('058330','Granada CF',16,'Víctor','Díaz','12-jun-1988','Difensore'),
  ('223053','Granada CF',17,'Quini','null','24-sep-1989','Difensore'),
  ('376588','Granada CF',18,'Njegos','Petrovic','18-jul-1999','Centrocampista'),
  ('060542','Granada CF',4,'Maxime','Gonalons','10-mar-1989','Centrocampista'),
  ('281989','Granada CF',5,'Luis','Milla','7-oct-1994','Centrocampista'),
  ('297784','Granada CF',8,'Yan','Eteki','26-aug-1997','Centrocampista'),
  ('059551','Granada CF',19,'Ángel','Montoro','25-jun-1988','Centrocampista'),
  ('631221','Granada CF',26,'Isma','Ruiz','14-feb-2001','Centrocampista'),
  ('211251','Granada CF',11,'Darwin','Machís','7-feb-1993','Attaccante'),
  ('315289','Granada CF',24,'Myrto','Uzuni','31-may-1995','Attaccante'),
  ('262365','Granada CF',10,'Antonio','Puertas','21-feb-1992','Attaccante'),
  ('282722','Granada CF',35,'Álex','Collado','22-apr-1999','Attaccante'),
  ('067548','Granada CF',21,'Rubén','Rochina','23-mar-1991','Attaccante'),
  ('487688','Granada CF',7,'Alberto','Soro','9-mar-1999','Attaccante'),
  ('413262','Granada CF',12,'Dani','Raba','29-oct-1995','Attaccante'),
  ('424784','Granada CF',9,'Luis','Suárez','2-dec-1997','Attaccante'),
  ('611426','Granada CF',14,'Matías','Arezo','21-nov-2002','Attaccante'),
  ('119235','Granada CF',20,'Carlos','Bacca','8-sep-1986','Attaccante'),
  ('057825','Granada CF',23,'Jorge','Molina','22-apr-1982','Attaccante'),
  ('207302','RCD Mallorca',25,'Sergio','Rico','1-sep-1993','Portiere'),
  ('316884','RCD Mallorca',13,'Dominik','Greif','6-apr-1997','Portiere'),
  ('562742','RCD Mallorca',31,'Leo','Román','6-jul-2000','Portiere'),
  ('029051','RCD Mallorca',1,'Manolo','Reina','1-apr-1985','Portiere'),
  ('277384','RCD Mallorca',24,'Martin','Valjent','11-dec-1995','Difensore'),
  ('278296','RCD Mallorca',21,'Antonio','Raíllo','8-oct-1991','Difensore'),
  ('378463','RCD Mallorca',5,'Franco','Russo','25-oct-1994','Difensore'),
  ('237499','RCD Mallorca',20,'Aleksandar','Sedlar','13-dec-1991','Difensore'),
  ('065318','RCD Mallorca',18,'Jaume','Costa','18-mar-1988','Difensore'),
  ('166677','RCD Mallorca',3,'Brian','Oliván','1-apr-1994','Difensore'),
  ('251876','RCD Mallorca',15,'Pablo','Maffeo','12-jul-1997','Difensore'),
  ('339699','RCD Mallorca',2,'Giovanni','González','20-sep-1994','Difensore'),
  ('072479','RCD Mallorca',6,'Clément','Grenier','7-jan-1991','Centrocampista'),
  ('126751','RCD Mallorca',4,'Iñigo','Ruiz de Galarreta','6-aug-1993','Centrocampista'),
  ('442805','RCD Mallorca',12,'Iddrisu','Baba','22-jan-1996','Centrocampista'),
  ('089297','RCD Mallorca',16,'Rodrigo','Battaglia','12-jul-1991','Centrocampista'),
  ('513031','RCD Mallorca',10,'Antonio','Sánchez','22-apr-1997','Centrocampista'),
  ('058799','RCD Mallorca',8,'Salva','Sevilla','18-mar-1984','Centrocampista'),
  ('557149','RCD Mallorca',19,'Kang-in','Lee','19-feb-2001','Centrocampista'),
  ('139435','RCD Mallorca',14,'Dani','Rodríguez','6-jun-1988','Centrocampista'),
  ('339820','RCD Mallorca',23,'Amath','Ndiaye','16-jul-1996','Attaccante'),
  ('405398','RCD Mallorca',17,'Takefusa','Kubo','4-jun-2001','Attaccante'),
  ('256267','RCD Mallorca',7,'Vedat','Muriqi','24-apr-1994','Attaccante'),
  ('627294','RCD Mallorca',26,'Fer','Niño','24-oct-2000','Attaccante'),
  ('678194','RCD Mallorca',11,'Matthew','Hoppe','13-mar-2001','Attaccante'),
  ('051510','RCD Mallorca',22,'Ángel','Rodríguez','26-apr-1987','Attaccante'),
  ('177452','RCD Mallorca',9,'Abdón','Prats','7-dec-1992','Attaccante'),
  ('172015','Deportivo Alavés',1,'Fernando','Pacheco','18-may-1992','Portiere'),
  ('298197','Deportivo Alavés',13,'Antonio','Sivera','11-aug-1996','Portiere'),
  ('067080','Deportivo Alavés',5,'Víctor','Laguardia','5-nov-1989','Difensore'),
  ('245893','Deportivo Alavés',4,'Matt','Miazga','19-jul-1995','Difensore'),
  ('127108','Deportivo Alavés',22,'Florian','Lejeune','20-may-1991','Difensore'),
  ('177046','Deportivo Alavés',3,'Rubén','Duarte','18-oct-1995','Difensore'),
  ('568158','Deportivo Alavés',27,'Javi','López','25-mar-2002','Difensore'),
  ('249471','Deportivo Alavés',12,'Saúl','García','9-nov-1994','Difensore'),
  ('533568','Deportivo Alavés',2,'Nahuel','Tenaglia','21-feb-1996','Difensore'),
  ('483573','Deportivo Alavés',21,'Martín','Aguirregabiria','10-may-1996','Difensore'),
  ('184767','Deportivo Alavés',23,'Ximo','Navarro','23-jan-1990','Difensore'),
  ('364237','Deportivo Alavés',6,'Mamadou','Loum','30-dec-1996','Centrocampista'),
  ('242497','Deportivo Alavés',20,'Pere','Pons','20-feb-1993','Centrocampista'),
  ('266795','Deportivo Alavés',16,'Gonzalo','Escalante','27-mar-1993','Centrocampista'),
  ('295065','Deportivo Alavés',15,'Toni','Moya','20-mar-1998','Centrocampista'),
  ('139895','Deportivo Alavés',8,'Tomás','Pina','14-oct-1987','Centrocampista'),
  ('277118','Deportivo Alavés',14,'Manu','García','2-jan-1998','Centrocampista'),
  ('278837','Deportivo Alavés',11,'Luis','Rioja','16-oct-1993','Attaccante'),
  ('676318','Deportivo Alavés',18,'Facundo','Pellistri','20-dec-2001','Attaccante'),
  ('263860','Deportivo Alavés',25,'Jason','null','6-jul-1994','Attaccante'),
  ('133794','Deportivo Alavés',17,'Edgar','Méndez','2-jan-1990','Attaccante'),
  ('081999','Deportivo Alavés',9,'Joselu','null','27-mar-1990','Attaccante'),
  ('527350','Deportivo Alavés',7,'Manu','Vallejo','14-feb-1997','Attaccante'),
  ('098596','Deportivo Alavés',10,'John','Guidetti','15-apr-1992','Attaccante'),
  ('480883','Deportivo Alavés',24,'Miguel','de la Fuente','3-sep-1999','Attaccante'),
  ('284342','Cádiz CF',1,'Jeremías','Ledesma','13-feb-1993','Portiere'),
  ('162027','Cádiz CF',13,'David','Gil','11-jan-1994','Portiere'),
  ('252667','Cádiz CF',3,'Fali','null','12-aug-1993','Difensore'),
  ('155423','Cádiz CF',5,'Varazdat','Haroyan','24-aug-1992','Difensore'),
  ('495625','Cádiz CF',32,'Víctor','Chust','5-mar-2000','Difensore'),
  ('067089','Cádiz CF',16,'Juan','Cala','26-nov-1989','Difensore'),
  ('062945','Cádiz CF',23,'Luis','Hernández','14-apr-1989','Difensore'),
  ('520947','Cádiz CF',19,'Santiago','Arzamendia','5-may-1998','Difensore'),
  ('311044','Cádiz CF',22,'Alfonso','Espino','5-jan-1992','Difensore'),
  ('254037','Cádiz CF',20,'Iza','Carcelén','23-apr-1993','Difensore'),
  ('225015','Cádiz CF',15,'Carlos','Akapo','12-mar-1993','Difensore'),
  ('148355','Cádiz CF',2,'Jens','Jönsson','10-jan-1993','Centrocampista'),
  ('454238','Cádiz CF',12,'Tomás','Alarcón','19-jan-1999','Centrocampista'),
  ('225462','Cádiz CF',6,'José Mari','null','6-dec-1987','Centrocampista'),
  ('247250','Cádiz CF',4,'Rubén','Alcaraz','1-may-1991','Centrocampista'),
  ('307519','Cádiz CF',24,'Fede','San Emeterio','16-mar-1997','Centrocampista'),
  ('882772','Cádiz CF',30,'Álvaro','Bastida','12-may-2004','Centrocampista'),
  ('089733','Cádiz CF',8,'Álex','Fernández','15-oct-1992','Centrocampista'),
  ('241391','Cádiz CF',11,'Oussama','Idrissi','26-feb-1996','Attaccante'),
  ('099559','Cádiz CF',10,'Alberto','Perea','19-dec-1990','Attaccante'),
  ('412046','Cádiz CF',27,'Ivan','Chapela','21-may-1999','Attaccante'),
  ('246204','Cádiz CF',7,'Salvi','Sánchez','30-mar-1991','Attaccante'),
  ('281755','Cádiz CF',14,'Iván','Alejo','10-feb-1995','Attaccante'),
  ('131275','Cádiz CF',9,'Choco','Lozano','25-apr-1993','Attaccante'),
  ('073185','Cádiz CF',25,'Lucas','Pérez','10-sep-1988','Attaccante'),
  ('085383','Cádiz CF',21,'Rubén','Sobrino','1-jun-1992','Attaccante'),
  ('177065','Cádiz CF',17,'Florin','Andone','11-apr-1993','Attaccante'),
  ('018644','Cádiz CF',18,'Álvaro','Negredo','20-aug-1985','Attaccante'),
  ('165467','Rayo Vallecano',13,'Stole','Dimitrievski','25-dec-1993','Portiere'),
  ('283489','Rayo Vallecano',1,'Luca','Zidane','13-may-1998','Portiere'),
  ('449796','Rayo Vallecano',5,'Alejandro','Catena','28-oct-1994','Difensore'),
  ('258475','Rayo Vallecano',2,'Nikola','Maras','19-dec-1995','Difensore'),
  ('240360','Rayo Vallecano',24,'Esteban','Saveljich','20-may-1991','Difensore'),
  ('037337','Rayo Vallecano',4,'Mario','Suárez','24-feb-1987','Difensore'),
  ('341264','Rayo Vallecano',33,'Fran','García','14-aug-1999','Difensore'),
  ('206947','Rayo Vallecano',19,'Kévin','Rodrigues','5-mar-1994','Difensore'),
  ('085295','Rayo Vallecano',20,'Iván','Balliu','1-jan-1992','Difensore'),
  ('608531','Rayo Vallecano',32,'Mario','Hernández','25-jan-1999','Difensore'),
  ('192009','Rayo Vallecano',12,'Unai','López','30-oct-1995','Centrocampista'),
  ('380598','Rayo Vallecano',6,'Santi','Comesaña','5-oct-1996','Centrocampista'),
  ('517753','Rayo Vallecano',23,'Óscar','Valentín','20-aug-1994','Centrocampista'),
  ('525578','Rayo Vallecano',21,'Pathé','Ciss','16-mar-1994','Centrocampista'),
  ('560483','Rayo Vallecano',9,'Randy','Nteka','6-dec-1997','Centrocampista'),
  ('030321','Rayo Vallecano',8,'Óscar','Trejo','26-apr-1988','Centrocampista'),
  ('257062','Rayo Vallecano',18,'Álvaro','García','27-oct-1992','Attaccante'),
  ('289272','Rayo Vallecano',17,'Martín','Merquelanz','12-jun-1995','Attaccante'),
  ('153427','Rayo Vallecano',10,'Bebé','null','12-jul-1990','Attaccante'),
  ('362086','Rayo Vallecano',7,'Isi','Palazón','27-dec-1994','Attaccante'),
  ('256429','Rayo Vallecano',16,'Sergi','Guardiola','29-may-1991','Attaccante'),
  ('039152','Rayo Vallecano',3,'Radamel','Falcao','10-feb-1986','Attaccante'),
  ('166683','Rayo Vallecano',11,'Mamadou','Sylla','20-mar-1994','Attaccante'),
  ('102146','Elche CF',13,'Édgar','Badía','12-feb-1992','Portiere'),
  ('027486','Elche CF',1,'Kiko','Casilla','2-oct-1986','Portiere'),
  ('186862','Elche CF',3,'Enzo','Roco','16-aug-1992','Difensore'),
  ('349836','Elche CF',4,'Diego','González','28-jan-1995','Difensore'),
  ('203043','Elche CF',6,'Pedro','Bigas','15-may-1990','Difensore'),
  ('184779','Elche CF',5,'Gonzalo','Verdú','21-oct-1988','Difensore'),
  ('216240','Elche CF',12,'Lucas','Olaza','21-jul-1994','Difensore'),
  ('262939','Elche CF',22,'Johan','Mojica','21-aug-1992','Difensore'),
  ('211389','Elche CF',14,'Helibelton','Palacios','9-jun-1993','Difensore'),
  ('032522','Elche CF',19,'Antonio','Barragán','12-jun-1987','Difensore'),
  ('142031','Elche CF',21,'Omar','Mascarell','2-feb-1993','Centrocampista'),
  ('090451','Elche CF',23,'Iván','Marcone','3-jun-1990','Centrocampista'),
  ('268670','Elche CF',2,'Gerard','Gumbau','18-dec-1994','Centrocampista'),
  ('330352','Elche CF',8,'Raúl','Guti','30-dec-1996','Centrocampista'),
  ('527698','Elche CF',24,'Kike','Pérez','14-feb-1997','Centrocampista'),
  ('055215','Elche CF',15,'Javier','Pastore','20-jun-1989','Centrocampista'),
  ('149231','Elche CF',16,'Fidel','null','27-oct-1989','Attaccante'),
  ('339816','Elche CF',11,'Tete Morente','null','4-dec-1996','Attaccante'),
  ('056067','Elche CF',20,'Pablo','Piatti','31-mar-1989','Attaccante'),
  ('277533','Elche CF',17,'Josan','null','3-dec-1989','Attaccante'),
  ('225593','Elche CF',10,'Pere','Milla','23-sep-1992','Attaccante'),
  ('296783','Elche CF',18,'Ezequiel','Ponce','29-mar-1997','Attaccante'),
  ('334222','Elche CF',9,'Lucas','Boyé','28-feb-1996','Attaccante'),
  ('184672','Elche CF',7,'Guido','Carrillo','25-may-1991','Attaccante');

insert into Partite values
  ('ES100000',4,'Real Madrid','Celta de Vigo',5,2),
  ('ES100001',6,'Real Madrid','RCD Mallorca',6,1),
  ('ES100002',7,'Real Madrid','Villarreal CF',0,0),
  ('ES100003',9,'Real Madrid','Athletic Bilbao',1,0),
  ('ES100004',11,'Real Madrid','CA Osasuna',0,0),
  ('ES100005',13,'Real Madrid','Rayo Vallecano',2,1),
  ('ES100006',15,'Real Madrid','Sevilla FC',2,1),
  ('ES100007',17,'Real Madrid','Atlético de Madrid',2,0),
  ('ES100008',18,'Real Madrid','Cádiz CF',0,0),
  ('ES100009',1,'Sevilla FC','Rayo Vallecano',3,0),
  ('ES100010',4,'Sevilla FC','FC Barcelona',1,1),
  ('ES100011',6,'Sevilla FC','Valencia CF',3,1),
  ('ES100012',7,'Sevilla FC','RCD Espanyol Barcelona',2,0),
  ('ES100013',10,'Sevilla FC','Levante UD',5,3),
  ('ES100014',12,'Sevilla FC','CA Osasuna',2,0),
  ('ES100015',14,'Sevilla FC','Deportivo Alavés',2,2),
  ('ES100016',16,'Sevilla FC','Villarreal CF',1,0),
  ('ES100017',18,'Sevilla FC','Atlético de Madrid',2,1),
  ('ES100018',1,'FC Barcelona','Real Sociedad',4,2),
  ('ES100019',3,'FC Barcelona','Getafe CF',2,1),
  ('ES100020',5,'FC Barcelona','Granada CF',1,1),
  ('ES100021',7,'FC Barcelona','Levante UD',3,0),
  ('ES100022',9,'FC Barcelona','Valencia CF',3,1),
  ('ES100023',10,'FC Barcelona','Real Madrid',1,2),
  ('ES100024',12,'FC Barcelona','Deportivo Alavés',1,1),
  ('ES100025',14,'FC Barcelona','RCD Espanyol Barcelona',1,0),
  ('ES100026',16,'FC Barcelona','Real Betis Balompié',0,1),
  ('ES100027',18,'FC Barcelona','Elche CF',3,2),
  ('ES100028',2,'Atlético de Madrid','Elche CF',1,0),
  ('ES100029',3,'Atlético de Madrid','Villarreal CF',2,2),
  ('ES100030',5,'Atlético de Madrid','Athletic Bilbao',0,0),
  ('ES100031',8,'Atlético de Madrid','FC Barcelona',2,0),
  ('ES100032',10,'Atlético de Madrid','Real Sociedad',2,2),
  ('ES100033',12,'Atlético de Madrid','Real Betis Balompié',3,0),
  ('ES100034',14,'Atlético de Madrid','CA Osasuna',1,0),
  ('ES100035',16,'Atlético de Madrid','RCD Mallorca',1,2),
  ('ES100036',19,'Atlético de Madrid','Rayo Vallecano',2,0),
  ('ES100037',2,'Real Betis Balompié','Cádiz CF',1,1),
  ('ES100038',3,'Real Betis Balompié','Real Madrid',0,1),
  ('ES100039',5,'Real Betis Balompié','RCD Espanyol Barcelona',2,2),
  ('ES100040',7,'Real Betis Balompié','Getafe CF',2,0),
  ('ES100041',10,'Real Betis Balompié','Rayo Vallecano',3,2),
  ('ES100042',11,'Real Betis Balompié','Valencia CF',4,1),
  ('ES100043',13,'Real Betis Balompié','Sevilla FC',0,2),
  ('ES100044',15,'Real Betis Balompié','Levante UD',3,1),
  ('ES100045',17,'Real Betis Balompié','Real Sociedad',4,0),
  ('ES100046',19,'Real Betis Balompié','Celta de Vigo',0,2),
  ('ES100047',2,'Real Sociedad','Rayo Vallecano',1,0),
  ('ES100048',3,'Real Sociedad','Levante UD',1,0),
  ('ES100049',5,'Real Sociedad','Sevilla FC',0,0),
  ('ES100050',7,'Real Sociedad','Elche CF',1,0),
  ('ES100051',9,'Real Sociedad','RCD Mallorca',1,0),
  ('ES100052',12,'Real Sociedad','Athletic Bilbao',1,1),
  ('ES100053',14,'Real Sociedad','Valencia CF',0,0),
  ('ES100054',16,'Real Sociedad','Real Madrid',0,2),
  ('ES100055',18,'Real Sociedad','Villarreal CF',1,3),
  ('ES100056',1,'Villarreal CF','Granada CF',0,0),
  ('ES100057',4,'Villarreal CF','Deportivo Alavés',5,2),
  ('ES100058',6,'Villarreal CF','Elche CF',4,1),
  ('ES100059',8,'Villarreal CF','Real Betis Balompié',2,0),
  ('ES100060',9,'Villarreal CF','CA Osasuna',1,2),
  ('ES100061',11,'Villarreal CF','Cádiz CF',3,3),
  ('ES100062',13,'Villarreal CF','Getafe CF',1,0),
  ('ES100063',15,'Villarreal CF','FC Barcelona',1,3),
  ('ES100064',17,'Villarreal CF','Rayo Vallecano',2,0),
  ('ES100065',19,'Villarreal CF','Levante UD',5,0),
  ('ES100066',2,'Athletic Bilbao','FC Barcelona',1,1),
  ('ES100067',4,'Athletic Bilbao','RCD Mallorca',2,0),
  ('ES100068',6,'Athletic Bilbao','Rayo Vallecano',1,2),
  ('ES100069',8,'Athletic Bilbao','Deportivo Alavés',1,0),
  ('ES100070',10,'Athletic Bilbao','Villarreal CF',2,1),
  ('ES100071',13,'Athletic Bilbao','Cádiz CF',0,1),
  ('ES100072',15,'Athletic Bilbao','Granada CF',2,2),
  ('ES100073',17,'Athletic Bilbao','Sevilla FC',0,1),
  ('ES100074',18,'Athletic Bilbao','Real Betis Balompié',3,2),
  ('ES100075',1,'Valencia CF','Getafe CF',1,0),
  ('ES100076',3,'Valencia CF','Deportivo Alavés',3,0),
  ('ES100077',5,'Valencia CF','Real Madrid',1,2),
  ('ES100078',7,'Valencia CF','Athletic Bilbao',1,1),
  ('ES100079',10,'Valencia CF','RCD Mallorca',2,2),
  ('ES100080',12,'Valencia CF','Villarreal CF',2,0),
  ('ES100081',13,'Valencia CF','Atlético de Madrid',3,3),
  ('ES100082',15,'Valencia CF','Rayo Vallecano',1,1),
  ('ES100083',17,'Valencia CF','Elche CF',2,1),
  ('ES100084',19,'Valencia CF','RCD Espanyol Barcelona',1,2),
  ('ES100085',1,'Celta de Vigo','Atlético de Madrid',1,2),
  ('ES100086',3,'Celta de Vigo','Athletic Bilbao',0,1),
  ('ES100087',5,'Celta de Vigo','Cádiz CF',1,2),
  ('ES100088',7,'Celta de Vigo','Granada CF',1,0),
  ('ES100089',9,'Celta de Vigo','Sevilla FC',0,1),
  ('ES100090',11,'Celta de Vigo','Real Sociedad',0,2),
  ('ES100091',13,'Celta de Vigo','FC Barcelona',3,3),
  ('ES100092',14,'Celta de Vigo','Villarreal CF',1,1),
  ('ES100093',16,'Celta de Vigo','Valencia CF',1,2),
  ('ES100094',18,'Celta de Vigo','RCD Espanyol Barcelona',3,1),
  ('ES100095',1,'CA Osasuna','RCD Espanyol Barcelona',0,0),
  ('ES100096',2,'CA Osasuna','Celta de Vigo',0,0),
  ('ES100097',4,'CA Osasuna','Valencia CF',1,4),
  ('ES100098',6,'CA Osasuna','Real Betis Balompié',1,3),
  ('ES100099',8,'CA Osasuna','Rayo Vallecano',1,0),
  ('ES100100',10,'CA Osasuna','Granada CF',1,1),
  ('ES100101',13,'CA Osasuna','Real Sociedad',0,2),
  ('ES100102',15,'CA Osasuna','Elche CF',1,1),
  ('ES100103',17,'CA Osasuna','FC Barcelona',2,2),
  ('ES100104',19,'CA Osasuna','Athletic Bilbao',1,3),
  ('ES100105',2,'RCD Espanyol Barcelona','Villarreal CF',0,0),
  ('ES100106',4,'RCD Espanyol Barcelona','Atlético de Madrid',1,2),
  ('ES100107',6,'RCD Espanyol Barcelona','Deportivo Alavés',1,0),
  ('ES100108',8,'RCD Espanyol Barcelona','Real Madrid',2,1),
  ('ES100109',9,'RCD Espanyol Barcelona','Cádiz CF',2,0),
  ('ES100110',11,'RCD Espanyol Barcelona','Athletic Bilbao',1,1),
  ('ES100111',13,'RCD Espanyol Barcelona','Granada CF',2,0),
  ('ES100112',15,'RCD Espanyol Barcelona','Real Sociedad',1,0),
  ('ES100113',17,'RCD Espanyol Barcelona','Levante UD',4,3),
  ('ES100114',3,'Rayo Vallecano','Granada CF',4,0),
  ('ES100115',5,'Rayo Vallecano','Getafe CF',3,0),
  ('ES100116',7,'Rayo Vallecano','Cádiz CF',3,1),
  ('ES100117',9,'Rayo Vallecano','Elche CF',2,1),
  ('ES100118',11,'Rayo Vallecano','FC Barcelona',1,0),
  ('ES100119',12,'Rayo Vallecano','Celta de Vigo',0,0),
  ('ES100120',14,'Rayo Vallecano','RCD Mallorca',3,1),
  ('ES100121',16,'Rayo Vallecano','RCD Espanyol Barcelona',1,0),
  ('ES100122',18,'Rayo Vallecano','Deportivo Alavés',2,0),
  ('ES100123',1,'Elche CF','Athletic Bilbao',0,0),
  ('ES100124',3,'Elche CF','Sevilla FC',1,1),
  ('ES100125',5,'Elche CF','Levante UD',1,1),
  ('ES100126',8,'Elche CF','Celta de Vigo',1,0),
  ('ES100127',10,'Elche CF','RCD Espanyol Barcelona',2,2),
  ('ES100128',12,'Elche CF','Real Madrid',1,2),
  ('ES100129',14,'Elche CF','Real Betis Balompié',0,3),
  ('ES100130',16,'Elche CF','Cádiz CF',3,1),
  ('ES100131',19,'Elche CF','Granada CF',0,0),
  ('ES100132',2,'Getafe CF','Sevilla FC',0,1),
  ('ES100133',4,'Getafe CF','Elche CF',0,1),
  ('ES100134',6,'Getafe CF','Atlético de Madrid',1,2),
  ('ES100135',8,'Getafe CF','Real Sociedad',1,1),
  ('ES100136',10,'Getafe CF','Celta de Vigo',0,3),
  ('ES100137',12,'Getafe CF','RCD Espanyol Barcelona',2,1),
  ('ES100138',14,'Getafe CF','Cádiz CF',4,0),
  ('ES100139',16,'Getafe CF','Athletic Bilbao',0,0),
  ('ES100140',18,'Getafe CF','CA Osasuna',1,0),
  ('ES100141',19,'Getafe CF','Real Madrid',1,0),
  ('ES100142',1,'RCD Mallorca','Real Betis Balompié',1,1),
  ('ES100143',3,'RCD Mallorca','RCD Espanyol Barcelona',1,0),
  ('ES100144',5,'RCD Mallorca','Villarreal CF',0,0),
  ('ES100145',7,'RCD Mallorca','CA Osasuna',2,3),
  ('ES100146',8,'RCD Mallorca','Levante UD',1,0),
  ('ES100147',11,'RCD Mallorca','Sevilla FC',1,1),
  ('ES100148',13,'RCD Mallorca','Elche CF',2,2),
  ('ES100149',15,'RCD Mallorca','Getafe CF',0,0),
  ('ES100150',17,'RCD Mallorca','Celta de Vigo',0,0),
  ('ES100151',19,'RCD Mallorca','FC Barcelona',0,1),
  ('ES100152',2,'Granada CF','Valencia CF',1,1),
  ('ES100153',4,'Granada CF','Real Betis Balompié',1,2),
  ('ES100154',6,'Granada CF','Real Sociedad',2,3),
  ('ES100155',8,'Granada CF','Sevilla FC',1,0),
  ('ES100156',9,'Granada CF','Atlético de Madrid',2,1),
  ('ES100157',11,'Granada CF','Getafe CF',1,1),
  ('ES100158',14,'Granada CF','Real Madrid',1,4),
  ('ES100159',16,'Granada CF','Deportivo Alavés',2,1),
  ('ES100160',18,'Granada CF','RCD Mallorca',4,1),
  ('ES100161',1,'Cádiz CF','Levante UD',1,1),
  ('ES100162',3,'Cádiz CF','CA Osasuna',2,3),
  ('ES100163',4,'Cádiz CF','Real Sociedad',0,2),
  ('ES100164',6,'Cádiz CF','FC Barcelona',0,0),
  ('ES100165',8,'Cádiz CF','Valencia CF',0,0),
  ('ES100166',10,'Cádiz CF','Deportivo Alavés',0,2),
  ('ES100167',12,'Cádiz CF','RCD Mallorca',1,1),
  ('ES100168',15,'Cádiz CF','Atlético de Madrid',1,4),
  ('ES100169',17,'Cádiz CF','Granada CF',1,1),
  ('ES100170',19,'Cádiz CF','Sevilla FC',0,1),
  ('ES100171',1,'Deportivo Alavés','Real Madrid',1,4),
  ('ES100172',2,'Deportivo Alavés','RCD Mallorca',0,1),
  ('ES100173',5,'Deportivo Alavés','CA Osasuna',0,2),
  ('ES100174',7,'Deportivo Alavés','Atlético de Madrid',1,0),
  ('ES100175',9,'Deportivo Alavés','Real Betis Balompié',0,1),
  ('ES100176',11,'Deportivo Alavés','Elche CF',1,0),
  ('ES100177',13,'Deportivo Alavés','Levante UD',2,1),
  ('ES100178',15,'Deportivo Alavés','Celta de Vigo',1,2),
  ('ES100179',17,'Deportivo Alavés','Getafe CF',1,1),
  ('ES100180',19,'Deportivo Alavés','Real Sociedad',1,1),
  ('ES100181',2,'Levante UD','Real Madrid',3,3),
  ('ES100182',4,'Levante UD','Rayo Vallecano',1,1),
  ('ES100183',6,'Levante UD','Celta de Vigo',0,2),
  ('ES100184',9,'Levante UD','Getafe CF',0,0),
  ('ES100185',11,'Levante UD','Atlético de Madrid',2,2),
  ('ES100186',12,'Levante UD','Granada CF',0,3),
  ('ES100187',14,'Levante UD','Athletic Bilbao',0,0),
  ('ES100188',16,'Levante UD','CA Osasuna',0,0),
  ('ES100189',18,'Levante UD','Valencia CF',3,4);

insert into Gol values
  ('ES100000',4,'255653',false),
  ('ES100000',24,'018922',false),
  ('ES100000',31,'341110',false),
  ('ES100000',46,'018922',false),
  ('ES100000',72,'640428',false),
  ('ES100000',87,'018922',false),
  ('ES100001',3,'018922',false),
  ('ES100001',24,'296622',false),
  ('ES100001',25,'557149',false),
  ('ES100001',29,'296622',false),
  ('ES100001',55,'296622',false),
  ('ES100001',78,'018922',false),
  ('ES100003',40,'018922',false),
  ('ES100005',14,'031909',false),
  ('ES100005',38,'018922',false),
  ('ES100005',76,'039152',false),
  ('ES100006',12,'361254',false),
  ('ES100006',32,'018922',false),
  ('ES100007',16,'018922',false),
  ('ES100007',57,'296622',false),
  ('ES100009',20,'433049',false),
  ('ES100009',55,'111630',false),
  ('ES100009',79,'111630',false),
  ('ES100010',45,'480267',false),
  ('ES100011',15,'402733',false),
  ('ES100011',22,'361254',false),
  ('ES100011',31,'573775',false),
  ('ES100012',13,'433049',false),
  ('ES100012',87,'361254',false),
  ('ES100013',8,'214775',false),
  ('ES100013',24,'361254',false),
  ('ES100013',33,'252677',false),
  ('ES100013',55,'252677',false),
  ('ES100013',61,'162056',false),
  ('ES100014',60,'189441',false),
  ('ES100015',5,'067080',false),
  ('ES100015',38,'189441',false),
  ('ES100015',92,'032467',false),
  ('ES100016',16,'189441',false),
  ('ES100017',7,'032467',false),
  ('ES100017',88,'189441',false),
  ('ES100018',19,'018944',false),
  ('ES100018',47,'095732',false),
  ('ES100018',59,'095732',false),
  ('ES100018',82,'625654',false),
  ('ES100018',85,'351478',false),
  ('ES100018',91,'085370',false),
  ('ES100019',2,'085370',false),
  ('ES100019',18,'199369',false),
  ('ES100019',30,'167850',false),
  ('ES100020',2,'257376',false),
  ('ES100020',90,'480267',false),
  ('ES100021',6,'167850',false),
  ('ES100021',14,'072522',false),
  ('ES100021',91,'466810',false),
  ('ES100022',5,'221322',false),
  ('ES100022',13,'466810',false),
  ('ES100022',41,'167850',false),
  ('ES100023',32,'059016',false),
  ('ES100023',93,'221316',false),
  ('ES100024',49,'167850',false),
  ('ES100024',52,'278837',false),
  ('ES100025',48,'167850',false),
  ('ES100027',63,'225593',false),
  ('ES100027',85,'466805',false),
  ('ES100028',39,'266807',false),
  ('ES100029',52,'188854',false),
  ('ES100029',56,'044352',false),
  ('ES100029',74,'355861',false),
  ('ES100029',95,'080293',true),
  ('ES100031',23,'205562',false),
  ('ES100031',44,'044352',false),
  ('ES100032',7,'238407',false),
  ('ES100032',48,'349066',false),
  ('ES100032',61,'044352',false),
  ('ES100032',77,'044352',false),
  ('ES100033',26,'140776',false),
  ('ES100033',63,'113133',true),
  ('ES100035',80,'378463',false),
  ('ES100035',91,'405398',false),
  ('ES100036',28,'266807',false),
  ('ES100036',53,'266807',false),
  ('ES100037',11,'018644',false),
  ('ES100038',61,'138927',false),
  ('ES100039',16,'088490',false),
  ('ES100039',49,'203496',false),
  ('ES100039',97,'102423',false),
  ('ES100041',22,'193098',false),
  ('ES100041',45,'560483',false),
  ('ES100041',65,'257062',false),
  ('ES100042',14,'278359',false),
  ('ES100042',30,'278359',false),
  ('ES100042',61,'113133',false),
  ('ES100043',55,'060410',false),
  ('ES100043',81,'191217',true),
  ('ES100044',7,'088590',false),
  ('ES100045',14,'193098',false),
  ('ES100045',66,'203496',false),
  ('ES100045',79,'193098',false),
  ('ES100046',36,'072047',false),
  ('ES100046',47,'072047',false),
  ('ES100047',68,'351478',false),
  ('ES100048',42,'616369',false),
  ('ES100050',81,'351478',false),
  ('ES100051',90,'625654',false),
  ('ES100052',58,'349066',false),
  ('ES100052',91,'054235',false),
  ('ES100054',57,'257462',false),
  ('ES100055',32,'349066',false),
  ('ES100055',38,'177467',false),
  ('ES100055',68,'177467',false),
  ('ES100055',96,'401922',false),
  ('ES100057',18,'177467',false),
  ('ES100057',27,'626913',false),
  ('ES100057',44,'242497',false),
  ('ES100057',76,'626913',false),
  ('ES100057',79,'568157',false),
  ('ES100057',88,'177467',false),
  ('ES100058',5,'568157',false),
  ('ES100058',19,'262939',false),
  ('ES100058',39,'188854',false),
  ('ES100058',60,'355861',false),
  ('ES100058',94,'207917',false),
  ('ES100059',46,'355861',false),
  ('ES100059',69,'355861',false),
  ('ES100060',26,'213670',false),
  ('ES100060',55,'177467',false),
  ('ES100060',87,'167721',false),
  ('ES100061',15,'131275',false),
  ('ES100061',43,'399776',false),
  ('ES100061',45,'131275',false),
  ('ES100061',52,'131275',false),
  ('ES100061',80,'626913',false),
  ('ES100061',95,'355861',false),
  ('ES100062',10,'188854',false),
  ('ES100063',48,'326330',false),
  ('ES100063',76,'401922',false),
  ('ES100063',88,'167850',false),
  ('ES100064',32,'080293',false),
  ('ES100064',36,'177467',false),
  ('ES100065',8,'626913',false),
  ('ES100065',13,'399776',false),
  ('ES100065',37,'177467',false),
  ('ES100065',74,'188854',false),
  ('ES100065',79,'177467',false),
  ('ES100066',50,'158863',false),
  ('ES100066',75,'167850',false),
  ('ES100067',68,'524000',false),
  ('ES100067',74,'255508',false),
  ('ES100068',5,'257062',false),
  ('ES100068',33,'525578',true),
  ('ES100068',96,'039152',false),
  ('ES100069',44,'034601',false),
  ('ES100070',14,'034601',false),
  ('ES100070',32,'074869',false),
  ('ES100070',77,'054235',false),
  ('ES100071',6,'246204',false),
  ('ES100072',10,'034601',false),
  ('ES100072',25,'211251',false),
  ('ES100072',34,'057825',false),
  ('ES100073',38,'091849',false),
  ('ES100074',2,'255508',false),
  ('ES100074',52,'203496',false),
  ('ES100074',72,'255508',false),
  ('ES100074',89,'096718',false),
  ('ES100075',11,'372246',false),
  ('ES100076',3,'063463',false),
  ('ES100076',48,'372246',false),
  ('ES100076',60,'225122',false),
  ('ES100077',66,'573775',false),
  ('ES100077',88,'018922',false),
  ('ES100078',69,'158863',false),
  ('ES100079',32,'051510',false),
  ('ES100079',39,'346289',true),
  ('ES100079',93,'225122',false),
  ('ES100079',98,'221322',false),
  ('ES100080',43,'495629',false),
  ('ES100080',77,'372246',false),
  ('ES100081',35,'044352',false),
  ('ES100081',50,'107010',true),
  ('ES100081',58,'125781',false),
  ('ES100081',60,'076061',false),
  ('ES100081',92,'573775',false),
  ('ES100081',96,'573775',false),
  ('ES100082',19,'372246',false),
  ('ES100082',64,'362086',false),
  ('ES100083',23,'225122',false),
  ('ES100083',75,'334222',false),
  ('ES100084',51,'353032',false),
  ('ES100084',83,'162038',false),
  ('ES100084',88,'408471',false),
  ('ES100085',23,'266807',false),
  ('ES100085',59,'072047',false),
  ('ES100085',64,'266807',false),
  ('ES100086',34,'255508',false),
  ('ES100087',38,'131275',false),
  ('ES100087',43,'311044',false),
  ('ES100087',64,'255653',false),
  ('ES100088',94,'165007',false),
  ('ES100089',54,'361254',false),
  ('ES100090',54,'349066',false),
  ('ES100090',79,'229804',false),
  ('ES100091',5,'466810',false),
  ('ES100091',18,'065230',false),
  ('ES100091',34,'167850',false),
  ('ES100091',52,'072047',false),
  ('ES100091',96,'072047',false),
  ('ES100092',27,'207917',false),
  ('ES100092',72,'309110',false),
  ('ES100093',11,'072047',false),
  ('ES100093',19,'573775',false),
  ('ES100093',53,'396894',false),
  ('ES100094',3,'255653',false),
  ('ES100094',47,'072047',false),
  ('ES100094',82,'165007',false),
  ('ES100094',92,'354741',false),
  ('ES100097',8,'552425',false),
  ('ES100097',26,'396894',false),
  ('ES100097',50,'082503',true),
  ('ES100097',55,'225122',false),
  ('ES100097',73,'353032',false),
  ('ES100098',39,'093936',false),
  ('ES100099',91,'618809',false),
  ('ES100100',45,'167721',false),
  ('ES100100',90,'059551',false),
  ('ES100101',72,'338424',false),
  ('ES100101',82,'177847',false),
  ('ES100102',7,'046413',false),
  ('ES100103',12,'466805',false),
  ('ES100103',14,'298589',false),
  ('ES100103',86,'167721',false),
  ('ES100104',10,'093936',false),
  ('ES100104',16,'571020',false),
  ('ES100104',25,'571020',false),
  ('ES100104',68,'571020',false),
  ('ES100106',40,'162038',false),
  ('ES100106',79,'140776',false),
  ('ES100106',99,'205562',false),
  ('ES100107',54,'162038',false),
  ('ES100108',17,'162038',false),
  ('ES100108',60,'088490',false),
  ('ES100108',71,'018922',false),
  ('ES100109',46,'162038',false),
  ('ES100109',65,'495625',true),
  ('ES100110',33,'162038',false),
  ('ES100110',52,'255508',false),
  ('ES100111',30,'501418',false),
  ('ES100111',42,'162038',false),
  ('ES100112',77,'378293',false),
  ('ES100113',6,'142021',false),
  ('ES100113',11,'455181',false),
  ('ES100113',49,'162038',false),
  ('ES100113',57,'252677',false),
  ('ES100113',60,'408471',false),
  ('ES100113',76,'408471',false),
  ('ES100114',3,'257062',false),
  ('ES100114',23,'030321',false),
  ('ES100114',43,'560483',false),
  ('ES100114',58,'380598',false),
  ('ES100115',9,'030321',false),
  ('ES100115',78,'525578',false),
  ('ES100115',81,'039152',false),
  ('ES100116',9,'257062',false),
  ('ES100116',23,'155423',false),
  ('ES100116',44,'039152',false),
  ('ES100116',87,'362086',false),
  ('ES100117',14,'334222',false),
  ('ES100117',26,'608531',false),
  ('ES100117',65,'560483',false),
  ('ES100118',30,'039152',false),
  ('ES100120',16,'256429',false),
  ('ES100120',20,'257062',false),
  ('ES100120',63,'030321',false),
  ('ES100120',89,'177452',false),
  ('ES100121',54,'102423',true),
  ('ES100122',19,'256429',false),
  ('ES100122',26,'449796',false),
  ('ES100124',11,'186862',false),
  ('ES100124',40,'433049',false),
  ('ES100125',33,'073185',false),
  ('ES100125',55,'252677',false),
  ('ES100127',23,'334222',false),
  ('ES100127',51,'335225',false),
  ('ES100127',52,'162038',false),
  ('ES100128',86,'225593',false),
  ('ES100129',27,'203496',false),
  ('ES100130',91,'089733',false),
  ('ES100132',93,'111630',false),
  ('ES100133',69,'073185',false),
  ('ES100134',45,'143029',false),
  ('ES100134',78,'044352',false),
  ('ES100134',91,'044352',false),
  ('ES100135',40,'199369',false),
  ('ES100135',68,'351478',false),
  ('ES100136',55,'255653',false),
  ('ES100136',58,'072047',false),
  ('ES100136',73,'255653',false),
  ('ES100137',31,'251106',false),
  ('ES100137',38,'092947',false),
  ('ES100137',56,'251106',false),
  ('ES100138',7,'376514',false),
  ('ES100138',60,'494880',false),
  ('ES100138',81,'251106',false),
  ('ES100138',94,'227961',false),
  ('ES100141',9,'251106',false),
  ('ES100142',25,'166677',false),
  ('ES100142',59,'029051',true),
  ('ES100143',27,'139435',false),
  ('ES100145',11,'139435',false),
  ('ES100145',49,'627294',false),
  ('ES100145',58,'071579',false),
  ('ES100145',88,'471474',false),
  ('ES100146',74,'442805',false),
  ('ES100147',22,'513031',false),
  ('ES100147',73,'111630',false),
  ('ES100148',68,'334222',false),
  ('ES100148',72,'058799',false),
  ('ES100148',75,'334222',false),
  ('ES100148',95,'251876',false),
  ('ES100151',44,'072522',false),
  ('ES100152',16,'044352',false),
  ('ES100152',88,'372246',false),
  ('ES100153',47,'630995',false),
  ('ES100153',66,'044352',false),
  ('ES100153',89,'066106',false),
  ('ES100154',9,'095963',false),
  ('ES100154',52,'229804',false),
  ('ES100154',60,'338424',false),
  ('ES100154',70,'281989',false),
  ('ES100154',82,'229804',false),
  ('ES100155',25,'067548',false),
  ('ES100156',17,'211251',false),
  ('ES100156',61,'057825',false),
  ('ES100157',36,'251106',false),
  ('ES100157',97,'057825',false),
  ('ES100158',19,'296622',false),
  ('ES100158',25,'058884',false),
  ('ES100158',34,'044352',false),
  ('ES100158',76,'291417',false),
  ('ES100159',14,'262365',false),
  ('ES100159',86,'120443',false),
  ('ES100160',20,'057825',false),
  ('ES100160',24,'139435',false),
  ('ES100160',61,'057825',false),
  ('ES100160',91,'057825',false),
  ('ES100160',96,'262365',false),
  ('ES100161',39,'252677',false),
  ('ES100161',97,'311044',false),
  ('ES100162',16,'089733',false),
  ('ES100162',60,'093936',false),
  ('ES100162',66,'089733',false),
  ('ES100162',91,'063056',false),
  ('ES100162',95,'298589',false),
  ('ES100163',71,'351478',false),
  ('ES100163',84,'351478',false),
  ('ES100167',29,'442805',false),
  ('ES100167',93,'018644',false),
  ('ES100168',56,'205562',false),
  ('ES100168',70,'125781',false),
  ('ES100168',76,'266807',false),
  ('ES100168',85,'131275',false),
  ('ES100169',32,'520947',false),
  ('ES100169',88,'057825',false),
  ('ES100170',58,'189441',false),
  ('ES100171',48,'018922',false),
  ('ES100171',56,'058884',false),
  ('ES100171',62,'018922',false),
  ('ES100172',80,'627294',false),
  ('ES100173',22,'298589',false),
  ('ES100173',29,'063056',false),
  ('ES100174',4,'067080',false),
  ('ES100175',89,'278359',false),
  ('ES100176',47,'364237',false),
  ('ES100177',13,'455181',false),
  ('ES100178',11,'255653',false),
  ('ES100178',70,'072047',false),
  ('ES100179',20,'251106',false),
  ('ES100180',14,'177847',false),
  ('ES100181',5,'039381',false),
  ('ES100181',46,'212391',false),
  ('ES100181',57,'120095',false),
  ('ES100181',79,'387129',false),
  ('ES100182',39,'212391',false),
  ('ES100182',92,'256429',false),
  ('ES100183',66,'072047',false),
  ('ES100183',85,'309110',false),
  ('ES100185',12,'125781',false),
  ('ES100185',37,'245014',false),
  ('ES100185',90,'245014',false),
  ('ES100186',7,'095963',false),
  ('ES100186',38,'044352',false),
  ('ES100186',69,'262365',false),
  ('ES100189',21,'120095',false),
  ('ES100189',24,'212391',false),
  ('ES100189',44,'225122',false),
  ('ES100189',50,'372246',false),
  ('ES100189',72,'372246',false),
  ('ES100189',85,'225122',false),
  ('ES100189',91,'245014',false);
