/* File created by scraping https://www.transfermarkt.com using Antonio Cardin's program */

insert into Squadre values
  ('RCD Espanyol Barcelona','Barcelona','Moreno'),
  ('UD Almería','Almería','null'),
  ('RCD Mallorca','Palma de Mallorca','García'),
  ('Girona FC','Girona','Rodríguez'),
  ('CD Leganés','Leganés','Martí'),
  ('Rayo Vallecano','Madrid','Iraola'),
  ('Sporting Gijón','Leorio - Gijón (Asturias)','Gallego'),
  ('Real Zaragoza','Zaragoza','Martínez'),
  ('UD Las Palmas','Las Palmas de Gran Canaria','Mel'),
  ('Málaga CF','Málaga','Pellicer'),
  ('CD Mirandés','Miranda de Ebro','López'),
  ('CF Fuenlabrada','Fuenlabrada','Sandoval'),
  ('CD Tenerife','Tenerife','Ramis'),
  ('Real Oviedo','Oviedo','Ziganda'),
  ('FC Cartagena','La Unión','Aguilar'),
  ('SD Ponferradina','Ponferrada','null'),
  ('Albacete Balompié','Albacete','Alcaraz'),
  ('CD Castellón','(Score: Jan','null'),
  ('UD Logroñés','Logroño','Rodríguez'),
  ('CD Lugo','(Residents:','César Sampedro'),
  ('AD Alcorcón','Alcorcón','Anquela'),
  ('CE Sabadell','Sabadell (Barcelona)','Hidalgo');

insert into Giocatori values
  ('034370','RCD Espanyol Barcelona',13,'Diego','López','3-nov-1981','Portiere'),
  ('628487','RCD Espanyol Barcelona',null,'Ángel','Fortuño','5-oct-2001','Portiere'),
  ('008176','RCD Espanyol Barcelona',1,'Oier','Olazábal','14-sep-1989','Portiere'),
  ('561613','RCD Espanyol Barcelona',null,'Joan','García','4-may-2001','Portiere'),
  ('634429','RCD Espanyol Barcelona',43,'Iker','Piedra','4-apr-2002','Portiere'),
  ('102423','RCD Espanyol Barcelona',4,'Leandro','Cabrera','17-jun-1991','Difensore'),
  ('357884','RCD Espanyol Barcelona',5,'Fernando','Calero','14-sep-1995','Difensore'),
  ('262391','RCD Espanyol Barcelona',6,'Lluís','López','5-mar-1997','Difensore'),
  ('501418','RCD Espanyol Barcelona',3,'Adrià','Pedrosa','13-may-1998','Difensore'),
  ('067090','RCD Espanyol Barcelona',17,'Dídac','Vilà','9-jun-1989','Difensore'),
  ('412542','RCD Espanyol Barcelona',null,'Ricard','Pujol','4-mar-1998','Difensore'),
  ('544106','RCD Espanyol Barcelona',27,'Óscar','Gil','26-apr-1998','Difensore'),
  ('399775','RCD Espanyol Barcelona',2,'Miguelón','null','18-jan-1996','Difensore'),
  ('822331','RCD Espanyol Barcelona',null,'Omar','El Hilali','12-sep-2003','Difensore'),
  ('705813','RCD Espanyol Barcelona',null,'Rubén','Sánchez','4-feb-2001','Difensore'),
  ('336869','RCD Espanyol Barcelona',null,'Marc','Roca','26-nov-1996','Centrocampista'),
  ('129444','RCD Espanyol Barcelona',15,'David','López','9-oct-1989','Centrocampista'),
  ('142021','RCD Espanyol Barcelona',10,'Sergi','Darder','22-dec-1993','Centrocampista'),
  ('295622','RCD Espanyol Barcelona',20,'Keidi','Bare','28-aug-1997','Centrocampista'),
  ('042920','RCD Espanyol Barcelona',8,'Fran','Mérida','4-mar-1990','Centrocampista'),
  ('412045','RCD Espanyol Barcelona',26,'Pol','Lozano','6-oct-1999','Centrocampista'),
  ('313113','RCD Espanyol Barcelona',null,'Álex','López','2-jun-1997','Centrocampista'),
  ('548187','RCD Espanyol Barcelona',null,'Alejandro','Pérez','7-jan-2001','Centrocampista'),
  ('570421','RCD Espanyol Barcelona',33,'Nico','Melamed','11-apr-2001','Centrocampista'),
  ('705815','RCD Espanyol Barcelona',null,'Gori','null','15-may-2002','Centrocampista'),
  ('408471','RCD Espanyol Barcelona',9,'Javi','Puado','25-may-1998','Attaccante'),
  ('140436','RCD Espanyol Barcelona',7,'Lei','Wu','19-nov-1991','Attaccante'),
  ('376211','RCD Espanyol Barcelona',22,'Matías','Vargas','8-may-1997','Attaccante'),
  ('162074','RCD Espanyol Barcelona',19,'Álvaro','Vadillo','12-sep-1994','Attaccante'),
  ('705808','RCD Espanyol Barcelona',null,'Max','Svensson','8-nov-2001','Attaccante'),
  ('288318','RCD Espanyol Barcelona',23,'Adrián','Embarba','7-may-1992','Attaccante'),
  ('448344','RCD Espanyol Barcelona',14,'Óscar','Melendo','23-aug-1997','Attaccante'),
  ('628498','RCD Espanyol Barcelona',null,'Jofre','Carreras','17-jun-2001','Attaccante'),
  ('162038','RCD Espanyol Barcelona',11,'Raúl','de Tomás','17-oct-1994','Attaccante'),
  ('311489','RCD Espanyol Barcelona',18,'Landry','Dimata','1-sep-1997','Attaccante'),
  ('394285','RCD Espanyol Barcelona',null,'Víctor','Campuzano','31-may-1997','Attaccante'),
  ('487180','RCD Espanyol Barcelona',null,'Nabil','Touaizi','1-feb-2001','Attaccante'),
  ('055977','UD Almería',1,'Giorgi','Makaridze','31-mar-1990','Portiere'),
  ('081997','UD Almería',13,'Fernando','Martínez','10-jun-1990','Portiere'),
  ('291299','UD Almería',null,'Curro','Harillo','5-may-1997','Portiere'),
  ('466788','UD Almería',null,'Lluis','Tarrés','16-mar-2001','Portiere'),
  ('494880','UD Almería',24,'Jorge','Cuenca','17-nov-1999','Difensore'),
  ('258475','UD Almería',18,'Nikola','Maras','19-dec-1995','Difensore'),
  ('333361','UD Almería',21,'Chumi','null','2-mar-1999','Difensore'),
  ('340524','UD Almería',25,'Ivanildo','Fernandes','26-mar-1996','Difensore'),
  ('111026','UD Almería',null,'Mathieu','Peybernes','21-oct-1990','Difensore'),
  ('406773','UD Almería',null,'Iván','Martos','15-may-1997','Difensore'),
  ('355627','UD Almería',15,'Sergio','Akieme','16-dec-1997','Difensore'),
  ('423443','UD Almería',12,'Álex','Centelles','30-aug-1999','Difensore'),
  ('085295','UD Almería',20,'Iván','Balliu','1-jan-1992','Difensore'),
  ('374081','UD Almería',2,'Aitor','Buñuel','10-feb-1998','Difensore'),
  ('657430','UD Almería',22,'Samú','Costa','27-nov-2000','Centrocampista'),
  ('075296','UD Almería',8,'Radosav','Petrovic','8-mar-1989','Centrocampista'),
  ('335225','UD Almería',5,'Manu','Morlanes','12-jan-1999','Centrocampista'),
  ('457221','UD Almería',14,'Lucas','Robertone','18-mar-1997','Centrocampista'),
  ('226261','UD Almería',6,'César','de la Hoz','30-mar-1992','Centrocampista'),
  ('258005','UD Almería',19,'João','Carvalho','9-mar-1997','Centrocampista'),
  ('311680','UD Almería',23,'Fran','Villalba','11-may-1998','Centrocampista'),
  ('158057','UD Almería',10,'Ager','Aketxe','30-dec-1993','Centrocampista'),
  ('611592','UD Almería',null,'Dani','Albiar','8-jan-2000','Centrocampista'),
  ('282410','UD Almería',16,'José Carlos','Lazo','16-feb-1996','Attaccante'),
  ('518644','UD Almería',32,'Largie','Ramazani','27-feb-2001','Attaccante'),
  ('465818','UD Almería',11,'Brian','Rodríguez','20-may-2000','Attaccante'),
  ('657746','UD Almería',null,'Cristian','Olivera','17-apr-2002','Attaccante'),
  ('379534','UD Almería',17,'José','Corpas','7-jul-1991','Attaccante'),
  ('433257','UD Almería',null,'Arvin','Appiah','5-jan-2001','Attaccante'),
  ('085500','UD Almería',7,'Juan','Villar','19-may-1988','Attaccante'),
  ('337715','UD Almería',9,'Umar','Sadiq','2-feb-1997','Attaccante'),
  ('581321','UD Almería',null,'Juan','Gutiérrez','4-feb-2002','Attaccante'),
  ('371245','UD Almería',4,'Guilherme','Schettine','10-oct-1995','Attaccante'),
  ('498235','UD Almería',null,'Pedro','Mendes','1-aug-1999','Attaccante'),
  ('568155','UD Almería',3,'Jordi','Escobar','10-feb-2002','Attaccante'),
  ('299715','RCD Mallorca',25,'Koke Vegas','null','27-sep-1995','Portiere'),
  ('029051','RCD Mallorca',1,'Manolo','Reina','1-apr-1985','Portiere'),
  ('242301','RCD Mallorca',13,'Miquel','Parera','18-may-1996','Portiere'),
  ('562742','RCD Mallorca',null,'Leo','Román','6-jul-2000','Portiere'),
  ('632913','RCD Mallorca',null,'Pere','García','22-mar-2002','Portiere'),
  ('277384','RCD Mallorca',24,'Martin','Valjent','11-dec-1995','Difensore'),
  ('278296','RCD Mallorca',21,'Antonio','Raíllo','8-oct-1991','Difensore'),
  ('237499','RCD Mallorca',20,'Aleksandar','Sedlar','13-dec-1991','Difensore'),
  ('378463','RCD Mallorca',5,'Franco','Russo','25-oct-1994','Difensore'),
  ('632495','RCD Mallorca',null,'Josep','Gayá','7-jul-2000','Difensore'),
  ('784717','RCD Mallorca',null,'Fran','González','13-aug-1998','Difensore'),
  ('401521','RCD Mallorca',19,'Braian','Cufré','15-dec-1996','Difensore'),
  ('166677','RCD Mallorca',3,'Brian','Oliván','1-apr-1994','Difensore'),
  ('466791','RCD Mallorca',null,'Iván','Bravo','20-jan-2001','Difensore'),
  ('646747','RCD Mallorca',null,'Rafael','Obrador','24-feb-2004','Difensore'),
  ('350364','RCD Mallorca',2,'Joan','Sastre','30-apr-1997','Difensore'),
  ('442816','RCD Mallorca',15,'Fran','Gámez','27-jul-1991','Difensore'),
  ('126751','RCD Mallorca',4,'Iñigo','Ruiz de Galarreta','6-aug-1993','Centrocampista'),
  ('442805','RCD Mallorca',12,'Iddrisu','Baba','22-jan-1996','Centrocampista'),
  ('217144','RCD Mallorca',6,'Aleix','Febas','22-feb-1996','Centrocampista'),
  ('513031','RCD Mallorca',18,'Antonio','Sánchez','22-apr-1997','Centrocampista'),
  ('058799','RCD Mallorca',8,'Salva','Sevilla','18-mar-1984','Centrocampista'),
  ('139435','RCD Mallorca',14,'Dani','Rodríguez','6-jun-1988','Centrocampista'),
  ('769063','RCD Mallorca',29,'Luka','Romero','18-nov-2004','Centrocampista'),
  ('339820','RCD Mallorca',23,'Amath','Ndiaye','16-jul-1996','Attaccante'),
  ('100722','RCD Mallorca',11,'Lago','Júnior','31-dec-1990','Attaccante'),
  ('443290','RCD Mallorca',null,'Enzo','Lombardo','16-apr-1997','Attaccante'),
  ('142920','RCD Mallorca',17,'Aleksandar','Trajkovski','5-sep-1992','Attaccante'),
  ('505673','RCD Mallorca',35,'Víctor','Mollejo','21-jan-2001','Attaccante'),
  ('331498','RCD Mallorca',16,'Jordi','Mboula','16-mar-1999','Attaccante'),
  ('345061','RCD Mallorca',10,'Murilo de Souza','null','31-oct-1994','Attaccante'),
  ('046413','RCD Mallorca',null,'Ante','Budimir','22-jul-1991','Attaccante'),
  ('177452','RCD Mallorca',9,'Abdón','Prats','7-dec-1992','Attaccante'),
  ('057935','RCD Mallorca',7,'Álvaro','Giménez','19-may-1991','Attaccante'),
  ('271021','RCD Mallorca',null,'Stoichkov','null','5-nov-1993','Attaccante'),
  ('443222','RCD Mallorca',22,'Marc','Cardona','8-jul-1995','Attaccante'),
  ('178187','RCD Mallorca',null,'Álex','Alegría','14-oct-1992','Attaccante'),
  ('166674','RCD Mallorca',null,'Álex','López','18-sep-1993','Attaccante'),
  ('620696','RCD Mallorca',null,'Ibrahim','Diabate','17-nov-1999','Attaccante'),
  ('371021','Girona FC',null,'Arijanet','Muric','7-nov-1998','Portiere'),
  ('120705','Girona FC',1,'Juan Carlos','null','20-jan-1988','Portiere'),
  ('142033','Girona FC',13,'Adrián','Ortolá','20-aug-1993','Portiere'),
  ('223720','Girona FC',null,'José Aurelio','Suárez','18-dec-1995','Portiere'),
  ('441221','Girona FC',null,'Jonatan','Morilla','6-dec-1999','Portiere'),
  ('064598','Girona FC',2,'Bernardo','Espinosa','11-jul-1989','Difensore'),
  ('115333','Girona FC',15,'Juanpe','null','30-apr-1991','Difensore'),
  ('438001','Girona FC',22,'Santiago','Bueno','9-nov-1998','Difensore'),
  ('069660','Girona FC',null,'Jonás','Ramalho','10-jun-1993','Difensore'),
  ('051663','Girona FC',null,'Pedro','Alcalá','19-mar-1989','Difensore'),
  ('627717','Girona FC',null,'Pau','Resta','14-nov-2000','Difensore'),
  ('787154','Girona FC',null,'Eric','Monjonell','6-dec-2001','Difensore'),
  ('126516','Girona FC',21,'Antonio','Luna','17-mar-1991','Difensore'),
  ('282700','Girona FC',3,'Enric','Franquesa','26-feb-1997','Difensore'),
  ('132921','Girona FC',11,'Aday','Benítez','16-dec-1987','Difensore'),
  ('627228','Girona FC',16,'Yan','Couto','3-jun-2002','Difensore'),
  ('826224','Girona FC',38,'Arnau','Martínez','25-apr-2003','Difensore'),
  ('286849','Girona FC',17,'Jordi','Calavera','2-aug-1995','Difensore'),
  ('268670','Girona FC',24,'Gerard','Gumbau','18-dec-1994','Centrocampista'),
  ('785967','Girona FC',26,'Ibrahima','Kébé','1-aug-2000','Centrocampista'),
  ('282727','Girona FC',14,'Monchu','null','13-sep-1999','Centrocampista'),
  ('188157','Girona FC',8,'Sebastián','Cristóforo','23-aug-1993','Centrocampista'),
  ('255284','Girona FC',null,'Álex','Granell','2-aug-1988','Centrocampista'),
  ('783396','Girona FC',27,'Ramón','Terrats','18-oct-2000','Centrocampista'),
  ('176610','Girona FC',null,'Pape Maly','Diamanka','10-jan-1990','Centrocampista'),
  ('707570','Girona FC',null,'Jandro','null','1-jan-2001','Attaccante'),
  ('131506','Girona FC',10,'Samu','Saiz','22-jan-1991','Attaccante'),
  ('337946','Girona FC',null,'Jairo','Izquierdo','22-oct-1993','Attaccante'),
  ('628497','Girona FC',null,'Álex','González','18-mar-2000','Attaccante'),
  ('283473','Girona FC',23,'Yoel','Bárcenas','23-oct-1993','Attaccante'),
  ('331496','Girona FC',20,'Valery','Fernández','23-nov-1999','Attaccante'),
  ('707568','Girona FC',null,'Suleiman','Camara','7-dec-2001','Attaccante'),
  ('707572','Girona FC',null,'Pau','Víctor','26-nov-2001','Attaccante'),
  ('439629','Girona FC',9,'Nahuel','Bustos','4-jul-1998','Attaccante'),
  ('059323','Girona FC',7,'Cristhian','Stuani','12-oct-1986','Attaccante'),
  ('166683','Girona FC',18,'Mamadou','Sylla','20-mar-1994','Attaccante'),
  ('466811','Girona FC',19,'Pablo','Moreno','3-may-2002','Attaccante'),
  ('319429','Girona FC',null,'Joaquín','Zeballos','13-nov-1996','Attaccante'),
  ('533110','Girona FC',null,'Álex','Pachón','17-jul-2000','Attaccante'),
  ('633327','Girona FC',null,'Adrián','Turmo','1-jan-2001','Attaccante'),
  ('341713','CD Leganés',30,'Diego','Conde','28-oct-1998','Portiere'),
  ('497225','CD Leganés',null,'Pablo','Lombo','24-may-1999','Portiere'),
  ('027493','CD Leganés',1,'Iván','Cuéllar','25-may-1984','Portiere'),
  ('023338','CD Leganés',13,'Asier','Riesgo','6-oct-1983','Portiere'),
  ('052403','CD Leganés',null,'Dimitrios','Siovas','16-sep-1988','Difensore'),
  ('131708','CD Leganés',4,'Kenneth','Omeruo','17-oct-1993','Difensore'),
  ('156808','CD Leganés',3,'Unai','Bustinza','2-feb-1992','Difensore'),
  ('203617','CD Leganés',15,'Rodri','Tarín','5-jul-1996','Difensore'),
  ('070245','CD Leganés',20,'Ignasi','Miquel','28-sep-1992','Difensore'),
  ('308989','CD Leganés',6,'Sergio','González','20-apr-1992','Difensore'),
  ('593431','CD Leganés',null,'Adil','Tahif','24-feb-2001','Difensore'),
  ('727136','CD Leganés',null,'Iván','López','8-aug-1998','Difensore'),
  ('422466','CD Leganés',28,'Javi','Hernández','2-may-1998','Difensore'),
  ('189453','CD Leganés',5,'Jonathan','Silva','29-jun-1994','Difensore'),
  ('336736','CD Leganés',12,'Daniel','Lasure','27-feb-1994','Difensore'),
  ('523968','CD Leganés',null,'Mario','del Campo','31-jan-1999','Difensore'),
  ('268176','CD Leganés',2,'Sergi','Palencia','23-mar-1996','Difensore'),
  ('049500','CD Leganés',16,'Roberto','Rosales','20-nov-1988','Difensore'),
  ('709392','CD Leganés',null,'Javi','Rubio','12-may-1999','Difensore'),
  ('113045','CD Leganés',21,'Rubén','Pérez','26-apr-1989','Centrocampista'),
  ('396328','CD Leganés',19,'Luis','Perea','25-aug-1997','Centrocampista'),
  ('099352','CD Leganés',25,'Rubén','Pardo','22-oct-1992','Centrocampista'),
  ('129693','CD Leganés',8,'Gaku','Shibasaki','28-may-1992','Centrocampista'),
  ('593480','CD Leganés',null,'Aymane','Mourid','7-may-2000','Centrocampista'),
  ('694604','CD Leganés',null,'Cássio Júnior','null','20-jun-1999','Centrocampista'),
  ('156814','CD Leganés',17,'Javi','Eraso','22-mar-1990','Centrocampista'),
  ('364603','CD Leganés',10,'José Manuel','Arnáiz','15-apr-1995','Attaccante'),
  ('252080','CD Leganés',22,'Kevin','Bua','11-aug-1993','Attaccante'),
  ('111621','CD Leganés',null,'Dani','Ojeda','3-dec-1994','Attaccante'),
  ('242532','CD Leganés',18,'Rober','Ibáñez','22-mar-1993','Attaccante'),
  ('456938','CD Leganés',14,'Javier','Avilés','17-aug-1997','Attaccante'),
  ('085324','CD Leganés',24,'Borja','Bastón','25-aug-1992','Attaccante'),
  ('192736','CD Leganés',9,'Sabin','Merino','4-jan-1992','Attaccante'),
  ('178107','CD Leganés',null,'Michael','Santos','13-mar-1993','Attaccante'),
  ('268958','CD Leganés',11,'Juan','Muñoz','12-nov-1995','Attaccante'),
  ('251680','CD Leganés',7,'Brandon','Thomas','4-feb-1995','Attaccante'),
  ('480883','CD Leganés',29,'Miguel','de la Fuente','3-sep-1999','Attaccante'),
  ('789328','CD Leganés',null,'Manu','Garrido','10-jun-2000','Attaccante'),
  ('852727','CD Leganés',null,'Diego','García','18-apr-2000','Attaccante'),
  ('165467','Rayo Vallecano',13,'Stole','Dimitrievski','25-dec-1993','Portiere'),
  ('283489','Rayo Vallecano',1,'Luca','Zidane','13-may-1998','Portiere'),
  ('607780','Rayo Vallecano',30,'Miguel Ángel','Morro','11-sep-2000','Portiere'),
  ('058497','Rayo Vallecano',null,'Alberto','García','9-feb-1985','Portiere'),
  ('724452','Rayo Vallecano',null,'Roberto','González','19-may-1999','Portiere'),
  ('449796','Rayo Vallecano',5,'Alejandro','Catena','28-oct-1994','Difensore'),
  ('189458','Rayo Vallecano',2,'Emiliano','Velázquez','30-apr-1994','Difensore'),
  ('240360','Rayo Vallecano',24,'Esteban','Saveljich','20-may-1991','Difensore'),
  ('106837','Rayo Vallecano',null,'Abdoulaye','Ba','1-jan-1991','Difensore'),
  ('638588','Rayo Vallecano',27,'Martín','Pascual','4-aug-1999','Difensore'),
  ('037337','Rayo Vallecano',4,'Mario','Suárez','24-feb-1987','Difensore'),
  ('628461','Rayo Vallecano',null,'Iker','Recio','17-jun-2001','Difensore'),
  ('341264','Rayo Vallecano',33,'Fran','García','14-aug-1999','Difensore'),
  ('103890','Rayo Vallecano',17,'Luis','Advíncula','2-mar-1990','Difensore'),
  ('608531','Rayo Vallecano',28,'Mario','Hernández','25-jan-1999','Difensore'),
  ('380598','Rayo Vallecano',6,'Santi','Comesaña','5-oct-1996','Centrocampista'),
  ('517753','Rayo Vallecano',23,'Óscar','Valentín','20-aug-1994','Centrocampista'),
  ('461620','Rayo Vallecano',null,'Sergio','Arratia','23-apr-2000','Centrocampista'),
  ('629020','Rayo Vallecano',null,'Manuel','Navarro','9-oct-2000','Centrocampista'),
  ('195605','Rayo Vallecano',22,'José','Pozo','15-mar-1996','Centrocampista'),
  ('030321','Rayo Vallecano',8,'Óscar','Trejo','26-apr-1988','Centrocampista'),
  ('343273','Rayo Vallecano',20,'Joni','Montiel','3-sep-1998','Centrocampista'),
  ('717958','Rayo Vallecano',null,'Dani','Moreno','1-sep-2001','Centrocampista'),
  ('257062','Rayo Vallecano',18,'Álvaro','García','27-oct-1992','Attaccante'),
  ('153427','Rayo Vallecano',10,'Bebé','null','12-jul-1990','Attaccante'),
  ('362086','Rayo Vallecano',7,'Isi','Palazón','27-dec-1994','Attaccante'),
  ('182963','Rayo Vallecano',null,'Lass','Bangoura','30-mar-1992','Attaccante'),
  ('531277','Rayo Vallecano',11,'Andrés','Martín','11-jul-1999','Attaccante'),
  ('610336','Rayo Vallecano',15,'Antoñín','null','16-apr-2000','Attaccante'),
  ('093747','Rayo Vallecano',14,'Yacine','Qasmi','3-jan-1991','Attaccante'),
  ('137704','Rayo Vallecano',19,'Miguel Ángel','Guerrero','12-jul-1990','Attaccante'),
  ('607779','Rayo Vallecano',null,'Sergio','Moreno','1-jan-1999','Attaccante'),
  ('531825','Rayo Vallecano',null,'Sergio','Benito','23-mar-1999','Attaccante'),
  ('054890','Rayo Vallecano',9,'Leonardo','Ulloa','26-jul-1986','Attaccante'),
  ('678124','Rayo Vallecano',null,'Marc','Echarri','4-mar-1999','Attaccante'),
  ('059349','Sporting Gijón',13,'Diego','Mariño','9-may-1990','Portiere'),
  ('531373','Sporting Gijón',30,'Christian','Leal','9-jul-1999','Portiere'),
  ('636297','Sporting Gijón',null,'Joel','Jiménez','20-jan-2000','Portiere'),
  ('723154','Sporting Gijón',null,'Pablo','Díez','13-feb-2002','Portiere'),
  ('852528','Sporting Gijón',null,'Gonzalo','Ardura','24-mar-2002','Portiere'),
  ('214770','Sporting Gijón',5,'Borja','López','2-feb-1994','Difensore'),
  ('311665','Sporting Gijón',null,'Pelayo','Suárez','9-jul-1998','Difensore'),
  ('045256','Sporting Gijón',6,'Jean-Sylvain','Babin','14-oct-1986','Difensore'),
  ('335226','Sporting Gijón',null,'Álex','Zalaya','29-apr-1998','Difensore'),
  ('053301','Sporting Gijón',4,'Marc','Valiente','29-mar-1987','Difensore'),
  ('249471','Sporting Gijón',3,'Saúl','García','9-nov-1994','Difensore'),
  ('636300','Sporting Gijón',26,'Pablo','García','5-jun-2000','Difensore'),
  ('719720','Sporting Gijón',null,'David','Argüelles','10-jan-2002','Difensore'),
  ('557146','Sporting Gijón',2,'Guille','Rosas','17-may-2000','Difensore'),
  ('392655','Sporting Gijón',32,'Bogdan','Milovanov','19-apr-1998','Difensore'),
  ('056134','Sporting Gijón',18,'Javi','Fuego','4-jan-1984','Centrocampista'),
  ('363057','Sporting Gijón',8,'Pedro','Díaz','5-jun-1998','Centrocampista'),
  ('557147','Sporting Gijón',16,'José','Gragera','14-may-2000','Centrocampista'),
  ('503837','Sporting Gijón',14,'Nacho','Méndez','30-mar-1998','Centrocampista'),
  ('224774','Sporting Gijón',20,'Cristian','Salvador','20-nov-1994','Centrocampista'),
  ('176133','Sporting Gijón',null,'Hernán','Santana','26-aug-1990','Centrocampista'),
  ('416269','Sporting Gijón',null,'Mateo','Arellano','19-jan-1998','Centrocampista'),
  ('636309','Sporting Gijón',null,'Javi','Mecerreyes','4-jul-2000','Centrocampista'),
  ('277118','Sporting Gijón',19,'Manu','García','2-jan-1998','Centrocampista'),
  ('238717','Sporting Gijón',22,'Pablo','Pérez','2-aug-1993','Centrocampista'),
  ('071394','Sporting Gijón',10,'Carlos','Carmona','5-jul-1987','Attaccante'),
  ('580525','Sporting Gijón',27,'Gaspar','Campos','27-mar-2000','Attaccante'),
  ('531376','Sporting Gijón',null,'Bertín','null','2-apr-1998','Attaccante'),
  ('560600','Sporting Gijón',null,'Pelayo','Morilla','12-jul-2001','Attaccante'),
  ('214468','Sporting Gijón',7,'Aitor','García','25-mar-1994','Attaccante'),
  ('368982','Sporting Gijón',17,'Nikola','Cumic','20-nov-1998','Attaccante'),
  ('602759','Sporting Gijón',null,'César','García','27-aug-1999','Attaccante'),
  ('636304','Sporting Gijón',null,'Marcos','Trabanco','27-feb-2001','Attaccante'),
  ('190804','Sporting Gijón',23,'Uros','Djurdjevic','2-mar-1994','Attaccante'),
  ('141835','Sporting Gijón',null,'Álvaro','Vázquez','27-apr-1991','Attaccante'),
  ('211453','Sporting Gijón',null,'Neftali','Manzambi','23-apr-1997','Attaccante'),
  ('248551','Real Zaragoza',13,'Álvaro','Ratón','29-jan-1993','Portiere'),
  ('055135','Real Zaragoza',1,'Cristian','Álvarez','13-nov-1985','Portiere'),
  ('557186','Real Zaragoza',41,'Juan Carlos','Azón','6-jul-2000','Portiere'),
  ('632892','Real Zaragoza',42,'Guillermo','Acín','28-feb-2001','Portiere'),
  ('632896','Real Zaragoza',6,'Alejandro','Francés','1-aug-2002','Difensore'),
  ('487951','Real Zaragoza',5,'Enrique','Clemente','4-mar-1999','Difensore'),
  ('128479','Real Zaragoza',3,'Jair','Amador','21-aug-1989','Difensore'),
  ('230895','Real Zaragoza',6,'Alberto','Guitián','29-jul-1990','Difensore'),
  ('059337','Real Zaragoza',18,'Pichu','Atienza','18-jan-1990','Difensore'),
  ('632893','Real Zaragoza',39,'Javi','Hernández','14-sep-2000','Difensore'),
  ('596122','Real Zaragoza',15,'Pep','Chavarría','10-apr-1998','Difensore'),
  ('340682','Real Zaragoza',17,'Carlos','Nieto','6-may-1996','Difensore'),
  ('466799','Real Zaragoza',33,'Antonio','Sola','24-jan-2001','Difensore'),
  ('290273','Real Zaragoza',5,'Álvaro','Tejero','20-jul-1996','Difensore'),
  ('263627','Real Zaragoza',2,'Carlos','Vigaray','7-sep-1994','Difensore'),
  ('632931','Real Zaragoza',28,'Andrés','Borge','23-oct-2001','Difensore'),
  ('089731','Real Zaragoza',16,'Iñigo','Eguaras','7-mar-1992','Centrocampista'),
  ('026153','Real Zaragoza',21,'Alberto','Zapater','13-jun-1985','Centrocampista'),
  ('632930','Real Zaragoza',27,'Francho','Serrano','17-oct-2001','Centrocampista'),
  ('446106','Real Zaragoza',28,'Juan Manuel','Sanabria','29-mar-2000','Centrocampista'),
  ('044073','Real Zaragoza',8,'Adrián','González','25-may-1988','Centrocampista'),
  ('375849','Real Zaragoza',12,'James','Igbekeme','4-jul-1995','Centrocampista'),
  ('089330','Real Zaragoza',10,'Javi','Ros','16-feb-1990','Centrocampista'),
  ('525891','Real Zaragoza',20,'Jannick','Buyla','6-oct-1998','Centrocampista'),
  ('632929','Real Zaragoza',34,'Iván','Castillo','5-jan-2000','Centrocampista'),
  ('483499','Real Zaragoza',24,'Raí','Nascimento','18-may-1998','Attaccante'),
  ('439465','Real Zaragoza',23,'Gaizka','Larrazabal','17-dec-1997','Attaccante'),
  ('372051','Real Zaragoza',22,'Sergio','Bermejo','17-aug-1997','Attaccante'),
  ('407265','Real Zaragoza',11,'Luca','Zanimacchia','19-jul-1998','Attaccante'),
  ('214259','Real Zaragoza',19,'Giorgi','Papunashvili','2-sep-1995','Attaccante'),
  ('632899','Real Zaragoza',30,'Jaime','Sancho','1-sep-2000','Attaccante'),
  ('633306','Real Zaragoza',31,'Iván','Azón','24-dec-2002','Attaccante'),
  ('213595','Real Zaragoza',7,'Juanjo','Narváez','12-feb-1995','Attaccante'),
  ('259930','Real Zaragoza',14,'Gabriel','Fernández','13-may-1994','Attaccante'),
  ('076560','Real Zaragoza',9,'Haris','Vuckic','21-aug-1992','Attaccante'),
  ('708502','Real Zaragoza',32,'Luis','Carbonell','27-apr-2003','Attaccante'),
  ('524937','UD Las Palmas',null,'Álex','Domínguez','30-jul-1998','Portiere'),
  ('417913','UD Las Palmas',1,'Álvaro','Valles','25-may-1997','Portiere'),
  ('054217','UD Las Palmas',null,'Raúl','Fernández','13-mar-1988','Portiere'),
  ('293387','UD Las Palmas',null,'Sergi','Puig','19-nov-1998','Portiere'),
  ('510396','UD Las Palmas',4,'Alex','Suárez','18-mar-1993','Difensore'),
  ('422700','UD Las Palmas',5,'Tomás','Cardona','10-oct-1995','Difensore'),
  ('390823','UD Las Palmas',6,'Eric','Curbelo','14-jan-1994','Difensore'),
  ('588426','UD Las Palmas',null,'Saúl','Coco','9-feb-1999','Difensore'),
  ('351204','UD Las Palmas',13,'Ismael','Athuman','1-feb-1995','Difensore'),
  ('044735','UD Las Palmas',25,'Aythami','Artiles','2-apr-1986','Difensore'),
  ('579346','UD Las Palmas',33,'Jonathan','Silva','3-mar-1998','Difensore'),
  ('064363','UD Las Palmas',23,'Dani','Castellano','2-nov-1987','Difensore'),
  ('678406','UD Las Palmas',null,'Sergi','Cardona','8-jul-1999','Difensore'),
  ('230222','UD Las Palmas',14,'Álvaro','Lemos','30-mar-1993','Difensore'),
  ('217143','UD Las Palmas',2,'Ale','Díez','17-feb-1996','Difensore'),
  ('554334','UD Las Palmas',null,'David','Vicente','23-apr-1999','Difensore'),
  ('581781','UD Las Palmas',12,'Enzo','Loiodice','27-nov-2000','Centrocampista'),
  ('394694','UD Las Palmas',3,'Sergio','Ruiz','16-dec-1994','Centrocampista'),
  ('374077','UD Las Palmas',21,'Christian','Rivera','9-jul-1997','Centrocampista'),
  ('531062','UD Las Palmas',15,'Fabio','González','12-feb-1997','Centrocampista'),
  ('065489','UD Las Palmas',18,'Javi','Castellano','2-nov-1987','Centrocampista'),
  ('784911','UD Las Palmas',null,'Diego','Gutiérrez','3-sep-2000','Centrocampista'),
  ('622526','UD Las Palmas',null,'Juan','Satoca','31-jan-1999','Centrocampista'),
  ('797162','UD Las Palmas',null,'Pol','Salvador','2-apr-2001','Centrocampista'),
  ('396340','UD Las Palmas',17,'Óscar','Clemente','26-mar-1999','Centrocampista'),
  ('197576','UD Las Palmas',8,'Maikel','Mesa','3-may-1991','Centrocampista'),
  ('566574','UD Las Palmas',20,'Kirian','Rodríguez','5-mar-1996','Centrocampista'),
  ('733576','UD Las Palmas',null,'Alberto','Moleiro','30-sep-2003','Centrocampista'),
  ('534379','UD Las Palmas',16,'Pejiño','null','29-jul-1996','Attaccante'),
  ('282672','UD Las Palmas',11,'Benito','Ramírez','11-jul-1995','Attaccante'),
  ('341265','UD Las Palmas',null,'Pau','Miguélez','23-jan-1999','Attaccante'),
  ('388518','UD Las Palmas',null,'Juan','Fernández','11-sep-1999','Attaccante'),
  ('505675','UD Las Palmas',24,'Rober','González','6-jan-2001','Attaccante'),
  ('261493','UD Las Palmas',null,'Cristian','Cedrés','24-jan-1996','Attaccante'),
  ('076032','UD Las Palmas',7,'Aridai','Cabrera','26-sep-1988','Attaccante'),
  ('134936','UD Las Palmas',9,'Jesé','null','26-feb-1993','Attaccante'),
  ('062735','UD Las Palmas',null,'Pietro','Iemmello','6-mar-1992','Attaccante'),
  ('110366','UD Las Palmas',10,'Sergio','Araujo','28-jan-1992','Attaccante'),
  ('699501','UD Las Palmas',null,'Clau','Mendes','8-dec-2000','Attaccante'),
  ('565523','UD Las Palmas',19,'Edu','Espiau','19-dec-1994','Attaccante'),
  ('361504','UD Las Palmas',22,'Rafa','Mújica','29-oct-1998','Attaccante'),
  ('523999','UD Las Palmas',null,'Iñaki','Elejalde','20-jan-1999','Attaccante'),
  ('251892','Málaga CF',1,'Juan','Soriano','23-aug-1997','Portiere'),
  ('089471','Málaga CF',13,'Dani','Barrio','10-feb-1987','Portiere'),
  ('631049','Málaga CF',29,'Gonzalo','Crettaz','28-feb-2000','Portiere'),
  ('611193','Málaga CF',42,'Daniel','Strindholm','7-oct-2001','Portiere'),
  ('613148','Málaga CF',49,'Miguel','De La Osa','14-apr-2001','Portiere'),
  ('897521','Málaga CF',53,'Ángel','Recio','5-jan-2003','Difensore'),
  ('465317','Málaga CF',5,'Juande','Rivas','7-jul-1999','Difensore'),
  ('427683','Málaga CF',2,'Josua','Mejías','1-aug-1997','Difensore'),
  ('062945','Málaga CF',4,'Luis','Hernández','14-apr-1989','Difensore'),
  ('063723','Málaga CF',4,'David','Lombán','5-jun-1987','Difensore'),
  ('858062','Málaga CF',47,'Andrés','Caro','1-feb-2004','Difensore'),
  ('268957','Málaga CF',18,'José','Matos','6-may-1995','Difensore'),
  ('696890','Málaga CF',33,'Cristo','Romero','30-apr-2000','Difensore'),
  ('635933','Málaga CF',40,'Eu','Gutiérrez','27-aug-2001','Difensore'),
  ('465316','Málaga CF',26,'Ismael','Casas','7-mar-2001','Difensore'),
  ('212849','Málaga CF',21,'Iván','Calero','21-apr-1995','Difensore'),
  ('147562','Málaga CF',22,'Alexander','González','13-sep-1992','Difensore'),
  ('610334','Málaga CF',28,'Alejandro','Benítez','15-may-2000','Difensore'),
  ('355624','Málaga CF',8,'Luis','Muñoz','23-feb-1997','Centrocampista'),
  ('399887','Málaga CF',14,'Esteban','Rolón','25-mar-1995','Centrocampista'),
  ('147232','Málaga CF',23,'Alberto','Escassi','28-feb-1989','Centrocampista'),
  ('567222','Málaga CF',30,'Ramón','Enríquez','19-apr-2001','Centrocampista'),
  ('207924','Málaga CF',19,'Jozabed','Sánchez','8-mar-1991','Centrocampista'),
  ('442802','Málaga CF',7,'Cristian','Rodríguez','15-mar-1996','Centrocampista'),
  ('262220','Málaga CF',24,'Mohamed','Benkhemassa','28-jun-1993','Centrocampista'),
  ('373595','Málaga CF',6,'Badr','Boulahroud','21-apr-1993','Centrocampista'),
  ('631055','Málaga CF',32,'Alberto','Quintana','5-oct-2001','Centrocampista'),
  ('606570','Málaga CF',35,'Mini','null','10-apr-1999','Centrocampista'),
  ('568153','Málaga CF',51,'Christian','Delgado','30-nov-2001','Centrocampista'),
  ('635939','Málaga CF',39,'David','Larrubia','20-apr-2002','Centrocampista'),
  ('585700','Málaga CF',43,'Juan','Cruz','25-apr-2000','Centrocampista'),
  ('339816','Málaga CF',10,'Tete Morente','null','4-dec-1996','Attaccante'),
  ('255506','Málaga CF',17,'Yanis','Rahmani','13-may-1995','Attaccante'),
  ('171167','Málaga CF',10,'Jairo','Samperio','11-jul-1993','Attaccante'),
  ('716680','Málaga CF',36,'Issa','Fomba','24-may-2001','Attaccante'),
  ('635904','Málaga CF',44,'Kevin','Villodres','26-feb-2001','Attaccante'),
  ('667996','Málaga CF',46,'Haitam','Abaida','1-jun-2002','Attaccante'),
  ('396334','Málaga CF',11,'Joaquín','Muñoz','10-mar-1999','Attaccante'),
  ('465321','Málaga CF',31,'Hicham','Boussefiane','9-jan-1998','Attaccante'),
  ('667997','Málaga CF',52,'Bilal','Ouacharaf','9-may-2002','Attaccante'),
  ('631067','Málaga CF',34,'Julito','Martínez','2-nov-2000','Attaccante'),
  ('118732','Málaga CF',12,'Pablo','Chavarría','2-jan-1988','Attaccante'),
  ('238471','Málaga CF',20,'Caye','Quintana','20-dec-1993','Attaccante'),
  ('071273','Málaga CF',14,'Stefan','Scepovic','10-jan-1990','Attaccante'),
  ('064535','Málaga CF',9,'Orlando','Sá','26-may-1988','Attaccante'),
  ('635903','Málaga CF',38,'Jesús','Hoyos','23-feb-2001','Attaccante'),
  ('720523','Málaga CF',45,'Loren','Zúñiga','18-jan-2003','Attaccante'),
  ('720518','Málaga CF',50,'Roberto','Fernández','3-jul-2002','Attaccante'),
  ('167228','CD Mirandés',13,'Raúl','Lizoain','27-jan-1991','Portiere'),
  ('057948','CD Mirandés',1,'Limones','null','17-oct-1986','Portiere'),
  ('515031','CD Mirandés',null,'Alberto','González','23-jul-1996','Portiere'),
  ('461843','CD Mirandés',4,'Juan','Berrocal','5-feb-1999','Difensore'),
  ('524000','CD Mirandés',5,'Dani','Vivian','5-jul-1999','Difensore'),
  ('248337','CD Mirandés',24,'Pablo','Trigueros','4-apr-1993','Difensore'),
  ('625034','CD Mirandés',null,'Rodrigo','Esteban','7-sep-2001','Difensore'),
  ('709371','CD Mirandés',null,'Marcos','Olguín','24-mar-2001','Difensore'),
  ('242287','CD Mirandés',3,'Javi','Jiménez','11-jan-1996','Difensore'),
  ('166985','CD Mirandés',21,'Bojan','Letic','21-dec-1992','Difensore'),
  ('540991','CD Mirandés',null,'Mario','Espinar','25-may-1999','Difensore'),
  ('783424','CD Mirandés',null,'Mario','García','21-mar-1999','Difensore'),
  ('495601','CD Mirandés',20,'Víctor','Gómez','1-apr-2000','Difensore'),
  ('166658','CD Mirandés',2,'Carlos Julio','Martínez','4-feb-1994','Difensore'),
  ('623023','CD Mirandés',null,'Carles','Marco','5-apr-2000','Difensore'),
  ('396109','CD Mirandés',16,'Genaro','Rodríguez','23-mar-1998','Centrocampista'),
  ('658269','CD Mirandés',28,'Víctor','Meseguer','9-jun-1999','Centrocampista'),
  ('282421','CD Mirandés',14,'Javi','Muñoz','28-feb-1995','Centrocampista'),
  ('568835','CD Mirandés',36,'Pablo','Martínez','22-feb-1998','Centrocampista'),
  ('364890','CD Mirandés',8,'Antonio','Caballero','6-jan-1994','Centrocampista'),
  ('289250','CD Mirandés',null,'Andrés','Mohedano','11-may-1996','Centrocampista'),
  ('535204','CD Mirandés',null,'Juan','De La Mata','24-apr-1998','Centrocampista'),
  ('341278','CD Mirandés',7,'Iván','Martín','14-feb-1999','Centrocampista'),
  ('449844','CD Mirandés',10,'Mohamed','Ezzarfani','15-nov-1997','Attaccante'),
  ('594926','CD Mirandés',23,'Näis','Djouahra','23-nov-1999','Attaccante'),
  ('339693','CD Mirandés',11,'Erik','Jirka','19-sep-1997','Attaccante'),
  ('776890','CD Mirandés',22,'Nicolas','Jackson','20-jun-2001','Attaccante'),
  ('597082','CD Mirandés',null,'David','Acedo','29-oct-1998','Attaccante'),
  ('339707','CD Mirandés',9,'Cristo','González','24-oct-1997','Attaccante'),
  ('600836','CD Mirandés',17,'Ricardo','Schutte','21-may-1998','Attaccante'),
  ('248021','CD Mirandés',18,'Mario','Barco','23-dec-1992','Attaccante'),
  ('355630','CD Mirandés',19,'Simón','Moreno','2-jul-1997','Attaccante'),
  ('435337','CD Mirandés',null,'Alfredo','Sualdea','30-nov-1998','Attaccante'),
  ('422459','CF Fuenlabrada',31,'Javier','Belman','4-oct-1998','Portiere'),
  ('374055','CF Fuenlabrada',13,'Dragan','Rosic','22-sep-1996','Portiere'),
  ('200612','CF Fuenlabrada',1,'Pol','Freixanet','22-aug-1991','Portiere'),
  ('790607','CF Fuenlabrada',null,'Álvaro','Ruvira','23-mar-2000','Portiere'),
  ('892218','CF Fuenlabrada',null,'Ramón','Esteban','18-aug-2002','Portiere'),
  ('355335','CF Fuenlabrada',17,'Adrián','Diéguez','4-feb-1996','Difensore'),
  ('603969','CF Fuenlabrada',15,'Rubén','Pulido','2-sep-2000','Difensore'),
  ('396157','CF Fuenlabrada',4,'Alejandro','Sotillos','28-jan-1998','Difensore'),
  ('045773','CF Fuenlabrada',5,'Juanma','null','18-oct-1982','Difensore'),
  ('380365','CF Fuenlabrada',3,'Cristian','Glauder','18-oct-1995','Difensore'),
  ('260230','CF Fuenlabrada',null,'Moi','Delgado','18-apr-1994','Difensore'),
  ('380737','CF Fuenlabrada',2,'Pol','Valentín','21-feb-1997','Difensore'),
  ('076276','CF Fuenlabrada',19,'Mikel','Iribas','13-apr-1988','Difensore'),
  ('799493','CF Fuenlabrada',null,'Luis','Peteiro','26-may-1998','Difensore'),
  ('480523','CF Fuenlabrada',20,'Aldair','Fuentes','25-jan-1998','Centrocampista'),
  ('094096','CF Fuenlabrada',23,'Jano','Velasco','23-dec-1986','Centrocampista'),
  ('525578','CF Fuenlabrada',22,'Pathé','Ciss','16-mar-1994','Centrocampista'),
  ('128219','CF Fuenlabrada',24,'Javier','Espinosa','19-sep-1992','Centrocampista'),
  ('072281','CF Fuenlabrada',8,'Cristóbal','Márquez','21-apr-1984','Centrocampista'),
  ('845638','CF Fuenlabrada',null,'Damián','Cáceres','31-may-2003','Centrocampista'),
  ('560483','CF Fuenlabrada',10,'Randy','Nteka','6-dec-1997','Centrocampista'),
  ('449496','CF Fuenlabrada',21,'Álvaro','Aguado','1-may-1996','Centrocampista'),
  ('799683','CF Fuenlabrada',null,'Guti','null','1-jan-1999','Centrocampista'),
  ('875843','CF Fuenlabrada',null,'Mohamed','El Idrissi','26-mar-2002','Centrocampista'),
  ('879284','CF Fuenlabrada',null,'Jaime','Manso','19-jun-2001','Attaccante'),
  ('242295','CF Fuenlabrada',7,'Álex','Mula','23-jul-1996','Attaccante'),
  ('458466','CF Fuenlabrada',18,'Franchu','null','12-may-1998','Attaccante'),
  ('250358','CF Fuenlabrada',6,'Iban','Salvador','11-dec-1995','Attaccante'),
  ('413502','CF Fuenlabrada',14,'Óscar','Pinchi','17-jan-1996','Attaccante'),
  ('566036','CF Fuenlabrada',28,'Borja','Garcés','6-aug-1999','Attaccante'),
  ('315095','CF Fuenlabrada',11,'Abou','Kanté','11-aug-1994','Attaccante'),
  ('337070','CF Fuenlabrada',9,'Sekou','Gassama','6-may-1995','Attaccante'),
  ('579649','CF Fuenlabrada',null,'Tahiru','Awudu','10-mar-2000','Attaccante'),
  ('875860','CF Fuenlabrada',null,'David','Amigo','22-oct-2002','Attaccante'),
  ('071835','CD Tenerife',1,'Jon Ander','Serantes','24-oct-1989','Portiere'),
  ('088528','CD Tenerife',13,'Dani','Hernández','21-oct-1985','Portiere'),
  ('784836','CD Tenerife',null,'Alejandro','Medina','1-jan-1998','Portiere'),
  ('814995','CD Tenerife',null,'Victor','Méndez','24-mar-2000','Portiere'),
  ('813006','CD Tenerife',null,'Borja','Bethencourt','17-aug-2001','Difensore'),
  ('071830','CD Tenerife',4,'Bruno','Wilson','27-dec-1996','Difensore'),
  ('311146','CD Tenerife',23,'Nikola','Sipcic','17-may-1995','Difensore'),
  ('265289','CD Tenerife',5,'Alberto','Jiménez','15-nov-1992','Difensore'),
  ('072421','CD Tenerife',14,'Carlos','Ruiz','20-jul-1983','Difensore'),
  ('813005','CD Tenerife',null,'Omar','Jaiteh','1-oct-1998','Difensore'),
  ('243760','CD Tenerife',3,'Álex','Muñoz','30-jul-1994','Difensore'),
  ('238872','CD Tenerife',15,'Carlos','Pomares','5-dec-1992','Difensore'),
  ('709199','CD Tenerife',null,'Jeremy','Socorro','1-sep-1999','Difensore'),
  ('336168','CD Tenerife',21,'Shaq','Moore','2-nov-1996','Difensore'),
  ('214250','CD Tenerife',2,'Otar','Kakabadze','27-jun-1995','Difensore'),
  ('820375','CD Tenerife',null,'David','Rodríguez','26-jun-2000','Difensore'),
  ('435500','CD Tenerife',12,'Sergio','González','14-may-1997','Centrocampista'),
  ('225004','CD Tenerife',6,'Valentín','Vada','6-mar-1996','Centrocampista'),
  ('208022','CD Tenerife',22,'Giovanni','Zarfino','10-aug-1991','Centrocampista'),
  ('286841','CD Tenerife',24,'Ramón','Folch','4-oct-1989','Centrocampista'),
  ('634598','CD Tenerife',26,'Javi','Alonso','1-aug-1998','Centrocampista'),
  ('071834','CD Tenerife',16,'Aitor','Sanz','13-sep-1984','Centrocampista'),
  ('709238','CD Tenerife',null,'Álex','Cruz','8-sep-1999','Centrocampista'),
  ('751315','CD Tenerife',null,'Félix','Alonso','29-dec-2000','Centrocampista'),
  ('268949','CD Tenerife',8,'Borja','Lasso','1-jan-1994','Centrocampista'),
  ('840794','CD Tenerife',null,'Dylan','Perera','11-may-2003','Centrocampista'),
  ('051522','CD Tenerife',10,'Suso','Santana','2-mar-1985','Attaccante'),
  ('387313','CD Tenerife',17,'Samuel','Shashoua','13-may-1999','Attaccante'),
  ('152776','CD Tenerife',9,'Nono','null','28-may-1991','Attaccante'),
  ('523995','CD Tenerife',null,'Elliot','Gómez','11-jun-1999','Attaccante'),
  ('548188','CD Tenerife',37,'Germán','Valera','16-mar-2002','Attaccante'),
  ('340870','CD Tenerife',7,'Jacobo','González','25-mar-1997','Attaccante'),
  ('473695','CD Tenerife',11,'Álex','Bermejo','11-dec-1998','Attaccante'),
  ('164292','CD Tenerife',19,'Fran','Sol','13-mar-1992','Attaccante'),
  ('463332','CD Tenerife',20,'Emmanuel','Apeh','25-oct-1996','Attaccante'),
  ('726030','CD Tenerife',29,'Jorge','Padilla','23-apr-2001','Attaccante'),
  ('143044','CD Tenerife',18,'Joselu','null','3-mar-1991','Attaccante'),
  ('455363','Real Oviedo',1,'Joan','Femenías','18-aug-1996','Portiere'),
  ('371247','Real Oviedo',13,'Gabriel','Brazão','5-oct-2000','Portiere'),
  ('636354','Real Oviedo',null,'Berto','Hórreo','24-jun-2000','Portiere'),
  ('401624','Real Oviedo',4,'Edgar','González','1-apr-1997','Difensore'),
  ('137174','Real Oviedo',3,'Alejandro','Arribas','1-may-1989','Difensore'),
  ('225459','Real Oviedo',6,'Carlos','Hernández','15-sep-1990','Difensore'),
  ('041767','Real Oviedo',2,'Simone','Grippo','12-dec-1988','Difensore'),
  ('048294','Real Oviedo',18,'Bolaño','null','15-oct-1985','Difensore'),
  ('096094','Real Oviedo',23,'Mossa','null','24-jan-1989','Difensore'),
  ('327207','Real Oviedo',12,'Juanjo','Nieto','3-oct-1994','Difensore'),
  ('349886','Real Oviedo',7,'Diegui','null','3-oct-1993','Difensore'),
  ('349884','Real Oviedo',24,'Lucas','Ahijado','30-jan-1995','Difensore'),
  ('186848','Real Oviedo',null,'Giorgi','Aburjania','2-jan-1995','Centrocampista'),
  ('353018','Real Oviedo',28,'Javi','Mier','4-feb-1999','Centrocampista'),
  ('038817','Real Oviedo',20,'Sergio','Tejera','28-may-1990','Centrocampista'),
  ('595781','Real Oviedo',14,'Jimmy','null','31-dec-1996','Centrocampista'),
  ('531555','Real Oviedo',null,'Edu','Cortina','25-sep-1996','Centrocampista'),
  ('635940','Real Oviedo',null,'Guille','Bernabeu','13-jan-2001','Centrocampista'),
  ('613078','Real Oviedo',null,'Joselu','Guerra','27-jun-2000','Centrocampista'),
  ('596899','Real Oviedo',null,'Riki','Rodríguez','25-sep-1997','Centrocampista'),
  ('719737','Real Oviedo',null,'Álex','Cardero','25-aug-2003','Centrocampista'),
  ('176067','Real Oviedo',25,'Borja','Valle','9-jul-1992','Attaccante'),
  ('217155','Real Oviedo',10,'Borja','Sánchez','26-feb-1996','Attaccante'),
  ('263843','Real Oviedo',15,'Matías','Nahuel','22-nov-1996','Attaccante'),
  ('536831','Real Oviedo',null,'Cedric','Teguia','1-oct-2001','Attaccante'),
  ('607748','Real Oviedo',null,'Daniel','Sandoval','16-feb-1998','Attaccante'),
  ('197131','Real Oviedo',8,'Marco','Sangalli','7-feb-1992','Attaccante'),
  ('438971','Real Oviedo',17,'Viti','Rozada','16-sep-1997','Attaccante'),
  ('589768','Real Oviedo',null,'Ton','Ripoll','27-may-1998','Attaccante'),
  ('181006','Real Oviedo',22,'Gustavo','Blanco Leschuk','5-nov-1991','Attaccante'),
  ('117549','Real Oviedo',9,'Rodri','Ríos','6-jun-1990','Attaccante'),
  ('522719','Real Oviedo',16,'Samuel','Obeng','15-may-1997','Attaccante'),
  ('624326','Real Oviedo',null,'Javi','Cueto','11-jan-2001','Attaccante'),
  ('465955','FC Cartagena',null,'Marcin','Bulka','4-oct-1999','Portiere'),
  ('095736','FC Cartagena',25,'Leandro','Chichizola','27-mar-1990','Portiere'),
  ('129374','FC Cartagena',1,'Marc','Martínez','4-apr-1990','Portiere'),
  ('398130','FC Cartagena',27,'Esteve','Peña','26-apr-1997','Portiere'),
  ('610530','FC Cartagena',null,'Sergio','Díaz','14-jan-1998','Portiere'),
  ('227015','FC Cartagena',null,'Toni','Datkovic','6-nov-1993','Difensore'),
  ('345083','FC Cartagena',null,'Álex','Martín','25-jan-1998','Difensore'),
  ('203981','FC Cartagena',null,'Jean-Pierre','Rhyner','15-mar-1996','Difensore'),
  ('531267','FC Cartagena',2,'David','Andújar','21-aug-1991','Difensore'),
  ('142419','FC Cartagena',5,'Raúl','Navas','11-may-1988','Difensore'),
  ('065342','FC Cartagena',20,'Carlos David','null','14-jun-1986','Difensore'),
  ('724458','FC Cartagena',30,'Uriel','Jové','29-jul-1999','Difensore'),
  ('881217','FC Cartagena',null,'Antonio','Sánchez','9-jun-2000','Difensore'),
  ('221984','FC Cartagena',3,'David','Forniés','2-jun-1991','Difensore'),
  ('473251','FC Cartagena',4,'Yacouba','Coulibaly','2-oct-1994','Difensore'),
  ('073319','FC Cartagena',24,'Alberto','de la Bella','2-dec-1985','Difensore'),
  ('509484','FC Cartagena',22,'Julián','Delmás','20-apr-1995','Difensore'),
  ('228584','FC Cartagena',15,'David','Simón','16-dec-1988','Difensore'),
  ('062144','FC Cartagena',19,'Antoñito','null','11-dec-1987','Difensore'),
  ('026199','FC Cartagena',null,'Verza','null','29-sep-1986','Centrocampista'),
  ('131667','FC Cartagena',12,'Ramon','Azeez','12-dec-1992','Centrocampista'),
  ('375300','FC Cartagena',18,'Adalberto','Carrasquilla','28-nov-1998','Centrocampista'),
  ('246244','FC Cartagena',null,'Sergio','Aguza','2-sep-1992','Centrocampista'),
  ('348553','FC Cartagena',21,'Pablo','Clavería','1-apr-1996','Centrocampista'),
  ('187673','FC Cartagena',16,'José Ángel','Jurado','21-jun-1992','Centrocampista'),
  ('058778','FC Cartagena',null,'Miguel Ángel','Cordero','10-sep-1987','Centrocampista'),
  ('341277','FC Cartagena',null,'Sergio','Lozano','24-mar-1999','Centrocampista'),
  ('466800','FC Cartagena',26,'Kleandro','Lleshi','9-oct-1999','Centrocampista'),
  ('491702','FC Cartagena',null,'Nacho','Pais','30-may-2000','Centrocampista'),
  ('601164','FC Cartagena',null,'Edu','Martínez','12-apr-1999','Centrocampista'),
  ('210143','FC Cartagena',10,'Álex','Gallar','19-mar-1992','Attaccante'),
  ('075446','FC Cartagena',8,'Pablo','de Blasis','4-feb-1988','Attaccante'),
  ('336731','FC Cartagena',23,'Nacho','Gil','9-sep-1995','Attaccante'),
  ('240849','FC Cartagena',11,'Elady','Zorrilla','13-jul-1990','Attaccante'),
  ('510372','FC Cartagena',14,'Berto','Cayarga','17-sep-1996','Attaccante'),
  ('583607','FC Cartagena',null,'William','de Camargo','1-jun-1999','Attaccante'),
  ('481009','FC Cartagena',null,'Teddy','null','28-mar-2000','Attaccante'),
  ('147524','FC Cartagena',null,'Jack','Harper','28-feb-1996','Attaccante'),
  ('114282','FC Cartagena',9,'Cristian','López','27-apr-1989','Attaccante'),
  ('025316','FC Cartagena',7,'Rubén','Castro','27-jun-1981','Attaccante'),
  ('713637','FC Cartagena',null,'David','Santisteban','26-jun-2001','Attaccante'),
  ('268946','SD Ponferradina',25,'José Antonio','Caro','3-may-1994','Portiere'),
  ('446289','SD Ponferradina',13,'Manu','García','11-feb-1991','Portiere'),
  ('270314','SD Ponferradina',1,'Gianfranco','Gazzaniga','22-nov-1993','Portiere'),
  ('823363','SD Ponferradina',null,'Jonatan','Lopes',null,'Difensore'),
  ('421258','SD Ponferradina',28,'Alexandru','Pascanu','28-sep-1998','Difensore'),
  ('396161','SD Ponferradina',27,'Manu','Hernando','19-jul-1998','Difensore'),
  ('311454','SD Ponferradina',5,'José','Amo','9-apr-1998','Difensore'),
  ('618806','SD Ponferradina',46,'Alfredo','Pedraza','20-dec-2000','Difensore'),
  ('461511','SD Ponferradina',15,'Yac','Diori','8-sep-1997','Difensore'),
  ('253826','SD Ponferradina',17,'Adrián','Castellano','26-jun-1994','Difensore'),
  ('081980','SD Ponferradina',3,'José','Ríos','10-may-1990','Difensore'),
  ('631056','SD Ponferradina',null,'José','Urbina','22-jan-2000','Difensore'),
  ('284454','SD Ponferradina',2,'Iván','Rodríguez','30-apr-1996','Difensore'),
  ('247583','SD Ponferradina',22,'Paris','Adot','26-feb-1990','Difensore'),
  ('631215','SD Ponferradina',null,'Edu','López','28-dec-2000','Difensore'),
  ('879408','SD Ponferradina',null,'Aziz','Sagna','22-aug-2001','Centrocampista'),
  ('067542','SD Ponferradina',18,'Erik','Morán','25-may-1991','Centrocampista'),
  ('067550','SD Ponferradina',6,'Óscar','Sielva','6-aug-1991','Centrocampista'),
  ('607057','SD Ponferradina',30,'Juergen','Elitim','13-jul-1999','Centrocampista'),
  ('373353','SD Ponferradina',8,'Pablo','Larrea','4-feb-1994','Centrocampista'),
  ('387557','SD Ponferradina',23,'Saúl','Crespo','23-jul-1996','Centrocampista'),
  ('331503','SD Ponferradina',33,'Alejandro','Viedma','16-apr-1999','Centrocampista'),
  ('631059','SD Ponferradina',null,'Mario','Ordóñez','1-jan-2000','Centrocampista'),
  ('379530','SD Ponferradina',19,'Carlos','Doncel','4-dec-1996','Attaccante'),
  ('251883','SD Ponferradina',7,'Gaspar','Panadero','9-dec-1997','Attaccante'),
  ('365313','SD Ponferradina',20,'Pablo','Valcarce','3-feb-1993','Attaccante'),
  ('208116','SD Ponferradina',16,'Curro','Sánchez','3-jan-1996','Attaccante'),
  ('676922','SD Ponferradina',null,'Moussa','Sidibé','21-nov-1994','Attaccante'),
  ('510999','SD Ponferradina',9,'Kaxe','null','21-jan-1994','Attaccante'),
  ('271451','SD Ponferradina',21,'Dani','Romera','23-aug-1995','Attaccante'),
  ('022452','SD Ponferradina',10,'Yuri','null','8-aug-1982','Attaccante'),
  ('608534','SD Ponferradina',26,'Edward','Bolaños','14-aug-1998','Attaccante'),
  ('088397','Albacete Balompié',13,'Tomeu','Nadal','8-feb-1989','Portiere'),
  ('254036','Albacete Balompié',1,'Bernabé','Barragán','18-feb-1993','Portiere'),
  ('433825','Albacete Balompié',null,'Ismael','de Andrés','15-feb-1998','Portiere'),
  ('541555','Albacete Balompié',37,'Flavien','Boyomo','7-oct-2001','Difensore'),
  ('138662','Albacete Balompié',2,'Álvaro','Arroyo','22-jul-1988','Difensore'),
  ('125281','Albacete Balompié',4,'Nicolás','Gorosito','17-aug-1988','Difensore'),
  ('251860','Albacete Balompié',18,'Javi','Jiménez','11-mar-1997','Difensore'),
  ('069005','Albacete Balompié',23,'Ivan','Kecojevic','10-apr-1988','Difensore'),
  ('162036','Albacete Balompié',14,'Diego','Caballo','17-feb-1994','Difensore'),
  ('152284','Albacete Balompié',3,'Fran','García','7-dec-1992','Difensore'),
  ('263748','Albacete Balompié',6,'Alberto','Benito','13-jun-1992','Difensore'),
  ('396324','Albacete Balompié',26,'Carlos','Isaac','30-apr-1998','Difensore'),
  ('706175','Albacete Balompié',null,'Samuel','Vázquez','2-apr-2001','Difensore'),
  ('607377','Albacete Balompié',24,'Jean','Jules','23-apr-1998','Centrocampista'),
  ('238865','Albacete Balompié',20,'Eddy','Silvestre','2-aug-1992','Centrocampista'),
  ('156887','Albacete Balompié',21,'Álvaro','Peña','24-oct-1991','Centrocampista'),
  ('275361','Albacete Balompié',null,'Karim','Azamoum','17-jan-1990','Centrocampista'),
  ('372050','Albacete Balompié',null,'David','del Pozo','5-jun-1997','Centrocampista'),
  ('093142','Albacete Balompié',5,'Dani','Torres','15-nov-1989','Centrocampista'),
  ('621169','Albacete Balompié',null,'Emerson','Espinoza','11-mar-2001','Centrocampista'),
  ('812651','Albacete Balompié',null,'Jesús','Parada','4-apr-1999','Centrocampista'),
  ('511021','Albacete Balompié',8,'Manu','Fuster','22-oct-1997','Centrocampista'),
  ('223068','Albacete Balompié',12,'Tana','null','20-sep-1990','Centrocampista'),
  ('434660','Albacete Balompié',null,'Chema','Núñez','16-sep-1997','Centrocampista'),
  ('355763','Albacete Balompié',null,'Liberto','Beltrán','26-dec-1996','Attaccante'),
  ('681708','Albacete Balompié',null,'Nahuel','Arroyo','26-mar-1995','Attaccante'),
  ('682500','Albacete Balompié',null,'Javi','Navarro','1-jan-1997','Attaccante'),
  ('282406','Albacete Balompié',11,'Álvaro','Jiménez','19-may-1995','Attaccante'),
  ('553664','Albacete Balompié',null,'Javier','Verdú','18-mar-1999','Attaccante'),
  ('577489','Albacete Balompié',35,'Emiliano','Gómez','18-sep-2001','Attaccante'),
  ('096540','Albacete Balompié',19,'Alfredo','Ortuño','21-jan-1991','Attaccante'),
  ('070767','Albacete Balompié',10,'Roman','Zozulya','17-nov-1989','Attaccante'),
  ('656185','Albacete Balompié',null,'Miguel Ángel','Gómez','15-may-1998','Attaccante'),
  ('434662','Albacete Balompié',29,'Diego','Vargas','8-jul-1998','Attaccante'),
  ('260662','CD Castellón',13,'Óscar','Whalley','29-mar-1994','Portiere'),
  ('073157','CD Castellón',1,'Álvaro','Campos','1-apr-1987','Portiere'),
  ('336723','CD Castellón',null,'Felipe','Galvis','18-aug-1997','Portiere'),
  ('289267','CD Castellón',3,'Adrián','Lapeña','16-apr-1996','Difensore'),
  ('158792','CD Castellón',5,'Eneko','Satrústegui','25-sep-1990','Difensore'),
  ('356196','CD Castellón',18,'Iago','Indias','3-jan-1996','Difensore'),
  ('071994','CD Castellón',null,'Francisco','Regalón','19-feb-1987','Difensore'),
  ('617052','CD Castellón',null,'Alejandro','Marcos','29-feb-2000','Difensore'),
  ('175773','CD Castellón',15,'Carlos','Delgado','22-apr-1990','Difensore'),
  ('281588','CD Castellón',17,'Víctor','García','31-may-1994','Difensore'),
  ('623802','CD Castellón',null,'Aarón','Romero','15-jun-1999','Difensore'),
  ('229811','CD Castellón',22,'Joseba','Muguruza','11-jan-1994','Difensore'),
  ('331508','CD Castellón',null,'Guillem','Jaime','6-jan-1999','Difensore'),
  ('071204','CD Castellón',24,'Javi','Moyano','23-feb-1986','Difensore'),
  ('290533','CD Castellón',14,'Yann','Bodiger','9-feb-1995','Centrocampista'),
  ('288454','CD Castellón',16,'Rafa','Gálvez','20-may-1993','Centrocampista'),
  ('073092','CD Castellón',2,'Rene','Krhin','21-may-1990','Centrocampista'),
  ('139352','CD Castellón',20,'Gus','Ledes','28-sep-1992','Centrocampista'),
  ('217730','CD Castellón',8,'Carles','Salvador','17-sep-1990','Centrocampista'),
  ('073137','CD Castellón',6,'Marc','Castells','12-mar-1990','Centrocampista'),
  ('261503','CD Castellón',null,'Álvaro','Fidalgo','9-apr-1997','Centrocampista'),
  ('311266','CD Castellón',10,'Rubén','Díez','18-aug-1993','Centrocampista'),
  ('096539','CD Castellón',23,'Marc','Mateu','16-jun-1990','Centrocampista'),
  ('161267','CD Castellón',19,'Josep','Señé','10-dec-1991','Centrocampista'),
  ('337781','CD Castellón',4,'Arturo','Molina','18-jul-1996','Centrocampista'),
  ('284876','CD Castellón',27,'Paolo','Fernandes','9-aug-1998','Centrocampista'),
  ('464900','CD Castellón',null,'Jesús','Carrillo','11-may-1999','Centrocampista'),
  ('222667','CD Castellón',21,'Jorge','Fernández','3-feb-1992','Attaccante'),
  ('864498','CD Castellón',null,'Koke','Sáiz','11-sep-2000','Attaccante'),
  ('442767','CD Castellón',null,'Iñigo','Muñoz','16-dec-1996','Attaccante'),
  ('343965','CD Castellón',12,'Igor','Zlatanovic','10-feb-1998','Attaccante'),
  ('291693','CD Castellón',null,'Jordi','Sánchez','11-nov-1994','Attaccante'),
  ('213875','CD Castellón',7,'Juanto','Ortuño','11-feb-1992','Attaccante'),
  ('128816','CD Castellón',9,'David','Cubillas','19-jun-1990','Attaccante'),
  ('051632','CD Castellón',11,'César','Díaz','5-jan-1987','Attaccante'),
  ('007893','CD Castellón',25,'Jonathan','Soriano','24-sep-1985','Attaccante'),
  ('574213','UD Logroñés',null,'Yaroslav','Meykher','21-mar-2000','Portiere'),
  ('065266','UD Logroñés',1,'Rubén','Miño','18-jan-1989','Portiere'),
  ('035541','UD Logroñés',13,'Roberto','Santamaría','17-feb-1985','Portiere'),
  ('071801','UD Logroñés',25,'Dani','Giménez','30-jul-1983','Portiere'),
  ('825115','UD Logroñés',null,'Víctor','Pradas','20-apr-1999','Portiere'),
  ('844624','UD Logroñés',null,'Christian','Cores','31-jan-2003','Portiere'),
  ('383114','UD Logroñés',4,'Gorka','Pérez','19-jun-1995','Difensore'),
  ('167830','UD Logroñés',24,'Álex','Pérez','11-aug-1991','Difensore'),
  ('430227','UD Logroñés',5,'Pablo','Bobadilla','16-nov-1996','Difensore'),
  ('645041','UD Logroñés',null,'José Antonio','Viguera','1-jan-1998','Difensore'),
  ('812601','UD Logroñés',null,'Víctor','Martínez','1-jan-1998','Difensore'),
  ('340206','UD Logroñés',23,'Andoni','López','5-apr-1996','Difensore'),
  ('174972','UD Logroñés',16,'Iñaki','Sáenz','29-apr-1988','Difensore'),
  ('572299','UD Logroñés',20,'Iago','López','6-apr-1999','Difensore'),
  ('104234','UD Logroñés',2,'Unai','Medina','16-feb-1990','Difensore'),
  ('812602','UD Logroñés',null,'Sergio','García','14-apr-2001','Difensore'),
  ('377795','UD Logroñés',8,'Lander','Olaetxea','12-apr-1993','Centrocampista'),
  ('252686','UD Logroñés',17,'Andy','Rodríguez','30-jan-1990','Centrocampista'),
  ('158849','UD Logroñés',14,'Jon','Errasti','6-jun-1988','Centrocampista'),
  ('185551','UD Logroñés',21,'Damián','Petcoff','24-may-1990','Centrocampista'),
  ('398159','UD Logroñés',26,'Jaime','Sierra','18-mar-1998','Centrocampista'),
  ('412927','UD Logroñés',null,'Álvaro','Arnedo','9-jun-1996','Centrocampista'),
  ('733831','UD Logroñés',null,'Adrián','Ruiz','12-apr-2000','Centrocampista'),
  ('431475','UD Logroñés',12,'Mateusz','Bogusz','22-aug-2001','Centrocampista'),
  ('622993','UD Logroñés',null,'Martín','Lapeña','11-mar-2000','Centrocampista'),
  ('077001','UD Logroñés',null,'Rajiv','van La Parra','4-jun-1991','Attaccante'),
  ('028285','UD Logroñés',3,'Dani','Pacheco','5-jan-1991','Attaccante'),
  ('065262','UD Logroñés',11,'Rubén','Martínez','8-dec-1989','Attaccante'),
  ('261502','UD Logroñés',18,'Paulino','de la Fuente','27-jun-1997','Attaccante'),
  ('409472','UD Logroñés',19,'Ousama','Siddiki','13-apr-1998','Attaccante'),
  ('231980','UD Logroñés',10,'Zelu','null','21-jan-1996','Attaccante'),
  ('344399','UD Logroñés',7,'Leonardo','Ruiz','18-apr-1996','Attaccante'),
  ('305956','UD Logroñés',6,'Nano','Mesa','5-feb-1995','Attaccante'),
  ('156864','UD Logroñés',9,'Ander','Vitoria','22-jan-1990','Attaccante'),
  ('348552','UD Logroñés',22,'Roni','null','2-aug-1993','Attaccante'),
  ('199325','CD Lugo',13,'Ander','Cantero','9-jan-1995','Portiere'),
  ('280254','CD Lugo',1,'Alberto','Varo','18-mar-1993','Portiere'),
  ('551182','CD Lugo',34,'Fran','Vieites','7-may-1999','Portiere'),
  ('169681','CD Lugo',23,'Frederico','Venâncio','4-feb-1993','Difensore'),
  ('373683','CD Lugo',3,'Diego','Alende','25-aug-1997','Difensore'),
  ('142022','CD Lugo',4,'Marcelo','Djaló','8-oct-1993','Difensore'),
  ('458401','CD Lugo',null,'Bakary','N''Diaye','26-nov-1998','Difensore'),
  ('365311','CD Lugo',12,'Pedro','López','27-jan-1997','Difensore'),
  ('781924','CD Lugo',null,'Antón','Quindimil','23-nov-1999','Difensore'),
  ('286020','CD Lugo',21,'Luis','Ruiz','30-jun-1992','Difensore'),
  ('057785','CD Lugo',15,'Roberto','Canella','7-feb-1988','Difensore'),
  ('636429','CD Lugo',null,'Martín','López','2-feb-2000','Difensore'),
  ('638088','CD Lugo',null,'Luis','Castro','6-apr-2002','Difensore'),
  ('126722','CD Lugo',22,'Edu','Campabadal','26-jan-1993','Difensore'),
  ('687102','CD Lugo',null,'Carlos','Torrado','9-apr-1999','Difensore'),
  ('561739','CD Lugo',null,'Manu','Núñez','28-jul-1998','Centrocampista'),
  ('065301','CD Lugo',2,'Xavi','Torres','21-nov-1986','Centrocampista'),
  ('034566','CD Lugo',5,'Carlos','Pita','8-dec-1984','Centrocampista'),
  ('070988','CD Lugo',8,'Fernando','Seoane','25-mar-1983','Centrocampista'),
  ('455066','CD Lugo',6,'Juanpe','null','31-mar-1996','Centrocampista'),
  ('287193','CD Lugo',14,'Borja','Domínguez','30-may-1992','Centrocampista'),
  ('321629','CD Lugo',18,'El Hacen','null','31-dec-1997','Centrocampista'),
  ('636392','CD Lugo',null,'Dani','Vidal','16-may-2000','Centrocampista'),
  ('510329','CD Lugo',10,'Hugo','Rama','22-nov-1996','Centrocampista'),
  ('425028','CD Lugo',19,'José Luis','Rodríguez','19-jun-1998','Attaccante'),
  ('278651','CD Lugo',20,'Gerard','Valentín','28-jul-1993','Attaccante'),
  ('292617','CD Lugo',null,'Sebas','Moyano','23-mar-1997','Attaccante'),
  ('051519','CD Lugo',24,'Iriome','González','22-jun-1987','Attaccante'),
  ('237617','CD Lugo',7,'Cristian','Herrera','13-mar-1991','Attaccante'),
  ('308982','CD Lugo',11,'José Ángel','Carrillo','7-jan-1994','Attaccante'),
  ('538810','CD Lugo',16,'Chris','Ramos','18-jan-1997','Attaccante'),
  ('072484','CD Lugo',9,'Manu','Barreiro','8-jul-1986','Attaccante'),
  ('645318','CD Lugo',null,'Antón','Escobar','16-jun-1998','Attaccante'),
  ('636436','CD Lugo',null,'Christian','Martínez','13-oct-2000','Attaccante'),
  ('641408','CD Lugo',null,'Manuel','Morais','3-feb-1998','Attaccante'),
  ('126509','AD Alcorcón',1,'Dani','Jiménez','5-mar-1990','Portiere'),
  ('388888','AD Alcorcón',13,'Samuel','Casado','16-jan-1997','Portiere'),
  ('408288','AD Alcorcón',35,'Jesús','Ruiz','20-jan-1997','Portiere'),
  ('724761','AD Alcorcón',null,'Carlos','Mena','7-nov-1996','Portiere'),
  ('281773','AD Alcorcón',20,'José','León','3-feb-1995','Difensore'),
  ('319541','AD Alcorcón',3,'José Carlos','Ramírez','19-may-1996','Difensore'),
  ('740253','AD Alcorcón',29,'Javi','Castro','13-sep-2000','Difensore'),
  ('345716','AD Alcorcón',4,'Fidel','Escobar','9-jan-1995','Difensore'),
  ('059371','AD Alcorcón',19,'David','Fernández','6-apr-1985','Difensore'),
  ('675890','AD Alcorcón',null,'Cavafe','null','25-apr-1999','Difensore'),
  ('051550','AD Alcorcón',16,'Carlos','Bellvís','24-apr-1985','Difensore'),
  ('783879','AD Alcorcón',null,'Guito','null','16-jan-1998','Difensore'),
  ('195762','AD Alcorcón',17,'Víctor','García','11-jun-1994','Difensore'),
  ('057876','AD Alcorcón',2,'Laure','null','22-mar-1985','Difensore'),
  ('536845','AD Alcorcón',null,'Edu','Viaña','24-feb-2000','Difensore'),
  ('290262','AD Alcorcón',8,'Reko','null','25-jul-1995','Centrocampista'),
  ('450258','AD Alcorcón',6,'Ander','Gorostidi','23-feb-1996','Centrocampista'),
  ('198400','AD Alcorcón',7,'Richard','Boateng','10-jul-1992','Centrocampista'),
  ('475833','AD Alcorcón',14,'Juanma','Bravo','10-feb-1998','Centrocampista'),
  ('075820','AD Alcorcón',5,'Juan','Aguilera','13-sep-1985','Centrocampista'),
  ('716157','AD Alcorcón',null,'Aitor','González','11-feb-2001','Centrocampista'),
  ('383153','AD Alcorcón',15,'Kelechi','Nwakali','5-jun-1998','Centrocampista'),
  ('275682','AD Alcorcón',23,'Carlos','Embalo','25-nov-1994','Attaccante'),
  ('428210','AD Alcorcón',30,'Samuel','Sosa','17-dec-1999','Attaccante'),
  ('422476','AD Alcorcón',null,'Javi','Llario','15-may-1998','Attaccante'),
  ('288460','AD Alcorcón',11,'Ernesto','Gómez','18-jul-1994','Attaccante'),
  ('072201','AD Alcorcón',10,'Hugo','Fraile','16-mar-1987','Attaccante'),
  ('476104','AD Alcorcón',22,'Óscar','Arribas','22-oct-1998','Attaccante'),
  ('464899','AD Alcorcón',null,'Alex','Escardó','6-jun-1998','Attaccante'),
  ('808648','AD Alcorcón',null,'Álvaro Juan','de la Torre','20-oct-1999','Attaccante'),
  ('376486','AD Alcorcón',9,'Marc','Gual','13-mar-1996','Attaccante'),
  ('514514','AD Alcorcón',27,'Barbero','null','17-aug-1998','Attaccante'),
  ('034564','AD Alcorcón',18,'Xisco','null','26-jun-1986','Attaccante'),
  ('531274','CE Sabadell',13,'Diego','Fuoli','20-oct-1997','Portiere'),
  ('088917','CE Sabadell',1,'Ian','Mackay','14-jul-1986','Portiere'),
  ('815002','CE Sabadell',31,'Froilán','Leal','12-feb-2001','Portiere'),
  ('411294','CE Sabadell',15,'Juan','Ibiza','17-aug-1995','Difensore'),
  ('152975','CE Sabadell',4,'Aleix','Coch','18-oct-1991','Difensore'),
  ('253905','CE Sabadell',20,'Grego','Sierra','5-mar-1993','Difensore'),
  ('212863','CE Sabadell',5,'Jaime','Sánchez','11-mar-1995','Difensore'),
  ('039058','CE Sabadell',null,'Jesús','Olmo','24-jan-1985','Difensore'),
  ('689637','CE Sabadell',null,'Chadi','Riad','17-jun-2003','Difensore'),
  ('536156','CE Sabadell',22,'Pierre','Cornud','12-dec-1996','Difensore'),
  ('089332','CE Sabadell',3,'Josu','Ozkoidi','23-apr-1990','Difensore'),
  ('815005','CE Sabadell',null,'Gabri','Gausachs','19-feb-2002','Difensore'),
  ('057999','CE Sabadell',12,'Óscar','Rubio','14-may-1984','Difensore'),
  ('845626','CE Sabadell',null,'Marc','Vargas','17-may-2002','Difensore'),
  ('181113','CE Sabadell',23,'Iker','Undabarrena','18-may-1995','Centrocampista'),
  ('268963','CE Sabadell',14,'Antonio','Romero','12-oct-1995','Centrocampista'),
  ('168773','CE Sabadell',8,'Adri','Cuevas','10-jan-1990','Centrocampista'),
  ('045652','CE Sabadell',6,'Ángel','Martínez','31-jan-1986','Centrocampista'),
  ('131357','CE Sabadell',18,'Pedro','Capó','11-dec-1990','Centrocampista'),
  ('710156','CE Sabadell',null,'Pere','Pons','26-may-2002','Centrocampista'),
  ('127552','CE Sabadell',16,'Xavi','Boniquet','29-may-1990','Centrocampista'),
  ('430192','CE Sabadell',21,'Aarón','Rey','19-may-1998','Centrocampista'),
  ('727578','CE Sabadell',null,'David','Astals','13-dec-2001','Centrocampista'),
  ('275020','CE Sabadell',7,'Héber','Pena','16-jan-1990','Attaccante'),
  ('441290','CE Sabadell',11,'Néstor','Querol','21-sep-1987','Attaccante'),
  ('845627','CE Sabadell',null,'Alberto','Salamanca','1-jan-2002','Attaccante'),
  ('349873','CE Sabadell',9,'Juan','Hernández','6-dec-1994','Attaccante'),
  ('590690','CE Sabadell',17,'Víctor','García','1-jan-1997','Attaccante'),
  ('719992','CE Sabadell',null,'Albert','Ramis','1-jan-2003','Attaccante'),
  ('340205','CE Sabadell',19,'Gorka','Guruzeta','12-sep-1996','Attaccante'),
  ('104236','CE Sabadell',10,'Edgar','Hernández','2-feb-1987','Attaccante');

insert into Partite values
  ('ES200000',1,'RCD Espanyol Barcelona','Albacete Balompié',3,0),
  ('ES200001',2,'RCD Espanyol Barcelona','RCD Mallorca',0,0),
  ('ES200002',5,'RCD Espanyol Barcelona','AD Alcorcón',1,0),
  ('ES200003',7,'RCD Espanyol Barcelona','CD Mirandés',2,0),
  ('ES200004',9,'RCD Espanyol Barcelona','SD Ponferradina',2,0),
  ('ES200005',11,'RCD Espanyol Barcelona','CD Lugo',2,1),
  ('ES200006',13,'RCD Espanyol Barcelona','Girona FC',1,2),
  ('ES200007',15,'RCD Espanyol Barcelona','Real Zaragoza',2,0),
  ('ES200008',17,'RCD Espanyol Barcelona','Sporting Gijón',2,0),
  ('ES200009',19,'RCD Espanyol Barcelona','UD Almería',2,1),
  ('ES200010',1,'RCD Mallorca','Rayo Vallecano',0,1),
  ('ES200011',3,'RCD Mallorca','CE Sabadell',1,0),
  ('ES200012',4,'RCD Mallorca','CD Tenerife',2,0),
  ('ES200013',7,'RCD Mallorca','Albacete Balompié',0,0),
  ('ES200014',9,'RCD Mallorca','Málaga CF',3,1),
  ('ES200015',11,'RCD Mallorca','SD Ponferradina',3,0),
  ('ES200016',13,'RCD Mallorca','Sporting Gijón',0,0),
  ('ES200017',15,'RCD Mallorca','UD Logroñés',4,0),
  ('ES200018',17,'RCD Mallorca','CD Castellón',3,1),
  ('ES200019',19,'RCD Mallorca','CF Fuenlabrada',2,3),
  ('ES200020',2,'UD Almería','Real Zaragoza',1,0),
  ('ES200021',4,'UD Almería','Sporting Gijón',0,1),
  ('ES200022',7,'UD Almería','FC Cartagena',1,1),
  ('ES200023',8,'UD Almería','CF Fuenlabrada',3,0),
  ('ES200024',10,'UD Almería','Girona FC',0,0),
  ('ES200025',12,'UD Almería','CD Mirandés',2,1),
  ('ES200026',14,'UD Almería','CD Tenerife',2,0),
  ('ES200027',16,'UD Almería','RCD Mallorca',0,1),
  ('ES200028',18,'UD Almería','Málaga CF',3,1),
  ('ES200029',1,'CD Leganés','UD Las Palmas',1,0),
  ('ES200030',3,'CD Leganés','FC Cartagena',3,1),
  ('ES200031',5,'CD Leganés','Girona FC',0,1),
  ('ES200032',7,'CD Leganés','Real Zaragoza',1,0),
  ('ES200033',8,'CD Leganés','Real Oviedo',2,1),
  ('ES200034',10,'CD Leganés','CD Mirandés',1,0),
  ('ES200035',12,'CD Leganés','AD Alcorcón',1,0),
  ('ES200036',14,'CD Leganés','RCD Espanyol Barcelona',2,0),
  ('ES200037',16,'CD Leganés','Rayo Vallecano',1,0),
  ('ES200038',18,'CD Leganés','RCD Mallorca',0,1),
  ('ES200039',2,'Girona FC','UD Logroñés',2,0),
  ('ES200040',4,'Girona FC','CF Fuenlabrada',0,1),
  ('ES200041',6,'Girona FC','Real Oviedo',1,0),
  ('ES200042',9,'Girona FC','FC Cartagena',2,1),
  ('ES200043',11,'Girona FC','UD Las Palmas',1,1),
  ('ES200044',12,'Girona FC','RCD Mallorca',0,1),
  ('ES200045',14,'Girona FC','Málaga CF',0,1),
  ('ES200046',16,'Girona FC','CD Mirandés',1,0),
  ('ES200047',18,'Girona FC','Rayo Vallecano',0,0),
  ('ES200048',2,'Rayo Vallecano','CE Sabadell',2,1),
  ('ES200049',4,'Rayo Vallecano','Málaga CF',4,0),
  ('ES200050',6,'Rayo Vallecano','RCD Espanyol Barcelona',1,0),
  ('ES200051',9,'Rayo Vallecano','CF Fuenlabrada',2,0),
  ('ES200052',11,'Rayo Vallecano','UD Almería',0,1),
  ('ES200053',13,'Rayo Vallecano','CD Castellón',2,1),
  ('ES200054',15,'Rayo Vallecano','FC Cartagena',0,0),
  ('ES200055',17,'Rayo Vallecano','UD Logroñés',2,1),
  ('ES200056',19,'Rayo Vallecano','UD Las Palmas',2,0),
  ('ES200057',1,'Sporting Gijón','UD Logroñés',1,0),
  ('ES200058',3,'Sporting Gijón','Girona FC',2,0),
  ('ES200059',6,'Sporting Gijón','CD Tenerife',1,1),
  ('ES200060',8,'Sporting Gijón','SD Ponferradina',2,1),
  ('ES200061',10,'Sporting Gijón','CD Castellón',1,0),
  ('ES200062',12,'Sporting Gijón','Rayo Vallecano',1,1),
  ('ES200063',14,'Sporting Gijón','CE Sabadell',3,1),
  ('ES200064',16,'Sporting Gijón','Albacete Balompié',0,0),
  ('ES200065',18,'Sporting Gijón','Real Zaragoza',1,0),
  ('ES200066',19,'Sporting Gijón','CD Leganés',1,1),
  ('ES200067',1,'SD Ponferradina','CD Castellón',1,2),
  ('ES200068',3,'SD Ponferradina','Rayo Vallecano',3,0),
  ('ES200069',5,'SD Ponferradina','FC Cartagena',0,2),
  ('ES200070',7,'SD Ponferradina','CD Tenerife',1,0),
  ('ES200071',10,'SD Ponferradina','CE Sabadell',0,3),
  ('ES200072',12,'SD Ponferradina','Málaga CF',1,1),
  ('ES200073',13,'SD Ponferradina','Real Zaragoza',2,1),
  ('ES200074',15,'SD Ponferradina','CD Leganés',3,2),
  ('ES200075',17,'SD Ponferradina','UD Las Palmas',0,0),
  ('ES200076',19,'SD Ponferradina','Real Oviedo',1,0),
  ('ES200077',2,'UD Las Palmas','CF Fuenlabrada',3,3),
  ('ES200078',4,'UD Las Palmas','UD Logroñés',2,1),
  ('ES200079',6,'UD Las Palmas','UD Almería',2,0),
  ('ES200080',7,'UD Las Palmas','CD Castellón',2,1),
  ('ES200081',10,'UD Las Palmas','Real Oviedo',1,2),
  ('ES200082',12,'UD Las Palmas','CD Tenerife',1,0),
  ('ES200083',14,'UD Las Palmas','CD Mirandés',0,2),
  ('ES200084',15,'UD Las Palmas','Sporting Gijón',3,2),
  ('ES200085',18,'UD Las Palmas','AD Alcorcón',0,0),
  ('ES200086',1,'CF Fuenlabrada','CD Lugo',2,0),
  ('ES200087',3,'CF Fuenlabrada','Albacete Balompié',1,0),
  ('ES200088',5,'CF Fuenlabrada','CD Castellón',1,1),
  ('ES200089',7,'CF Fuenlabrada','UD Logroñés',0,0),
  ('ES200090',10,'CF Fuenlabrada','CD Tenerife',1,1),
  ('ES200091',12,'CF Fuenlabrada','RCD Espanyol Barcelona',1,1),
  ('ES200092',14,'CF Fuenlabrada','SD Ponferradina',1,1),
  ('ES200093',16,'CF Fuenlabrada','Málaga CF',0,2),
  ('ES200094',18,'CF Fuenlabrada','CD Mirandés',0,1),
  ('ES200095',1,'CD Mirandés','AD Alcorcón',0,0),
  ('ES200096',2,'CD Mirandés','Real Oviedo',1,1),
  ('ES200097',4,'CD Mirandés','SD Ponferradina',0,1),
  ('ES200098',6,'CD Mirandés','RCD Mallorca',0,0),
  ('ES200099',9,'CD Mirandés','Real Zaragoza',1,0),
  ('ES200100',11,'CD Mirandés','Sporting Gijón',1,0),
  ('ES200101',13,'CD Mirandés','FC Cartagena',4,1),
  ('ES200102',15,'CD Mirandés','CD Castellón',1,1),
  ('ES200103',17,'CD Mirandés','CD Lugo',0,0),
  ('ES200104',19,'CD Mirandés','Albacete Balompié',0,2),
  ('ES200105',3,'Málaga CF','AD Alcorcón',1,0),
  ('ES200106',5,'Málaga CF','UD Las Palmas',0,0),
  ('ES200107',7,'Málaga CF','Sporting Gijón',1,0),
  ('ES200108',8,'Málaga CF','CD Mirandés',1,1),
  ('ES200109',10,'Málaga CF','RCD Espanyol Barcelona',0,3),
  ('ES200110',13,'Málaga CF','CD Leganés',1,2),
  ('ES200111',15,'Málaga CF','CD Lugo',2,2),
  ('ES200112',17,'Málaga CF','FC Cartagena',1,2),
  ('ES200113',19,'Málaga CF','UD Logroñés',0,0),
  ('ES200114',1,'CD Tenerife','Málaga CF',2,0),
  ('ES200115',3,'CD Tenerife','CD Mirandés',1,2),
  ('ES200116',5,'CD Tenerife','Rayo Vallecano',1,0),
  ('ES200117',8,'CD Tenerife','RCD Espanyol Barcelona',0,0),
  ('ES200118',9,'CD Tenerife','CD Lugo',1,1),
  ('ES200119',11,'CD Tenerife','Real Zaragoza',1,0),
  ('ES200120',13,'CD Tenerife','UD Logroñés',0,1),
  ('ES200121',16,'CD Tenerife','CE Sabadell',1,2),
  ('ES200122',17,'CD Tenerife','CD Leganés',0,0),
  ('ES200123',19,'CD Tenerife','Girona FC',2,0),
  ('ES200124',1,'Real Oviedo','FC Cartagena',0,0),
  ('ES200125',3,'Real Oviedo','RCD Espanyol Barcelona',0,2),
  ('ES200126',5,'Real Oviedo','Sporting Gijón',1,0),
  ('ES200127',7,'Real Oviedo','Rayo Vallecano',0,0),
  ('ES200128',9,'Real Oviedo','UD Logroñés',2,3),
  ('ES200129',11,'Real Oviedo','CD Castellón',4,0),
  ('ES200130',13,'Real Oviedo','CF Fuenlabrada',1,1),
  ('ES200131',15,'Real Oviedo','UD Almería',1,2),
  ('ES200132',16,'Real Oviedo','AD Alcorcón',1,1),
  ('ES200133',18,'Real Oviedo','CD Tenerife',4,2),
  ('ES200134',1,'Real Zaragoza','Girona FC',2,2),
  ('ES200135',3,'Real Zaragoza','UD Las Palmas',2,2),
  ('ES200136',5,'Real Zaragoza','Albacete Balompié',1,0),
  ('ES200137',6,'Real Zaragoza','Málaga CF',1,2),
  ('ES200138',8,'Real Zaragoza','CE Sabadell',0,0),
  ('ES200139',10,'Real Zaragoza','RCD Mallorca',0,0),
  ('ES200140',12,'Real Zaragoza','Real Oviedo',1,2),
  ('ES200141',14,'Real Zaragoza','Rayo Vallecano',1,2),
  ('ES200142',17,'Real Zaragoza','CF Fuenlabrada',1,0),
  ('ES200143',19,'Real Zaragoza','CD Lugo',1,0),
  ('ES200144',2,'FC Cartagena','Sporting Gijón',0,1),
  ('ES200145',4,'FC Cartagena','CD Lugo',2,1),
  ('ES200146',6,'FC Cartagena','CF Fuenlabrada',1,1),
  ('ES200147',8,'FC Cartagena','UD Las Palmas',3,0),
  ('ES200148',10,'FC Cartagena','Albacete Balompié',3,1),
  ('ES200149',11,'FC Cartagena','UD Logroñés',0,1),
  ('ES200150',14,'FC Cartagena','RCD Mallorca',1,2),
  ('ES200151',16,'FC Cartagena','RCD Espanyol Barcelona',1,3),
  ('ES200152',18,'FC Cartagena','CE Sabadell',1,2),
  ('ES200153',2,'AD Alcorcón','CD Tenerife',2,0),
  ('ES200154',4,'AD Alcorcón','Real Zaragoza',0,3),
  ('ES200155',6,'AD Alcorcón','SD Ponferradina',0,1),
  ('ES200156',8,'AD Alcorcón','RCD Mallorca',0,2),
  ('ES200157',9,'AD Alcorcón','Sporting Gijón',1,2),
  ('ES200158',11,'AD Alcorcón','CF Fuenlabrada',0,3),
  ('ES200159',13,'AD Alcorcón','CD Lugo',1,0),
  ('ES200160',15,'AD Alcorcón','Girona FC',1,0),
  ('ES200161',17,'AD Alcorcón','UD Almería',0,1),
  ('ES200162',19,'AD Alcorcón','FC Cartagena',2,1),
  ('ES200163',2,'CD Lugo','CD Leganés',2,1),
  ('ES200164',3,'CD Lugo','UD Almería',0,2),
  ('ES200165',5,'CD Lugo','RCD Mallorca',0,1),
  ('ES200166',7,'CD Lugo','Girona FC',3,0),
  ('ES200167',10,'CD Lugo','Rayo Vallecano',1,0),
  ('ES200168',12,'CD Lugo','Albacete Balompié',1,0),
  ('ES200169',14,'CD Lugo','Real Oviedo',0,0),
  ('ES200170',16,'CD Lugo','UD Las Palmas',1,1),
  ('ES200171',18,'CD Lugo','SD Ponferradina',1,0),
  ('ES200172',1,'CE Sabadell','UD Almería',1,2),
  ('ES200173',4,'CE Sabadell','RCD Espanyol Barcelona',0,1),
  ('ES200174',5,'CE Sabadell','CD Mirandés',0,2),
  ('ES200175',7,'CE Sabadell','AD Alcorcón',1,1),
  ('ES200176',9,'CE Sabadell','CD Leganés',1,0),
  ('ES200177',11,'CE Sabadell','Málaga CF',1,2),
  ('ES200178',13,'CE Sabadell','UD Las Palmas',3,1),
  ('ES200179',15,'CE Sabadell','CF Fuenlabrada',1,2),
  ('ES200180',17,'CE Sabadell','Real Oviedo',0,1),
  ('ES200181',19,'CE Sabadell','CD Castellón',1,1),
  ('ES200182',3,'UD Logroñés','CD Castellón',1,1),
  ('ES200183',5,'UD Logroñés','UD Almería',1,0),
  ('ES200184',6,'UD Logroñés','CD Leganés',0,1),
  ('ES200185',8,'UD Logroñés','CD Lugo',2,3),
  ('ES200186',10,'UD Logroñés','AD Alcorcón',1,0),
  ('ES200187',12,'UD Logroñés','CE Sabadell',1,0),
  ('ES200188',14,'UD Logroñés','Albacete Balompié',2,0),
  ('ES200189',16,'UD Logroñés','SD Ponferradina',1,2),
  ('ES200190',18,'UD Logroñés','RCD Espanyol Barcelona',0,3),
  ('ES200191',2,'CD Castellón','Málaga CF',0,1),
  ('ES200192',4,'CD Castellón','CD Leganés',2,0),
  ('ES200193',6,'CD Castellón','CD Lugo',0,1),
  ('ES200194',8,'CD Castellón','Girona FC',0,1),
  ('ES200195',9,'CD Castellón','UD Almería',1,2),
  ('ES200196',12,'CD Castellón','FC Cartagena',2,1),
  ('ES200197',14,'CD Castellón','AD Alcorcón',0,2),
  ('ES200198',16,'CD Castellón','Real Zaragoza',1,0),
  ('ES200199',18,'CD Castellón','Albacete Balompié',3,0),
  ('ES200200',2,'Albacete Balompié','SD Ponferradina',0,2),
  ('ES200201',4,'Albacete Balompié','Real Oviedo',1,1),
  ('ES200202',6,'Albacete Balompié','CE Sabadell',3,0),
  ('ES200203',8,'Albacete Balompié','Rayo Vallecano',2,1),
  ('ES200204',9,'Albacete Balompié','UD Las Palmas',1,1),
  ('ES200205',11,'Albacete Balompié','CD Leganés',0,0),
  ('ES200206',13,'Albacete Balompié','UD Almería',1,2),
  ('ES200207',15,'Albacete Balompié','CD Tenerife',0,2),
  ('ES200208',17,'Albacete Balompié','Girona FC',0,2);

insert into Gol values
  ('ES200000',14,'448344',false),
  ('ES200000',25,'140436',false),
  ('ES200000',91,'288318',false),
  ('ES200002',75,'162038',false),
  ('ES200003',3,'042920',false),
  ('ES200003',43,'408471',false),
  ('ES200004',24,'162038',false),
  ('ES200004',48,'288318',false),
  ('ES200005',30,'288318',false),
  ('ES200005',33,'308982',false),
  ('ES200005',58,'162038',false),
  ('ES200006',40,'162038',false),
  ('ES200006',83,'283473',false),
  ('ES200006',88,'131506',false),
  ('ES200007',69,'544106',false),
  ('ES200007',83,'142021',false),
  ('ES200008',88,'140436',false),
  ('ES200008',97,'142021',false),
  ('ES200009',9,'162038',false),
  ('ES200009',51,'379534',false),
  ('ES200009',84,'162038',false),
  ('ES200010',49,'362086',false),
  ('ES200011',85,'139435',false),
  ('ES200012',19,'277384',false),
  ('ES200012',54,'139435',false),
  ('ES200014',10,'339820',false),
  ('ES200014',50,'278296',false),
  ('ES200014',67,'118732',false),
  ('ES200014',73,'139435',false),
  ('ES200015',21,'139435',false),
  ('ES200015',43,'139435',false),
  ('ES200015',54,'513031',false),
  ('ES200017',8,'058799',false),
  ('ES200017',41,'339820',false),
  ('ES200017',69,'177452',false),
  ('ES200017',85,'769063',false),
  ('ES200018',8,'177452',false),
  ('ES200018',12,'058799',false),
  ('ES200018',55,'177452',false),
  ('ES200018',73,'158792',false),
  ('ES200019',11,'603969',false),
  ('ES200019',20,'401521',false),
  ('ES200019',33,'250358',false),
  ('ES200019',52,'177452',false),
  ('ES200019',63,'845638',false),
  ('ES200020',59,'337715',false),
  ('ES200021',74,'190804',false),
  ('ES200022',17,'025316',false),
  ('ES200022',65,'337715',false),
  ('ES200023',42,'379534',false),
  ('ES200023',64,'379534',false),
  ('ES200023',76,'379534',false),
  ('ES200025',17,'311680',false),
  ('ES200025',42,'568835',false),
  ('ES200025',45,'337715',false),
  ('ES200026',51,'282410',false),
  ('ES200026',75,'337715',false),
  ('ES200027',91,'177452',false),
  ('ES200028',11,'337715',false),
  ('ES200028',48,'396334',false),
  ('ES200028',78,'258475',false),
  ('ES200028',93,'518644',false),
  ('ES200029',75,'268958',false),
  ('ES200030',24,'049500',false),
  ('ES200030',30,'192736',false),
  ('ES200030',40,'192736',false),
  ('ES200030',50,'025316',false),
  ('ES200031',38,'166683',false),
  ('ES200032',57,'364603',false),
  ('ES200033',61,'129693',false),
  ('ES200033',87,'085324',false),
  ('ES200033',93,'522719',false),
  ('ES200034',49,'364603',false),
  ('ES200035',60,'192736',false),
  ('ES200036',41,'085324',false),
  ('ES200036',47,'364603',false),
  ('ES200037',4,'364603',false),
  ('ES200038',61,'339820',false),
  ('ES200039',58,'059323',false),
  ('ES200039',69,'059323',false),
  ('ES200040',45,'355335',false),
  ('ES200042',7,'166683',false),
  ('ES200042',23,'025316',false),
  ('ES200042',66,'166683',false),
  ('ES200043',45,'394694',false),
  ('ES200043',67,'064598',false),
  ('ES200044',5,'058799',false),
  ('ES200045',33,'147232',false),
  ('ES200046',30,'166683',false),
  ('ES200048',20,'349873',false),
  ('ES200048',64,'380598',false),
  ('ES200048',88,'449796',false),
  ('ES200049',18,'362086',false),
  ('ES200049',21,'465317',true),
  ('ES200049',58,'195605',false),
  ('ES200050',88,'362086',false),
  ('ES200051',71,'531277',false),
  ('ES200052',95,'494880',false),
  ('ES200053',14,'531277',false),
  ('ES200053',44,'531277',false),
  ('ES200053',62,'096539',false),
  ('ES200055',20,'431475',false),
  ('ES200055',26,'104234',true),
  ('ES200057',89,'190804',false),
  ('ES200058',48,'190804',false),
  ('ES200058',58,'190804',false),
  ('ES200059',65,'363057',false),
  ('ES200059',85,'208022',false),
  ('ES200060',67,'277118',false),
  ('ES200060',86,'141835',false),
  ('ES200061',40,'190804',false),
  ('ES200062',77,'341264',true),
  ('ES200062',87,'531277',false),
  ('ES200063',8,'214468',false),
  ('ES200063',70,'349873',false),
  ('ES200063',73,'580525',false),
  ('ES200063',84,'580525',false),
  ('ES200065',77,'190804',false),
  ('ES200066',86,'190804',false),
  ('ES200066',96,'085324',false),
  ('ES200067',14,'213875',false),
  ('ES200067',21,'379530',false),
  ('ES200067',97,'128816',false),
  ('ES200068',22,'067550',false),
  ('ES200068',38,'365313',false),
  ('ES200068',44,'247583',false),
  ('ES200069',57,'187673',false),
  ('ES200069',60,'240849',false),
  ('ES200070',20,'365313',false),
  ('ES200071',7,'411294',false),
  ('ES200071',54,'104236',false),
  ('ES200072',16,'255506',false),
  ('ES200072',74,'208116',false),
  ('ES200073',46,'213595',false),
  ('ES200073',61,'466799',true),
  ('ES200073',78,'271451',false),
  ('ES200074',16,'268958',false),
  ('ES200074',22,'208116',false),
  ('ES200074',35,'067550',false),
  ('ES200074',39,'067550',true),
  ('ES200077',45,'230222',false),
  ('ES200077',64,'560483',false),
  ('ES200077',79,'250358',false),
  ('ES200077',84,'315095',false),
  ('ES200077',90,'699501',false),
  ('ES200078',53,'505675',false),
  ('ES200078',90,'110366',false),
  ('ES200078',92,'252686',false),
  ('ES200079',7,'110366',false),
  ('ES200079',76,'110366',false),
  ('ES200080',49,'110366',false),
  ('ES200080',65,'288454',false),
  ('ES200080',72,'505675',false),
  ('ES200081',19,'263843',false),
  ('ES200081',21,'263843',false),
  ('ES200081',88,'510396',false),
  ('ES200082',48,'142033',true),
  ('ES200083',18,'044735',true),
  ('ES200083',79,'339693',false),
  ('ES200084',24,'190804',false),
  ('ES200084',35,'190804',false),
  ('ES200084',54,'505675',false),
  ('ES200084',56,'505675',false),
  ('ES200084',84,'565523',false),
  ('ES200086',64,'579649',false),
  ('ES200086',69,'560483',false),
  ('ES200087',61,'525578',false),
  ('ES200088',18,'072281',false),
  ('ES200088',55,'289267',false),
  ('ES200090',38,'337070',false),
  ('ES200090',62,'726030',false),
  ('ES200091',26,'162038',false),
  ('ES200091',87,'337070',false),
  ('ES200092',57,'067550',false),
  ('ES200092',71,'413502',false),
  ('ES200093',36,'255506',false),
  ('ES200093',85,'567222',false),
  ('ES200094',59,'396109',false),
  ('ES200096',57,'341278',false),
  ('ES200096',91,'197131',false),
  ('ES200097',68,'421258',false),
  ('ES200099',93,'449844',false),
  ('ES200100',11,'607779',false),
  ('ES200101',8,'461843',false),
  ('ES200101',50,'607779',false),
  ('ES200101',52,'341278',false),
  ('ES200101',69,'240849',false),
  ('ES200101',94,'339693',false),
  ('ES200102',12,'776890',false),
  ('ES200102',68,'128816',false),
  ('ES200104',32,'176610',false),
  ('ES200104',42,'156887',false),
  ('ES200105',43,'442802',false),
  ('ES200107',21,'465317',false),
  ('ES200108',16,'207924',false),
  ('ES200108',53,'339693',false),
  ('ES200109',7,'288318',false),
  ('ES200109',51,'162038',false),
  ('ES200109',56,'288318',false),
  ('ES200110',33,'465317',true),
  ('ES200110',63,'465317',false),
  ('ES200110',71,'192736',false),
  ('ES200111',27,'510329',false),
  ('ES200111',40,'169681',false),
  ('ES200111',70,'465317',false),
  ('ES200111',88,'465317',false),
  ('ES200112',17,'129374',true),
  ('ES200112',29,'210143',false),
  ('ES200112',58,'073319',false),
  ('ES200114',42,'051522',false),
  ('ES200114',56,'340870',false),
  ('ES200115',18,'311146',true),
  ('ES200115',32,'473695',false),
  ('ES200115',75,'339693',false),
  ('ES200116',80,'473695',false),
  ('ES200118',39,'164292',false),
  ('ES200119',15,'055135',true),
  ('ES200121',19,'152975',false),
  ('ES200121',34,'243760',false),
  ('ES200123',7,'071830',false),
  ('ES200123',34,'164292',false),
  ('ES200125',64,'162038',false),
  ('ES200125',68,'162038',false),
  ('ES200126',38,'038817',false),
  ('ES200128',5,'430227',true),
  ('ES200128',48,'344399',false),
  ('ES200128',50,'344399',false),
  ('ES200128',56,'522719',false),
  ('ES200129',10,'197131',false),
  ('ES200129',46,'217155',false),
  ('ES200129',53,'401624',false),
  ('ES200129',84,'401624',false),
  ('ES200130',43,'263843',false),
  ('ES200130',55,'315095',false),
  ('ES200131',27,'379534',false),
  ('ES200131',65,'181006',false),
  ('ES200131',79,'379534',false),
  ('ES200132',88,'072201',false),
  ('ES200132',91,'197131',false),
  ('ES200133',4,'181006',false),
  ('ES200133',8,'181006',false),
  ('ES200133',16,'473695',false),
  ('ES200133',64,'072421',false),
  ('ES200133',66,'117549',false),
  ('ES200133',79,'217155',false),
  ('ES200134',28,'166683',false),
  ('ES200134',54,'331496',false),
  ('ES200134',92,'213595',false),
  ('ES200134',95,'213595',false),
  ('ES200135',18,'699501',true),
  ('ES200135',23,'230222',false),
  ('ES200135',49,'089330',false),
  ('ES200135',81,'565523',false),
  ('ES200136',88,'213595',false),
  ('ES200137',14,'118732',false),
  ('ES200137',26,'238471',false),
  ('ES200137',83,'044073',false),
  ('ES200140',45,'217155',false),
  ('ES200140',49,'181006',false),
  ('ES200141',19,'375849',false),
  ('ES200141',83,'195605',false),
  ('ES200142',60,'213595',false),
  ('ES200143',69,'596122',false),
  ('ES200144',71,'557147',false),
  ('ES200145',29,'240849',false),
  ('ES200145',61,'210143',false),
  ('ES200145',88,'308982',false),
  ('ES200146',63,'025316',false),
  ('ES200147',25,'025316',false),
  ('ES200147',41,'345083',false),
  ('ES200147',88,'375300',false),
  ('ES200148',8,'025316',false),
  ('ES200148',32,'531267',false),
  ('ES200148',41,'025316',false),
  ('ES200148',66,'355763',false),
  ('ES200149',84,'156864',false),
  ('ES200150',69,'139435',false),
  ('ES200150',81,'100722',false),
  ('ES200150',90,'240849',false),
  ('ES200151',47,'240849',false),
  ('ES200151',75,'570421',false),
  ('ES200151',80,'162038',false),
  ('ES200151',85,'408471',false),
  ('ES200152',63,'025316',false),
  ('ES200152',78,'340205',false),
  ('ES200153',83,'072201',false),
  ('ES200156',18,'513031',false),
  ('ES200156',22,'443222',false),
  ('ES200157',64,'190804',false),
  ('ES200157',75,'428210',false),
  ('ES200157',79,'214468',false),
  ('ES200158',10,'337070',false),
  ('ES200158',52,'337070',false),
  ('ES200158',60,'337070',false),
  ('ES200159',82,'376486',false),
  ('ES200160',83,'476104',false),
  ('ES200161',59,'337715',false),
  ('ES200162',40,'376486',false),
  ('ES200162',46,'281773',false),
  ('ES200162',93,'240849',false),
  ('ES200163',23,'192736',false),
  ('ES200163',64,'425028',false),
  ('ES200163',87,'072484',false),
  ('ES200164',8,'355627',false),
  ('ES200164',12,'158057',false),
  ('ES200165',56,'058799',false),
  ('ES200166',58,'065301',false),
  ('ES200166',66,'510329',false),
  ('ES200166',74,'538810',false),
  ('ES200168',85,'072484',false),
  ('ES200170',12,'072484',false),
  ('ES200170',19,'581781',false),
  ('ES200171',81,'510329',false),
  ('ES200172',13,'158057',false),
  ('ES200172',93,'518644',false),
  ('ES200173',84,'570421',false),
  ('ES200174',75,'568835',false),
  ('ES200174',78,'495601',false),
  ('ES200175',76,'072201',false),
  ('ES200175',93,'411294',false),
  ('ES200177',16,'212849',false),
  ('ES200177',19,'441290',false),
  ('ES200177',75,'118732',false),
  ('ES200178',33,'168773',false),
  ('ES200178',45,'340205',false),
  ('ES200178',63,'394694',false),
  ('ES200178',69,'168773',false),
  ('ES200179',2,'355335',true),
  ('ES200179',28,'242295',false),
  ('ES200179',88,'057999',true),
  ('ES200180',65,'197131',false),
  ('ES200181',46,'158792',false),
  ('ES200181',93,'441290',false),
  ('ES200182',73,'311266',false),
  ('ES200183',78,'252686',false),
  ('ES200184',31,'085324',false),
  ('ES200185',34,'252686',false),
  ('ES200185',53,'425028',false),
  ('ES200185',78,'538810',false),
  ('ES200185',86,'425028',false),
  ('ES200185',92,'252686',false),
  ('ES200186',41,'344399',false),
  ('ES200187',83,'344399',false),
  ('ES200188',10,'252686',false),
  ('ES200188',69,'398159',false),
  ('ES200189',20,'067550',false),
  ('ES200189',49,'174972',false),
  ('ES200189',76,'284454',false),
  ('ES200190',17,'162038',false),
  ('ES200190',42,'142021',false),
  ('ES200190',50,'408471',false),
  ('ES200191',17,'567222',false),
  ('ES200192',31,'070245',true),
  ('ES200192',92,'343965',false),
  ('ES200193',94,'051519',false),
  ('ES200194',42,'282700',false),
  ('ES200195',43,'379534',false),
  ('ES200195',47,'311680',false),
  ('ES200195',61,'222667',false),
  ('ES200196',64,'311266',false),
  ('ES200196',76,'311266',false),
  ('ES200196',80,'025316',false),
  ('ES200197',31,'376486',false),
  ('ES200197',45,'376486',false),
  ('ES200198',84,'051632',false),
  ('ES200199',27,'096539',false),
  ('ES200199',83,'343965',false),
  ('ES200199',91,'343965',false),
  ('ES200200',71,'365313',false),
  ('ES200201',10,'137174',false),
  ('ES200201',55,'176610',false),
  ('ES200202',34,'138662',false),
  ('ES200202',52,'156887',false),
  ('ES200202',62,'070767',false),
  ('ES200203',43,'541555',false),
  ('ES200203',47,'238865',false),
  ('ES200203',80,'362086',false),
  ('ES200204',38,'341264',false),
  ('ES200204',90,'197576',false),
  ('ES200206',16,'379534',false),
  ('ES200206',78,'282406',false),
  ('ES200206',84,'494880',false),
  ('ES200207',67,'387313',false),
  ('ES200207',84,'164292',false),
  ('ES200208',66,'069005',true),
  ('ES200208',79,'466811',false);
