/* File created by scraping https://www.transfermarkt.com using Antonio Cardin's program */

insert into Squadre values
  ('UD Almería','Almería','null'),
  ('Real Valladolid CF','Valladolid','null'),
  ('CD Leganés','Leganés','Nafti'),
  ('Real Sociedad B','Donostia-San Sebastián (Gipuzkoa)','Alonso'),
  ('SD Eibar','Eibar (Gipuzkoa)','Garitano'),
  ('SD Huesca','Huesca','Muñoz'),
  ('Sporting Gijón','Leorio - Gijón (Asturias)','Martí'),
  ('Girona FC','Girona','null'),
  ('Real Zaragoza','Zaragoza','Martínez'),
  ('Málaga CF','Málaga','González'),
  ('UD Las Palmas','Las Palmas de Gran Canaria','García Pimienta'),
  ('CD Mirandés','Miranda de Ebro','Etxeberria'),
  ('CD Tenerife','Tenerife','Ramis'),
  ('Real Oviedo','Oviedo','Ziganda'),
  ('CF Fuenlabrada','Fuenlabrada','Sandoval'),
  ('SD Ponferradina','Ponferrada','null'),
  ('FC Cartagena','La Unión','Carrión'),
  ('UD Ibiza','(Score: Jan','Jémez'),
  ('SD Amorebieta','Amorebieta-Echano','Mújika'),
  ('Burgos CF','Burgos','Calero'),
  ('CD Lugo','(Residents:','Albés'),
  ('AD Alcorcón','Alcorcón','Fernández');

insert into Giocatori values
  ('055977','UD Almería',1,'Giorgi','Makaridze','31-mar-1990','Portiere'),
  ('081997','UD Almería',13,'Fernando','Martínez','10-jun-1990','Portiere'),
  ('176140','UD Almería',19,'Rodrigo','Ely','3-nov-1993','Difensore'),
  ('333361','UD Almería',21,'Chumi','null','2-mar-1999','Difensore'),
  ('222805','UD Almería',22,'Srdjan','Babic','22-apr-1996','Difensore'),
  ('406773','UD Almería',3,'Iván','Martos','15-may-1997','Difensore'),
  ('037712','UD Almería',23,'Daniel','Carriço','4-aug-1988','Difensore'),
  ('355627','UD Almería',15,'Sergio','Akieme','16-dec-1997','Difensore'),
  ('423443','UD Almería',20,'Álex','Centelles','30-aug-1999','Difensore'),
  ('341272','UD Almería',17,'Alejandro','Pozo','22-feb-1999','Difensore'),
  ('374081','UD Almería',2,'Aitor','Buñuel','10-feb-1998','Difensore'),
  ('327207','UD Almería',12,'Juanjo','Nieto','3-oct-1994','Difensore'),
  ('419441','UD Almería',null,'Alexandre Mendes','null','10-jan-2001','Difensore'),
  ('657430','UD Almería',30,'Samú','Costa','27-nov-2000','Centrocampista'),
  ('089731','UD Almería',4,'Iñigo','Eguaras','7-mar-1992','Centrocampista'),
  ('457221','UD Almería',5,'Lucas','Robertone','18-mar-1997','Centrocampista'),
  ('536030','UD Almería',26,'Arnau','Puigmal','10-jan-2001','Centrocampista'),
  ('226261','UD Almería',6,'César','de la Hoz','30-mar-1992','Centrocampista'),
  ('635332','UD Almería',14,'Javi','Robles','3-oct-2000','Centrocampista'),
  ('518644','UD Almería',32,'Largie','Ramazani','27-feb-2001','Attaccante'),
  ('282410','UD Almería',16,'José Carlos','Lazo','16-feb-1996','Attaccante'),
  ('138803','UD Almería',8,'Francisco','Portillo','13-jun-1990','Attaccante'),
  ('208116','UD Almería',10,'Curro','Sánchez','3-jan-1996','Attaccante'),
  ('433257','UD Almería',31,'Arvin','Appiah','5-jan-2001','Attaccante'),
  ('085500','UD Almería',7,'Juan','Villar','19-may-1988','Attaccante'),
  ('337715','UD Almería',9,'Umar','Sadiq','2-feb-1997','Attaccante'),
  ('157036','UD Almería',11,'Dyego','Sousa','14-sep-1989','Attaccante'),
  ('065263','Real Valladolid CF',1,'Jordi','Masip','3-jan-1989','Portiere'),
  ('037403','Real Valladolid CF',13,'Roberto','null','10-feb-1986','Portiere'),
  ('221321','Real Valladolid CF',24,'Joaquín','Fernández','31-may-1996','Difensore'),
  ('340853','Real Valladolid CF',5,'Javi','Sánchez','14-mar-1997','Difensore'),
  ('235412','Real Valladolid CF',15,'Jawad','El Yamiq','29-feb-1992','Difensore'),
  ('051667','Real Valladolid CF',4,'Kiko','Olivas','21-aug-1988','Difensore'),
  ('255892','Real Valladolid CF',6,'Josema','null','6-jun-1996','Difensore'),
  ('127554','Real Valladolid CF',22,'Nacho','Martínez','7-mar-1989','Difensore'),
  ('139434','Real Valladolid CF',3,'Raúl','Carnero','30-apr-1989','Difensore'),
  ('196435','Real Valladolid CF',18,'Saidy','Janko','22-oct-1995','Difensore'),
  ('358115','Real Valladolid CF',2,'Luis','Pérez','4-feb-1995','Difensore'),
  ('282727','Real Valladolid CF',8,'Monchu','null','13-sep-1999','Centrocampista'),
  ('202984','Real Valladolid CF',17,'Roque','Mesa','7-jun-1989','Centrocampista'),
  ('327126','Real Valladolid CF',25,'Anuar','null','15-jan-1995','Centrocampista'),
  ('449496','Real Valladolid CF',16,'Álvaro','Aguado','1-may-1996','Centrocampista'),
  ('455349','Real Valladolid CF',20,'Jon','Morcillo','15-sep-1998','Attaccante'),
  ('337066','Real Valladolid CF',19,'Toni','Villa','7-jan-1995','Attaccante'),
  ('404688','Real Valladolid CF',null,'Waldo','Rubio','17-aug-1995','Attaccante'),
  ('628301','Real Valladolid CF',27,'Hugo','Vallejo','15-feb-2000','Attaccante'),
  ('592735','Real Valladolid CF',12,'Gonzalo','Plata','1-nov-2000','Attaccante'),
  ('221309','Real Valladolid CF',10,'Óscar','Plano','11-feb-1991','Attaccante'),
  ('142027','Real Valladolid CF',11,'Pablo','Hervías','8-mar-1993','Attaccante'),
  ('221311','Real Valladolid CF',21,'Iván','Sánchez','23-sep-1992','Attaccante'),
  ('247652','Real Valladolid CF',9,'Shon','Weissman','14-feb-1996','Attaccante'),
  ('339707','Real Valladolid CF',23,'Cristo','González','24-oct-1997','Attaccante'),
  ('145769','Real Valladolid CF',7,'Sergio','León','6-jan-1989','Attaccante'),
  ('297194','CD Leganés',1,'Iván','Villar','9-jul-1997','Portiere'),
  ('126509','CD Leganés',25,'Dani','Jiménez','5-mar-1990','Portiere'),
  ('023338','CD Leganés',13,'Asier','Riesgo','6-oct-1983','Portiere'),
  ('131708','CD Leganés',4,'Kenneth','Omeruo','17-oct-1993','Difensore'),
  ('213052','CD Leganés',15,'Jimmy','Giraudon','16-jan-1992','Difensore'),
  ('156808','CD Leganés',3,'Unai','Bustinza','2-feb-1992','Difensore'),
  ('188838','CD Leganés',5,'Bruno','González','24-may-1990','Difensore'),
  ('308989','CD Leganés',6,'Sergio','González','20-apr-1992','Difensore'),
  ('204102','CD Leganés',16,'Xavi','Quintillà','23-aug-1996','Difensore'),
  ('422466','CD Leganés',20,'Javi','Hernández','2-may-1998','Difensore'),
  ('268176','CD Leganés',2,'Sergi','Palencia','23-mar-1996','Difensore'),
  ('111508','CD Leganés',22,'Allan','Nyom','10-may-1988','Difensore'),
  ('396328','CD Leganés',19,'Luis','Perea','25-aug-1997','Centrocampista'),
  ('099352','CD Leganés',18,'Rubén','Pardo','22-oct-1992','Centrocampista'),
  ('129693','CD Leganés',8,'Gaku','Shibasaki','28-may-1992','Centrocampista'),
  ('150948','CD Leganés',14,'Recio','null','11-jan-1991','Centrocampista'),
  ('543537','CD Leganés',32,'Seydouba','Cissé','10-feb-2001','Centrocampista'),
  ('162079','CD Leganés',null,'Fede','Vico','4-jul-1994','Centrocampista'),
  ('156814','CD Leganés',17,'Javi','Eraso','22-mar-1990','Centrocampista'),
  ('364603','CD Leganés',10,'José Manuel','Arnáiz','15-apr-1995','Attaccante'),
  ('512394','CD Leganés',12,'Lazar','Randjelovic','5-aug-1997','Attaccante'),
  ('283473','CD Leganés',23,'Yoel','Bárcenas','23-oct-1993','Attaccante'),
  ('242532','CD Leganés',7,'Rober','Ibáñez','22-mar-1993','Attaccante'),
  ('715683','CD Leganés',34,'Naim','García','11-jun-2002','Attaccante'),
  ('566036','CD Leganés',28,'Borja','Garcés','6-aug-1999','Attaccante'),
  ('289236','CD Leganés',24,'Jon','Bautista','3-jul-1995','Attaccante'),
  ('268958','CD Leganés',11,'Juan','Muñoz','12-nov-1995','Attaccante'),
  ('093747','CD Leganés',21,'Yacine','Qasmi','3-jan-1991','Attaccante'),
  ('561702','Real Sociedad B',1,'Gaizka','Ayesa','2-apr-2001','Portiere'),
  ('428948','Real Sociedad B',13,'Andoni','Zubiaurre','4-dec-1996','Portiere'),
  ('625651','Real Sociedad B',6,'Urko','González','20-mar-2001','Difensore'),
  ('580560','Real Sociedad B',12,'Jon','Pacheco','8-jan-2001','Difensore'),
  ('434602','Real Sociedad B',5,'Aritz','Arambarri','31-jan-1998','Difensore'),
  ('517845','Real Sociedad B',15,'Jérémy','Blasco','12-feb-1999','Difensore'),
  ('487951','Real Sociedad B',25,'Enrique','Clemente','4-mar-1999','Difensore'),
  ('674501','Real Sociedad B',3,'Jonathan','Gómez','1-sep-2003','Difensore'),
  ('696890','Real Sociedad B',16,'Cristo','Romero','30-apr-2000','Difensore'),
  ('434990','Real Sociedad B',2,'Álex','Sola','9-jun-1999','Difensore'),
  ('711388','Real Sociedad B',39,'Jokin','Gabilondo','9-apr-1999','Difensore'),
  ('490595','Real Sociedad B',18,'Peter','Pokorny','8-aug-2001','Centrocampista'),
  ('634431','Real Sociedad B',14,'Beñat','Turrientes','31-jan-2002','Centrocampista'),
  ('289286','Real Sociedad B',23,'Luca','Sangalli','10-feb-1995','Centrocampista'),
  ('625660','Real Sociedad B',4,'Jon Ander','Olasagasti','16-aug-2000','Centrocampista'),
  ('625653','Real Sociedad B',29,'Iker','Kortajarena','21-jun-2000','Centrocampista'),
  ('569866','Real Sociedad B',10,'Roberto','López','24-apr-2000','Centrocampista'),
  ('563137','Real Sociedad B',24,'Robert','Navarro','12-apr-2002','Centrocampista'),
  ('663258','Real Sociedad B',8,'Aritz','Aldasoro','5-jun-1999','Centrocampista'),
  ('625655','Real Sociedad B',31,'Jon','Magunazelaia','13-jul-2001','Centrocampista'),
  ('629383','Real Sociedad B',22,'Dani','Garrido','19-jan-2000','Centrocampista'),
  ('594926','Real Sociedad B',21,'Näis','Djouahra','23-nov-1999','Attaccante'),
  ('548188','Real Sociedad B',17,'Germán','Valera','16-mar-2002','Attaccante'),
  ('572271','Real Sociedad B',7,'Xeber','Alkain','26-jun-1997','Attaccante'),
  ('625658','Real Sociedad B',20,'Ander','Martín','16-nov-2000','Attaccante'),
  ('625654','Real Sociedad B',11,'Julen','Lobete','18-sep-2000','Attaccante'),
  ('711382','Real Sociedad B',9,'Jon','Karrikaburu','19-sep-2002','Attaccante'),
  ('711394','Real Sociedad B',19,'Javier','Martón','6-may-1999','Attaccante'),
  ('058115','SD Eibar',13,'Yoel','Rodríguez','28-aug-1988','Portiere'),
  ('199325','SD Eibar',1,'Ander','Cantero','9-jan-1995','Portiere'),
  ('337922','SD Eibar',2,'Esteban','Burgos','9-jan-1992','Difensore'),
  ('169681','SD Eibar',3,'Frederico','Venâncio','4-feb-1993','Difensore'),
  ('071559','SD Eibar',5,'Xabi','Etxeita','31-oct-1987','Difensore'),
  ('248330','SD Eibar',25,'Chema','Rodríguez','3-mar-1992','Difensore'),
  ('071548','SD Eibar',23,'Anaitz','Arbilla','15-may-1987','Difensore'),
  ('125931','SD Eibar',18,'Toño','García','7-nov-1989','Difensore'),
  ('380365','SD Eibar',24,'Cristian','Glauder','18-oct-1995','Difensore'),
  ('290273','SD Eibar',15,'Álvaro','Tejero','20-jul-1996','Difensore'),
  ('223890','SD Eibar',4,'Rober','Correa','20-sep-1992','Difensore'),
  ('506248','SD Eibar',10,'Edu','Expósito','1-aug-1996','Centrocampista'),
  ('138935','SD Eibar',6,'Sergio','Álvarez','23-jan-1992','Centrocampista'),
  ('282421','SD Eibar',14,'Javi','Muñoz','28-feb-1995','Centrocampista'),
  ('067550','SD Eibar',8,'Óscar','Sielva','6-aug-1991','Centrocampista'),
  ('480955','SD Eibar',33,'Miguel','Atienza','27-may-1999','Centrocampista'),
  ('158057','SD Eibar',22,'Ager','Aketxe','30-dec-1993','Centrocampista'),
  ('255506','SD Eibar',21,'Yanis','Rahmani','13-may-1995','Attaccante'),
  ('379534','SD Eibar',17,'José','Corpas','7-jul-1991','Attaccante'),
  ('458466','SD Eibar',11,'Franchu','null','12-may-1998','Attaccante'),
  ('271021','SD Eibar',19,'Stoichkov','null','5-nov-1993','Attaccante'),
  ('164292','SD Eibar',9,'Fran','Sol','13-mar-1992','Attaccante'),
  ('079352','SD Eibar',7,'Quique','González','16-may-1990','Attaccante'),
  ('181006','SD Eibar',20,'Gustavo','Blanco Leschuk','5-nov-1991','Attaccante'),
  ('035564','SD Eibar',12,'Fernando','Llorente','26-feb-1985','Attaccante'),
  ('057522','SD Huesca',1,'Andrés','Fernández','17-dec-1986','Portiere'),
  ('396337','SD Huesca',13,'Miguel','San Román','14-jul-1997','Portiere'),
  ('067546','SD Huesca',14,'Jorge','Pulido','8-apr-1991','Difensore'),
  ('070245','SD Huesca',23,'Ignasi','Miquel','28-sep-1992','Difensore'),
  ('171362','SD Huesca',4,'Pablo','Insua','9-sep-1993','Difensore'),
  ('347594','SD Huesca',3,'Florian','Miguel','1-sep-1996','Difensore'),
  ('527966','SD Huesca',2,'Andrei','Ratiu','20-jun-1998','Difensore'),
  ('158795','SD Huesca',12,'David','Timor','17-oct-1989','Centrocampista'),
  ('340867','SD Huesca',20,'Jaime','Seoane','22-jan-1997','Centrocampista'),
  ('568835','SD Huesca',16,'Pablo','Martínez','22-feb-1998','Centrocampista'),
  ('044069','SD Huesca',5,'Pedro','Mosquera','21-apr-1988','Centrocampista'),
  ('224774','SD Huesca',6,'Cristian','Salvador','20-nov-1994','Centrocampista'),
  ('051474','SD Huesca',17,'Mikel','Rico','4-nov-1984','Centrocampista'),
  ('383153','SD Huesca',8,'Kelechi','Nwakali','5-jun-1998','Centrocampista'),
  ('096539','SD Huesca',21,'Marc','Mateu','16-jun-1990','Centrocampista'),
  ('201861','SD Huesca',22,'Juan Carlos','Real','15-mar-1991','Centrocampista'),
  ('100722','SD Huesca',15,'Lago','Júnior','31-dec-1990','Attaccante'),
  ('443290','SD Huesca',24,'Enzo','Lombardo','16-apr-1997','Attaccante'),
  ('071918','SD Huesca',7,'David','Ferreiro','1-apr-1988','Attaccante'),
  ('396334','SD Huesca',11,'Joaquín','Muñoz','10-mar-1999','Attaccante'),
  ('278651','SD Huesca',9,'Gerard','Valentín','28-jul-1993','Attaccante'),
  ('608469','SD Huesca',18,'Adolfo','Gaich','26-feb-1999','Attaccante'),
  ('531829','SD Huesca',10,'Dani','Escriche','24-mar-1998','Attaccante'),
  ('399780','SD Huesca',19,'Darío','Poveda','13-mar-1997','Attaccante'),
  ('059349','Sporting Gijón',13,'Diego','Mariño','9-may-1990','Portiere'),
  ('027493','Sporting Gijón',1,'Iván','Cuéllar','25-may-1984','Portiere'),
  ('461843','Sporting Gijón',15,'Juan','Berrocal','5-feb-1999','Difensore'),
  ('214770','Sporting Gijón',5,'Borja','López','2-feb-1994','Difensore'),
  ('045256','Sporting Gijón',6,'Jean-Sylvain','Babin','14-oct-1986','Difensore'),
  ('053301','Sporting Gijón',4,'Marc','Valiente','29-mar-1987','Difensore'),
  ('245048','Sporting Gijón',3,'Vasyl','Kravets','20-aug-1997','Difensore'),
  ('636300','Sporting Gijón',26,'Pablo','García','5-jun-2000','Difensore'),
  ('557146','Sporting Gijón',2,'Guille','Rosas','17-may-2000','Difensore'),
  ('392655','Sporting Gijón',19,'Bogdan','Milovanov','19-apr-1998','Difensore'),
  ('286849','Sporting Gijón',20,'Jordi','Calavera','2-aug-1995','Difensore'),
  ('557147','Sporting Gijón',16,'José','Gragera','14-may-2000','Centrocampista'),
  ('363057','Sporting Gijón',8,'Pedro','Díaz','5-jun-1998','Centrocampista'),
  ('503837','Sporting Gijón',10,'Nacho','Méndez','30-mar-1998','Centrocampista'),
  ('374077','Sporting Gijón',17,'Christian','Rivera','9-jul-1997','Centrocampista'),
  ('311680','Sporting Gijón',21,'Fran','Villalba','11-may-1998','Centrocampista'),
  ('238717','Sporting Gijón',22,'Pablo','Pérez','2-aug-1993','Centrocampista'),
  ('580525','Sporting Gijón',27,'Gaspar','Campos','27-mar-2000','Attaccante'),
  ('228761','Sporting Gijón',9,'Jony','null','9-jul-1991','Attaccante'),
  ('425028','Sporting Gijón',18,'José Luis','Rodríguez','19-jun-1998','Attaccante'),
  ('531376','Sporting Gijón',14,'Bertín','null','2-apr-1998','Attaccante'),
  ('214468','Sporting Gijón',7,'Aitor','García','25-mar-1994','Attaccante'),
  ('602759','Sporting Gijón',35,'César','García','27-aug-1999','Attaccante'),
  ('190804','Sporting Gijón',23,'Uros','Djurdjevic','2-mar-1994','Attaccante'),
  ('428746','Sporting Gijón',24,'Eric','Ramírez','20-nov-1998','Attaccante'),
  ('394285','Sporting Gijón',11,'Víctor','Campuzano','31-may-1997','Attaccante'),
  ('120705','Girona FC',1,'Juan Carlos','null','20-jan-1988','Portiere'),
  ('142033','Girona FC',13,'Adrián','Ortolá','20-aug-1993','Portiere'),
  ('064598','Girona FC',2,'Bernardo','Espinosa','11-jul-1989','Difensore'),
  ('115333','Girona FC',15,'Juanpe','null','30-apr-1991','Difensore'),
  ('438001','Girona FC',22,'Santiago','Bueno','9-nov-1998','Difensore'),
  ('164055','Girona FC',17,'David','Juncà','16-nov-1993','Difensore'),
  ('826224','Girona FC',38,'Arnau','Martínez','25-apr-2003','Difensore'),
  ('785967','Girona FC',6,'Ibrahima','Kébé','1-aug-2000','Centrocampista'),
  ('261504','Girona FC',14,'Aleix','García','28-jun-1997','Centrocampista'),
  ('783396','Girona FC',21,'Ramón','Terrats','18-oct-2000','Centrocampista'),
  ('063290','Girona FC',4,'Víctor','Sánchez','8-sep-1987','Centrocampista'),
  ('412045','Girona FC',20,'Pol','Lozano','6-oct-1999','Centrocampista'),
  ('067808','Girona FC',24,'Borja','García','2-nov-1990','Centrocampista'),
  ('341278','Girona FC',12,'Iván','Martín','14-feb-1999','Centrocampista'),
  ('906025','Girona FC',36,'Ricard','Artero','5-feb-2003','Centrocampista'),
  ('548111','Girona FC',8,'Álex','Baena','20-jul-2001','Attaccante'),
  ('131506','Girona FC',10,'Samu','Saiz','22-jan-1991','Attaccante'),
  ('337946','Girona FC',3,'Jairo','Izquierdo','22-oct-1993','Attaccante'),
  ('668552','Girona FC',9,'Darío','Sarmiento','29-mar-2003','Attaccante'),
  ('331496','Girona FC',11,'Valery','Fernández','23-nov-1999','Attaccante'),
  ('921734','Girona FC',32,'Óscar','Ureña','31-may-2003','Attaccante'),
  ('439629','Girona FC',19,'Nahuel','Bustos','4-jul-1998','Attaccante'),
  ('059323','Girona FC',7,'Cristhian','Stuani','12-oct-1986','Attaccante'),
  ('466811','Girona FC',16,'Pablo','Moreno','3-may-2002','Attaccante'),
  ('248551','Real Zaragoza',13,'Álvaro','Ratón','29-jan-1993','Portiere'),
  ('055135','Real Zaragoza',1,'Cristian','Álvarez','13-nov-1985','Portiere'),
  ('632896','Real Zaragoza',6,'Alejandro','Francés','1-aug-2002','Difensore'),
  ('262391','Real Zaragoza',24,'Lluís','López','5-mar-1997','Difensore'),
  ('128479','Real Zaragoza',3,'Jair','Amador','21-aug-1989','Difensore'),
  ('596122','Real Zaragoza',15,'Pep','Chavarría','10-apr-1998','Difensore'),
  ('336736','Real Zaragoza',16,'Daniel','Lasure','27-feb-1994','Difensore'),
  ('340682','Real Zaragoza',17,'Carlos','Nieto','6-may-1996','Difensore'),
  ('263627','Real Zaragoza',2,'Carlos','Vigaray','7-sep-1994','Difensore'),
  ('442816','Real Zaragoza',18,'Fran','Gámez','27-jul-1991','Difensore'),
  ('075296','Real Zaragoza',4,'Radosav','Petrovic','8-mar-1989','Centrocampista'),
  ('026153','Real Zaragoza',21,'Alberto','Zapater','13-jun-1985','Centrocampista'),
  ('632930','Real Zaragoza',27,'Francho','Serrano','17-oct-2001','Centrocampista'),
  ('225004','Real Zaragoza',11,'Valentín','Vada','6-mar-1996','Centrocampista'),
  ('340864','Real Zaragoza',5,'Jaume','Grau','5-may-1997','Centrocampista'),
  ('223073','Real Zaragoza',8,'Eugeni','null','19-jul-1994','Centrocampista'),
  ('634461','Real Zaragoza',26,'Borja','Sainz','1-feb-2001','Attaccante'),
  ('372051','Real Zaragoza',22,'Sergio','Bermejo','17-aug-1997','Attaccante'),
  ('633306','Real Zaragoza',31,'Iván','Azón','24-dec-2002','Attaccante'),
  ('213595','Real Zaragoza',7,'Juanjo','Narváez','12-feb-1995','Attaccante'),
  ('192736','Real Zaragoza',10,'Sabin','Merino','4-jan-1992','Attaccante'),
  ('057935','Real Zaragoza',20,'Álvaro','Giménez','19-may-1991','Attaccante'),
  ('305956','Real Zaragoza',23,'Nano','Mesa','5-feb-1995','Attaccante'),
  ('632901','Real Zaragoza',33,'Miguel','Puche','30-apr-2001','Attaccante'),
  ('335221','Málaga CF',13,'Dani','Martín','8-jul-1998','Portiere'),
  ('089471','Málaga CF',1,'Dani','Barrio','10-feb-1987','Portiere'),
  ('465317','Málaga CF',5,'Juande','Rivas','7-jul-1999','Difensore'),
  ('111026','Málaga CF',17,'Mathieu','Peybernes','21-oct-1990','Difensore'),
  ('063723','Málaga CF',4,'David','Lombán','5-jun-1987','Difensore'),
  ('401521','Málaga CF',24,'Braian','Cufré','15-dec-1996','Difensore'),
  ('242287','Málaga CF',3,'Javi','Jiménez','11-jan-1996','Difensore'),
  ('495601','Málaga CF',2,'Víctor','Gómez','1-apr-2000','Difensore'),
  ('465316','Málaga CF',20,'Ismael','Casas','7-mar-2001','Difensore'),
  ('355624','Málaga CF',8,'Luis','Muñoz','23-feb-1997','Centrocampista'),
  ('396109','Málaga CF',16,'Genaro','Rodríguez','23-mar-1998','Centrocampista'),
  ('147232','Málaga CF',23,'Alberto','Escassi','28-feb-1989','Centrocampista'),
  ('567222','Málaga CF',6,'Ramón','Enríquez','19-apr-2001','Centrocampista'),
  ('217144','Málaga CF',14,'Aleix','Febas','22-feb-1996','Centrocampista'),
  ('207924','Málaga CF',19,'Jozabed','Sánchez','8-mar-1991','Centrocampista'),
  ('630990','Málaga CF',26,'Ismael','Gutiérrez','7-aug-2000','Centrocampista'),
  ('960562','Málaga CF',42,'Dani','Lorenzo','5-apr-2003','Centrocampista'),
  ('162074','Málaga CF',18,'Álvaro','Vadillo','12-sep-1994','Attaccante'),
  ('635904','Málaga CF',37,'Kevin','Villodres','26-feb-2001','Attaccante'),
  ('171167','Málaga CF',10,'Jairo','Samperio','11-jul-1993','Attaccante'),
  ('667996','Málaga CF',34,'Haitam','Abaida','1-jun-2002','Attaccante'),
  ('261502','Málaga CF',7,'Paulino','de la Fuente','27-jun-1997','Attaccante'),
  ('465321','Málaga CF',11,'Hicham','Boussefiane','9-jan-1998','Attaccante'),
  ('251680','Málaga CF',9,'Brandon','Thomas','4-feb-1995','Attaccante'),
  ('610336','Málaga CF',15,'Antoñín','null','16-apr-2000','Attaccante'),
  ('720518','Málaga CF',39,'Roberto','Fernández','3-jul-2002','Attaccante'),
  ('337070','Málaga CF',22,'Sekou','Gassama','6-may-1995','Attaccante'),
  ('118732','Málaga CF',12,'Pablo','Chavarría','2-jan-1988','Attaccante'),
  ('417913','UD Las Palmas',13,'Álvaro','Valles','25-may-1997','Portiere'),
  ('054217','UD Las Palmas',1,'Raúl','Fernández','13-mar-1988','Portiere'),
  ('331501','UD Las Palmas',5,'Erick','Ferigra','7-feb-1999','Difensore'),
  ('390823','UD Las Palmas',6,'Eric','Curbelo','14-jan-1994','Difensore'),
  ('142419','UD Las Palmas',16,'Raúl','Navas','11-may-1988','Difensore'),
  ('510396','UD Las Palmas',4,'Alex','Suárez','18-mar-1993','Difensore'),
  ('588426','UD Las Palmas',29,'Saúl','Coco','9-feb-1999','Difensore'),
  ('678406','UD Las Palmas',30,'Sergi','Cardona','8-jul-1999','Difensore'),
  ('230222','UD Las Palmas',14,'Álvaro','Lemos','30-mar-1993','Difensore'),
  ('217143','UD Las Palmas',2,'Ale','Díez','17-feb-1996','Difensore'),
  ('203516','UD Las Palmas',22,'Omenuke','Mfulu','20-mar-1994','Centrocampista'),
  ('581781','UD Las Palmas',12,'Enzo','Loiodice','27-nov-2000','Centrocampista'),
  ('531062','UD Las Palmas',15,'Fabio','González','12-feb-1997','Centrocampista'),
  ('583546','UD Las Palmas',23,'Unai','Veiga','9-oct-1998','Centrocampista'),
  ('733576','UD Las Palmas',28,'Alberto','Moleiro','30-sep-2003','Centrocampista'),
  ('153238','UD Las Palmas',21,'Jonathan','Viera','21-oct-1989','Centrocampista'),
  ('396340','UD Las Palmas',17,'Óscar','Clemente','26-mar-1999','Centrocampista'),
  ('566574','UD Las Palmas',20,'Kirian','Rodríguez','5-mar-1996','Centrocampista'),
  ('197576','UD Las Palmas',8,'Maikel','Mesa','3-may-1991','Centrocampista'),
  ('534379','UD Las Palmas',24,'Pejiño','null','29-jul-1996','Attaccante'),
  ('308801','UD Las Palmas',7,'Adalberto','Peñaranda','31-may-1997','Attaccante'),
  ('282672','UD Las Palmas',11,'Benito','Ramírez','11-jul-1995','Attaccante'),
  ('505675','UD Las Palmas',25,'Rober','González','6-jan-2001','Attaccante'),
  ('172142','UD Las Palmas',3,'Hernâni','null','20-aug-1991','Attaccante'),
  ('413502','UD Las Palmas',18,'Óscar','Pinchi','17-jan-1996','Attaccante'),
  ('134936','UD Las Palmas',10,'Jesé','null','26-feb-1993','Attaccante'),
  ('361504','UD Las Palmas',9,'Rafa','Mújica','29-oct-1998','Attaccante'),
  ('140082','UD Las Palmas',19,'Armando','Sadiku','27-may-1991','Attaccante'),
  ('167228','CD Mirandés',13,'Raúl','Lizoain','27-jan-1991','Portiere'),
  ('531491','CD Mirandés',27,'Ramón','Juan','10-dec-1999','Portiere'),
  ('340339','CD Mirandés',3,'Jorge','Sáenz','17-nov-1996','Difensore'),
  ('426326','CD Mirandés',4,'Anderson','Arroyo','27-sep-1999','Difensore'),
  ('178056','CD Mirandés',21,'Niko','Datkovic','21-apr-1993','Difensore'),
  ('167113','CD Mirandés',5,'Odei','Onaindia','7-dec-1989','Difensore'),
  ('406842','CD Mirandés',15,'Riccardo','Capellini','1-mar-2000','Difensore'),
  ('626954','CD Mirandés',19,'Imanol','García de Albéniz','8-jun-2000','Difensore'),
  ('545647','CD Mirandés',2,'Sergio','Carreira','13-oct-2000','Difensore'),
  ('572299','CD Mirandés',20,'Iago','López','6-apr-1999','Difensore'),
  ('158704','CD Mirandés',18,'Jon Ander','Garrido','9-oct-1989','Centrocampista'),
  ('658269','CD Mirandés',8,'Víctor','Meseguer','9-jun-1999','Centrocampista'),
  ('313113','CD Mirandés',6,'Álex','López','2-jun-1997','Centrocampista'),
  ('278404','CD Mirandés',16,'Martín','Calderón','1-mar-1999','Centrocampista'),
  ('293388','CD Mirandés',23,'Oriol','Rey','25-feb-1998','Centrocampista'),
  ('505308','CD Mirandés',7,'César','Gelabert','31-oct-2000','Centrocampista'),
  ('620164','CD Mirandés',9,'Haissem','Hassan','8-feb-2002','Attaccante'),
  ('335216','CD Mirandés',10,'Iñigo','Vicente','6-jan-1998','Attaccante'),
  ('461617','CD Mirandés',22,'Rodrigo','Riquelme','2-apr-2000','Attaccante'),
  ('591914','CD Mirandés',12,'Warren','Tchimbembé','21-apr-1998','Attaccante'),
  ('557057','CD Mirandés',14,'Roger','Brugué','4-nov-1996','Attaccante'),
  ('505674','CD Mirandés',24,'Sergio','Camello','10-feb-2001','Attaccante'),
  ('355630','CD Mirandés',11,'Simón','Moreno','2-jul-1997','Attaccante'),
  ('525602','CD Mirandés',17,'Alejandro','Marqués','4-aug-2000','Attaccante'),
  ('629385','CD Mirandés',26,'Jorge','Aguirre','5-jan-2000','Attaccante'),
  ('251892','CD Tenerife',1,'Juan','Soriano','23-aug-1997','Portiere'),
  ('088528','CD Tenerife',13,'Dani','Hernández','21-oct-1985','Portiere'),
  ('281773','CD Tenerife',4,'José','León','3-feb-1995','Difensore'),
  ('311146','CD Tenerife',23,'Nikola','Sipcic','17-may-1995','Difensore'),
  ('072421','CD Tenerife',14,'Carlos','Ruiz','20-jul-1983','Difensore'),
  ('243760','CD Tenerife',3,'Álex','Muñoz','30-jul-1994','Difensore'),
  ('238872','CD Tenerife',15,'Carlos','Pomares','5-dec-1992','Difensore'),
  ('525113','CD Tenerife',22,'Jérémy','Mellot','28-mar-1994','Difensore'),
  ('336168','CD Tenerife',21,'Shaq','Moore','2-nov-1996','Difensore'),
  ('435500','CD Tenerife',12,'Sergio','González','14-may-1997','Centrocampista'),
  ('065331','CD Tenerife',24,'Míchel','Herrero','29-jul-1988','Centrocampista'),
  ('373353','CD Tenerife',2,'Pablo','Larrea','4-feb-1994','Centrocampista'),
  ('634598','CD Tenerife',8,'Javi','Alonso','1-aug-1998','Centrocampista'),
  ('071834','CD Tenerife',16,'Aitor','Sanz','13-sep-1984','Centrocampista'),
  ('268167','CD Tenerife',6,'Àlex','Corredera','19-mar-1996','Centrocampista'),
  ('311266','CD Tenerife',19,'Rubén','Díez','18-aug-1993','Centrocampista'),
  ('240849','CD Tenerife',9,'Elady','Zorrilla','13-jul-1990','Attaccante'),
  ('387313','CD Tenerife',10,'Samuel','Shashoua','13-may-1999','Attaccante'),
  ('263843','CD Tenerife',17,'Matías','Nahuel','22-nov-1996','Attaccante'),
  ('505673','CD Tenerife',28,'Víctor','Mollejo','21-jan-2001','Attaccante'),
  ('473695','CD Tenerife',11,'Álex','Bermejo','11-dec-1998','Attaccante'),
  ('255995','CD Tenerife',7,'Mario','González','25-feb-1996','Attaccante'),
  ('531277','CD Tenerife',20,'Andrés','Martín','11-jul-1999','Attaccante'),
  ('114060','CD Tenerife',18,'Enric','Gallego','12-sep-1986','Attaccante'),
  ('922420','CD Tenerife',27,'Ethyan','González','6-jun-2002','Attaccante'),
  ('455363','Real Oviedo',1,'Joan','Femenías','18-aug-1996','Portiere'),
  ('088397','Real Oviedo',13,'Tomeu','Nadal','8-feb-1989','Portiere'),
  ('203617','Real Oviedo',3,'Rodri','Tarín','5-jul-1996','Difensore'),
  ('276111','Real Oviedo',4,'David','Costas','26-mar-1995','Difensore'),
  ('326416','Real Oviedo',12,'Dani','Calvo','1-apr-1994','Difensore'),
  ('048294','Real Oviedo',18,'Bolaño','null','15-oct-1985','Difensore'),
  ('536156','Real Oviedo',22,'Pierre','Cornud','12-dec-1996','Difensore'),
  ('096094','Real Oviedo',23,'Mossa','null','24-jan-1989','Difensore'),
  ('349884','Real Oviedo',24,'Lucas','Ahijado','30-jan-1995','Difensore'),
  ('396324','Real Oviedo',21,'Carlos','Isaac','30-apr-1998','Difensore'),
  ('131109','Real Oviedo',15,'Gastón','Brugman','7-sep-1992','Centrocampista'),
  ('207922','Real Oviedo',5,'Luismi','null','5-may-1992','Centrocampista'),
  ('353018','Real Oviedo',6,'Javi','Mier','4-feb-1999','Centrocampista'),
  ('595781','Real Oviedo',14,'Jimmy','null','31-dec-1996','Centrocampista'),
  ('336747','Real Oviedo',20,'Jorge','Pombo','22-feb-1994','Centrocampista'),
  ('510329','Real Oviedo',2,'Hugo','Rama','22-nov-1996','Centrocampista'),
  ('343273','Real Oviedo',17,'Joni','Montiel','3-sep-1998','Centrocampista'),
  ('217155','Real Oviedo',10,'Borja','Sánchez','26-feb-1996','Attaccante'),
  ('339693','Real Oviedo',11,'Erik','Jirka','19-sep-1997','Attaccante'),
  ('438971','Real Oviedo',7,'Viti','Rozada','16-sep-1997','Attaccante'),
  ('197131','Real Oviedo',8,'Marco','Sangalli','7-feb-1992','Attaccante'),
  ('085324','Real Oviedo',9,'Borja','Bastón','25-aug-1992','Attaccante'),
  ('522719','Real Oviedo',16,'Samuel','Obeng','15-may-1997','Attaccante'),
  ('369706','Real Oviedo',19,'Matheus','Aiás','30-dec-1996','Attaccante'),
  ('549069','CF Fuenlabrada',26,'Diego','Altube','22-feb-2000','Portiere'),
  ('607780','CF Fuenlabrada',38,'Miguel Ángel','Morro','11-sep-2000','Portiere'),
  ('422459','CF Fuenlabrada',31,'Javier','Belman','4-oct-1998','Portiere'),
  ('354697','CF Fuenlabrada',12,'Tachi','null','10-sep-1997','Difensore'),
  ('355335','CF Fuenlabrada',17,'Adrián','Diéguez','4-feb-1996','Difensore'),
  ('603969','CF Fuenlabrada',15,'Rubén','Pulido','2-sep-2000','Difensore'),
  ('396157','CF Fuenlabrada',4,'Alejandro','Sotillos','28-jan-1998','Difensore'),
  ('487333','CF Fuenlabrada',28,'Paolo','Gozzi','25-apr-2001','Difensore'),
  ('045773','CF Fuenlabrada',5,'Juanma','null','18-oct-1982','Difensore'),
  ('380737','CF Fuenlabrada',2,'Pol','Valentín','21-feb-1997','Difensore'),
  ('076276','CF Fuenlabrada',19,'Mikel','Iribas','13-apr-1988','Difensore'),
  ('148489','CF Fuenlabrada',22,'Mikel','Agu','27-may-1993','Centrocampista'),
  ('094096','CF Fuenlabrada',23,'Jano','Velasco','23-dec-1986','Centrocampista'),
  ('044073','CF Fuenlabrada',21,'Adrián','González','25-may-1988','Centrocampista'),
  ('391257','CF Fuenlabrada',16,'Brahim','Konaté','20-mar-1996','Centrocampista'),
  ('284872','CF Fuenlabrada',3,'Álvaro','Bravo','4-feb-1998','Centrocampista'),
  ('072281','CF Fuenlabrada',8,'Cristóbal','Márquez','21-apr-1984','Centrocampista'),
  ('845638','CF Fuenlabrada',29,'Damián','Cáceres','31-may-2003','Centrocampista'),
  ('298983','CF Fuenlabrada',20,'Javi','Ontiveros','9-sep-1997','Attaccante'),
  ('051587','CF Fuenlabrada',14,'Pedro','León','24-nov-1986','Attaccante'),
  ('686150','CF Fuenlabrada',10,'Anderson','null','10-oct-1998','Attaccante'),
  ('250358','CF Fuenlabrada',6,'Iban','Salvador','11-dec-1995','Attaccante'),
  ('315095','CF Fuenlabrada',11,'Abou','Kanté','11-aug-1994','Attaccante'),
  ('070767','CF Fuenlabrada',9,'Roman','Zozulya','17-nov-1989','Attaccante'),
  ('211628','CF Fuenlabrada',25,'Mohamed','Bouldini','27-nov-1995','Attaccante'),
  ('218431','SD Ponferradina',1,'Amir','Abedzadeh','26-apr-1993','Portiere'),
  ('469737','SD Ponferradina',13,'Lucho','García','20-mar-1998','Portiere'),
  ('293387','SD Ponferradina',35,'Sergi','Puig','19-nov-1998','Portiere'),
  ('421258','SD Ponferradina',4,'Alexandru','Pascanu','28-sep-1998','Difensore'),
  ('311454','SD Ponferradina',5,'José','Amo','9-apr-1998','Difensore'),
  ('520840','SD Ponferradina',27,'José','Copete','10-oct-1999','Difensore'),
  ('412542','SD Ponferradina',14,'Ricard','Pujol','4-mar-1998','Difensore'),
  ('081980','SD Ponferradina',3,'José','Ríos','10-may-1990','Difensore'),
  ('253826','SD Ponferradina',15,'Adrián','Castellano','26-jun-1994','Difensore'),
  ('247583','SD Ponferradina',22,'Paris','Adot','26-feb-1990','Difensore'),
  ('284454','SD Ponferradina',2,'Iván','Rodríguez','30-apr-1996','Difensore'),
  ('067542','SD Ponferradina',18,'Erik','Morán','25-may-1991','Centrocampista'),
  ('336051','SD Ponferradina',8,'Agus','Medina','8-sep-1994','Centrocampista'),
  ('123286','SD Ponferradina',6,'Paul','Anton','10-may-1991','Centrocampista'),
  ('442802','SD Ponferradina',11,'Cristian','Rodríguez','15-mar-1996','Centrocampista'),
  ('387557','SD Ponferradina',23,'Saúl','Crespo','23-jul-1996','Centrocampista'),
  ('523977','SD Ponferradina',16,'Miguel','Baeza','27-mar-2000','Centrocampista'),
  ('272679','SD Ponferradina',20,'José','Naranjo','28-jul-1994','Attaccante'),
  ('111621','SD Ponferradina',7,'Dani','Ojeda','3-dec-1994','Attaccante'),
  ('388519','SD Ponferradina',28,'Kike','Saverio','19-jun-1999','Attaccante'),
  ('349873','SD Ponferradina',21,'Juan','Hernández','6-dec-1994','Attaccante'),
  ('311696','SD Ponferradina',24,'Kuki','Zalazar','5-may-1998','Attaccante'),
  ('081988','SD Ponferradina',9,'Sergi','Enrich','26-feb-1990','Attaccante'),
  ('565523','SD Ponferradina',19,'Edu','Espiau','19-dec-1994','Attaccante'),
  ('022452','SD Ponferradina',10,'Yuri','null','8-aug-1982','Attaccante'),
  ('238720','FC Cartagena',13,'Jérôme','Prior','8-aug-1995','Portiere'),
  ('129374','FC Cartagena',1,'Marc','Martínez','4-apr-1990','Portiere'),
  ('051663','FC Cartagena',3,'Pedro','Alcalá','19-mar-1989','Difensore'),
  ('446516','FC Cartagena',5,'Pablo','Vázquez','7-oct-1994','Difensore'),
  ('227015','FC Cartagena',15,'Toni','Datkovic','6-nov-1993','Difensore'),
  ('189452','FC Cartagena',20,'Gastón','Silva','5-mar-1994','Difensore'),
  ('531267','FC Cartagena',2,'David','Andújar','21-aug-1991','Difensore'),
  ('126516','FC Cartagena',19,'Antonio','Luna','17-mar-1991','Difensore'),
  ('073319','FC Cartagena',24,'Alberto','de la Bella','2-dec-1985','Difensore'),
  ('089281','FC Cartagena',4,'Julio','Buffarini','18-aug-1988','Difensore'),
  ('509484','FC Cartagena',22,'Julián','Delmás','20-apr-1995','Difensore'),
  ('188157','FC Cartagena',25,'Sebastián','Cristóforo','23-aug-1993','Centrocampista'),
  ('290533','FC Cartagena',6,'Yann','Bodiger','9-feb-1995','Centrocampista'),
  ('038817','FC Cartagena',23,'Sergio','Tejera','28-may-1990','Centrocampista'),
  ('198400','FC Cartagena',12,'Richard','Boateng','10-jul-1992','Centrocampista'),
  ('713638','FC Cartagena',28,'Neskes','null','22-nov-2001','Centrocampista'),
  ('360711','FC Cartagena',17,'Mo','Dauda','20-feb-1998','Attaccante'),
  ('210143','FC Cartagena',10,'Álex','Gallar','19-mar-1992','Attaccante'),
  ('075446','FC Cartagena',8,'Pablo','de Blasis','4-feb-1988','Attaccante'),
  ('510372','FC Cartagena',14,'Berto','Cayarga','17-sep-1996','Attaccante'),
  ('336731','FC Cartagena',21,'Nacho','Gil','9-sep-1995','Attaccante'),
  ('096540','FC Cartagena',9,'Alfredo','Ortuño','21-jan-1991','Attaccante'),
  ('079642','FC Cartagena',16,'Shinji','Okazaki','16-apr-1986','Attaccante'),
  ('025316','FC Cartagena',7,'Rubén','Castro','27-jun-1981','Attaccante'),
  ('126746','UD Ibiza',1,'Germán','Parreño','16-feb-1993','Portiere'),
  ('524937','UD Ibiza',13,'Álex','Domínguez','30-jul-1998','Portiere'),
  ('278357','UD Ibiza',4,'David','Goldar','15-sep-1994','Difensore'),
  ('411294','UD Ibiza',12,'Juan','Ibiza','17-aug-1995','Difensore'),
  ('379743','UD Ibiza',5,'Rubén','González','7-sep-1994','Difensore'),
  ('128488','UD Ibiza',6,'Alejandro','Gálvez','6-jun-1989','Difensore'),
  ('440377','UD Ibiza',24,'Gonzalo','Escobar','16-mar-1997','Difensore'),
  ('133675','UD Ibiza',3,'David','Morillas','28-sep-1986','Difensore'),
  ('175836','UD Ibiza',23,'Miguel','Cifuentes','5-oct-1990','Difensore'),
  ('094424','UD Ibiza',2,'Fran','Grima','5-feb-1987','Difensore'),
  ('039907','UD Ibiza',18,'Pape','Diop','19-mar-1986','Centrocampista'),
  ('160671','UD Ibiza',8,'Manu','Molina','20-nov-1991','Centrocampista'),
  ('350208','UD Ibiza',14,'Javi','Pérez','14-aug-1995','Centrocampista'),
  ('342223','UD Ibiza',20,'Kévin','Appin','20-jan-1998','Centrocampista'),
  ('431475','UD Ibiza',19,'Mateusz','Bogusz','22-aug-2001','Centrocampista'),
  ('119622','UD Ibiza',15,'Javi','Lara','4-dec-1985','Centrocampista'),
  ('522190','UD Ibiza',7,'Davo','null','18-dec-1994','Attaccante'),
  ('536619','UD Ibiza',16,'Raúl','Sánchez','8-nov-1997','Attaccante'),
  ('152776','UD Ibiza',9,'Nono','null','28-may-1991','Attaccante'),
  ('282406','UD Ibiza',19,'Álvaro','Jiménez','19-may-1995','Attaccante'),
  ('382970','UD Ibiza',22,'Miki','Villar','19-sep-1996','Attaccante'),
  ('512070','UD Ibiza',10,'Ekain','Zenitagoia','29-apr-1994','Attaccante'),
  ('311264','UD Ibiza',17,'Sergio','Castel','22-feb-1995','Attaccante'),
  ('137704','UD Ibiza',11,'Miguel Ángel','Guerrero','12-jul-1990','Attaccante'),
  ('237617','UD Ibiza',21,'Cristian','Herrera','13-mar-1991','Attaccante'),
  ('063706','SD Amorebieta',1,'Mikel','Saizar','18-jan-1983','Portiere'),
  ('035541','SD Amorebieta',13,'Roberto','Santamaría','17-feb-1985','Portiere'),
  ('554859','SD Amorebieta',30,'Unai','Marino','10-dec-1999','Portiere'),
  ('447823','SD Amorebieta',15,'Oier','Luengo','11-nov-1997','Difensore'),
  ('199341','SD Amorebieta',22,'Óscar','Gil','14-jun-1995','Difensore'),
  ('094552','SD Amorebieta',21,'Aimar','Sagastibeltza','5-jul-1984','Difensore'),
  ('340206','SD Amorebieta',14,'Andoni','López','5-apr-1996','Difensore'),
  ('510987','SD Amorebieta',19,'Jon','Irazábal','28-nov-1996','Difensore'),
  ('089332','SD Amorebieta',3,'Josu','Ozkoidi','23-apr-1990','Difensore'),
  ('158838','SD Amorebieta',2,'Aitor','Aldalur','26-dec-1991','Difensore'),
  ('447052','SD Amorebieta',17,'Peru','Nolaskoain','25-oct-1998','Centrocampista'),
  ('052469','SD Amorebieta',12,'Mikel','San José','30-may-1989','Centrocampista'),
  ('377795','SD Amorebieta',5,'Lander','Olaetxea','12-apr-1993','Centrocampista'),
  ('386667','SD Amorebieta',6,'Iker','Bilbao','20-mar-1996','Centrocampista'),
  ('380299','SD Amorebieta',8,'Gorka','Larrucea','24-feb-1993','Centrocampista'),
  ('156887','SD Amorebieta',18,'Álvaro','Peña','24-oct-1991','Centrocampista'),
  ('089330','SD Amorebieta',4,'Javi','Ros','16-feb-1990','Centrocampista'),
  ('386668','SD Amorebieta',16,'Markel','Lozano','3-may-1996','Centrocampista'),
  ('255496','SD Amorebieta',23,'Asier','Etxaburu','7-apr-1994','Centrocampista'),
  ('062633','SD Amorebieta',10,'Mikel','Álvaro','20-dec-1982','Centrocampista'),
  ('128456','SD Amorebieta',11,'Iker','Seguín','12-jul-1989','Attaccante'),
  ('439465','SD Amorebieta',25,'Gaizka','Larrazabal','17-dec-1997','Attaccante'),
  ('595205','SD Amorebieta',20,'Iñigo','Orozco','16-jul-1993','Attaccante'),
  ('445584','SD Amorebieta',9,'Koldo','Obieta','8-oct-1993','Attaccante'),
  ('340205','SD Amorebieta',24,'Gorka','Guruzeta','12-sep-1996','Attaccante'),
  ('607779','SD Amorebieta',29,'Sergio','Moreno','1-jan-1999','Attaccante'),
  ('605466','SD Amorebieta',7,'Iker','Unzueta','4-aug-1998','Attaccante'),
  ('129478','Burgos CF',1,'Alfonso','Herrero','21-apr-1994','Portiere'),
  ('268946','Burgos CF',13,'José Antonio','Caro','3-may-1994','Portiere'),
  ('520391','Burgos CF',26,'Óscar','López','22-aug-1998','Portiere'),
  ('253905','Burgos CF',20,'Grego','Sierra','5-mar-1993','Difensore'),
  ('255495','Burgos CF',14,'Unai','Elgezabal','25-apr-1993','Difensore'),
  ('126872','Burgos CF',4,'Míchel','Zabaco','6-feb-1989','Difensore'),
  ('350197','Burgos CF',18,'Aitor','Córdoba','21-may-1995','Difensore'),
  ('583510','Burgos CF',12,'Miguel','Rubio','11-mar-1998','Difensore'),
  ('268957','Burgos CF',23,'José','Matos','6-may-1995','Difensore'),
  ('152284','Burgos CF',3,'Fran','García','7-dec-1992','Difensore'),
  ('560107','Burgos CF',2,'Álvaro','Rodríguez','22-jul-1994','Difensore'),
  ('268959','Burgos CF',6,'Raúl','Navarro','7-feb-1994','Difensore'),
  ('349889','Burgos CF',5,'Eneko','Undabarrena','10-mar-1993','Centrocampista'),
  ('252686','Burgos CF',17,'Andy','Rodríguez','30-jan-1990','Centrocampista'),
  ('282422','Burgos CF',22,'Miki','Muñoz','13-apr-1995','Centrocampista'),
  ('166661','Burgos CF',11,'Roberto','Alarcón','14-apr-1994','Attaccante'),
  ('074954','Burgos CF',21,'Saúl','Berjón','24-may-1986','Attaccante'),
  ('162652','Burgos CF',16,'Filip','Malbasic','18-nov-1992','Attaccante'),
  ('365313','Burgos CF',8,'Pablo','Valcarce','3-feb-1993','Attaccante'),
  ('288460','Burgos CF',24,'Ernesto','Gómez','18-jul-1994','Attaccante'),
  ('315312','Burgos CF',7,'Juanma','García','20-feb-1993','Attaccante'),
  ('142023','Burgos CF',9,'Guillermo','Fernández','23-may-1993','Attaccante'),
  ('510385','Burgos CF',19,'Claudio','Medina','4-sep-1993','Attaccante'),
  ('178187','Burgos CF',15,'Álex','Alegría','14-oct-1992','Attaccante'),
  ('260662','CD Lugo',13,'Óscar','Whalley','29-mar-1994','Portiere'),
  ('551182','CD Lugo',34,'Fran','Vieites','7-may-1999','Portiere'),
  ('373683','CD Lugo',3,'Diego','Alende','25-aug-1997','Difensore'),
  ('256018','CD Lugo',4,'Juan Antonio','Ros','15-mar-1996','Difensore'),
  ('167830','CD Lugo',2,'Álex','Pérez','11-aug-1991','Difensore'),
  ('711550','CD Lugo',21,'Alberto','Rodríguez','31-dec-1992','Difensore'),
  ('524964','CD Lugo',19,'Orest','Lebedenko','23-sep-1998','Difensore'),
  ('057785','CD Lugo',15,'Roberto','Canella','7-feb-1988','Difensore'),
  ('126722','CD Lugo',22,'Edu','Campabadal','26-jan-1993','Difensore'),
  ('388545','CD Lugo',30,'Ricard','Sánchez','22-feb-2000','Difensore'),
  ('034566','CD Lugo',5,'Carlos','Pita','8-dec-1984','Centrocampista'),
  ('070988','CD Lugo',8,'Fernando','Seoane','25-mar-1983','Centrocampista'),
  ('065301','CD Lugo',14,'Xavi','Torres','21-nov-1986','Centrocampista'),
  ('348553','CD Lugo',20,'Pablo','Clavería','1-apr-1996','Centrocampista'),
  ('455066','CD Lugo',6,'Juanpe','null','31-mar-1996','Centrocampista'),
  ('161267','CD Lugo',18,'Josep','Señé','10-dec-1991','Centrocampista'),
  ('466808','CD Lugo',29,'Jaume','Cuéllar','23-aug-2001','Attaccante'),
  ('355629','CD Lugo',7,'David','Mayoral','5-apr-1997','Attaccante'),
  ('292617','CD Lugo',17,'Sebas','Moyano','23-mar-1997','Attaccante'),
  ('051519','CD Lugo',24,'Iriome','González','22-jun-1987','Attaccante'),
  ('702354','CD Lugo',26,'Idrissa','Thiam','2-sep-2000','Attaccante'),
  ('538810','CD Lugo',16,'Chris','Ramos','18-jan-1997','Attaccante'),
  ('308982','CD Lugo',11,'José Ángel','Carrillo','7-jan-1994','Attaccante'),
  ('143044','CD Lugo',23,'Joselu','null','3-mar-1991','Attaccante'),
  ('072484','CD Lugo',9,'Manu','Barreiro','8-jul-1986','Attaccante'),
  ('398131','AD Alcorcón',13,'Cristian','Rivero','21-mar-1998','Portiere'),
  ('408288','AD Alcorcón',31,'Jesús','Ruiz','20-jan-1997','Portiere'),
  ('319541','AD Alcorcón',3,'José Carlos','Ramírez','19-may-1996','Difensore'),
  ('125281','AD Alcorcón',14,'Nicolás','Gorosito','17-aug-1988','Difensore'),
  ('225459','AD Alcorcón',15,'Carlos','Hernández','15-sep-1990','Difensore'),
  ('059371','AD Alcorcón',19,'David','Fernández','6-apr-1985','Difensore'),
  ('890557','AD Alcorcón',35,'Óscar','Rivas','27-mar-2000','Difensore'),
  ('221984','AD Alcorcón',23,'David','Forniés','2-jun-1991','Difensore'),
  ('288459','AD Alcorcón',21,'Luis','Valcarce','3-feb-1993','Difensore'),
  ('051550','AD Alcorcón',16,'Carlos','Bellvís','24-apr-1985','Difensore'),
  ('212849','AD Alcorcón',20,'Iván','Calero','21-apr-1995','Difensore'),
  ('195762','AD Alcorcón',17,'Víctor','García','11-jun-1994','Difensore'),
  ('057876','AD Alcorcón',2,'Laure','null','22-mar-1985','Difensore'),
  ('187673','AD Alcorcón',25,'José Ángel','Jurado','21-jun-1992','Centrocampista'),
  ('242299','AD Alcorcón',5,'Roberto','Olabe','5-may-1996','Centrocampista'),
  ('208022','AD Alcorcón',12,'Giovanni','Zarfino','10-aug-1991','Centrocampista'),
  ('475833','AD Alcorcón',6,'Juanma','Bravo','10-feb-1998','Centrocampista'),
  ('450258','AD Alcorcón',8,'Ander','Gorostidi','23-feb-1996','Centrocampista'),
  ('507540','AD Alcorcón',26,'Antonio','Moyano','13-jul-2000','Centrocampista'),
  ('242295','AD Alcorcón',7,'Álex','Mula','23-jul-1996','Attaccante'),
  ('175451','AD Alcorcón',9,'Joel','Valencia','16-nov-1994','Attaccante'),
  ('176067','AD Alcorcón',24,'Borja','Valle','9-jul-1992','Attaccante'),
  ('072201','AD Alcorcón',10,'Hugo','Fraile','16-mar-1987','Attaccante'),
  ('476104','AD Alcorcón',22,'Óscar','Arribas','22-oct-1998','Attaccante'),
  ('463332','AD Alcorcón',11,'Emmanuel','Apeh','25-oct-1996','Attaccante'),
  ('034564','AD Alcorcón',18,'Xisco','null','26-jun-1986','Attaccante');

insert into Partite values
  ('ES200000',2,'SD Eibar','SD Ponferradina',0,1),
  ('ES200001',4,'SD Eibar','CD Leganés',1,1),
  ('ES200002',6,'SD Eibar','Sporting Gijón',3,2),
  ('ES200003',8,'SD Eibar','UD Ibiza',3,1),
  ('ES200004',10,'SD Eibar','UD Almería',1,0),
  ('ES200005',12,'SD Eibar','FC Cartagena',2,1),
  ('ES200006',14,'SD Eibar','Real Oviedo',1,0),
  ('ES200007',16,'SD Eibar','AD Alcorcón',2,1),
  ('ES200008',18,'SD Eibar','Girona FC',4,2),
  ('ES200009',2,'UD Almería','Real Oviedo',2,1),
  ('ES200010',4,'UD Almería','Málaga CF',2,0),
  ('ES200011',7,'UD Almería','CD Tenerife',3,1),
  ('ES200012',9,'UD Almería','UD Las Palmas',1,1),
  ('ES200013',11,'UD Almería','Real Sociedad B',3,1),
  ('ES200014',13,'UD Almería','CD Leganés',1,0),
  ('ES200015',15,'UD Almería','Burgos CF',2,0),
  ('ES200016',17,'UD Almería','Real Valladolid CF',3,1),
  ('ES200017',18,'UD Almería','SD Huesca',0,0),
  ('ES200018',2,'Real Valladolid CF','Real Zaragoza',2,0),
  ('ES200019',5,'Real Valladolid CF','CD Tenerife',0,2),
  ('ES200020',7,'Real Valladolid CF','AD Alcorcón',2,0),
  ('ES200021',9,'Real Valladolid CF','Málaga CF',1,1),
  ('ES200022',11,'Real Valladolid CF','UD Ibiza',1,1),
  ('ES200023',13,'Real Valladolid CF','SD Eibar',2,0),
  ('ES200024',15,'Real Valladolid CF','CD Mirandés',3,1),
  ('ES200025',16,'Real Valladolid CF','CF Fuenlabrada',3,0),
  ('ES200026',18,'Real Valladolid CF','FC Cartagena',2,0),
  ('ES200027',2,'CD Tenerife','Sporting Gijón',0,0),
  ('ES200028',4,'CD Tenerife','SD Ponferradina',2,0),
  ('ES200029',6,'CD Tenerife','CD Mirandés',1,2),
  ('ES200030',9,'CD Tenerife','SD Amorebieta',2,1),
  ('ES200031',11,'CD Tenerife','SD Eibar',0,1),
  ('ES200032',13,'CD Tenerife','Burgos CF',4,0),
  ('ES200033',15,'CD Tenerife','Girona FC',2,1),
  ('ES200034',17,'CD Tenerife','AD Alcorcón',1,0),
  ('ES200035',18,'CD Tenerife','Real Sociedad B',2,0),
  ('ES200036',1,'SD Ponferradina','AD Alcorcón',1,0),
  ('ES200037',3,'SD Ponferradina','Girona FC',2,1),
  ('ES200038',5,'SD Ponferradina','UD Almería',1,0),
  ('ES200039',6,'SD Ponferradina','Málaga CF',4,0),
  ('ES200040',8,'SD Ponferradina','Real Valladolid CF',2,2),
  ('ES200041',10,'SD Ponferradina','CF Fuenlabrada',0,0),
  ('ES200042',12,'SD Ponferradina','Real Oviedo',1,2),
  ('ES200043',14,'SD Ponferradina','SD Huesca',1,1),
  ('ES200044',17,'SD Ponferradina','Sporting Gijón',4,1),
  ('ES200045',19,'SD Ponferradina','CD Mirandés',2,1),
  ('ES200046',1,'Girona FC','SD Amorebieta',2,0),
  ('ES200047',2,'Girona FC','UD Las Palmas',0,0),
  ('ES200048',4,'Girona FC','Sporting Gijón',1,2),
  ('ES200049',6,'Girona FC','Real Valladolid CF',1,0),
  ('ES200050',8,'Girona FC','UD Almería',1,2),
  ('ES200051',10,'Girona FC','SD Huesca',1,3),
  ('ES200052',12,'Girona FC','Real Zaragoza',1,1),
  ('ES200053',14,'Girona FC','AD Alcorcón',3,1),
  ('ES200054',16,'Girona FC','FC Cartagena',2,0),
  ('ES200055',19,'Girona FC','CD Leganés',3,0),
  ('ES200056',1,'FC Cartagena','UD Almería',1,3),
  ('ES200057',4,'FC Cartagena','Real Sociedad B',1,0),
  ('ES200058',6,'FC Cartagena','CD Lugo',2,1),
  ('ES200059',9,'FC Cartagena','UD Ibiza',5,1),
  ('ES200060',11,'FC Cartagena','Sporting Gijón',1,0),
  ('ES200061',13,'FC Cartagena','SD Ponferradina',0,1),
  ('ES200062',15,'FC Cartagena','Málaga CF',3,1),
  ('ES200063',17,'FC Cartagena','Burgos CF',1,0),
  ('ES200064',19,'FC Cartagena','CD Tenerife',1,1),
  ('ES200065',2,'UD Ibiza','Málaga CF',2,2),
  ('ES200066',4,'UD Ibiza','SD Amorebieta',1,1),
  ('ES200067',6,'UD Ibiza','Real Oviedo',1,1),
  ('ES200068',7,'UD Ibiza','Burgos CF',2,0),
  ('ES200069',10,'UD Ibiza','CD Mirandés',0,2),
  ('ES200070',12,'UD Ibiza','CF Fuenlabrada',3,1),
  ('ES200071',14,'UD Ibiza','CD Tenerife',0,0),
  ('ES200072',16,'UD Ibiza','UD Almería',0,1),
  ('ES200073',18,'UD Ibiza','SD Ponferradina',0,1),
  ('ES200074',3,'Burgos CF','SD Eibar',0,1),
  ('ES200075',4,'Burgos CF','Real Valladolid CF',3,0),
  ('ES200076',6,'Burgos CF','UD Las Palmas',0,0),
  ('ES200077',8,'Burgos CF','CD Mirandés',1,0),
  ('ES200078',10,'Burgos CF','CD Lugo',1,1),
  ('ES200079',12,'Burgos CF','SD Huesca',3,1),
  ('ES200080',14,'Burgos CF','Real Zaragoza',0,1),
  ('ES200081',16,'Burgos CF','SD Ponferradina',1,0),
  ('ES200082',18,'Burgos CF','Málaga CF',3,0),
  ('ES200083',1,'Real Oviedo','CD Lugo',2,2),
  ('ES200084',3,'Real Oviedo','CD Tenerife',0,0),
  ('ES200085',5,'Real Oviedo','FC Cartagena',2,0),
  ('ES200086',7,'Real Oviedo','Girona FC',0,0),
  ('ES200087',9,'Real Oviedo','Sporting Gijón',1,1),
  ('ES200088',11,'Real Oviedo','Burgos CF',1,3),
  ('ES200089',13,'Real Oviedo','Málaga CF',2,1),
  ('ES200090',15,'Real Oviedo','UD Las Palmas',1,1),
  ('ES200091',17,'Real Oviedo','SD Amorebieta',2,0),
  ('ES200092',19,'Real Oviedo','AD Alcorcón',3,1),
  ('ES200093',1,'UD Las Palmas','Real Valladolid CF',1,1),
  ('ES200094',3,'UD Las Palmas','SD Huesca',2,1),
  ('ES200095',5,'UD Las Palmas','UD Ibiza',1,1),
  ('ES200096',7,'UD Las Palmas','SD Ponferradina',2,1),
  ('ES200097',8,'UD Las Palmas','FC Cartagena',4,1),
  ('ES200098',10,'UD Las Palmas','CD Tenerife',2,1),
  ('ES200099',12,'UD Las Palmas','AD Alcorcón',3,0),
  ('ES200100',14,'UD Las Palmas','CF Fuenlabrada',2,1),
  ('ES200101',16,'UD Las Palmas','Real Zaragoza',2,3),
  ('ES200102',19,'UD Las Palmas','Sporting Gijón',1,0),
  ('ES200103',2,'CD Lugo','Real Sociedad B',0,0),
  ('ES200104',3,'CD Lugo','Real Valladolid CF',0,2),
  ('ES200105',5,'CD Lugo','SD Huesca',3,2),
  ('ES200106',7,'CD Lugo','Real Zaragoza',1,1),
  ('ES200107',9,'CD Lugo','Girona FC',1,0),
  ('ES200108',11,'CD Lugo','UD Las Palmas',2,0),
  ('ES200109',13,'CD Lugo','Sporting Gijón',1,1),
  ('ES200110',15,'CD Lugo','SD Ponferradina',1,2),
  ('ES200111',17,'CD Lugo','SD Eibar',2,2),
  ('ES200112',19,'CD Lugo','UD Ibiza',0,0),
  ('ES200113',2,'CD Leganés','Burgos CF',0,0),
  ('ES200114',3,'CD Leganés','UD Ibiza',1,2),
  ('ES200115',6,'CD Leganés','SD Amorebieta',1,0),
  ('ES200116',8,'CD Leganés','CD Lugo',1,1),
  ('ES200117',10,'CD Leganés','Real Valladolid CF',0,2),
  ('ES200118',12,'CD Leganés','CD Tenerife',1,2),
  ('ES200119',14,'CD Leganés','FC Cartagena',1,1),
  ('ES200120',16,'CD Leganés','Real Oviedo',0,0),
  ('ES200121',18,'CD Leganés','UD Las Palmas',4,1),
  ('ES200122',1,'Real Zaragoza','UD Ibiza',0,0),
  ('ES200123',3,'Real Zaragoza','FC Cartagena',0,1),
  ('ES200124',6,'Real Zaragoza','Real Sociedad B',1,1),
  ('ES200125',8,'Real Zaragoza','Real Oviedo',0,0),
  ('ES200126',9,'Real Zaragoza','SD Huesca',0,0),
  ('ES200127',11,'Real Zaragoza','SD Ponferradina',1,1),
  ('ES200128',13,'Real Zaragoza','CD Mirandés',1,1),
  ('ES200129',15,'Real Zaragoza','Sporting Gijón',2,0),
  ('ES200130',17,'Real Zaragoza','CD Leganés',0,2),
  ('ES200131',19,'Real Zaragoza','SD Eibar',1,0),
  ('ES200132',1,'SD Huesca','SD Eibar',2,0),
  ('ES200133',2,'SD Huesca','FC Cartagena',2,0),
  ('ES200134',4,'SD Huesca','Real Oviedo',1,2),
  ('ES200135',6,'SD Huesca','CF Fuenlabrada',0,0),
  ('ES200136',8,'SD Huesca','CD Tenerife',1,2),
  ('ES200137',11,'SD Huesca','Málaga CF',0,0),
  ('ES200138',13,'SD Huesca','SD Amorebieta',1,1),
  ('ES200139',15,'SD Huesca','CD Leganés',0,2),
  ('ES200140',17,'SD Huesca','UD Ibiza',0,0),
  ('ES200141',19,'SD Huesca','Real Valladolid CF',3,2),
  ('ES200142',1,'Málaga CF','CD Mirandés',0,0),
  ('ES200143',3,'Málaga CF','AD Alcorcón',1,0),
  ('ES200144',5,'Málaga CF','Girona FC',2,0),
  ('ES200145',8,'Málaga CF','CF Fuenlabrada',1,0),
  ('ES200146',10,'Málaga CF','Real Zaragoza',1,1),
  ('ES200147',12,'Málaga CF','CD Lugo',1,0),
  ('ES200148',14,'Málaga CF','Real Sociedad B',2,1),
  ('ES200149',16,'Málaga CF','CD Tenerife',1,0),
  ('ES200150',17,'Málaga CF','UD Las Palmas',2,1),
  ('ES200151',19,'Málaga CF','SD Amorebieta',1,2),
  ('ES200152',1,'Sporting Gijón','Burgos CF',1,0),
  ('ES200153',3,'Sporting Gijón','CD Mirandés',2,1),
  ('ES200154',5,'Sporting Gijón','CD Leganés',2,1),
  ('ES200155',7,'Sporting Gijón','Málaga CF',2,1),
  ('ES200156',10,'Sporting Gijón','AD Alcorcón',1,0),
  ('ES200157',12,'Sporting Gijón','Real Valladolid CF',1,2),
  ('ES200158',14,'Sporting Gijón','UD Almería',0,1),
  ('ES200159',16,'Sporting Gijón','Real Sociedad B',0,1),
  ('ES200160',18,'Sporting Gijón','CF Fuenlabrada',1,1),
  ('ES200161',2,'CD Mirandés','SD Amorebieta',2,0),
  ('ES200162',4,'CD Mirandés','UD Las Palmas',4,2),
  ('ES200163',5,'CD Mirandés','AD Alcorcón',1,3),
  ('ES200164',7,'CD Mirandés','CD Leganés',1,2),
  ('ES200165',9,'CD Mirandés','SD Eibar',3,3),
  ('ES200166',11,'CD Mirandés','Girona FC',1,2),
  ('ES200167',12,'CD Mirandés','UD Almería',1,4),
  ('ES200168',14,'CD Mirandés','CD Lugo',3,2),
  ('ES200169',16,'CD Mirandés','SD Huesca',0,1),
  ('ES200170',18,'CD Mirandés','Real Oviedo',1,1),
  ('ES200171',1,'Real Sociedad B','CD Leganés',1,0),
  ('ES200172',3,'Real Sociedad B','CF Fuenlabrada',0,0),
  ('ES200173',5,'Real Sociedad B','SD Eibar',2,3),
  ('ES200174',7,'Real Sociedad B','SD Huesca',0,2),
  ('ES200175',9,'Real Sociedad B','SD Ponferradina',1,1),
  ('ES200176',10,'Real Sociedad B','Real Oviedo',1,1),
  ('ES200177',13,'Real Sociedad B','UD Las Palmas',0,1),
  ('ES200178',15,'Real Sociedad B','UD Ibiza',0,1),
  ('ES200179',17,'Real Sociedad B','Girona FC',1,2),
  ('ES200180',19,'Real Sociedad B','Burgos CF',0,1),
  ('ES200181',3,'SD Amorebieta','UD Almería',2,1),
  ('ES200182',5,'SD Amorebieta','Burgos CF',2,2),
  ('ES200183',7,'SD Amorebieta','SD Eibar',1,1),
  ('ES200184',8,'SD Amorebieta','Sporting Gijón',1,1),
  ('ES200185',10,'SD Amorebieta','FC Cartagena',2,3),
  ('ES200186',12,'SD Amorebieta','Real Sociedad B',1,2),
  ('ES200187',14,'SD Amorebieta','Real Valladolid CF',4,1),
  ('ES200188',16,'SD Amorebieta','CD Lugo',1,3),
  ('ES200189',18,'SD Amorebieta','Real Zaragoza',1,1),
  ('ES200190',1,'CF Fuenlabrada','CD Tenerife',1,2),
  ('ES200191',4,'CF Fuenlabrada','CD Lugo',1,1),
  ('ES200192',5,'CF Fuenlabrada','Real Zaragoza',1,1),
  ('ES200193',7,'CF Fuenlabrada','FC Cartagena',2,1),
  ('ES200194',9,'CF Fuenlabrada','CD Leganés',2,1),
  ('ES200195',11,'CF Fuenlabrada','SD Amorebieta',0,0),
  ('ES200196',13,'CF Fuenlabrada','Girona FC',1,2),
  ('ES200197',15,'CF Fuenlabrada','SD Eibar',0,0),
  ('ES200198',17,'CF Fuenlabrada','CD Mirandés',1,1),
  ('ES200199',19,'CF Fuenlabrada','UD Almería',1,1),
  ('ES200200',2,'AD Alcorcón','CF Fuenlabrada',0,2),
  ('ES200201',4,'AD Alcorcón','Real Zaragoza',1,2),
  ('ES200202',6,'AD Alcorcón','UD Almería',0,4),
  ('ES200203',8,'AD Alcorcón','Real Sociedad B',1,4),
  ('ES200204',9,'AD Alcorcón','Burgos CF',1,0),
  ('ES200205',11,'AD Alcorcón','CD Leganés',3,3),
  ('ES200206',13,'AD Alcorcón','UD Ibiza',0,2),
  ('ES200207',15,'AD Alcorcón','SD Amorebieta',2,2),
  ('ES200208',18,'AD Alcorcón','CD Lugo',1,1);

insert into Gol values
  ('ES200000',57,'272679',false),
  ('ES200001',24,'199325',true),
  ('ES200001',40,'506248',false),
  ('ES200002',27,'311680',false),
  ('ES200002',63,'290273',true),
  ('ES200002',76,'181006',false),
  ('ES200003',27,'237617',false),
  ('ES200003',39,'164292',false),
  ('ES200003',65,'126746',true),
  ('ES200005',6,'282421',false),
  ('ES200005',9,'181006',false),
  ('ES200005',60,'075446',false),
  ('ES200006',94,'071559',false),
  ('ES200007',20,'506248',false),
  ('ES200007',42,'208022',false),
  ('ES200008',15,'282421',false),
  ('ES200008',19,'059323',false),
  ('ES200008',52,'138935',false),
  ('ES200008',78,'439629',false),
  ('ES200008',84,'290273',false),
  ('ES200009',5,'282410',false),
  ('ES200009',15,'522719',false),
  ('ES200009',45,'457221',false),
  ('ES200010',51,'337715',false),
  ('ES200011',72,'518644',false),
  ('ES200011',75,'337715',false),
  ('ES200011',81,'387313',false),
  ('ES200011',87,'311146',true),
  ('ES200012',30,'138803',false),
  ('ES200012',89,'153238',false),
  ('ES200013',4,'282410',false),
  ('ES200013',20,'625655',false),
  ('ES200013',75,'337715',false),
  ('ES200013',87,'341272',false),
  ('ES200014',30,'138803',false),
  ('ES200015',2,'282410',false),
  ('ES200015',95,'536030',false),
  ('ES200016',8,'226261',true),
  ('ES200016',52,'518644',false),
  ('ES200016',71,'355627',false),
  ('ES200016',86,'138803',false),
  ('ES200018',17,'340853',false),
  ('ES200018',90,'337066',false),
  ('ES200019',11,'387313',false),
  ('ES200020',19,'449496',false),
  ('ES200020',86,'247652',false),
  ('ES200021',37,'251680',false),
  ('ES200021',53,'221309',false),
  ('ES200022',53,'247652',false),
  ('ES200022',81,'237617',false),
  ('ES200023',68,'235412',false),
  ('ES200023',81,'337066',false),
  ('ES200024',28,'247652',false),
  ('ES200024',32,'592735',false),
  ('ES200024',81,'247652',false),
  ('ES200024',89,'525602',false),
  ('ES200025',19,'145769',false),
  ('ES200025',86,'221309',false),
  ('ES200025',88,'339707',false),
  ('ES200026',24,'247652',false),
  ('ES200026',42,'592735',false),
  ('ES200028',52,'240849',false),
  ('ES200028',63,'243760',false),
  ('ES200029',44,'065331',false),
  ('ES200029',82,'355630',false),
  ('ES200029',96,'355630',false),
  ('ES200030',29,'240849',false),
  ('ES200030',64,'387313',false),
  ('ES200030',70,'255496',false),
  ('ES200031',76,'290273',false),
  ('ES200032',5,'505673',false),
  ('ES200032',41,'387313',false),
  ('ES200032',54,'473695',false),
  ('ES200032',81,'114060',false),
  ('ES200033',14,'525113',false),
  ('ES200033',46,'548111',false),
  ('ES200033',80,'114060',false),
  ('ES200034',55,'463332',false),
  ('ES200035',17,'114060',false),
  ('ES200035',87,'065331',false),
  ('ES200037',85,'439629',false),
  ('ES200037',87,'111621',false),
  ('ES200038',69,'247583',false),
  ('ES200039',12,'272679',false),
  ('ES200039',44,'272679',false),
  ('ES200039',83,'336051',false),
  ('ES200040',72,'247652',false),
  ('ES200042',13,'522719',false),
  ('ES200042',56,'081980',false),
  ('ES200042',81,'085324',false),
  ('ES200043',85,'565523',false),
  ('ES200043',97,'340867',false),
  ('ES200044',11,'081988',false),
  ('ES200044',36,'111621',false),
  ('ES200044',49,'503837',false),
  ('ES200044',52,'520840',false),
  ('ES200045',59,'545647',false),
  ('ES200046',49,'059323',false),
  ('ES200046',86,'439629',false),
  ('ES200048',15,'580525',false),
  ('ES200048',58,'053301',false),
  ('ES200048',86,'412045',false),
  ('ES200049',60,'059323',false),
  ('ES200050',52,'337715',false),
  ('ES200050',62,'064598',false),
  ('ES200050',68,'457221',false),
  ('ES200051',47,'096539',false),
  ('ES200051',71,'466811',false),
  ('ES200051',86,'340867',false),
  ('ES200051',96,'340867',false),
  ('ES200052',71,'225004',false),
  ('ES200052',87,'059323',false),
  ('ES200053',30,'125281',false),
  ('ES200053',54,'059323',false),
  ('ES200053',62,'059323',false),
  ('ES200053',65,'059323',false),
  ('ES200054',36,'548111',false),
  ('ES200054',67,'059323',false),
  ('ES200055',33,'364603',true),
  ('ES200055',49,'059323',false),
  ('ES200055',76,'059323',false),
  ('ES200056',19,'337715',false),
  ('ES200056',35,'518644',false),
  ('ES200056',49,'126516',false),
  ('ES200056',61,'518644',false),
  ('ES200057',93,'096540',false),
  ('ES200058',17,'072484',false),
  ('ES200058',33,'025316',false),
  ('ES200058',84,'025316',false),
  ('ES200059',24,'025316',false),
  ('ES200059',29,'360711',false),
  ('ES200059',43,'025316',false),
  ('ES200059',57,'079642',false),
  ('ES200059',62,'509484',false),
  ('ES200060',79,'025316',false),
  ('ES200061',20,'336051',false),
  ('ES200062',44,'025316',false),
  ('ES200062',54,'446516',false),
  ('ES200062',65,'025316',false),
  ('ES200062',82,'111026',false),
  ('ES200063',67,'025316',false),
  ('ES200064',59,'210143',false),
  ('ES200064',87,'114060',false),
  ('ES200065',19,'431475',false),
  ('ES200065',61,'431475',false),
  ('ES200065',63,'355624',false),
  ('ES200065',88,'720518',false),
  ('ES200066',2,'445584',false),
  ('ES200066',53,'311264',false),
  ('ES200067',36,'119622',false),
  ('ES200067',72,'131109',false),
  ('ES200068',15,'431475',false),
  ('ES200068',80,'512070',false),
  ('ES200069',14,'461617',false),
  ('ES200069',57,'335216',false),
  ('ES200070',7,'119622',false),
  ('ES200070',59,'278357',false),
  ('ES200072',46,'157036',false),
  ('ES200073',32,'272679',false),
  ('ES200074',76,'379534',false),
  ('ES200075',35,'315312',false),
  ('ES200075',39,'365313',false),
  ('ES200075',41,'315312',false),
  ('ES200077',44,'253905',false),
  ('ES200078',8,'253905',false),
  ('ES200078',39,'308982',false),
  ('ES200079',13,'224774',false),
  ('ES200079',28,'365313',false),
  ('ES200079',76,'365313',false),
  ('ES200079',95,'560107',false),
  ('ES200080',83,'057935',false),
  ('ES200081',16,'365313',false),
  ('ES200082',17,'365313',false),
  ('ES200082',61,'315312',false),
  ('ES200082',67,'365313',false),
  ('ES200083',30,'438971',false),
  ('ES200083',33,'522719',false),
  ('ES200083',78,'308982',false),
  ('ES200085',45,'085324',false),
  ('ES200085',57,'531267',true),
  ('ES200087',29,'349884',false),
  ('ES200087',83,'190804',false),
  ('ES200088',30,'142023',false),
  ('ES200088',57,'085324',false),
  ('ES200088',65,'142023',false),
  ('ES200088',85,'510385',false),
  ('ES200089',20,'085324',false),
  ('ES200089',74,'396109',false),
  ('ES200089',90,'085324',false),
  ('ES200090',21,'085324',false),
  ('ES200090',72,'566574',false),
  ('ES200091',24,'438971',false),
  ('ES200091',31,'217155',false),
  ('ES200092',47,'131109',false),
  ('ES200092',65,'085324',false),
  ('ES200092',68,'085324',false),
  ('ES200094',94,'347594',false),
  ('ES200095',12,'311264',false),
  ('ES200095',68,'733576',false),
  ('ES200096',24,'308801',false),
  ('ES200096',87,'336051',false),
  ('ES200097',32,'153238',false),
  ('ES200097',72,'308801',false),
  ('ES200097',83,'360711',false),
  ('ES200098',121,'240849',false),
  ('ES200098',26,'153238',false),
  ('ES200098',92,'230222',false),
  ('ES200099',23,'581781',false),
  ('ES200099',58,'282672',false),
  ('ES200099',72,'390823',false),
  ('ES200100',79,'070767',false),
  ('ES200101',23,'153238',false),
  ('ES200101',33,'372051',false),
  ('ES200101',54,'057935',false),
  ('ES200101',67,'282672',false),
  ('ES200101',75,'057935',false),
  ('ES200102',72,'461843',true),
  ('ES200104',11,'247652',false),
  ('ES200104',53,'337066',false),
  ('ES200105',6,'278651',false),
  ('ES200105',35,'071918',false),
  ('ES200105',39,'531829',false),
  ('ES200105',83,'072484',false),
  ('ES200105',86,'466808',false),
  ('ES200106',28,'538810',false),
  ('ES200106',32,'634461',false),
  ('ES200107',85,'072484',false),
  ('ES200108',5,'331501',true),
  ('ES200108',33,'065301',false),
  ('ES200109',53,'538810',false),
  ('ES200109',78,'392655',false),
  ('ES200110',39,'336051',false),
  ('ES200110',57,'256018',false),
  ('ES200110',94,'081988',false),
  ('ES200111',28,'538810',false),
  ('ES200111',32,'538810',false),
  ('ES200111',33,'506248',false),
  ('ES200111',58,'379534',false),
  ('ES200114',57,'311264',false),
  ('ES200114',59,'364603',false),
  ('ES200114',80,'512070',false),
  ('ES200115',14,'512394',false),
  ('ES200116',47,'129693',false),
  ('ES200116',55,'308982',false),
  ('ES200117',25,'145769',false),
  ('ES200117',87,'247652',false),
  ('ES200118',19,'240849',false),
  ('ES200118',65,'308989',false),
  ('ES200118',81,'240849',false),
  ('ES200119',12,'096540',false),
  ('ES200119',27,'162079',false),
  ('ES200121',29,'588426',true),
  ('ES200121',43,'566036',false),
  ('ES200121',67,'512394',false),
  ('ES200121',84,'153238',false),
  ('ES200121',88,'192736',false),
  ('ES200123',71,'442816',true),
  ('ES200124',2,'625655',false),
  ('ES200124',19,'213595',false),
  ('ES200127',47,'442802',false),
  ('ES200127',76,'225004',false),
  ('ES200128',1,'305956',false),
  ('ES200128',95,'557057',false),
  ('ES200129',30,'634461',false),
  ('ES200129',62,'305956',false),
  ('ES200130',15,'512394',false),
  ('ES200130',65,'129693',false),
  ('ES200131',60,'632896',false),
  ('ES200132',21,'396334',false),
  ('ES200132',68,'340867',false),
  ('ES200133',53,'509484',true),
  ('ES200133',73,'340867',false),
  ('ES200134',11,'085324',false),
  ('ES200134',62,'531829',false),
  ('ES200134',80,'522719',false),
  ('ES200136',31,'396334',false),
  ('ES200136',34,'268167',false),
  ('ES200136',56,'387313',false),
  ('ES200138',15,'447823',true),
  ('ES200138',78,'096539',true),
  ('ES200139',62,'512394',false),
  ('ES200139',83,'566036',false),
  ('ES200141',11,'608469',false),
  ('ES200141',20,'070245',false),
  ('ES200141',62,'592735',false),
  ('ES200141',79,'340867',false),
  ('ES200143',35,'147232',false),
  ('ES200144',41,'261502',false),
  ('ES200144',94,'261502',false),
  ('ES200145',30,'111026',false),
  ('ES200146',28,'251680',false),
  ('ES200146',44,'213595',false),
  ('ES200147',31,'396109',false),
  ('ES200148',7,'289286',false),
  ('ES200148',9,'720518',false),
  ('ES200148',29,'261502',false),
  ('ES200149',15,'251680',false),
  ('ES200150',77,'282672',false),
  ('ES200150',86,'337070',false),
  ('ES200151',10,'340205',false),
  ('ES200151',38,'340205',false),
  ('ES200151',94,'447823',true),
  ('ES200152',66,'190804',false),
  ('ES200153',34,'045256',false),
  ('ES200153',71,'363057',false),
  ('ES200153',82,'355630',false),
  ('ES200154',4,'311680',false),
  ('ES200154',62,'214468',false),
  ('ES200154',79,'192736',false),
  ('ES200155',26,'465317',false),
  ('ES200155',59,'190804',false),
  ('ES200155',80,'580525',false),
  ('ES200156',91,'190804',false),
  ('ES200157',37,'449496',false),
  ('ES200157',72,'592735',false),
  ('ES200157',74,'190804',false),
  ('ES200158',121,'282410',false),
  ('ES200159',63,'625660',false),
  ('ES200160',26,'214468',false),
  ('ES200160',56,'845638',false),
  ('ES200161',53,'335216',false),
  ('ES200161',90,'626954',false),
  ('ES200162',8,'505674',false),
  ('ES200162',19,'505674',false),
  ('ES200162',25,'335216',false),
  ('ES200162',74,'461617',false),
  ('ES200163',20,'505674',false),
  ('ES200163',29,'208022',false),
  ('ES200164',9,'289236',false),
  ('ES200164',22,'557057',false),
  ('ES200164',79,'422466',false),
  ('ES200165',8,'355630',false),
  ('ES200165',37,'379534',false),
  ('ES200165',53,'506248',false),
  ('ES200165',72,'335216',false),
  ('ES200165',90,'557057',false),
  ('ES200166',25,'439629',false),
  ('ES200166',28,'438001',false),
  ('ES200166',81,'557057',false),
  ('ES200167',5,'157036',false),
  ('ES200167',23,'157036',false),
  ('ES200167',26,'536030',false),
  ('ES200167',56,'157036',false),
  ('ES200167',72,'335216',false),
  ('ES200168',18,'308982',false),
  ('ES200168',46,'313113',false),
  ('ES200168',63,'505674',false),
  ('ES200168',74,'505674',false),
  ('ES200169',68,'096539',false),
  ('ES200170',53,'505674',false),
  ('ES200170',61,'369706',false),
  ('ES200171',57,'711382',false),
  ('ES200173',54,'379534',false),
  ('ES200173',73,'711382',false),
  ('ES200173',85,'572271',false),
  ('ES200175',53,'572271',false),
  ('ES200175',63,'111621',false),
  ('ES200176',56,'625660',false),
  ('ES200176',64,'085324',false),
  ('ES200178',85,'382970',false),
  ('ES200179',19,'561702',true),
  ('ES200179',75,'064598',false),
  ('ES200179',83,'569866',false),
  ('ES200180',36,'288460',false),
  ('ES200181',3,'208116',false),
  ('ES200181',15,'386667',false),
  ('ES200181',86,'445584',false),
  ('ES200182',5,'595205',false),
  ('ES200182',26,'315312',false),
  ('ES200182',78,'583510',false),
  ('ES200182',89,'350197',true),
  ('ES200183',22,'445584',false),
  ('ES200183',42,'506248',false),
  ('ES200184',18,'380299',false),
  ('ES200184',82,'311680',false),
  ('ES200185',13,'377795',false),
  ('ES200185',19,'025316',false),
  ('ES200185',63,'439465',false),
  ('ES200185',73,'025316',false),
  ('ES200185',91,'210143',false),
  ('ES200186',46,'711382',false),
  ('ES200186',83,'572271',false),
  ('ES200187',12,'595205',false),
  ('ES200187',29,'377795',false),
  ('ES200187',35,'605466',false),
  ('ES200187',86,'439465',false),
  ('ES200188',2,'161267',false),
  ('ES200188',29,'386667',false),
  ('ES200188',43,'308982',false),
  ('ES200188',95,'292617',false),
  ('ES200189',18,'128479',true),
  ('ES200189',24,'057935',false),
  ('ES200190',4,'473695',false),
  ('ES200190',67,'242295',false),
  ('ES200190',94,'268167',false),
  ('ES200191',27,'161267',false),
  ('ES200191',39,'051587',false),
  ('ES200192',72,'225004',false),
  ('ES200193',34,'051587',false),
  ('ES200193',66,'051587',false),
  ('ES200193',83,'096540',false),
  ('ES200194',6,'162079',false),
  ('ES200194',16,'188838',true),
  ('ES200194',89,'396157',false),
  ('ES200196',81,'785967',false),
  ('ES200196',89,'051587',false),
  ('ES200196',96,'059323',false),
  ('ES200198',8,'051587',false),
  ('ES200198',84,'557057',false),
  ('ES200199',53,'070767',false),
  ('ES200199',72,'085500',false),
  ('ES200200',68,'315095',false),
  ('ES200201',20,'507540',false),
  ('ES200201',56,'089731',false),
  ('ES200201',84,'225004',false),
  ('ES200202',5,'337715',false),
  ('ES200202',16,'337715',false),
  ('ES200202',37,'126509',true),
  ('ES200202',69,'341272',false),
  ('ES200203',3,'625660',false),
  ('ES200203',34,'125281',false),
  ('ES200203',47,'711382',false),
  ('ES200203',52,'572271',false),
  ('ES200203',62,'572271',false),
  ('ES200204',92,'059371',false),
  ('ES200205',6,'349873',false),
  ('ES200205',23,'283473',false),
  ('ES200205',39,'475833',false),
  ('ES200205',41,'422466',false),
  ('ES200205',63,'364603',false),
  ('ES200205',77,'072201',false),
  ('ES200206',61,'311264',false),
  ('ES200206',68,'379743',false),
  ('ES200207',29,'439465',false),
  ('ES200207',56,'349873',false),
  ('ES200207',91,'156887',false),
  ('ES200208',27,'065301',false),
  ('ES200208',72,'349873',false);
