/* File created by scraping https://www.transfermarkt.com using Antonio Cardin's program */

insert into Squadre values
  ('Paris Saint-Germain','Paris','Pochettino'),
  ('Olympique Lyon','Lyon','Garcia'),
  ('AS Monaco','Monaco','Kovac'),
  ('LOSC Lille','Camphin-en-Pévèle','Galtier'),
  ('Stade Rennais FC','Rennes','Stéphan'),
  ('Olympique Marseille','Marseille','Larguet'),
  ('OGC Nice','Nice','Ursea'),
  ('AS Saint-Étienne','Saint-Étienne','Puel'),
  ('Montpellier HSC','Montpellier','Der Zakarian'),
  ('SCO Angers','Angers','Moulin'),
  ('RC Strasbourg Alsace','Strasbourg','Laurey'),
  ('FC Girondins Bordeaux','Le Haillan','Gasset'),
  ('Stade Reims','Reims','Guion'),
  ('RC Lens','Avion','Haise'),
  ('FC Metz','Metz','Hognon'),
  ('Stade Brestois 29','Brest','Dall''Oglio'),
  ('FC Nantes','La Chapelle-sur-Erdre','Domenech'),
  ('FC Lorient','Lorient','Pélissier'),
  ('Dijon FCO','Dijon','Jobard'),
  ('Nîmes Olympique','Nîmes','Arpinon');

insert into Giocatori values
  ('079422','Paris Saint-Germain',1,'Keylor','Navas','15-dec-1986','Portiere'),
  ('207302','Paris Saint-Germain',16,'Sergio','Rico','1-sep-1993','Portiere'),
  ('465955','Paris Saint-Germain',null,'Marcin','Bulka','4-oct-1999','Portiere'),
  ('093730','Paris Saint-Germain',30,'Alexandre','Letellier','11-dec-1990','Portiere'),
  ('460626','Paris Saint-Germain',null,'Garissone','Innocent','16-apr-2000','Portiere'),
  ('606576','Paris Saint-Germain',40,'Denis','Franchi','22-oct-2002','Portiere'),
  ('827583','Paris Saint-Germain',null,'Mathyas','Randriamamy','23-apr-2003','Portiere'),
  ('618342','Paris Saint-Germain',70,'Yanis','Saidani','20-aug-2001','Portiere'),
  ('181767','Paris Saint-Germain',5,'Marquinhos','null','14-may-1994','Difensore'),
  ('282041','Paris Saint-Germain',3,'Presnel','Kimpembe','13-aug-1995','Difensore'),
  ('228948','Paris Saint-Germain',4,'Thilo','Kehrer','21-sep-1996','Difensore'),
  ('229005','Paris Saint-Germain',22,'Abdou','Diallo','4-may-1996','Difensore'),
  ('126719','Paris Saint-Germain',14,'Juan','Bernat','1-mar-1993','Difensore'),
  ('126710','Paris Saint-Germain',20,'Layvin','Kurzawa','4-sep-1992','Difensore'),
  ('361065','Paris Saint-Germain',25,'Mitchel','Bakker','20-jun-2000','Difensore'),
  ('130365','Paris Saint-Germain',24,'Alessandro','Florenzi','11-mar-1991','Difensore'),
  ('460629','Paris Saint-Germain',31,'Colin','Dagba','9-sep-1998','Difensore'),
  ('538998','Paris Saint-Germain',32,'Timothée','Pembélé','9-sep-2002','Difensore'),
  ('166237','Paris Saint-Germain',8,'Leandro','Paredes','29-jun-1994','Centrocampista'),
  ('141050','Paris Saint-Germain',15,'Danilo','Pereira','9-sep-1991','Centrocampista'),
  ('126665','Paris Saint-Germain',27,'Idrissa','Gueye','26-sep-1989','Centrocampista'),
  ('618408','Paris Saint-Germain',null,'Maxen','Kapo','19-jan-2001','Centrocampista'),
  ('718232','Paris Saint-Germain',null,'Abdoulaye','Kamara','6-nov-2004','Centrocampista'),
  ('102558','Paris Saint-Germain',6,'Marco','Verratti','5-nov-1992','Centrocampista'),
  ('129473','Paris Saint-Germain',12,'Rafinha','null','12-feb-1993','Centrocampista'),
  ('099343','Paris Saint-Germain',21,'Ander','Herrera','14-aug-1989','Centrocampista'),
  ('538045','Paris Saint-Germain',36,'Kays','Ruiz-Atil','26-aug-2002','Centrocampista'),
  ('590914','Paris Saint-Germain',null,'Bandiougou','Fadiga','15-jan-2001','Centrocampista'),
  ('566931','Paris Saint-Germain',34,'Xavi','Simons','21-apr-2003','Centrocampista'),
  ('659521','Paris Saint-Germain',38,'Edouard','Michut','4-mar-2003','Centrocampista'),
  ('810096','Paris Saint-Germain',null,'Ismaël','Gharbi','10-apr-2004','Centrocampista'),
  ('068290','Paris Saint-Germain',10,'Neymar','null','5-feb-1992','Attaccante'),
  ('085148','Paris Saint-Germain',23,'Julian','Draxler','20-sep-1993','Attaccante'),
  ('074230','Paris Saint-Germain',19,'Pablo','Sarabia','11-may-1992','Attaccante'),
  ('045320','Paris Saint-Germain',11,'Ángel','Di María','14-feb-1988','Attaccante'),
  ('342229','Paris Saint-Germain',7,'Kylian','Mbappé','20-dec-1998','Attaccante'),
  ('068863','Paris Saint-Germain',9,'Mauro','Icardi','19-feb-1993','Attaccante'),
  ('364135','Paris Saint-Germain',18,'Moise','Kean','28-feb-2000','Attaccante'),
  ('585959','Paris Saint-Germain',null,'Arnaud','Kalimuendo','20-jan-2002','Attaccante'),
  ('134936','Paris Saint-Germain',null,'Jesé','null','26-feb-1993','Attaccante'),
  ('618416','Paris Saint-Germain',null,'Kenny','Nagera','21-feb-2002','Attaccante'),
  ('060561','Olympique Lyon',1,'Anthony','Lopes','1-oct-1990','Portiere'),
  ('395671','Olympique Lyon',null,'Anthony','Racioppi','31-dec-1998','Portiere'),
  ('055282','Olympique Lyon',null,'Ciprian','Tatarusanu','9-feb-1986','Portiere'),
  ('228975','Olympique Lyon',30,'Julian','Pollersbeck','16-aug-1994','Portiere'),
  ('461581','Olympique Lyon',40,'Malcolm','Barcola','14-may-1999','Portiere'),
  ('277114','Olympique Lyon',5,'Jason','Denayer','28-jun-1995','Difensore'),
  ('260827','Olympique Lyon',null,'Joachim','Andersen','31-may-1996','Difensore'),
  ('702441','Olympique Lyon',2,'Sinaly','Diomandé','9-apr-2001','Difensore'),
  ('052920','Olympique Lyon',6,'Marcelo','null','20-may-1987','Difensore'),
  ('615350','Olympique Lyon',19,'Cenk','Özkacar','6-oct-2000','Difensore'),
  ('209990','Olympique Lyon',3,'Djamel Eddine','Benlamri','25-dec-1989','Difensore'),
  ('618472','Olympique Lyon',null,'Castello','Lukeba','17-dec-2002','Difensore'),
  ('673514','Olympique Lyon',null,'Abdoulaye','Ndiaye','10-apr-2002','Difensore'),
  ('532775','Olympique Lyon',26,'Melvin','Bard','6-nov-2000','Difensore'),
  ('137745','Olympique Lyon',null,'Marçal','null','19-feb-1989','Difensore'),
  ('274484','Olympique Lyon',null,'Youssouf','Koné','5-jul-1995','Difensore'),
  ('236400','Olympique Lyon',14,'Léo','Dubois','14-sep-1994','Difensore'),
  ('088682','Olympique Lyon',22,'Mattia','De Sciglio','20-oct-1992','Difensore'),
  ('206746','Olympique Lyon',null,'Kenny','Tete','9-oct-1995','Difensore'),
  ('620322','Olympique Lyon',17,'Malo','Gusto','19-may-2003','Difensore'),
  ('520624','Olympique Lyon',39,'Bruno','Guimarães','16-nov-1997','Centrocampista'),
  ('135617','Olympique Lyon',23,'Thiago','Mendes','15-mar-1992','Centrocampista'),
  ('395693','Olympique Lyon',8,'Houssem','Aouar','30-jun-1998','Centrocampista'),
  ('395237','Olympique Lyon',25,'Maxence','Caqueret','15-feb-2000','Centrocampista'),
  ('578872','Olympique Lyon',null,'Jean Lucas','null','22-jun-1998','Centrocampista'),
  ('672202','Olympique Lyon',null,'Camilo','null','23-feb-1999','Centrocampista'),
  ('607225','Olympique Lyon',null,'Florent','Da Silva','2-apr-2003','Centrocampista'),
  ('669000','Olympique Lyon',null,'Habib','Keïta','5-feb-2002','Centrocampista'),
  ('444523','Olympique Lyon',12,'Lucas Paquetá','null','27-aug-1997','Centrocampista'),
  ('607223','Olympique Lyon',18,'Rayan','Cherki','17-aug-2003','Centrocampista'),
  ('326300','Olympique Lyon',null,'Jeff','Reine-Adélaïde','17-jan-1998','Centrocampista'),
  ('315110','Olympique Lyon',7,'Karl','Toko Ekambi','14-sep-1992','Attaccante'),
  ('234781','Olympique Lyon',27,'Maxwel','Cornet','27-sep-1996','Attaccante'),
  ('131996','Olympique Lyon',null,'Bertrand','Traoré','6-sep-1995','Attaccante'),
  ('384060','Olympique Lyon',11,'Tino','Kadewere','5-jan-1996','Attaccante'),
  ('591195','Olympique Lyon',29,'Yahya','Soumaré','23-jun-2000','Attaccante'),
  ('167850','Olympique Lyon',10,'Memphis','Depay','13-feb-1994','Attaccante'),
  ('229004','Olympique Lyon',null,'Moussa','Dembélé','12-jul-1996','Attaccante'),
  ('174915','Olympique Lyon',20,'Islam','Slimani','18-jun-1988','Attaccante'),
  ('744941','Olympique Lyon',null,'Sekou','Lega','21-jan-2003','Attaccante'),
  ('127181','AS Monaco',40,'Benjamin','Lecomte','26-apr-1991','Portiere'),
  ('346546','AS Monaco',1,'Radoslaw','Majecki','16-nov-1999','Portiere'),
  ('033781','AS Monaco',30,'Vito','Mannone','2-mar-1988','Portiere'),
  ('463603','AS Monaco',32,'Benoît','Badiashile','26-mar-2001','Difensore'),
  ('386047','AS Monaco',20,'Axel','Disasi','11-mar-1998','Difensore'),
  ('249730','AS Monaco',3,'Guillermo','Maripán','6-may-1994','Difensore'),
  ('574671','AS Monaco',null,'Strahinja','Pavlovic','24-may-2001','Difensore'),
  ('569383','AS Monaco',34,'Chrislain','Matsima','15-may-2002','Difensore'),
  ('420064','AS Monaco',12,'Caio Henrique','null','31-jul-1997','Difensore'),
  ('296422','AS Monaco',2,'Fodé','Ballo-Touré','3-jan-1997','Difensore'),
  ('342216','AS Monaco',null,'Julien','Serrano','13-feb-1998','Difensore'),
  ('203746','AS Monaco',26,'Ruben','Aguilar','26-apr-1993','Difensore'),
  ('161869','AS Monaco',29,'Djibril','Sidibé','29-jul-1992','Difensore'),
  ('536507','AS Monaco',null,'Giulian','Biancone','31-mar-2000','Difensore'),
  ('413112','AS Monaco',8,'Aurélien','Tchouaméni','27-jan-2000','Centrocampista'),
  ('357162','AS Monaco',35,'Florentino','null','19-aug-1999','Centrocampista'),
  ('178313','AS Monaco',null,'Jean-Eudes','Aholou','20-mar-1994','Centrocampista'),
  ('569598','AS Monaco',22,'Youssouf','Fofana','10-jan-1999','Centrocampista'),
  ('535834','AS Monaco',36,'Eliot','Matazo','15-feb-2002','Centrocampista'),
  ('008806','AS Monaco',4,'Cesc','Fàbregas','4-may-1987','Centrocampista'),
  ('265569','AS Monaco',39,'Youssef','Aït Bennasser','7-jul-1996','Centrocampista'),
  ('569366','AS Monaco',38,'Enzo','Millot','17-jul-2002','Centrocampista'),
  ('263918','AS Monaco',17,'Aleksandr','Golovin','30-may-1996','Centrocampista'),
  ('569389','AS Monaco',37,'Sofiane','Diop','9-jun-2000','Attaccante'),
  ('380415','AS Monaco',null,'Henry','Onyekuru','5-jun-1997','Attaccante'),
  ('463620','AS Monaco',13,'Willem','Geubbels','16-aug-2001','Attaccante'),
  ('734171','AS Monaco',null,'Valentin','Decarpentrie','6-jan-2002','Attaccante'),
  ('257448','AS Monaco',11,'Gelson','Martins','11-may-1995','Attaccante'),
  ('490426','AS Monaco',27,'Krépin','Diatta','25-feb-1999','Attaccante'),
  ('146854','AS Monaco',9,'Wissam','Ben Yedder','12-aug-1990','Attaccante'),
  ('082009','AS Monaco',31,'Kevin','Volland','30-jul-1992','Attaccante'),
  ('364133','AS Monaco',19,'Pietro','Pellegri','17-mar-2001','Attaccante'),
  ('046104','AS Monaco',10,'Stevan','Jovetic','2-nov-1989','Attaccante'),
  ('182906','LOSC Lille',16,'Mike','Maignan','3-jul-1995','Portiere'),
  ('016408','LOSC Lille',1,'Orestis','Karnezis','11-jul-1985','Portiere'),
  ('463600','LOSC Lille',30,'Lucas','Chevalier','6-nov-2001','Portiere'),
  ('361093','LOSC Lille',5,'Sven','Botman','12-jan-2000','Difensore'),
  ('420465','LOSC Lille',3,'Tiago','Djaló','9-apr-2000','Difensore'),
  ('126673','LOSC Lille',null,'Adama','Soumaoro','18-jun-1992','Difensore'),
  ('033829','LOSC Lille',6,'José','Fonte','22-dec-1983','Difensore'),
  ('569361','LOSC Lille',null,'Nassim','Innocenti','19-feb-2002','Difensore'),
  ('240692','LOSC Lille',28,'Reinildo','Mandava','21-jan-1994','Difensore'),
  ('357796','LOSC Lille',29,'Domagoj','Bradaric','10-dec-1999','Difensore'),
  ('251075','LOSC Lille',2,'Zeki','Celik','17-feb-1997','Difensore'),
  ('060583','LOSC Lille',26,'Jérémy','Pied','23-feb-1989','Difensore'),
  ('707246','LOSC Lille',null,'Ismail','Bouleghcha','9-dec-2002','Difensore'),
  ('344605','LOSC Lille',24,'Boubakary','Soumaré','27-feb-1999','Centrocampista'),
  ('084301','LOSC Lille',21,'Benjamin','André','3-aug-1990','Centrocampista'),
  ('644032','LOSC Lille',null,'Cheikh','Niasse','19-jan-2000','Centrocampista'),
  ('704553','LOSC Lille',15,'Eugenio','Pizzuto','13-may-2002','Centrocampista'),
  ('258027','LOSC Lille',18,'Renato','Sanches','18-aug-1997','Centrocampista'),
  ('290256','LOSC Lille',8,'Xeka','null','10-nov-1994','Centrocampista'),
  ('467312','LOSC Lille',null,'Mustafa','Kapi','8-aug-2002','Centrocampista'),
  ('620318','LOSC Lille',null,'Rocco','Ascone','12-sep-2003','Centrocampista'),
  ('386726','LOSC Lille',12,'Yusuf','Yazici','29-jan-1997','Centrocampista'),
  ('543529','LOSC Lille',null,'Aguibou','Camara','20-may-2001','Centrocampista'),
  ('292818','LOSC Lille',7,'Jonathan','Bamba','26-mar-1996','Attaccante'),
  ('324690','LOSC Lille',10,'Jonathan','Ikoné','2-may-1998','Attaccante'),
  ('435485','LOSC Lille',11,'Luiz','Araújo','2-jun-1996','Attaccante'),
  ('557610','LOSC Lille',19,'Isaac','Lihadji','10-apr-2002','Attaccante'),
  ('533738','LOSC Lille',9,'Jonathan','David','14-jan-2000','Attaccante'),
  ('370846','LOSC Lille',22,'Timothy','Weah','22-feb-2000','Attaccante'),
  ('034987','LOSC Lille',17,'Burak','Yilmaz','15-jul-1985','Attaccante'),
  ('766839','LOSC Lille',null,'Mamadou Usman','Simbakoli','19-apr-2001','Attaccante'),
  ('743987','LOSC Lille',null,'Bica','null','16-jun-2003','Attaccante'),
  ('442531','Stade Rennais FC',null,'Edouard','Mendy','1-mar-1992','Portiere'),
  ('163568','Stade Rennais FC',16,'Alfred','Gomis','5-sep-1993','Portiere'),
  ('023974','Stade Rennais FC',1,'Romain','Salin','29-jul-1984','Portiere'),
  ('685086','Stade Rennais FC',30,'Pépé','Bonet','13-feb-2003','Portiere'),
  ('361914','Stade Rennais FC',6,'Nayef','Aguerd','30-mar-1996','Difensore'),
  ('162959','Stade Rennais FC',null,'Daniele','Rugani','29-jul-1994','Difensore'),
  ('288237','Stade Rennais FC',null,'Jérémy','Gélin','24-apr-1997','Difensore'),
  ('378953','Stade Rennais FC',4,'Gerzino','Nyamsi','22-jan-1997','Difensore'),
  ('485960','Stade Rennais FC',null,'Lilian','Brassier','2-nov-1999','Difensore'),
  ('057370','Stade Rennais FC',3,'Damien','Da Silva','17-may-1988','Difensore'),
  ('711996','Stade Rennais FC',null,'Warmed','Omari','23-apr-2000','Difensore'),
  ('357072','Stade Rennais FC',17,'Faitout','Maouassa','6-jul-1998','Difensore'),
  ('654539','Stade Rennais FC',31,'Adrien','Truffert','20-nov-2001','Difensore'),
  ('312862','Stade Rennais FC',5,'Dalbert','null','8-sep-1993','Difensore'),
  ('297070','Stade Rennais FC',27,'Hamari','Traoré','27-jan-1992','Difensore'),
  ('546880','Stade Rennais FC',34,'Brandon','Soppy','21-feb-2002','Difensore'),
  ('475413','Stade Rennais FC',null,'Sacha','Boey','13-sep-2000','Difensore'),
  ('711969','Stade Rennais FC',null,'Lorenz','Assignon','22-jun-2000','Difensore'),
  ('073734','Stade Rennais FC',15,'Steven','Nzonzi','15-dec-1988','Centrocampista'),
  ('711999','Stade Rennais FC',null,'Lesley','Ugochukwu','26-mar-2004','Centrocampista'),
  ('640428','Stade Rennais FC',10,'Eduardo','Camavinga','10-nov-2002','Centrocampista'),
  ('266359','Stade Rennais FC',14,'Benjamin','Bourigeaud','14-jan-1994','Centrocampista'),
  ('202278','Stade Rennais FC',20,'Flavien','Tait','2-feb-1993','Centrocampista'),
  ('072479','Stade Rennais FC',8,'Clément','Grenier','7-jan-1991','Centrocampista'),
  ('346291','Stade Rennais FC',12,'James','Léa Siliki','12-jun-1996','Centrocampista'),
  ('127142','Stade Rennais FC',28,'Jonas','Martin','9-apr-1990','Centrocampista'),
  ('711976','Stade Rennais FC',null,'Andy','Diouf','17-may-2003','Centrocampista'),
  ('463613','Stade Rennais FC',19,'Yann','Gboho','14-jan-2001','Centrocampista'),
  ('442891','Stade Rennais FC',7,'Martin','Terrier','4-mar-1997','Attaccante'),
  ('411295','Stade Rennais FC',null,'Raphinha','null','14-dec-1996','Attaccante'),
  ('486049','Stade Rennais FC',18,'Jérémy','Doku','27-may-2002','Attaccante'),
  ('353399','Stade Rennais FC',22,'Romain','Del Castillo','29-mar-1996','Attaccante'),
  ('270541','Stade Rennais FC',9,'Serhou','Guirassy','12-mar-1996','Attaccante'),
  ('203507','Stade Rennais FC',null,'Adrien','Hunou','19-jan-1994','Attaccante'),
  ('157501','Stade Rennais FC',null,'M''Baye','Niang','19-dec-1994','Attaccante'),
  ('538977','Stade Rennais FC',null,'Georginio','Rutter','20-apr-2002','Attaccante'),
  ('659543','Stade Rennais FC',null,'Matthis','Abline','28-mar-2003','Attaccante'),
  ('023951','Olympique Marseille',30,'Steve','Mandanda','28-mar-1985','Portiere'),
  ('006270','Olympique Marseille',16,'Yohann','Pelé','4-nov-1982','Portiere'),
  ('611673','Olympique Marseille',null,'Ahmadou','Dia','13-oct-1999','Portiere'),
  ('801577','Olympique Marseille',null,'Fabio','Vanni','20-jul-2002','Portiere'),
  ('696600','Olympique Marseille',1,'Simon','Ngapandouetnbu','12-apr-2003','Portiere'),
  ('238266','Olympique Marseille',15,'Duje','Caleta-Car','17-sep-1996','Difensore'),
  ('575998','Olympique Marseille',5,'Leonardo','Balerdi','26-jan-1999','Difensore'),
  ('183647','Olympique Marseille',3,'Álvaro','González','8-jan-1990','Difensore'),
  ('352392','Olympique Marseille',32,'Lucas','Perrin','19-nov-1998','Difensore'),
  ('557609','Olympique Marseille',null,'Aaron','Kamardin','8-apr-2002','Difensore'),
  ('241229','Olympique Marseille',18,'Jordan','Amavi','9-mar-1994','Difensore'),
  ('352393','Olympique Marseille',20,'Christopher','Rocchia','1-feb-1998','Difensore'),
  ('079522','Olympique Marseille',25,'Yuto','Nagatomo','12-sep-1986','Difensore'),
  ('298975','Olympique Marseille',29,'Pol','Lirola','13-aug-1997','Difensore'),
  ('190685','Olympique Marseille',null,'Bouna','Sarr','31-jan-1992','Difensore'),
  ('083002','Olympique Marseille',2,'Hiroki','Sakai','12-apr-1990','Difensore'),
  ('639711','Olympique Marseille',42,'Richecard','Richard','18-mar-2002','Difensore'),
  ('394327','Olympique Marseille',4,'Boubacar','Kamara','23-nov-1999','Centrocampista'),
  ('290862','Olympique Marseille',null,'Maxime','López','4-dec-1997','Centrocampista'),
  ('485963','Olympique Marseille',22,'Pape','Gueye','24-jan-1999','Centrocampista'),
  ('585951','Olympique Marseille',34,'Alexandre','Phliponeau','26-jan-2000','Centrocampista'),
  ('611674','Olympique Marseille',43,'Nassim','Ahmed','9-oct-2000','Centrocampista'),
  ('805476','Olympique Marseille',null,'Paolo','Sciortino','5-nov-2003','Centrocampista'),
  ('174094','Olympique Marseille',null,'Morgan','Sanson','18-aug-1994','Centrocampista'),
  ('332889','Olympique Marseille',21,'Valentin','Rongier','7-dec-1994','Centrocampista'),
  ('344600','Olympique Marseille',17,'Michaël','Cuisance','16-aug-1999','Centrocampista'),
  ('068864','Olympique Marseille',null,'Kevin','Strootman','13-feb-1990','Centrocampista'),
  ('224088','Olympique Marseille',8,'Olivier','Ntcham','9-feb-1996','Centrocampista'),
  ('667965','Olympique Marseille',null,'Oussama','Targhalline','20-may-2002','Centrocampista'),
  ('569367','Olympique Marseille',34,'Cheick','Souaré','3-sep-2002','Centrocampista'),
  ('037647','Olympique Marseille',10,'Dimitri','Payet','29-mar-1987','Centrocampista'),
  ('530851','Olympique Marseille',31,'Franco','Tongya','13-mar-2002','Centrocampista'),
  ('270411','Olympique Marseille',24,'Saîf-Eddine','Khaoui','27-apr-1995','Centrocampista'),
  ('708680','Olympique Marseille',38,'Ugo','Bertelli','15-jul-2003','Centrocampista'),
  ('725577','Olympique Marseille',39,'Jorès','Rahou','2-feb-2003','Centrocampista'),
  ('691316','Olympique Marseille',11,'Luis Henrique','null','14-dec-2001','Attaccante'),
  ('245078','Olympique Marseille',null,'Nemanja','Radonjic','15-feb-1996','Attaccante'),
  ('682032','Olympique Marseille',null,'Marley','Aké','5-jan-2001','Attaccante'),
  ('184892','Olympique Marseille',26,'Florian','Thauvin','26-jan-1993','Attaccante'),
  ('191891','Olympique Marseille',19,'Arkadiusz','Milik','28-feb-1994','Attaccante'),
  ('092693','Olympique Marseille',9,'Darío','Benedetto','17-may-1990','Attaccante'),
  ('060540','Olympique Marseille',28,'Valère','Germain','17-apr-1990','Attaccante'),
  ('822458','Olympique Marseille',37,'Bamba','Dieng','23-mar-2000','Attaccante'),
  ('296802','OGC Nice',40,'Walter','Benítez','19-jan-1993','Portiere'),
  ('241231','OGC Nice',30,'Yoan','Cardinale','27-mar-1994','Portiere'),
  ('789419','OGC Nice',16,'Teddy','Boulhendi','9-apr-2001','Portiere'),
  ('889155','OGC Nice',null,'Jules','Rolland','31-mar-2001','Portiere'),
  ('495666','OGC Nice',18,'William','Saliba','24-mar-2001','Difensore'),
  ('605184','OGC Nice',25,'Jean-Clair','Todibo','30-dec-1999','Difensore'),
  ('322655','OGC Nice',5,'Flavius','Daniliuc','27-apr-2001','Difensore'),
  ('371141','OGC Nice',2,'Stanley','Nsoki','9-apr-1999','Difensore'),
  ('494236','OGC Nice',24,'Andy','Pelmard','12-mar-2000','Difensore'),
  ('458715','OGC Nice',3,'Robson Bambu','null','12-nov-1997','Difensore'),
  ('016136','OGC Nice',4,'Dante','null','18-oct-1983','Difensore'),
  ('811431','OGC Nice',null,'Théo','Pionnier-Bertrand','21-jan-2002','Difensore'),
  ('791173','OGC Nice',null,'Noah','Crétier','14-nov-2001','Difensore'),
  ('865557','OGC Nice',null,'Lorenzo','Prso','18-jan-2001','Difensore'),
  ('290017','OGC Nice',13,'Hassane','Kamara','5-mar-1994','Difensore'),
  ('323379','OGC Nice',null,'Racine','Coly','8-dec-1995','Difensore'),
  ('416108','OGC Nice',20,'Youcef','Atal','17-may-1996','Difensore'),
  ('313094','OGC Nice',23,'Jordan','Lotomba','29-sep-1998','Difensore'),
  ('444725','OGC Nice',null,'Patrick','Burner','11-apr-1996','Difensore'),
  ('891998','OGC Nice',null,'Antoine','Mendy','27-may-2004','Difensore'),
  ('463618','OGC Nice',19,'Khéphren','Thuram','26-mar-2001','Centrocampista'),
  ('056818','OGC Nice',6,'Morgan','Schneiderlin','8-nov-1989','Centrocampista'),
  ('273438','OGC Nice',null,'Danilo','Barbosa','28-feb-1996','Centrocampista'),
  ('377393','OGC Nice',8,'Pierre','Lees-Melou','25-may-1993','Centrocampista'),
  ('482769','OGC Nice',27,'Alexis','Trouillet','23-dec-2000','Centrocampista'),
  ('569365','OGC Nice',null,'Soudeysse','Kari','7-feb-2002','Centrocampista'),
  ('696851','OGC Nice',null,'Paul','Wade','17-apr-2000','Centrocampista'),
  ('560593','OGC Nice',28,'Hicham','Boudaoui','23-sep-1999','Centrocampista'),
  ('384593','OGC Nice',10,'Alexis','Claude-Maurice','6-jun-1998','Centrocampista'),
  ('371142','OGC Nice',7,'Myziane','Maolida','14-feb-1999','Attaccante'),
  ('708681','OGC Nice',37,'Salim','Ben Seghir','24-feb-2003','Attaccante'),
  ('586599','OGC Nice',34,'Deji','Sotona','7-dec-2002','Attaccante'),
  ('174694','OGC Nice',22,'Rony Lopes','null','28-dec-1995','Attaccante'),
  ('365108','OGC Nice',14,'Dan','Ndoye','25-oct-2000','Attaccante'),
  ('344610','OGC Nice',null,'Hicham','Mahou','2-jul-1999','Attaccante'),
  ('811430','OGC Nice',null,'Malik','Sellouki','21-mar-2000','Attaccante'),
  ('629566','OGC Nice',null,'Eddy','Sylvestre','29-aug-1999','Attaccante'),
  ('418659','OGC Nice',11,'Amine','Gouiri','16-feb-2000','Attaccante'),
  ('283196','OGC Nice',9,'Kasper','Dolberg','6-oct-1997','Attaccante'),
  ('500689','OGC Nice',null,'Evann','Guessand','1-jul-2001','Attaccante'),
  ('696849','AS Saint-Étienne',40,'Etienne','Green','19-jul-2000','Portiere'),
  ('465836','AS Saint-Étienne',1,'Stefan','Bajic','23-dec-2001','Portiere'),
  ('033925','AS Saint-Étienne',30,'Jessy','Moulin','13-jan-1986','Portiere'),
  ('836132','AS Saint-Étienne',16,'Boubacar','Fall','3-feb-2001','Portiere'),
  ('880169','AS Saint-Étienne',null,'Nabil','Ouennas','12-jul-2003','Portiere'),
  ('475411','AS Saint-Étienne',null,'Wesley','Fofana','17-dec-2000','Difensore'),
  ('364234','AS Saint-Étienne',6,'Pape Abou','Cissé','14-sep-1995','Difensore'),
  ('272636','AS Saint-Étienne',2,'Harold','Moukoudi','27-nov-1997','Difensore'),
  ('324351','AS Saint-Étienne',4,'Panagiotis','Retsos','9-aug-1998','Difensore'),
  ('084085','AS Saint-Étienne',5,'Timothée','Kolodziejczak','1-oct-1991','Difensore'),
  ('807128','AS Saint-Étienne',35,'Saïdou','Sow','4-jul-2002','Difensore'),
  ('558139','AS Saint-Étienne',null,'Marvin','Tshibuabua','8-jan-2002','Difensore'),
  ('855615','AS Saint-Étienne',null,'Abdoulaye','Bakayoko','15-dec-2002','Difensore'),
  ('177690','AS Saint-Étienne',13,'Miguel','Trauco','25-aug-1992','Difensore'),
  ('114340','AS Saint-Étienne',11,'Gabriel Silva','null','13-may-1991','Difensore'),
  ('580747','AS Saint-Étienne',27,'Yvann','Maçon','1-oct-1998','Difensore'),
  ('027306','AS Saint-Étienne',26,'Mathieu','Debuchy','28-jul-1985','Difensore'),
  ('594992','AS Saint-Étienne',31,'Alpha','Sissoko','7-mar-1997','Difensore'),
  ('620313','AS Saint-Étienne',33,'Lucas','Gourna-Douath','5-aug-2003','Centrocampista'),
  ('060573','AS Saint-Étienne',null,'Yann','M''Vila','29-jun-1990','Centrocampista'),
  ('469669','AS Saint-Étienne',19,'Yvan','Neyou','3-jan-1997','Centrocampista'),
  ('287635','AS Saint-Étienne',null,'Assane','Dioussé','20-sep-1997','Centrocampista'),
  ('324727','AS Saint-Étienne',null,'Rayan','Souici','28-feb-1998','Centrocampista'),
  ('324795','AS Saint-Étienne',8,'Mahdi','Camara','30-jun-1998','Centrocampista'),
  ('471582','AS Saint-Étienne',28,'Zaydou','Youssouf','11-jul-1999','Centrocampista'),
  ('484992','AS Saint-Étienne',34,'Aimen','Moueffek','9-apr-2001','Centrocampista'),
  ('852998','AS Saint-Étienne',null,'Baptiste','Gabard','28-jan-2000','Centrocampista'),
  ('569385','AS Saint-Étienne',17,'Adil','Aouchiche','15-jul-2002','Centrocampista'),
  ('077826','AS Saint-Étienne',7,'Ryad','Boudebouz','19-feb-1990','Centrocampista'),
  ('609692','AS Saint-Étienne',15,'Bilal','Benkhedim','20-apr-2001','Centrocampista'),
  ('236045','AS Saint-Étienne',20,'Denis','Bouanga','11-nov-1994','Attaccante'),
  ('324811','AS Saint-Étienne',18,'Arnaud','Nordin','17-jun-1998','Attaccante'),
  ('044045','AS Saint-Étienne',22,'Kévin','Monnet-Paquet','19-aug-1988','Attaccante'),
  ('639758','AS Saint-Étienne',null,'Abdoulaye','Sidibé','9-feb-2002','Attaccante'),
  ('735700','AS Saint-Étienne',32,'Maxence','Rivera','30-may-2002','Attaccante'),
  ('496601','AS Saint-Étienne',null,'Tyrone','Tormin','29-jun-2001','Attaccante'),
  ('103565','AS Saint-Étienne',10,'Wahbi','Khazri','8-feb-1991','Attaccante'),
  ('418658','AS Saint-Étienne',9,'Charles','Abi','12-apr-2000','Attaccante'),
  ('050512','AS Saint-Étienne',14,'Anthony','Modeste','14-apr-1988','Attaccante'),
  ('098349','AS Saint-Étienne',21,'Romain','Hamouma','29-mar-1987','Attaccante'),
  ('358515','AS Saint-Étienne',null,'Jean-Philippe','Krasso','17-jul-1997','Attaccante'),
  ('654414','AS Saint-Étienne',null,'Yanis','Lhéry','7-may-2003','Attaccante'),
  ('783799','AS Saint-Étienne',null,'Mathys','Saban','15-may-2002','Attaccante'),
  ('247915','Montpellier HSC',1,'Jonas','Omlin','10-jan-1994','Portiere'),
  ('371816','Montpellier HSC',16,'Dimitry','Bertaud','6-jun-1998','Portiere'),
  ('478346','Montpellier HSC',30,'Matis','Carvalho','28-apr-1999','Portiere'),
  ('072857','Montpellier HSC',5,'Pedro','Mendes','1-oct-1990','Difensore'),
  ('022386','Montpellier HSC',3,'Daniel','Congré','5-apr-1985','Difensore'),
  ('569388','Montpellier HSC',27,'Clément','Vidal','18-jun-2000','Difensore'),
  ('004811','Montpellier HSC',4,'Hilton','null','13-sep-1977','Difensore'),
  ('842341','Montpellier HSC',null,'Maxime','Estève','26-may-2002','Difensore'),
  ('485965','Montpellier HSC',31,'Nicolas','Cozza','8-jan-1999','Difensore'),
  ('184922','Montpellier HSC',8,'Ambroise','Oyongo','22-jun-1991','Difensore'),
  ('569374','Montpellier HSC',17,'Thibault','Tamas','20-feb-2001','Difensore'),
  ('335147','Montpellier HSC',6,'Junior','Sambia','7-sep-1996','Difensore'),
  ('111058','Montpellier HSC',2,'Arnaud','Souquet','12-feb-1992','Difensore'),
  ('294895','Montpellier HSC',null,'Mathías','Suárez','24-jun-1996','Difensore'),
  ('627463','Montpellier HSC',null,'Thibaut','Vargas','22-may-2000','Difensore'),
  ('624037','Montpellier HSC',13,'Joris','Chotard','24-sep-2001','Centrocampista'),
  ('059950','Montpellier HSC',14,'Damien','Le Tallec','19-apr-1990','Centrocampista'),
  ('127156','Montpellier HSC',11,'Téji','Savanier','22-dec-1991','Centrocampista'),
  ('222859','Montpellier HSC',25,'Florent','Mollet','19-nov-1991','Centrocampista'),
  ('118284','Montpellier HSC',12,'Jordan','Ferri','12-mar-1992','Centrocampista'),
  ('627464','Montpellier HSC',26,'Samy','Benchamma','25-jun-2000','Centrocampista'),
  ('842425','Montpellier HSC',null,'Sacha','Delaye','23-apr-2002','Centrocampista'),
  ('271455','Montpellier HSC',7,'Mihailo','Ristic','31-oct-1995','Centrocampista'),
  ('340328','Montpellier HSC',19,'Stephy','Mavididi','31-may-1998','Attaccante'),
  ('234006','Montpellier HSC',20,'Keagan','Dolly','22-jan-1993','Attaccante'),
  ('131480','Montpellier HSC',24,'Il-lok','Yun','7-mar-1992','Attaccante'),
  ('122797','Montpellier HSC',9,'Andy','Delort','9-oct-1991','Attaccante'),
  ('181378','Montpellier HSC',10,'Gaëtan','Laborde','3-may-1994','Attaccante'),
  ('659542','Montpellier HSC',21,'Elye','Wahi','2-jan-2003','Attaccante'),
  ('058295','Montpellier HSC',32,'Petar','Skuletic','29-jun-1990','Attaccante'),
  ('420782','Montpellier HSC',18,'Yanis','Ammour','21-may-1999','Attaccante'),
  ('806306','Montpellier HSC',null,'Adil','Ben Achour','1-feb-2002','Attaccante'),
  ('859536','Montpellier HSC',null,'Oucasse','Mendy','1-jun-2001','Attaccante'),
  ('624920','Montpellier HSC',28,'Béni','Makouana','28-sep-2002','Attaccante'),
  ('318507','SCO Angers',1,'Paul','Bernardoni','18-apr-1997','Portiere'),
  ('188930','SCO Angers',30,'Danijel','Petkovic','25-may-1993','Portiere'),
  ('012029','SCO Angers',16,'Ludovic','Butelle','3-apr-1983','Portiere'),
  ('057467','SCO Angers',24,'Romain','Thomas','12-jun-1988','Difensore'),
  ('083132','SCO Angers',29,'Vincent','Manceau','10-jul-1989','Difensore'),
  ('069436','SCO Angers',4,'Mateo','Pavlovic','9-jun-1990','Difensore'),
  ('057216','SCO Angers',8,'Ismaël','Traoré','18-aug-1986','Difensore'),
  ('709727','SCO Angers',20,'Kévin','Boma','20-nov-2002','Difensore'),
  ('629637','SCO Angers',null,'Kévin','Mouanga','24-jul-2000','Difensore'),
  ('807691','SCO Angers',null,'Ismaël','Dramé','27-may-2001','Difensore'),
  ('578391','SCO Angers',null,'Rayan','Aït-Nouri','6-jun-2001','Difensore'),
  ('296356','SCO Angers',3,'Souleyman','Doumbia','24-sep-1996','Difensore'),
  ('342877','SCO Angers',6,'Enzo','Ebosse','11-mar-1999','Difensore'),
  ('599829','SCO Angers',null,'Oussama','Falouh','12-jul-1999','Difensore'),
  ('062351','SCO Angers',25,'Abdoulaye','Bamba','25-apr-1990','Difensore'),
  ('285323','SCO Angers',null,'Baptiste','Santamaria','9-mar-1995','Centrocampista'),
  ('205503','SCO Angers',18,'Ibrahim','Amadou','6-apr-1993','Centrocampista'),
  ('650104','SCO Angers',12,'Zinédine','Ould Khaled','14-jan-2000','Centrocampista'),
  ('344575','SCO Angers',23,'Antonin','Bobichon','14-sep-1995','Centrocampista'),
  ('386552','SCO Angers',14,'Lassana','Coulibaly','10-apr-1996','Centrocampista'),
  ('018934','SCO Angers',5,'Thomas','Mangani','29-apr-1987','Centrocampista'),
  ('206912','SCO Angers',11,'Jimmy','Cabot','18-apr-1994','Centrocampista'),
  ('424072','SCO Angers',27,'Mathias','Pereira Lage','30-nov-1996','Centrocampista'),
  ('214532','SCO Angers',15,'Pierrick','Capelle','15-apr-1987','Centrocampista'),
  ('250013','SCO Angers',10,'Angelo','Fulgini','20-aug-1996','Centrocampista'),
  ('680447','SCO Angers',26,'Waniss','Taïbi','7-mar-2002','Centrocampista'),
  ('232271','SCO Angers',13,'Sofiane','Boufal','17-sep-1993','Attaccante'),
  ('392810','SCO Angers',null,'Casimir','Ninga','17-may-1993','Attaccante'),
  ('187392','SCO Angers',null,'Thomas','Touré','27-dec-1993','Attaccante'),
  ('290593','SCO Angers',22,'Sada','Thioub','1-jun-1995','Attaccante'),
  ('425400','SCO Angers',28,'Farid','El Melali','5-may-1997','Attaccante'),
  ('707225','SCO Angers',17,'Noah','Fatar','15-feb-2002','Attaccante'),
  ('342878','SCO Angers',31,'Yassin','Fortuné','30-jan-1999','Attaccante'),
  ('170953','SCO Angers',19,'Stéphane','Bahoken','28-may-1992','Attaccante'),
  ('670847','SCO Angers',21,'Mohamed-Ali','Cho','19-jan-2004','Attaccante'),
  ('193130','SCO Angers',7,'Rachid','Alioui','18-jun-1992','Attaccante'),
  ('126552','SCO Angers',9,'Loïs','Diony','20-dec-1992','Attaccante'),
  ('395523','SCO Angers',null,'Wilfried','Kanga','21-feb-1998','Attaccante'),
  ('127202','RC Strasbourg Alsace',1,'Matz','Sels','26-feb-1992','Portiere'),
  ('333175','RC Strasbourg Alsace',30,'Bingourou','Kamara','21-oct-1996','Portiere'),
  ('077383','RC Strasbourg Alsace',16,'Eiji','Kawashima','20-mar-1983','Portiere'),
  ('838947','RC Strasbourg Alsace',null,'Alexandre','Pierre','25-feb-2001','Portiere'),
  ('666234','RC Strasbourg Alsace',2,'Mohamed','Simakan','3-may-2000','Difensore'),
  ('250844','RC Strasbourg Alsace',24,'Alexander','Djiku','9-aug-1994','Difensore'),
  ('143029','RC Strasbourg Alsace',13,'Stefan','Mitrovic','22-may-1990','Difensore'),
  ('057420','RC Strasbourg Alsace',5,'Lamine','Koné','1-feb-1989','Difensore'),
  ('528178','RC Strasbourg Alsace',29,'Ismaël','Aaneba','29-may-1999','Difensore'),
  ('689091','RC Strasbourg Alsace',null,'Abdoulaye','Ousmane','22-feb-2000','Difensore'),
  ('862628','RC Strasbourg Alsace',null,'Marvin','Elimbi Gilbert','20-feb-2003','Difensore'),
  ('453016','RC Strasbourg Alsace',19,'Anthony','Caci','1-jul-1997','Difensore'),
  ('011530','RC Strasbourg Alsace',23,'Lionel','Carole','12-apr-1991','Difensore'),
  ('354352','RC Strasbourg Alsace',4,'Frédéric','Guilbert','24-dec-1994','Difensore'),
  ('174196','RC Strasbourg Alsace',null,'Kenny','Lala','3-oct-1991','Difensore'),
  ('830890','RC Strasbourg Alsace',null,'Marvin','Senaya','28-jan-2001','Difensore'),
  ('372712','RC Strasbourg Alsace',27,'Ibrahima','Sissoko','27-oct-1997','Centrocampista'),
  ('587646','RC Strasbourg Alsace',18,'Mahamé','Siby','7-jul-1996','Centrocampista'),
  ('125783','RC Strasbourg Alsace',14,'Sanjin','Prcic','20-nov-1993','Centrocampista'),
  ('314940','RC Strasbourg Alsace',11,'Dimitri','Liénard','13-feb-1988','Centrocampista'),
  ('700437','RC Strasbourg Alsace',null,'Benjamin','Besic','2-jun-2002','Centrocampista'),
  ('450050','RC Strasbourg Alsace',17,'Jean-Ricner','Bellegarde','27-jun-1998','Centrocampista'),
  ('215977','RC Strasbourg Alsace',26,'Adrien','Thomasson','10-dec-1993','Centrocampista'),
  ('395674','RC Strasbourg Alsace',null,'Adrien','Lebeau','8-jul-1999','Centrocampista'),
  ('830891','RC Strasbourg Alsace',null,'Noé','Sommer','17-jun-2001','Centrocampista'),
  ('358509','RC Strasbourg Alsace',21,'Mehdi','Chahiri','25-jul-1996','Attaccante'),
  ('880330','RC Strasbourg Alsace',null,'Moïse Sahi','Dion','20-dec-2001','Attaccante'),
  ('283994','RC Strasbourg Alsace',25,'Ludovic','Ajorque','25-feb-1994','Attaccante'),
  ('344888','RC Strasbourg Alsace',28,'Habib','Diallo','18-jun-1995','Attaccante'),
  ('146805','RC Strasbourg Alsace',8,'Majeed','Waris','19-sep-1991','Attaccante'),
  ('427161','RC Strasbourg Alsace',12,'Lebo','Mothiba','28-jan-1996','Attaccante'),
  ('524929','RC Strasbourg Alsace',20,'Kévin','Zohi','19-dec-1996','Attaccante'),
  ('111057','RC Strasbourg Alsace',9,'Idriss','Saadi','8-feb-1992','Attaccante'),
  ('022628','FC Girondins Bordeaux',1,'Benoît','Costil','3-jul-1987','Portiere'),
  ('344591','FC Girondins Bordeaux',16,'Gaëtan','Poussin','13-jan-1999','Portiere'),
  ('149577','FC Girondins Bordeaux',null,'Pablo','null','21-jun-1991','Difensore'),
  ('076277','FC Girondins Bordeaux',6,'Laurent','Koscielny','10-sep-1985','Difensore'),
  ('264140','FC Girondins Bordeaux',14,'Vukasin','Jovanovic','17-may-1996','Difensore'),
  ('127610','FC Girondins Bordeaux',4,'Mexer','null','8-sep-1988','Difensore'),
  ('043256','FC Girondins Bordeaux',24,'Paul','Baysse','18-may-1988','Difensore'),
  ('371150','FC Girondins Bordeaux',21,'Loïc','Bessile','19-feb-1999','Difensore'),
  ('647787','FC Girondins Bordeaux',null,'Malcom','Bokele','12-feb-2000','Difensore'),
  ('119085','FC Girondins Bordeaux',23,'Loris','Benito','7-jan-1992','Difensore'),
  ('126528','FC Girondins Bordeaux',29,'Maxime','Poundjé','16-aug-1992','Difensore'),
  ('135492','FC Girondins Bordeaux',null,'Youssouf','Sabaly','5-mar-1993','Difensore'),
  ('288241','FC Girondins Bordeaux',25,'Enock','Kwateng','9-apr-1997','Difensore'),
  ('540685','FC Girondins Bordeaux',35,'Ismaël','Sow','19-feb-2001','Difensore'),
  ('312314','FC Girondins Bordeaux',5,'Otávio','null','4-may-1994','Centrocampista'),
  ('236727','FC Girondins Bordeaux',34,'David','Kong','13-dec-1994','Centrocampista'),
  ('334835','FC Girondins Bordeaux',26,'Toma','Basic','25-nov-1996','Centrocampista'),
  ('178614','FC Girondins Bordeaux',15,'Jean Michaël','Seri','19-jul-1991','Centrocampista'),
  ('099352','FC Girondins Bordeaux',null,'Rubén','Pardo','22-oct-1992','Centrocampista'),
  ('847759','FC Girondins Bordeaux',27,'Tom','Lacoux','25-jan-2002','Centrocampista'),
  ('740674','FC Girondins Bordeaux',33,'Issouf','Sissokho','30-jan-2002','Centrocampista'),
  ('696852','FC Girondins Bordeaux',39,'Ibrahim','Diarra','19-may-1998','Centrocampista'),
  ('395236','FC Girondins Bordeaux',19,'Yacine','Adli','29-jul-2000','Centrocampista'),
  ('018900','FC Girondins Bordeaux',8,'Hatem','Ben Arfa','7-mar-1987','Centrocampista'),
  ('569386','FC Girondins Bordeaux',37,'Logan','Delaurier-Chaubet','22-apr-2002','Centrocampista'),
  ('540664','FC Girondins Bordeaux',32,'Dilane','Bakwa','26-aug-2002','Attaccante'),
  ('424051','FC Girondins Bordeaux',10,'Samuel','Kalu','26-aug-1997','Attaccante'),
  ('399543','FC Girondins Bordeaux',28,'Rémi','Oudin','18-nov-1996','Attaccante'),
  ('460654','FC Girondins Bordeaux',17,'Mehdi','Zerkane','15-jul-1999','Attaccante'),
  ('540665','FC Girondins Bordeaux',31,'Amadou','Traoré','7-mar-2002','Attaccante'),
  ('453824','FC Girondins Bordeaux',null,'Josh','Maja','27-dec-1998','Attaccante'),
  ('260166','FC Girondins Bordeaux',18,'Ui-jo','Hwang','28-aug-1992','Attaccante'),
  ('122116','FC Girondins Bordeaux',12,'Nicolas','de Préville','8-jan-1991','Attaccante'),
  ('290561','FC Girondins Bordeaux',null,'Alexandre','Mendy','20-mar-1994','Attaccante'),
  ('018909','FC Girondins Bordeaux',7,'Jimmy','Briand','2-aug-1985','Attaccante'),
  ('557612','FC Girondins Bordeaux',36,'Sékou','Mara','30-jul-2002','Attaccante'),
  ('190263','Stade Reims',1,'Predrag','Rajkovic','31-oct-1995','Portiere'),
  ('448632','Stade Reims',16,'Yehvann','Diouf','16-nov-1999','Portiere'),
  ('536476','Stade Reims',null,'Trey','Vimalin','28-jan-2001','Portiere'),
  ('649032','Stade Reims',30,'Dialy','Ndiaye','4-jul-1999','Portiere'),
  ('292808','Stade Reims',2,'Wout','Faes','3-apr-1998','Difensore'),
  ('307807','Stade Reims',29,'Dario','Maresic','29-sep-1999','Difensore'),
  ('199704','Stade Reims',5,'Yunis','Abdelhamid','28-sep-1987','Difensore'),
  ('502511','Stade Reims',null,'Enzo','Valentim','11-sep-2000','Difensore'),
  ('649026','Stade Reims',null,'Mamadou','Mbow','8-mar-2000','Difensore'),
  ('422850','Stade Reims',3,'Ghislain','Konan','27-dec-1995','Difensore'),
  ('340177','Stade Reims',28,'Thibault','De Smet','5-jun-1998','Difensore'),
  ('215114','Stade Reims',32,'Thomas','Foket','25-sep-1994','Difensore'),
  ('798925','Stade Reims',33,'Fodé','Doucouré','3-feb-2001','Difensore'),
  ('414908','Stade Reims',15,'Marshall','Munetsi','22-jun-1996','Centrocampista'),
  ('649033','Stade Reims',34,'Dion','Lopy','2-feb-2002','Centrocampista'),
  ('399551','Stade Reims',36,'Mouhamadou','Drammeh','15-may-1999','Centrocampista'),
  ('118278','Stade Reims',7,'Xavier','Chavalerin','7-mar-1991','Centrocampista'),
  ('145115','Stade Reims',14,'Valon','Berisha','7-feb-1993','Centrocampista'),
  ('290746','Stade Reims',23,'Moreto','Cassamá','16-feb-1998','Centrocampista'),
  ('126683','Stade Reims',null,'Tristan','Dingomé','17-feb-1991','Centrocampista'),
  ('399383','Stade Reims',24,'Mathieu','Cafaro','25-mar-1997','Centrocampista'),
  ('520054','Stade Reims',null,'Moïse','Sakava','26-dec-2000','Centrocampista'),
  ('557614','Stade Reims',21,'Nathanaël','Mbuku','16-mar-2002','Attaccante'),
  ('222876','Stade Reims',10,'Arbër','Zeneli','25-feb-1995','Attaccante'),
  ('237669','Stade Reims',8,'Dereck','Kutesa','6-dec-1997','Attaccante'),
  ('316137','Stade Reims',25,'Moussa','Doumbia','15-aug-1994','Attaccante'),
  ('395242','Stade Reims',null,'Alexis','Flips','18-jan-2000','Attaccante'),
  ('626913','Stade Reims',11,'Boulaye','Dia','16-nov-1996','Attaccante'),
  ('649016','Stade Reims',27,'El Bilal','Touré','3-oct-2001','Attaccante'),
  ('315283','Stade Reims',9,'Kaj','Sierhuis','27-apr-1998','Attaccante'),
  ('388160','Stade Reims',18,'Fraser','Hornby','13-sep-1999','Attaccante'),
  ('243606','Stade Reims',null,'Anastasios','Donis','29-aug-1996','Attaccante'),
  ('709726','Stade Reims',null,'Hugo','Ekitike','20-jun-2002','Attaccante'),
  ('522788','Stade Reims',null,'Timothé','Nkada','20-jul-1999','Attaccante'),
  ('373714','RC Lens',1,'Wuilker','Fariñez','15-feb-1998','Portiere'),
  ('027490','RC Lens',16,'Jean-Louis','Leca','21-sep-1985','Portiere'),
  ('804829','RC Lens',null,'Yannick','Pandor','1-may-2001','Portiere'),
  ('730581','RC Lens',4,'Loïc','Badé','11-apr-2000','Difensore'),
  ('474800','RC Lens',14,'Facundo','Medina','28-may-1999','Difensore'),
  ('126557','RC Lens',24,'Jonathan','Gradit','24-nov-1992','Difensore'),
  ('276895','RC Lens',15,'Steven','Fortes','17-apr-1992','Difensore'),
  ('339501','RC Lens',null,'Aleksandar','Radovanovic','11-nov-1993','Difensore'),
  ('137930','RC Lens',5,'Zakaria','Diallo','13-aug-1986','Difensore'),
  ('620163','RC Lens',null,'Yann','Kembo','20-mar-2002','Difensore'),
  ('804817','RC Lens',null,'Adrien','Louveau','1-feb-2000','Difensore'),
  ('170929','RC Lens',21,'Massadio','Haidara','2-dec-1992','Difensore'),
  ('220878','RC Lens',3,'Issiaga','Sylla','1-jan-1994','Difensore'),
  ('770895','RC Lens',19,'Ismaël','Boura','14-aug-2000','Difensore'),
  ('318520','RC Lens',13,'Clément','Michelin','11-may-1997','Difensore'),
  ('378965','RC Lens',20,'Cheick','Traoré','31-mar-1995','Difensore'),
  ('543387','RC Lens',28,'Cheick','Doucouré','8-jan-2000','Centrocampista'),
  ('166630','RC Lens',null,'Manuel','Perez','11-may-1991','Centrocampista'),
  ('044686','RC Lens',18,'Yannick','Cahuzac','18-jan-1985','Centrocampista'),
  ('182893','RC Lens',8,'Seko','Fofana','7-may-1995','Centrocampista'),
  ('812902','RC Lens',null,'Jonathan','Varane','9-sep-2001','Centrocampista'),
  ('175639','RC Lens',11,'Jonathan','Clauss','25-sep-1992','Centrocampista'),
  ('695646','RC Lens',null,'Charles','Boli','30-aug-1998','Centrocampista'),
  ('074297','RC Lens',10,'Gaël','Kakuta','21-jun-1991','Centrocampista'),
  ('272549','RC Lens',22,'Tony','Mauricio','22-mar-1994','Centrocampista'),
  ('719442','RC Lens',33,'David','Costa','5-jan-2001','Centrocampista'),
  ('676525','RC Lens',34,'Adam','Oudjani','29-aug-2001','Centrocampista'),
  ('495489','RC Lens',null,'Gaëtan','Robail','9-jan-1994','Attaccante'),
  ('267147','RC Lens',null,'Cyrille','Bayala','24-may-1996','Attaccante'),
  ('800272','RC Lens',null,'Boubakar','Camara','27-mar-2001','Attaccante'),
  ('531949','RC Lens',9,'Ignatius','Ganago','16-feb-1999','Attaccante'),
  ('354726','RC Lens',7,'Florian','Sotoca','25-oct-1990','Attaccante'),
  ('344869','RC Lens',23,'Simon','Banza','13-aug-1996','Attaccante'),
  ('020463','RC Lens',25,'Corentin','Jean','15-jul-1995','Attaccante'),
  ('595169','RC Lens',null,'Ansou','Sow','9-may-2000','Attaccante'),
  ('056809','FC Metz',16,'Alexandre','Oukidja','19-jul-1988','Portiere'),
  ('205465','FC Metz',30,'Marc-Aurèle','Caillard','12-may-1994','Portiere'),
  ('081543','FC Metz',null,'Paul','Delecroix','14-oct-1988','Portiere'),
  ('666975','FC Metz',null,'Ousmane','Ba','6-jun-2002','Portiere'),
  ('450417','FC Metz',2,'Dylan','Bronn','19-jun-1995','Difensore'),
  ('211637','FC Metz',23,'Kiki','Kouyaté','15-apr-1997','Difensore'),
  ('402004','FC Metz',6,'Mamadou','Fofana','21-jan-1998','Difensore'),
  ('085585','FC Metz',21,'John','Boye','23-apr-1987','Difensore'),
  ('620315','FC Metz',29,'Lenny','Lacroix','6-feb-2003','Difensore'),
  ('344886','FC Metz',3,'Matthieu','Udol','20-mar-1996','Difensore'),
  ('170961','FC Metz',17,'Thomas','Delaine','24-mar-1992','Difensore'),
  ('127075','FC Metz',28,'Manuel','Cabit','3-jun-1993','Difensore'),
  ('384859','FC Metz',18,'Fabien','Centonze','16-jan-1996','Difensore'),
  ('163724','FC Metz',null,'Laurent','Jans','5-aug-1992','Difensore'),
  ('743500','FC Metz',null,'William','Mikelbrencis','25-feb-2004','Difensore'),
  ('709445','FC Metz',20,'Ernest','Boahene','6-mar-2000','Difensore'),
  ('568693','FC Metz',15,'Pape','Sarr','14-sep-2002','Centrocampista'),
  ('293944','FC Metz',19,'Habib','Maïga','1-jan-1996','Centrocampista'),
  ('342209','FC Metz',4,'Kévin','N''Doram','22-jan-1996','Centrocampista'),
  ('126699','FC Metz',14,'Vincent','Pajot','19-aug-1990','Centrocampista'),
  ('178314','FC Metz',5,'Victorien','Angban','29-sep-1996','Centrocampista'),
  ('649020','FC Metz',8,'Boubacar','Traoré','20-aug-2001','Centrocampista'),
  ('202318','FC Metz',10,'Farid','Boulaya','25-feb-1993','Centrocampista'),
  ('481116','FC Metz',22,'Youssef','Maziz','24-jun-1998','Centrocampista'),
  ('205587','FC Metz',11,'Opa','Nguette','8-jul-1994','Attaccante'),
  ('568702','FC Metz',26,'Papa Ndiaga','Yade','5-jan-2000','Attaccante'),
  ('568696','FC Metz',null,'Cheikh','Sabaly','4-mar-1999','Attaccante'),
  ('353211','FC Metz',27,'Vagner','null','10-jan-1996','Attaccante'),
  ('568701','FC Metz',13,'Lamine','Gueye','13-mar-1998','Attaccante'),
  ('591914','FC Metz',12,'Warren','Tchimbembé','21-apr-1998','Attaccante'),
  ('364405','FC Metz',null,'Adama','Traoré','5-jun-1995','Attaccante'),
  ('490417','FC Metz',7,'Ibrahima','Niane','11-mar-1999','Attaccante'),
  ('289587','FC Metz',24,'Aaron','Leya Iseka','15-nov-1997','Attaccante'),
  ('265763','FC Metz',9,'Thierry','Ambrose','28-mar-1997','Attaccante'),
  ('357047','Stade Brestois 29',1,'Gautier','Larsonneur','23-feb-1997','Portiere'),
  ('395251','Stade Brestois 29',16,'Sébastien','Cibois','2-mar-1998','Portiere'),
  ('215677','Stade Brestois 29',30,'Mouez','Hassen','5-mar-1995','Portiere'),
  ('344864','Stade Brestois 29',2,'Jean-Kevin','Duverne','12-jul-1997','Difensore'),
  ('170544','Stade Brestois 29',23,'Christophe','Hérelle','22-aug-1992','Difensore'),
  ('250779','Stade Brestois 29',5,'Brendan','Chardonnet','22-dec-1994','Difensore'),
  ('184575','Stade Brestois 29',17,'Denys','Bain','2-jul-1993','Difensore'),
  ('318523','Stade Brestois 29',18,'Romain','Perraud','22-sep-1997','Difensore'),
  ('039913','Stade Brestois 29',24,'Ludovic','Baal','24-may-1986','Difensore'),
  ('410185','Stade Brestois 29',20,'Ronaël','Pierre-Gabriel','13-jun-1998','Difensore'),
  ('078917','Stade Brestois 29',22,'Julien','Faussurier','14-jan-1987','Difensore'),
  ('413032','Stade Brestois 29',null,'Ibrahima','Diallo','8-mar-1999','Centrocampista'),
  ('093726','Stade Brestois 29',8,'Paul','Lasne','16-jan-1989','Centrocampista'),
  ('780146','Stade Brestois 29',4,'Idrissa','Dioh','21-jan-1999','Centrocampista'),
  ('138055','Stade Brestois 29',7,'Haris','Belkebla','28-jan-1994','Centrocampista'),
  ('684062','Stade Brestois 29',28,'Hianga''a','Mbock','28-dec-1999','Centrocampista'),
  ('129868','Stade Brestois 29',null,'Cristian','Battocchio','10-feb-1992','Centrocampista'),
  ('474662','Stade Brestois 29',27,'Hugo','Magnetti','30-may-1998','Centrocampista'),
  ('127192','Stade Brestois 29',19,'Ferris','N''Goma','15-jun-1993','Centrocampista'),
  ('676190','Stade Brestois 29',null,'Killian','Benvindo','26-apr-2001','Centrocampista'),
  ('807170','Stade Brestois 29',null,'Djibril','Bangoura','27-dec-2001','Centrocampista'),
  ('555076','Stade Brestois 29',21,'Romain','Faivre','14-jul-1998','Centrocampista'),
  ('255220','Stade Brestois 29',12,'Romain','Philippoteaux','2-mar-1988','Attaccante'),
  ('229006','Stade Brestois 29',9,'Franck','Honorat','11-aug-1996','Attaccante'),
  ('445517','Stade Brestois 29',null,'Heriberto','Tavares','19-feb-1997','Attaccante'),
  ('342226','Stade Brestois 29',14,'Irvin','Cardona','8-aug-1997','Attaccante'),
  ('238639','Stade Brestois 29',15,'Steve','Mounié','29-sep-1994','Attaccante'),
  ('093678','Stade Brestois 29',10,'Gaëtan','Charbonnier','27-dec-1988','Attaccante'),
  ('737781','Stade Brestois 29',26,'Jérémy','Le Douaron','21-apr-1998','Attaccante'),
  ('357117','FC Nantes',1,'Alban','Lafont','23-jan-1999','Portiere'),
  ('028356','FC Nantes',30,'Denis','Petric','24-may-1988','Portiere'),
  ('764683','FC Nantes',40,'Charly','Jan','27-may-1999','Portiere'),
  ('270051','FC Nantes',3,'Andrei','Girotto','17-feb-1992','Difensore'),
  ('182875','FC Nantes',21,'Jean-Charles','Castelletto','26-jan-1995','Difensore'),
  ('344592','FC Nantes',15,'Thomas','Basila','30-apr-1999','Difensore'),
  ('139279','FC Nantes',4,'Nicolas','Pallois','19-sep-1987','Difensore'),
  ('807648','FC Nantes',null,'Abdoulaye','Sylla','10-apr-2000','Difensore'),
  ('247300','FC Nantes',null,'Anthony','Walongwa','15-oct-1993','Difensore'),
  ('394906','FC Nantes',14,'Charles','Traoré','1-jan-1992','Difensore'),
  ('557613','FC Nantes',null,'Quentin','Merlin','16-may-2002','Difensore'),
  ('102744','FC Nantes',24,'Sébastien','Corchia','1-nov-1990','Difensore'),
  ('061891','FC Nantes',2,'Fábio','null','9-jul-1990','Difensore'),
  ('111038','FC Nantes',12,'Dennis','Appiah','9-jun-1992','Difensore'),
  ('181382','FC Nantes',19,'Abdoulaye','Touré','3-mar-1994','Centrocampista'),
  ('242273','FC Nantes',5,'Pedro','Chirivella','23-may-1997','Centrocampista'),
  ('395234','FC Nantes',29,'Batista','Mendy','12-jan-2000','Centrocampista'),
  ('635336','FC Nantes',26,'Imrân','Louza','1-may-1999','Centrocampista'),
  ('111036','FC Nantes',null,'Mehdi','Abeid','6-aug-1992','Centrocampista'),
  ('353403','FC Nantes',null,'Samuel','Moutoussamy','12-aug-1996','Centrocampista'),
  ('288225','FC Nantes',10,'Ludovic','Blas','31-dec-1997','Centrocampista'),
  ('243737','FC Nantes',6,'Roli','Pereira de Sa','10-dec-1996','Centrocampista'),
  ('274862','FC Nantes',27,'Moses','Simon','12-jul-1995','Attaccante'),
  ('140803','FC Nantes',17,'Anthony','Limbombe','15-jul-1994','Attaccante'),
  ('465715','FC Nantes',null,'Élie','Youan','7-apr-1999','Attaccante'),
  ('353365','FC Nantes',11,'Marcus','Coco','24-jun-1996','Attaccante'),
  ('560725','FC Nantes',32,'Abdoul Kader','Bamba','25-may-1994','Attaccante'),
  ('487969','FC Nantes',23,'Randal','Kolo Muani','5-dec-1998','Attaccante'),
  ('264956','FC Nantes',20,'Jean-Kévin','Augustin','16-jun-1997','Attaccante'),
  ('184935','FC Nantes',7,'Kalifa','Coulibaly','21-aug-1991','Attaccante'),
  ('168471','FC Nantes',28,'Renaud','Emond','5-dec-1991','Attaccante'),
  ('558709','FC Nantes',22,'Bridge','Ndilu','21-jul-2000','Attaccante'),
  ('189744','FC Lorient',30,'Paul','Nardi','18-may-1994','Portiere'),
  ('057134','FC Lorient',1,'Matthieu','Dreyer','20-mar-1989','Portiere'),
  ('629587','FC Lorient',16,'Teddy','Bartouche','5-jun-1997','Portiere'),
  ('593315','FC Lorient',40,'Thomas','Callens','6-sep-1998','Portiere'),
  ('395083','FC Lorient',2,'Andreaw','Gravillon','8-feb-1998','Difensore'),
  ('346314','FC Lorient',8,'Trevoh','Chalobah','5-jul-1999','Difensore'),
  ('386057','FC Lorient',15,'Julien','Laporte','4-nov-1993','Difensore'),
  ('177859','FC Lorient',4,'Tiago','Ilori','26-feb-1993','Difensore'),
  ('080036','FC Lorient',5,'Thomas','Fontaine','8-may-1991','Difensore'),
  ('023960','FC Lorient',21,'Jérémy','Morel','2-apr-1984','Difensore'),
  ('093759','FC Lorient',20,'Matthieu','Saunier','7-feb-1990','Difensore'),
  ('799936','FC Lorient',33,'Loris','Mouyokolo','22-may-2001','Difensore'),
  ('120651','FC Lorient',25,'Vincent','Le Goff','15-oct-1989','Difensore'),
  ('342212','FC Lorient',null,'Yoann','Etienne','19-may-1997','Difensore'),
  ('442552','FC Lorient',17,'Houboulang','Mendes','4-may-1998','Difensore'),
  ('314912','FC Lorient',14,'Jérôme','Hergault','5-apr-1986','Difensore'),
  ('272634','FC Lorient',null,'Joris','Mendy','13-may-1997','Difensore'),
  ('238626','FC Lorient',6,'Laurent','Abergel','1-feb-1993','Centrocampista'),
  ('127182','FC Lorient',23,'Thomas','Monconduit','10-feb-1991','Centrocampista'),
  ('524986','FC Lorient',24,'Franklin','Wadja','1-may-1995','Centrocampista'),
  ('056794','FC Lorient',18,'Fabien','Lemoine','16-mar-1987','Centrocampista'),
  ('790620','FC Lorient',34,'Malamine','Doumbouya','14-mar-2000','Centrocampista'),
  ('149551','FC Lorient',22,'Jonathan','Delaplace','20-mar-1986','Centrocampista'),
  ('633992','FC Lorient',10,'Enzo','Le Fée','3-feb-2000','Centrocampista'),
  ('412671','FC Lorient',11,'Quentin','Boisgard','17-mar-1997','Centrocampista'),
  ('039909','FC Lorient',12,'Sylvain','Marveaux','15-apr-1986','Centrocampista'),
  ('388165','FC Lorient',19,'Yoane','Wissa','3-sep-1996','Attaccante'),
  ('579930','FC Lorient',28,'Armand','Laurienté','4-dec-1998','Attaccante'),
  ('428954','FC Lorient',7,'Stéphane','Diarra','9-dec-1998','Attaccante'),
  ('823231','FC Lorient',null,'Dango','Ouattara','11-feb-2002','Attaccante'),
  ('538874','FC Lorient',13,'Terem','Moffi','25-may-1999','Attaccante'),
  ('167342','FC Lorient',27,'Adrian','Grbic','4-aug-1996','Attaccante'),
  ('203504','FC Lorient',29,'Pierre-Yves','Hamel','3-feb-1994','Attaccante'),
  ('259025','FC Lorient',null,'Umut','Bozok','19-sep-1996','Attaccante'),
  ('205657','Dijon FCO',null,'Rúnar Alex','Rúnarsson','18-feb-1995','Portiere'),
  ('274958','Dijon FCO',16,'Saturnin','Allagbé','22-nov-1993','Portiere'),
  ('509510','Dijon FCO',30,'Lévi','Ntumba','12-jan-2001','Portiere'),
  ('392777','Dijon FCO',4,'Jonathan','Panzo','25-oct-2000','Difensore'),
  ('060990','Dijon FCO',25,'Bruno','Ecuele Manga','16-jul-1988','Difensore'),
  ('596240','Dijon FCO',5,'Senou','Coulibaly','4-sep-1994','Difensore'),
  ('154199','Dijon FCO',24,'Wesley','Lautoa','25-aug-1987','Difensore'),
  ('804134','Dijon FCO',null,'Bogdan','Racovitan','6-jun-2000','Difensore'),
  ('536477','Dijon FCO',12,'Arthur','Zagre','4-oct-2001','Difensore'),
  ('278796','Dijon FCO',13,'Aníbal','Chalá','9-may-1996','Difensore'),
  ('426790','Dijon FCO',3,'Ngonda','Muzinga','31-dec-1994','Difensore'),
  ('216499','Dijon FCO',26,'Fouad','Chafik','16-oct-1986','Difensore'),
  ('723416','Dijon FCO',19,'Ahmad','Ngouyamsa','21-dec-2000','Difensore'),
  ('804934','Dijon FCO',18,'Wilitty','Younoussa','9-sep-2001','Centrocampista'),
  ('536482','Dijon FCO',8,'Junior','Dina Ebimbe','21-nov-2000','Centrocampista'),
  ('336828','Dijon FCO',6,'Pape','Cheikh','8-aug-1997','Centrocampista'),
  ('210081','Dijon FCO',22,'Didier','Ndong','17-jun-1994','Centrocampista'),
  ('137841','Dijon FCO',null,'Romain','Amalfitano','27-aug-1989','Centrocampista'),
  ('231025','Dijon FCO',14,'Jordan','Marié','29-sep-1991','Centrocampista'),
  ('229695','Dijon FCO',9,'Bersant','Celina','9-sep-1996','Centrocampista'),
  ('187847','Dijon FCO',10,'Yassine','Benzia','8-sep-1994','Centrocampista'),
  ('662142','Dijon FCO',31,'Amir','Arli','5-jan-2003','Centrocampista'),
  ('080173','Dijon FCO',7,'Frédéric','Sammaritano','23-mar-1986','Centrocampista'),
  ('355641','Dijon FCO',21,'Mounir','Chouiar','23-jan-1999','Attaccante'),
  ('365770','Dijon FCO',29,'Alexandru','Dobre','30-aug-1998','Attaccante'),
  ('325223','Dijon FCO',17,'Mama','Baldé','6-nov-1995','Attaccante'),
  ('854973','Dijon FCO',null,'Charles Elyan','Costes','16-sep-2002','Attaccante'),
  ('894205','Dijon FCO',null,'Erwan','Belhadji','22-jun-2001','Attaccante'),
  ('192774','Dijon FCO',11,'Moussa','Konaté','3-apr-1993','Attaccante'),
  ('263183','Dijon FCO',15,'Roger','Assalé','13-nov-1993','Attaccante'),
  ('290951','Dijon FCO',27,'Aboubakar','Kamara','7-mar-1995','Attaccante'),
  ('497175','Dijon FCO',null,'Aurélien','Scheidler','4-jun-1998','Attaccante'),
  ('694507','Dijon FCO',null,'Rayan','Philippe','23-oct-2000','Attaccante'),
  ('804933','Dijon FCO',32,'Jacques','Siwe','29-jul-2001','Attaccante'),
  ('190786','Nîmes Olympique',30,'Baptiste','Reynet','28-oct-1990','Portiere'),
  ('476079','Nîmes Olympique',16,'Lucas','Dias','22-may-1999','Portiere'),
  ('654420','Nîmes Olympique',30,'Amjhad','Nazih','18-jan-2002','Portiere'),
  ('190338','Nîmes Olympique',23,'Anthony','Briancon','28-nov-1994','Difensore'),
  ('164912','Nîmes Olympique',5,'Loick','Landre','5-may-1992','Difensore'),
  ('282900','Nîmes Olympique',4,'Pablo','Martinez','21-feb-1989','Difensore'),
  ('188915','Nîmes Olympique',27,'Naomichi','Ueda','24-oct-1994','Difensore'),
  ('545520','Nîmes Olympique',2,'Kelyan','Guessoum','5-feb-1999','Difensore'),
  ('847772','Nîmes Olympique',null,'Adilson','Malanda','29-oct-2001','Difensore'),
  ('282250','Nîmes Olympique',3,'Birger','Meling','17-dec-1994','Difensore'),
  ('347594','Nîmes Olympique',26,'Florian','Miguel','1-sep-1996','Difensore'),
  ('434358','Nîmes Olympique',29,'Sofiane','Alakouch','29-jul-1998','Difensore'),
  ('412092','Nîmes Olympique',15,'Gaëtan','Paquiez','15-feb-1994','Difensore'),
  ('323872','Nîmes Olympique',18,'Andrés','Cubas','22-may-1996','Centrocampista'),
  ('364233','Nîmes Olympique',6,'Sidy','Sarr','5-jun-1996','Centrocampista'),
  ('057372','Nîmes Olympique',8,'Lucas','Deaux','26-dec-1988','Centrocampista'),
  ('391376','Nîmes Olympique',12,'Lamine','Fomba','26-jan-1998','Centrocampista'),
  ('509234','Nîmes Olympique',11,'Mattéo','Ahlinvi','2-jul-1999','Centrocampista'),
  ('707317','Nîmes Olympique',14,'Antoine','Valério','11-dec-1999','Centrocampista'),
  ('232895','Nîmes Olympique',10,'Zinedine','Ferhat','1-mar-1993','Centrocampista'),
  ('531960','Nîmes Olympique',19,'Lucas','Buades','28-dec-1997','Centrocampista'),
  ('251813','Nîmes Olympique',7,'Niclas','Eliasson','7-dec-1995','Centrocampista'),
  ('234802','Nîmes Olympique',20,'Renaud','Ripart','14-mar-1993','Centrocampista'),
  ('344599','Nîmes Olympique',22,'Yassine','Benrahou','24-jan-1999','Centrocampista'),
  ('184473','Nîmes Olympique',17,'Haris','Duljevic','16-nov-1993','Attaccante'),
  ('814725','Nîmes Olympique',33,'Marco','Majouga','9-may-2001','Attaccante'),
  ('364239','Nîmes Olympique',28,'Moussa','Koné','30-dec-1996','Attaccante'),
  ('482072','Nîmes Olympique',null,'Kévin','Denkey','30-nov-2000','Attaccante'),
  ('456080','Nîmes Olympique',13,'Karim','Aribi','24-jun-1994','Attaccante'),
  ('081460','Nîmes Olympique',25,'Nolan','Roux','1-mar-1988','Attaccante'),
  ('347595','Nîmes Olympique',9,'Clément','Depres','25-nov-1994','Attaccante'),
  ('524318','Nîmes Olympique',24,'Sami','Ben Amar','2-mar-1998','Attaccante'),
  ('721746','Nîmes Olympique',null,'Nassim','Chadli','28-jul-2001','Attaccante'),
  ('862880','Nîmes Olympique',null,'Mahamadou','Doucouré','22-may-2000','Attaccante');

insert into Partite values
  ('FR100000',1,'LOSC Lille','Stade Rennais FC',1,1),
  ('FR100001',3,'LOSC Lille','FC Metz',1,0),
  ('FR100002',5,'LOSC Lille','FC Nantes',2,0),
  ('FR100003',7,'LOSC Lille','RC Lens',4,0),
  ('FR100004',9,'LOSC Lille','Olympique Lyon',1,1),
  ('FR100005',11,'LOSC Lille','FC Lorient',4,0),
  ('FR100006',13,'LOSC Lille','AS Monaco',2,1),
  ('FR100007',14,'LOSC Lille','FC Girondins Bordeaux',2,1),
  ('FR100008',16,'LOSC Lille','Paris Saint-Germain',0,0),
  ('FR100009',18,'LOSC Lille','SCO Angers',1,2),
  ('FR100010',1,'Paris Saint-Germain','FC Metz',1,0),
  ('FR100011',3,'Paris Saint-Germain','Olympique Marseille',0,1),
  ('FR100012',6,'Paris Saint-Germain','SCO Angers',6,1),
  ('FR100013',8,'Paris Saint-Germain','Dijon FCO',4,0),
  ('FR100014',10,'Paris Saint-Germain','Stade Rennais FC',3,0),
  ('FR100015',12,'Paris Saint-Germain','FC Girondins Bordeaux',2,2),
  ('FR100016',14,'Paris Saint-Germain','Olympique Lyon',0,1),
  ('FR100017',15,'Paris Saint-Germain','FC Lorient',2,0),
  ('FR100018',17,'Paris Saint-Germain','RC Strasbourg Alsace',4,0),
  ('FR100019',19,'Paris Saint-Germain','Stade Brestois 29',3,0),
  ('FR100020',1,'AS Monaco','Stade Reims',2,2),
  ('FR100021',3,'AS Monaco','FC Nantes',2,1),
  ('FR100022',5,'AS Monaco','RC Strasbourg Alsace',3,2),
  ('FR100023',7,'AS Monaco','Montpellier HSC',1,1),
  ('FR100024',9,'AS Monaco','FC Girondins Bordeaux',4,0),
  ('FR100025',11,'AS Monaco','Paris Saint-Germain',3,2),
  ('FR100026',12,'AS Monaco','Nîmes Olympique',3,0),
  ('FR100027',15,'AS Monaco','RC Lens',0,3),
  ('FR100028',17,'AS Monaco','AS Saint-Étienne',2,2),
  ('FR100029',19,'AS Monaco','SCO Angers',3,0),
  ('FR100030',2,'Olympique Lyon','Dijon FCO',4,1),
  ('FR100031',4,'Olympique Lyon','Nîmes Olympique',0,0),
  ('FR100032',6,'Olympique Lyon','Olympique Marseille',1,1),
  ('FR100033',8,'Olympique Lyon','AS Monaco',4,1),
  ('FR100034',10,'Olympique Lyon','AS Saint-Étienne',2,1),
  ('FR100035',12,'Olympique Lyon','Stade Reims',3,0),
  ('FR100036',15,'Olympique Lyon','Stade Brestois 29',2,2),
  ('FR100037',17,'Olympique Lyon','FC Nantes',3,0),
  ('FR100038',18,'Olympique Lyon','RC Lens',3,2),
  ('FR100039',1,'Olympique Marseille','AS Saint-Étienne',0,2),
  ('FR100040',4,'Olympique Marseille','LOSC Lille',1,1),
  ('FR100041',5,'Olympique Marseille','FC Metz',1,1),
  ('FR100042',7,'Olympique Marseille','FC Girondins Bordeaux',3,1),
  ('FR100043',9,'Olympique Marseille','RC Lens',0,1),
  ('FR100044',11,'Olympique Marseille','OGC Nice',3,2),
  ('FR100045',12,'Olympique Marseille','FC Nantes',3,1),
  ('FR100046',14,'Olympique Marseille','AS Monaco',2,1),
  ('FR100047',16,'Olympique Marseille','Stade Reims',1,1),
  ('FR100048',18,'Olympique Marseille','Montpellier HSC',3,1),
  ('FR100049',2,'Stade Rennais FC','Montpellier HSC',2,1),
  ('FR100050',4,'Stade Rennais FC','AS Monaco',2,1),
  ('FR100051',6,'Stade Rennais FC','Stade Reims',2,2),
  ('FR100052',8,'Stade Rennais FC','SCO Angers',1,2),
  ('FR100053',9,'Stade Rennais FC','Stade Brestois 29',2,1),
  ('FR100054',11,'Stade Rennais FC','FC Girondins Bordeaux',0,1),
  ('FR100055',13,'Stade Rennais FC','RC Lens',0,2),
  ('FR100056',15,'Stade Rennais FC','Olympique Marseille',2,1),
  ('FR100057',17,'Stade Rennais FC','FC Metz',1,0),
  ('FR100058',19,'Stade Rennais FC','Olympique Lyon',2,2),
  ('FR100059',2,'RC Lens','Paris Saint-Germain',1,0),
  ('FR100060',4,'RC Lens','FC Girondins Bordeaux',2,1),
  ('FR100061',6,'RC Lens','AS Saint-Étienne',2,0),
  ('FR100062',8,'RC Lens','FC Nantes',1,1),
  ('FR100063',10,'RC Lens','Stade Reims',4,4),
  ('FR100064',12,'RC Lens','SCO Angers',1,3),
  ('FR100065',14,'RC Lens','Montpellier HSC',2,3),
  ('FR100066',17,'RC Lens','Stade Brestois 29',2,1),
  ('FR100067',19,'RC Lens','RC Strasbourg Alsace',0,1),
  ('FR100068',1,'Montpellier HSC','Olympique Lyon',2,1),
  ('FR100069',3,'Montpellier HSC','OGC Nice',3,1),
  ('FR100070',4,'Montpellier HSC','SCO Angers',4,1),
  ('FR100071',6,'Montpellier HSC','Nîmes Olympique',0,1),
  ('FR100072',8,'Montpellier HSC','Stade Reims',0,4),
  ('FR100073',11,'Montpellier HSC','RC Strasbourg Alsace',4,3),
  ('FR100074',13,'Montpellier HSC','Paris Saint-Germain',1,3),
  ('FR100075',15,'Montpellier HSC','FC Metz',0,2),
  ('FR100076',17,'Montpellier HSC','LOSC Lille',2,3),
  ('FR100077',19,'Montpellier HSC','FC Nantes',1,1),
  ('FR100078',1,'OGC Nice','RC Lens',2,1),
  ('FR100079',4,'OGC Nice','Paris Saint-Germain',0,3),
  ('FR100080',6,'OGC Nice','FC Nantes',2,1),
  ('FR100081',8,'OGC Nice','LOSC Lille',1,1),
  ('FR100082',10,'OGC Nice','AS Monaco',1,2),
  ('FR100083',12,'OGC Nice','Dijon FCO',1,3),
  ('FR100084',14,'OGC Nice','Stade Rennais FC',0,1),
  ('FR100085',16,'OGC Nice','Olympique Lyon',1,4),
  ('FR100086',17,'OGC Nice','FC Lorient',2,2),
  ('FR100087',2,'FC Metz','AS Monaco',0,1),
  ('FR100088',4,'FC Metz','Stade Reims',2,1),
  ('FR100089',6,'FC Metz','FC Lorient',3,1),
  ('FR100090',8,'FC Metz','AS Saint-Étienne',2,0),
  ('FR100091',10,'FC Metz','Dijon FCO',1,1),
  ('FR100092',12,'FC Metz','Stade Brestois 29',0,2),
  ('FR100093',13,'FC Metz','Olympique Lyon',1,3),
  ('FR100094',16,'FC Metz','RC Lens',2,0),
  ('FR100095',18,'FC Metz','FC Girondins Bordeaux',0,0),
  ('FR100096',19,'FC Metz','OGC Nice',1,1),
  ('FR100097',2,'AS Saint-Étienne','FC Lorient',2,0),
  ('FR100098',3,'AS Saint-Étienne','RC Strasbourg Alsace',2,0),
  ('FR100099',5,'AS Saint-Étienne','Stade Rennais FC',0,3),
  ('FR100100',7,'AS Saint-Étienne','OGC Nice',1,3),
  ('FR100101',9,'AS Saint-Étienne','Montpellier HSC',0,1),
  ('FR100102',12,'AS Saint-Étienne','LOSC Lille',1,1),
  ('FR100103',14,'AS Saint-Étienne','SCO Angers',0,0),
  ('FR100104',16,'AS Saint-Étienne','Nîmes Olympique',2,2),
  ('FR100105',18,'AS Saint-Étienne','Paris Saint-Germain',1,1),
  ('FR100106',1,'FC Girondins Bordeaux','FC Nantes',0,0),
  ('FR100107',3,'FC Girondins Bordeaux','Olympique Lyon',0,0),
  ('FR100108',5,'FC Girondins Bordeaux','OGC Nice',0,0),
  ('FR100109',6,'FC Girondins Bordeaux','Dijon FCO',3,0),
  ('FR100110',8,'FC Girondins Bordeaux','Nîmes Olympique',2,0),
  ('FR100111',10,'FC Girondins Bordeaux','Montpellier HSC',0,2),
  ('FR100112',13,'FC Girondins Bordeaux','Stade Brestois 29',1,0),
  ('FR100113',15,'FC Girondins Bordeaux','AS Saint-Étienne',1,2),
  ('FR100114',17,'FC Girondins Bordeaux','Stade Reims',1,3),
  ('FR100115',19,'FC Girondins Bordeaux','FC Lorient',2,1),
  ('FR100116',2,'SCO Angers','FC Girondins Bordeaux',0,2),
  ('FR100117',3,'SCO Angers','Stade Reims',1,0),
  ('FR100118',5,'SCO Angers','Stade Brestois 29',3,2),
  ('FR100119',7,'SCO Angers','FC Metz',1,1),
  ('FR100120',9,'SCO Angers','OGC Nice',0,3),
  ('FR100121',11,'SCO Angers','Olympique Lyon',0,1),
  ('FR100122',13,'SCO Angers','FC Lorient',2,0),
  ('FR100123',15,'SCO Angers','RC Strasbourg Alsace',0,2),
  ('FR100124',17,'SCO Angers','Olympique Marseille',2,1),
  ('FR100125',2,'Stade Reims','LOSC Lille',0,1),
  ('FR100126',5,'Stade Reims','Paris Saint-Germain',0,2),
  ('FR100127',7,'Stade Reims','FC Lorient',1,3),
  ('FR100128',9,'Stade Reims','RC Strasbourg Alsace',2,1),
  ('FR100129',11,'Stade Reims','Nîmes Olympique',0,1),
  ('FR100130',13,'Stade Reims','OGC Nice',0,0),
  ('FR100131',15,'Stade Reims','FC Nantes',3,2),
  ('FR100132',18,'Stade Reims','Dijon FCO',0,0),
  ('FR100133',19,'Stade Reims','AS Saint-Étienne',3,1),
  ('FR100134',2,'RC Strasbourg Alsace','OGC Nice',0,2),
  ('FR100135',4,'RC Strasbourg Alsace','Dijon FCO',1,0),
  ('FR100136',6,'RC Strasbourg Alsace','LOSC Lille',0,3),
  ('FR100137',7,'RC Strasbourg Alsace','Olympique Lyon',2,3),
  ('FR100138',10,'RC Strasbourg Alsace','Olympique Marseille',0,1),
  ('FR100139',12,'RC Strasbourg Alsace','Stade Rennais FC',1,1),
  ('FR100140',14,'RC Strasbourg Alsace','FC Metz',2,2),
  ('FR100141',16,'RC Strasbourg Alsace','FC Girondins Bordeaux',0,2),
  ('FR100142',18,'RC Strasbourg Alsace','Nîmes Olympique',5,0),
  ('FR100143',1,'FC Lorient','RC Strasbourg Alsace',3,1),
  ('FR100144',3,'FC Lorient','RC Lens',2,3),
  ('FR100145',5,'FC Lorient','Olympique Lyon',1,1),
  ('FR100146',8,'FC Lorient','Olympique Marseille',0,1),
  ('FR100147',10,'FC Lorient','FC Nantes',0,2),
  ('FR100148',12,'FC Lorient','Montpellier HSC',0,1),
  ('FR100149',14,'FC Lorient','Nîmes Olympique',3,0),
  ('FR100150',16,'FC Lorient','Stade Rennais FC',0,3),
  ('FR100151',18,'FC Lorient','AS Monaco',2,5),
  ('FR100152',2,'Stade Brestois 29','Olympique Marseille',2,3),
  ('FR100153',4,'Stade Brestois 29','FC Lorient',3,2),
  ('FR100154',6,'Stade Brestois 29','AS Monaco',1,0),
  ('FR100155',8,'Stade Brestois 29','RC Strasbourg Alsace',0,3),
  ('FR100156',10,'Stade Brestois 29','LOSC Lille',3,2),
  ('FR100157',11,'Stade Brestois 29','AS Saint-Étienne',4,1),
  ('FR100158',14,'Stade Brestois 29','Stade Reims',2,1),
  ('FR100159',16,'Stade Brestois 29','Montpellier HSC',2,2),
  ('FR100160',18,'Stade Brestois 29','OGC Nice',2,0),
  ('FR100161',2,'FC Nantes','Nîmes Olympique',2,1),
  ('FR100162',4,'FC Nantes','AS Saint-Étienne',2,2),
  ('FR100163',7,'FC Nantes','Stade Brestois 29',3,1),
  ('FR100164',9,'FC Nantes','Paris Saint-Germain',0,3),
  ('FR100165',11,'FC Nantes','FC Metz',1,1),
  ('FR100166',13,'FC Nantes','RC Strasbourg Alsace',0,4),
  ('FR100167',14,'FC Nantes','Dijon FCO',1,1),
  ('FR100168',16,'FC Nantes','SCO Angers',1,1),
  ('FR100169',18,'FC Nantes','Stade Rennais FC',0,0),
  ('FR100170',1,'Nîmes Olympique','Stade Brestois 29',4,0),
  ('FR100171',3,'Nîmes Olympique','Stade Rennais FC',2,4),
  ('FR100172',5,'Nîmes Olympique','RC Lens',1,1),
  ('FR100173',7,'Nîmes Olympique','Paris Saint-Germain',0,4),
  ('FR100174',9,'Nîmes Olympique','FC Metz',0,1),
  ('FR100175',10,'Nîmes Olympique','SCO Angers',1,5),
  ('FR100176',13,'Nîmes Olympique','Olympique Marseille',0,2),
  ('FR100177',15,'Nîmes Olympique','OGC Nice',0,2),
  ('FR100178',17,'Nîmes Olympique','Dijon FCO',1,3),
  ('FR100179',19,'Nîmes Olympique','LOSC Lille',0,1),
  ('FR100180',1,'Dijon FCO','SCO Angers',0,1),
  ('FR100181',3,'Dijon FCO','Stade Brestois 29',0,2),
  ('FR100182',5,'Dijon FCO','Montpellier HSC',2,2),
  ('FR100183',7,'Dijon FCO','Stade Rennais FC',1,1),
  ('FR100184',9,'Dijon FCO','FC Lorient',0,0),
  ('FR100185',11,'Dijon FCO','RC Lens',0,1),
  ('FR100186',13,'Dijon FCO','AS Saint-Étienne',0,0),
  ('FR100187',15,'Dijon FCO','LOSC Lille',0,2),
  ('FR100188',16,'Dijon FCO','AS Monaco',0,1),
  ('FR100189',19,'Dijon FCO','Olympique Marseille',0,0);

insert into Gol values
  ('FR100000',40,'292818',false),
  ('FR100000',74,'057370',false),
  ('FR100001',88,'435485',false),
  ('FR100002',43,'139279',true),
  ('FR100002',87,'034987',false),
  ('FR100003',11,'034987',false),
  ('FR100003',47,'292818',false),
  ('FR100003',69,'324690',false),
  ('FR100003',79,'386726',false),
  ('FR100004',22,'292818',false),
  ('FR100004',41,'251075',true),
  ('FR100005',29,'386726',false),
  ('FR100005',51,'386726',false),
  ('FR100005',57,'435485',false),
  ('FR100005',89,'533738',false),
  ('FR100006',53,'533738',false),
  ('FR100006',65,'386726',false),
  ('FR100006',90,'364133',false),
  ('FR100007',17,'292818',false),
  ('FR100007',29,'334835',false),
  ('FR100007',45,'033829',false),
  ('FR100009',5,'057467',false),
  ('FR100009',10,'057467',false),
  ('FR100009',42,'034987',false),
  ('FR100010',93,'085148',false),
  ('FR100011',31,'184892',false),
  ('FR100012',7,'130365',false),
  ('FR100012',52,'057216',false),
  ('FR100012',57,'085148',false),
  ('FR100012',71,'126665',false),
  ('FR100012',84,'342229',false),
  ('FR100013',3,'364135',false),
  ('FR100013',23,'364135',false),
  ('FR100013',82,'342229',false),
  ('FR100013',88,'342229',false),
  ('FR100014',11,'364135',false),
  ('FR100014',21,'045320',false),
  ('FR100014',73,'045320',false),
  ('FR100015',10,'538998',true),
  ('FR100015',28,'364135',false),
  ('FR100015',60,'395236',false),
  ('FR100016',35,'384060',false),
  ('FR100017',51,'342229',false),
  ('FR100017',60,'364135',false),
  ('FR100018',18,'538998',false),
  ('FR100018',79,'342229',false),
  ('FR100018',88,'126665',false),
  ('FR100018',91,'364135',false),
  ('FR100019',16,'364135',false),
  ('FR100019',81,'068863',false),
  ('FR100019',83,'074230',false),
  ('FR100020',5,'626913',false),
  ('FR100020',21,'649016',false),
  ('FR100020',47,'386047',false),
  ('FR100020',55,'463603',false),
  ('FR100021',5,'569389',false),
  ('FR100021',61,'288225',false),
  ('FR100021',65,'463620',false),
  ('FR100022',9,'146854',false),
  ('FR100022',47,'203746',false),
  ('FR100022',46,'358509',false),
  ('FR100022',53,'146854',false),
  ('FR100022',70,'283994',false),
  ('FR100023',51,'340328',false),
  ('FR100023',70,'146854',false),
  ('FR100024',28,'146854',false),
  ('FR100024',30,'257448',false),
  ('FR100024',31,'082009',false),
  ('FR100024',58,'082009',false),
  ('FR100025',25,'342229',false),
  ('FR100025',37,'342229',false),
  ('FR100025',52,'082009',false),
  ('FR100025',65,'082009',false),
  ('FR100025',84,'008806',false),
  ('FR100026',19,'569389',false),
  ('FR100026',75,'257448',false),
  ('FR100026',77,'082009',false),
  ('FR100027',1,'220878',false),
  ('FR100027',33,'344869',false),
  ('FR100027',39,'074297',false),
  ('FR100028',7,'569389',false),
  ('FR100028',21,'027306',false),
  ('FR100028',29,'236045',false),
  ('FR100028',48,'082009',false),
  ('FR100029',40,'249730',false),
  ('FR100029',72,'082009',false),
  ('FR100029',81,'046104',false),
  ('FR100030',14,'497175',false),
  ('FR100030',39,'167850',false),
  ('FR100030',45,'154199',true),
  ('FR100030',46,'167850',false),
  ('FR100030',66,'167850',false),
  ('FR100032',16,'037647',false),
  ('FR100032',28,'395693',false),
  ('FR100033',12,'167850',false),
  ('FR100033',34,'315110',false),
  ('FR100033',41,'395693',false),
  ('FR100033',44,'315110',false),
  ('FR100033',48,'146854',false),
  ('FR100034',40,'060561',true),
  ('FR100034',65,'384060',false),
  ('FR100034',74,'384060',false),
  ('FR100035',22,'315110',false),
  ('FR100035',49,'520624',false),
  ('FR100035',66,'229004',false),
  ('FR100036',39,'060561',true),
  ('FR100036',69,'167850',false),
  ('FR100036',81,'234781',false),
  ('FR100036',93,'555076',false),
  ('FR100037',4,'315110',false),
  ('FR100037',37,'384060',false),
  ('FR100038',39,'167850',false),
  ('FR100038',46,'276895',true),
  ('FR100038',52,'167850',false),
  ('FR100038',56,'354726',false),
  ('FR100038',89,'543387',false),
  ('FR100039',6,'098349',false),
  ('FR100039',75,'236045',false),
  ('FR100040',47,'435485',false),
  ('FR100040',85,'060540',false),
  ('FR100041',71,'490417',false),
  ('FR100041',94,'174094',false),
  ('FR100042',5,'184892',false),
  ('FR100042',54,'241229',false),
  ('FR100042',83,'453824',false),
  ('FR100043',59,'344869',false),
  ('FR100044',14,'183647',false),
  ('FR100044',42,'270411',false),
  ('FR100044',47,'418659',false),
  ('FR100044',53,'270411',false),
  ('FR100044',87,'811430',false),
  ('FR100045',2,'184892',false),
  ('FR100045',35,'037647',false),
  ('FR100045',60,'092693',false),
  ('FR100045',73,'288225',false),
  ('FR100046',5,'184892',false),
  ('FR100046',13,'092693',false),
  ('FR100046',79,'146854',false),
  ('FR100047',20,'079522',true),
  ('FR100047',45,'184892',false),
  ('FR100048',41,'245078',false),
  ('FR100048',52,'222859',false),
  ('FR100048',80,'037647',false),
  ('FR100048',84,'060540',false),
  ('FR100049',22,'059950',true),
  ('FR100049',77,'640428',false),
  ('FR100049',91,'181378',false),
  ('FR100050',28,'146854',false),
  ('FR100050',81,'073734',false),
  ('FR100050',92,'654539',false),
  ('FR100051',11,'199704',false),
  ('FR100051',37,'057370',false),
  ('FR100051',66,'626913',false),
  ('FR100052',18,'203507',false),
  ('FR100052',27,'232271',false),
  ('FR100052',57,'250013',false),
  ('FR100053',57,'229006',false),
  ('FR100053',66,'057370',false),
  ('FR100053',70,'361914',false),
  ('FR100054',37,'018900',false),
  ('FR100055',28,'585959',false),
  ('FR100055',78,'531949',false),
  ('FR100056',24,'485963',false),
  ('FR100056',63,'297070',false),
  ('FR100056',83,'203507',false),
  ('FR100057',52,'072479',false),
  ('FR100058',20,'072479',false),
  ('FR100058',55,'266359',false),
  ('FR100058',79,'167850',false),
  ('FR100058',82,'277114',false),
  ('FR100059',57,'531949',false),
  ('FR100060',47,'531949',false),
  ('FR100060',59,'074297',false),
  ('FR100060',95,'424051',false),
  ('FR100061',15,'074297',false),
  ('FR100061',81,'354726',false),
  ('FR100062',27,'074297',false),
  ('FR100062',80,'181382',false),
  ('FR100063',21,'344869',false),
  ('FR100063',47,'399383',false),
  ('FR100063',54,'626913',false),
  ('FR100063',77,'215114',true),
  ('FR100063',79,'474800',true),
  ('FR100063',81,'626913',false),
  ('FR100063',90,'354726',false),
  ('FR100063',91,'354726',false),
  ('FR100064',22,'424072',false),
  ('FR100064',34,'585959',false),
  ('FR100064',49,'170953',false),
  ('FR100064',92,'214532',false),
  ('FR100065',16,'340328',false),
  ('FR100065',26,'072857',false),
  ('FR100065',36,'247915',true),
  ('FR100065',50,'074297',false),
  ('FR100065',69,'181378',false),
  ('FR100066',11,'585959',false),
  ('FR100066',33,'354726',false),
  ('FR100066',94,'093678',false),
  ('FR100067',21,'344888',false),
  ('FR100068',38,'127156',false),
  ('FR100068',59,'127156',false),
  ('FR100068',82,'167850',false),
  ('FR100069',18,'181378',false),
  ('FR100069',50,'022386',false),
  ('FR100069',64,'022386',false),
  ('FR100070',18,'111058',false),
  ('FR100070',25,'170953',false),
  ('FR100070',43,'122797',false),
  ('FR100070',60,'122797',false),
  ('FR100070',86,'222859',false),
  ('FR100071',84,'234802',false),
  ('FR100072',9,'626913',false),
  ('FR100072',13,'626913',false),
  ('FR100072',31,'557614',false),
  ('FR100072',56,'626913',false),
  ('FR100073',8,'072857',false),
  ('FR100073',13,'122797',false),
  ('FR100073',22,'174196',false),
  ('FR100073',26,'344888',false),
  ('FR100073',31,'122797',false),
  ('FR100073',45,'283994',false),
  ('FR100073',68,'181378',false),
  ('FR100074',33,'460629',false),
  ('FR100074',41,'340328',false),
  ('FR100074',77,'364135',false),
  ('FR100074',91,'342229',false),
  ('FR100075',50,'289587',false),
  ('FR100075',90,'293944',false),
  ('FR100076',23,'370846',false),
  ('FR100076',57,'181378',false),
  ('FR100076',68,'324690',false),
  ('FR100076',70,'122797',false),
  ('FR100076',86,'034987',false),
  ('FR100077',6,'184922',false),
  ('FR100077',51,'635336',false),
  ('FR100078',11,'074297',false),
  ('FR100078',23,'418659',false),
  ('FR100078',75,'418659',false),
  ('FR100079',38,'342229',false),
  ('FR100079',46,'045320',false),
  ('FR100080',51,'635336',false),
  ('FR100080',62,'463618',false),
  ('FR100081',49,'283196',false),
  ('FR100081',58,'034987',false),
  ('FR100082',23,'386047',false),
  ('FR100082',53,'569389',false),
  ('FR100082',69,'377393',false),
  ('FR100083',21,'325223',false),
  ('FR100083',31,'426790',false),
  ('FR100083',66,'325223',false),
  ('FR100083',80,'418659',false),
  ('FR100084',28,'157501',false),
  ('FR100085',32,'167850',false),
  ('FR100085',39,'384060',false),
  ('FR100085',43,'418659',false),
  ('FR100085',63,'315110',false),
  ('FR100085',73,'395693',false),
  ('FR100086',18,'313094',false),
  ('FR100086',34,'326300',false),
  ('FR100086',49,'538874',false),
  ('FR100086',82,'167342',false),
  ('FR100087',22,'463603',false),
  ('FR100088',18,'490417',false),
  ('FR100088',43,'626913',false),
  ('FR100088',88,'490417',false),
  ('FR100089',36,'203504',false),
  ('FR100089',44,'490417',false),
  ('FR100089',59,'490417',false),
  ('FR100089',64,'490417',false),
  ('FR100090',5,'202318',false),
  ('FR100090',78,'594992',true),
  ('FR100091',13,'325223',false),
  ('FR100091',21,'568702',false),
  ('FR100092',12,'342226',false),
  ('FR100092',64,'342226',false),
  ('FR100093',17,'167850',false),
  ('FR100093',47,'315110',false),
  ('FR100093',60,'315110',false),
  ('FR100093',75,'202318',false),
  ('FR100094',30,'205587',false),
  ('FR100094',94,'202318',false),
  ('FR100096',18,'418659',false),
  ('FR100096',79,'085585',false),
  ('FR100097',18,'098349',false),
  ('FR100097',51,'098349',false),
  ('FR100098',57,'236045',false),
  ('FR100098',82,'324795',false),
  ('FR100099',33,'361914',false),
  ('FR100099',53,'270541',false),
  ('FR100099',89,'203507',false),
  ('FR100100',8,'377393',false),
  ('FR100100',30,'418659',false),
  ('FR100100',57,'569385',false),
  ('FR100100',91,'371142',false),
  ('FR100101',15,'340328',false),
  ('FR100102',33,'103565',false),
  ('FR100102',65,'324690',false),
  ('FR100104',8,'272636',false),
  ('FR100104',14,'509234',false),
  ('FR100104',56,'234802',false),
  ('FR100104',63,'324811',false),
  ('FR100105',19,'098349',false),
  ('FR100105',22,'364135',false),
  ('FR100109',11,'399543',false),
  ('FR100109',29,'424051',false),
  ('FR100109',89,'334835',false),
  ('FR100110',80,'018909',false),
  ('FR100110',82,'399543',false),
  ('FR100111',49,'222859',false),
  ('FR100111',66,'122797',false),
  ('FR100112',84,'018900',false),
  ('FR100113',15,'324811',false),
  ('FR100113',24,'260166',false),
  ('FR100113',75,'469669',false),
  ('FR100114',15,'199704',false),
  ('FR100114',18,'626913',false),
  ('FR100114',73,'260166',false),
  ('FR100114',88,'414908',false),
  ('FR100115',13,'399543',false),
  ('FR100115',23,'538874',false),
  ('FR100115',43,'399543',false),
  ('FR100116',25,'453824',false),
  ('FR100116',27,'334835',false),
  ('FR100117',55,'170953',false),
  ('FR100118',3,'238639',false),
  ('FR100118',21,'290593',false),
  ('FR100118',32,'093678',false),
  ('FR100118',78,'057216',false),
  ('FR100118',80,'250013',false),
  ('FR100119',38,'018934',false),
  ('FR100119',39,'205587',false),
  ('FR100120',23,'377393',false),
  ('FR100120',77,'560593',false),
  ('FR100121',78,'384060',false),
  ('FR100122',10,'250013',false),
  ('FR100122',96,'214532',false),
  ('FR100123',77,'344888',false),
  ('FR100123',91,'283994',false),
  ('FR100124',4,'424072',false),
  ('FR100124',23,'126552',false),
  ('FR100124',75,'332889',false),
  ('FR100125',32,'292818',false),
  ('FR100126',9,'068863',false),
  ('FR100126',62,'068863',false),
  ('FR100127',15,'290746',false),
  ('FR100127',61,'203504',false),
  ('FR100127',65,'388165',false),
  ('FR100127',80,'538874',false),
  ('FR100128',22,'333175',true),
  ('FR100128',27,'292808',false),
  ('FR100128',30,'283994',false),
  ('FR100129',62,'234802',false),
  ('FR100131',18,'139279',false),
  ('FR100131',68,'649016',false),
  ('FR100131',72,'626913',false),
  ('FR100131',74,'399383',false),
  ('FR100131',79,'288225',false),
  ('FR100133',12,'626913',false),
  ('FR100133',37,'626913',false),
  ('FR100133',58,'399383',false),
  ('FR100133',72,'418658',false),
  ('FR100134',37,'283196',false),
  ('FR100134',59,'283196',false),
  ('FR100135',80,'143029',false),
  ('FR100136',21,'251075',false),
  ('FR100136',53,'258027',false),
  ('FR100136',68,'034987',false),
  ('FR100137',12,'384060',false),
  ('FR100137',25,'315110',false),
  ('FR100137',42,'315110',false),
  ('FR100137',43,'344888',false),
  ('FR100137',55,'178313',false),
  ('FR100138',72,'174094',false),
  ('FR100139',24,'215977',false),
  ('FR100139',60,'203507',false),
  ('FR100140',35,'450417',false),
  ('FR100140',66,'666234',false),
  ('FR100140',70,'205587',false),
  ('FR100140',78,'215977',false),
  ('FR100142',36,'283994',false),
  ('FR100142',38,'344888',false),
  ('FR100142',46,'174196',false),
  ('FR100142',51,'283994',false),
  ('FR100142',90,'146805',false),
  ('FR100143',30,'358509',false),
  ('FR100143',51,'388165',false),
  ('FR100143',60,'167342',false),
  ('FR100143',87,'203504',false),
  ('FR100144',14,'167342',false),
  ('FR100144',31,'074297',false),
  ('FR100144',34,'474800',false),
  ('FR100144',63,'531949',false),
  ('FR100144',93,'388165',false),
  ('FR100145',63,'388165',false),
  ('FR100145',74,'236400',false),
  ('FR100146',54,'575998',false),
  ('FR100147',80,'560725',false),
  ('FR100147',83,'288225',false),
  ('FR100148',79,'058295',false),
  ('FR100149',2,'412671',false),
  ('FR100149',29,'203504',false),
  ('FR100149',90,'388165',false),
  ('FR100150',23,'057370',false),
  ('FR100150',70,'266359',false),
  ('FR100150',76,'442891',false),
  ('FR100151',9,'386047',false),
  ('FR100151',31,'538874',false),
  ('FR100151',64,'263918',false),
  ('FR100151',67,'395083',false),
  ('FR100151',68,'082009',false),
  ('FR100151',78,'569389',false),
  ('FR100151',89,'249730',false),
  ('FR100152',20,'184892',false),
  ('FR100152',27,'238266',false),
  ('FR100152',46,'555076',false),
  ('FR100152',80,'238266',false),
  ('FR100152',89,'093678',false),
  ('FR100153',30,'318523',false),
  ('FR100153',32,'238639',false),
  ('FR100153',34,'170544',true),
  ('FR100153',62,'229006',false),
  ('FR100153',92,'127182',false),
  ('FR100154',8,'555076',false),
  ('FR100155',27,'344888',false),
  ('FR100155',40,'174196',false),
  ('FR100155',67,'283994',false),
  ('FR100156',15,'410185',false),
  ('FR100156',19,'318523',false),
  ('FR100156',42,'342226',false),
  ('FR100156',48,'034987',false),
  ('FR100156',57,'034987',false),
  ('FR100157',7,'229006',false),
  ('FR100157',23,'344864',false),
  ('FR100157',31,'324795',false),
  ('FR100157',33,'342226',false),
  ('FR100157',38,'238639',false),
  ('FR100158',30,'229006',false),
  ('FR100158',65,'222876',false),
  ('FR100158',77,'238639',false),
  ('FR100159',46,'181378',false),
  ('FR100159',58,'255220',false),
  ('FR100159',79,'250779',false),
  ('FR100159',82,'122797',false),
  ('FR100160',23,'238639',false),
  ('FR100160',28,'229006',false),
  ('FR100161',11,'270051',false),
  ('FR100161',27,'635336',false),
  ('FR100161',57,'232895',false),
  ('FR100162',2,'569385',false),
  ('FR100162',66,'580747',false),
  ('FR100162',71,'274862',false),
  ('FR100162',85,'168471',false),
  ('FR100163',16,'487969',false),
  ('FR100163',30,'288225',false),
  ('FR100163',68,'555076',false),
  ('FR100163',79,'560725',false),
  ('FR100164',47,'099343',false),
  ('FR100164',65,'342229',false),
  ('FR100164',88,'074230',false),
  ('FR100165',29,'487969',false),
  ('FR100165',49,'289587',false),
  ('FR100166',16,'314940',false),
  ('FR100166',34,'344888',false),
  ('FR100166',78,'283994',false),
  ('FR100166',83,'524929',false),
  ('FR100167',24,'274862',false),
  ('FR100167',54,'192774',false),
  ('FR100168',42,'057467',false),
  ('FR100168',94,'394906',false),
  ('FR100170',8,'482072',false),
  ('FR100170',31,'282250',false),
  ('FR100170',69,'255220',false),
  ('FR100170',84,'364239',false),
  ('FR100171',12,'270541',false),
  ('FR100171',36,'323872',false),
  ('FR100171',39,'270541',false),
  ('FR100171',55,'232895',false),
  ('FR100171',72,'361914',false),
  ('FR100171',97,'266359',false),
  ('FR100172',34,'531949',false),
  ('FR100172',87,'232895',false),
  ('FR100173',32,'342229',false),
  ('FR100173',77,'130365',false),
  ('FR100173',83,'342229',false),
  ('FR100173',88,'074230',false),
  ('FR100174',15,'568701',false),
  ('FR100175',1,'424072',false),
  ('FR100175',23,'170953',false),
  ('FR100175',56,'170953',false),
  ('FR100175',82,'126552',false),
  ('FR100175',91,'364239',false),
  ('FR100175',94,'206912',false),
  ('FR100176',57,'092693',false),
  ('FR100176',84,'060540',false),
  ('FR100177',85,'365108',false),
  ('FR100177',94,'384593',false),
  ('FR100178',31,'509234',false),
  ('FR100178',75,'192774',false),
  ('FR100178',77,'325223',false),
  ('FR100178',94,'192774',false),
  ('FR100179',29,'034987',false),
  ('FR100180',22,'057216',false),
  ('FR100181',42,'318523',false),
  ('FR100181',95,'342226',false),
  ('FR100182',8,'536482',false),
  ('FR100182',50,'122797',false),
  ('FR100182',60,'060990',false),
  ('FR100182',90,'127156',false),
  ('FR100183',24,'442891',false),
  ('FR100183',53,'325223',false),
  ('FR100185',23,'585959',false),
  ('FR100187',19,'386726',false),
  ('FR100187',93,'370846',false),
  ('FR100188',15,'082009',false);
