/* File created by scraping https://www.transfermarkt.com using Antonio Cardin's program */

insert into Squadre values
  ('Paris Saint-Germain','Paris','Pochettino'),
  ('AS Monaco','Monaco','Clement'),
  ('Olympique Lyon','Lyon','Bosz'),
  ('Olympique Marseille','Marseille','Sampaoli'),
  ('LOSC Lille','Camphin-en-Pévèle','Gourvennec'),
  ('OGC Nice','Nice','Galtier'),
  ('Stade Rennais FC','Rennes','Génésio'),
  ('RC Lens','Avion','Haise'),
  ('AS Saint-Étienne','Saint-Étienne','Dupraz'),
  ('Stade Reims','Reims','García'),
  ('Montpellier HSC','Montpellier','Dall''Oglio'),
  ('RC Strasbourg Alsace','Strasbourg','Stéphan'),
  ('FC Nantes','La Chapelle-sur-Erdre','Kombouaré'),
  ('FC Metz','Metz','Antonetti'),
  ('FC Girondins Bordeaux','Le Haillan','Guion'),
  ('Stade Brestois 29','Brest','Der Zakarian'),
  ('SCO Angers','Angers','Baticle'),
  ('ESTAC Troyes','Pont-Sainte-Maries','Irles'),
  ('FC Lorient','Lorient','Pélissier'),
  ('Clermont Foot 63','Clermont-Ferrand','Gastien');

insert into Giocatori values
  ('315858','Paris Saint-Germain',50,'Gianluigi','Donnarumma','25-feb-1999','Portiere'),
  ('079422','Paris Saint-Germain',1,'Keylor','Navas','15-dec-1986','Portiere'),
  ('093730','Paris Saint-Germain',60,'Alexandre','Letellier','11-dec-1990','Portiere'),
  ('460626','Paris Saint-Germain',null,'Garissone','Innocent','16-apr-2000','Portiere'),
  ('606576','Paris Saint-Germain',40,'Denis','Franchi','22-oct-2002','Portiere'),
  ('654408','Paris Saint-Germain',70,'Lucas','Lavallée','18-feb-2003','Portiere'),
  ('181767','Paris Saint-Germain',5,'Marquinhos','null','14-may-1994','Difensore'),
  ('282041','Paris Saint-Germain',3,'Presnel','Kimpembe','13-aug-1995','Difensore'),
  ('228948','Paris Saint-Germain',24,'Thilo','Kehrer','21-sep-1996','Difensore'),
  ('025557','Paris Saint-Germain',4,'Sergio','Ramos','30-mar-1986','Difensore'),
  ('787912','Paris Saint-Germain',31,'El Chadaille','Bitshiabu','16-may-2005','Difensore'),
  ('616341','Paris Saint-Germain',25,'Nuno','Mendes','19-jun-2002','Difensore'),
  ('229005','Paris Saint-Germain',22,'Abdou','Diallo','4-may-1996','Difensore'),
  ('126719','Paris Saint-Germain',14,'Juan','Bernat','1-mar-1993','Difensore'),
  ('126710','Paris Saint-Germain',20,'Layvin','Kurzawa','4-sep-1992','Difensore'),
  ('398073','Paris Saint-Germain',2,'Achraf','Hakimi','4-nov-1998','Difensore'),
  ('460629','Paris Saint-Germain',17,'Colin','Dagba','9-sep-1998','Difensore'),
  ('618415','Paris Saint-Germain',39,'Nathan','Bitumazala','10-dec-2002','Difensore'),
  ('166237','Paris Saint-Germain',8,'Leandro','Paredes','29-jun-1994','Centrocampista'),
  ('141050','Paris Saint-Germain',15,'Danilo','Pereira','9-sep-1991','Centrocampista'),
  ('126665','Paris Saint-Germain',27,'Idrissa','Gueye','26-sep-1989','Centrocampista'),
  ('608027','Paris Saint-Germain',41,'Anfane','Ahamada','7-may-2002','Centrocampista'),
  ('102558','Paris Saint-Germain',6,'Marco','Verratti','5-nov-1992','Centrocampista'),
  ('049499','Paris Saint-Germain',18,'Georginio','Wijnaldum','11-nov-1990','Centrocampista'),
  ('099343','Paris Saint-Germain',21,'Ander','Herrera','14-aug-1989','Centrocampista'),
  ('536482','Paris Saint-Germain',28,'Junior','Dina Ebimbe','21-nov-2000','Centrocampista'),
  ('641576','Paris Saint-Germain',null,'Tidjany','Touré','15-jul-2002','Centrocampista'),
  ('566931','Paris Saint-Germain',34,'Xavi','Simons','21-apr-2003','Centrocampista'),
  ('659521','Paris Saint-Germain',38,'Edouard','Michut','4-mar-2003','Centrocampista'),
  ('810096','Paris Saint-Germain',35,'Ismaël','Gharbi','10-apr-2004','Centrocampista'),
  ('068290','Paris Saint-Germain',10,'Neymar','null','5-feb-1992','Attaccante'),
  ('085148','Paris Saint-Germain',23,'Julian','Draxler','20-sep-1993','Attaccante'),
  ('028003','Paris Saint-Germain',30,'Lionel','Messi','24-jun-1987','Attaccante'),
  ('045320','Paris Saint-Germain',11,'Ángel','Di María','14-feb-1988','Attaccante'),
  ('342229','Paris Saint-Germain',7,'Kylian','Mbappé','20-dec-1998','Attaccante'),
  ('068863','Paris Saint-Germain',9,'Mauro','Icardi','19-feb-1993','Attaccante'),
  ('195778','AS Monaco',16,'Alexander','Nübel','30-sep-1996','Portiere'),
  ('346546','AS Monaco',1,'Radoslaw','Majecki','16-nov-1999','Portiere'),
  ('033781','AS Monaco',30,'Vito','Mannone','2-mar-1988','Portiere'),
  ('463603','AS Monaco',5,'Benoît','Badiashile','26-mar-2001','Difensore'),
  ('386047','AS Monaco',6,'Axel','Disasi','11-mar-1998','Difensore'),
  ('249730','AS Monaco',3,'Guillermo','Maripán','6-may-1994','Difensore'),
  ('569383','AS Monaco',34,'Chrislain','Matsima','15-may-2002','Difensore'),
  ('475412','AS Monaco',15,'Jean','Marcelin','12-feb-2000','Difensore'),
  ('420064','AS Monaco',12,'Caio Henrique','null','31-jul-1997','Difensore'),
  ('203746','AS Monaco',26,'Ruben','Aguilar','26-apr-1993','Difensore'),
  ('789082','AS Monaco',2,'Vanderson','null','21-jun-2001','Difensore'),
  ('161869','AS Monaco',19,'Djibril','Sidibé','29-jul-1992','Difensore'),
  ('413112','AS Monaco',8,'Aurélien','Tchouaméni','27-jan-2000','Centrocampista'),
  ('099189','AS Monaco',28,'Pelé','null','29-sep-1991','Centrocampista'),
  ('569598','AS Monaco',22,'Youssouf','Fofana','10-jan-1999','Centrocampista'),
  ('578872','AS Monaco',11,'Jean Lucas','null','22-jun-1998','Centrocampista'),
  ('535834','AS Monaco',36,'Eliot','Matazo','15-feb-2002','Centrocampista'),
  ('008806','AS Monaco',4,'Cesc','Fàbregas','4-may-1987','Centrocampista'),
  ('659518','AS Monaco',33,'Félix','Lemaréchal','7-aug-2003','Centrocampista'),
  ('375137','AS Monaco',14,'Ismail','Jakobs','17-aug-1999','Centrocampista'),
  ('263918','AS Monaco',17,'Aleksandr','Golovin','30-may-1996','Centrocampista'),
  ('745200','AS Monaco',35,'Maghnes','Akliouche','25-feb-2002','Centrocampista'),
  ('569389','AS Monaco',37,'Sofiane','Diop','9-jun-2000','Attaccante'),
  ('257448','AS Monaco',7,'Gelson','Martins','11-may-1995','Attaccante'),
  ('490426','AS Monaco',27,'Krépin','Diatta','25-feb-1999','Attaccante'),
  ('146854','AS Monaco',10,'Wissam','Ben Yedder','12-aug-1990','Attaccante'),
  ('082009','AS Monaco',31,'Kevin','Volland','30-jul-1992','Attaccante'),
  ('412932','AS Monaco',9,'Myron','Boadu','14-jan-2001','Attaccante'),
  ('060561','Olympique Lyon',1,'Anthony','Lopes','1-oct-1990','Portiere'),
  ('228975','Olympique Lyon',30,'Julian','Pollersbeck','16-aug-1994','Portiere'),
  ('461581','Olympique Lyon',16,'Malcolm','Barcola','14-may-1999','Portiere'),
  ('277114','Olympique Lyon',5,'Jason','Denayer','28-jun-1995','Difensore'),
  ('702441','Olympique Lyon',2,'Sinaly','Diomandé','9-apr-2001','Difensore'),
  ('026485','Olympique Lyon',27,'Jérôme','Boateng','3-sep-1988','Difensore'),
  ('618472','Olympique Lyon',4,'Castello','Lukeba','17-dec-2002','Difensore'),
  ('057370','Olympique Lyon',21,'Damien','Da Silva','17-may-1988','Difensore'),
  ('181778','Olympique Lyon',3,'Emerson','null','3-aug-1994','Difensore'),
  ('204072','Olympique Lyon',12,'Henrique','null','25-apr-1994','Difensore'),
  ('236400','Olympique Lyon',14,'Léo','Dubois','14-sep-1994','Difensore'),
  ('620322','Olympique Lyon',17,'Malo','Gusto','19-may-2003','Difensore'),
  ('135617','Olympique Lyon',23,'Thiago','Mendes','15-mar-1992','Centrocampista'),
  ('450936','Olympique Lyon',28,'Tanguy','Ndombélé','28-dec-1996','Centrocampista'),
  ('395693','Olympique Lyon',8,'Houssem','Aouar','30-jun-1998','Centrocampista'),
  ('395237','Olympique Lyon',25,'Maxence','Caqueret','15-feb-2000','Centrocampista'),
  ('336828','Olympique Lyon',24,'Pape','Cheikh','8-aug-1997','Centrocampista'),
  ('669000','Olympique Lyon',19,'Habib','Keïta','5-feb-2002','Centrocampista'),
  ('555076','Olympique Lyon',15,'Romain','Faivre','14-jul-1998','Centrocampista'),
  ('444523','Olympique Lyon',10,'Lucas Paquetá','null','27-aug-1997','Centrocampista'),
  ('607223','Olympique Lyon',18,'Rayan','Cherki','17-aug-2003','Centrocampista'),
  ('326300','Olympique Lyon',22,'Jeff','Reine-Adélaïde','17-jan-1998','Centrocampista'),
  ('315110','Olympique Lyon',7,'Karl','Toko Ekambi','14-sep-1992','Attaccante'),
  ('418660','Olympique Lyon',31,'Lenny','Pintor','5-aug-2000','Attaccante'),
  ('708265','Olympique Lyon',26,'Bradley','Barcola','2-sep-2002','Attaccante'),
  ('384060','Olympique Lyon',11,'Tino','Kadewere','5-jan-1996','Attaccante'),
  ('229004','Olympique Lyon',9,'Moussa','Dembélé','12-jul-1996','Attaccante'),
  ('286415','Olympique Marseille',16,'Pau','López','13-dec-1994','Portiere'),
  ('023951','Olympique Marseille',30,'Steve','Mandanda','28-mar-1985','Portiere'),
  ('696600','Olympique Marseille',1,'Simon','Ngapandouetnbu','12-apr-2003','Portiere'),
  ('495666','Olympique Marseille',2,'William','Saliba','24-mar-2001','Difensore'),
  ('238266','Olympique Marseille',15,'Duje','Caleta-Car','17-sep-1996','Difensore'),
  ('575998','Olympique Marseille',5,'Leonardo','Balerdi','26-jan-1999','Difensore'),
  ('347913','Olympique Marseille',14,'Luan','Peres','19-jul-1994','Difensore'),
  ('183647','Olympique Marseille',3,'Álvaro','González','8-jan-1990','Difensore'),
  ('094005','Olympique Marseille',23,'Sead','Kolasinac','20-jun-1993','Difensore'),
  ('298975','Olympique Marseille',29,'Pol','Lirola','13-aug-1997','Difensore'),
  ('394327','Olympique Marseille',4,'Boubacar','Kamara','23-nov-1999','Centrocampista'),
  ('485963','Olympique Marseille',22,'Pape','Gueye','24-jan-1999','Centrocampista'),
  ('805476','Olympique Marseille',34,'Paolo','Sciortino','5-nov-2003','Centrocampista'),
  ('465830','Olympique Marseille',6,'Mattéo','Guendouzi','14-apr-1999','Centrocampista'),
  ('341705','Olympique Marseille',8,'Gerson','null','20-may-1997','Centrocampista'),
  ('332889','Olympique Marseille',21,'Valentin','Rongier','7-dec-1994','Centrocampista'),
  ('667965','Olympique Marseille',26,'Oussama','Targhalline','20-may-2002','Centrocampista'),
  ('659520','Olympique Marseille',39,'Bilal','Nadir','28-nov-2003','Centrocampista'),
  ('372711','Olympique Marseille',7,'Amine','Harit','18-jun-1997','Centrocampista'),
  ('037647','Olympique Marseille',10,'Dimitri','Payet','29-mar-1987','Centrocampista'),
  ('708680','Olympique Marseille',31,'Ugo','Bertelli','15-jul-2003','Centrocampista'),
  ('691316','Olympique Marseille',11,'Luis Henrique','null','14-dec-2001','Attaccante'),
  ('466809','Olympique Marseille',20,'Konrad','de la Fuente','16-jul-2001','Attaccante'),
  ('708681','Olympique Marseille',32,'Salim','Ben Seghir','24-feb-2003','Attaccante'),
  ('341647','Olympique Marseille',17,'Cengiz','Ünder','14-jul-1997','Attaccante'),
  ('191891','Olympique Marseille',9,'Arkadiusz','Milik','28-feb-1994','Attaccante'),
  ('127048','Olympique Marseille',13,'Cédric','Bakambu','11-apr-1991','Attaccante'),
  ('822458','Olympique Marseille',12,'Bamba','Dieng','23-mar-2000','Attaccante'),
  ('226073','LOSC Lille',1,'Ivo','Grbic','18-jan-1996','Portiere'),
  ('288415','LOSC Lille',30,'Léo','Jardim','20-mar-1995','Portiere'),
  ('258267','LOSC Lille',16,'Adam','Jakubech','2-jan-1997','Portiere'),
  ('361093','LOSC Lille',4,'Sven','Botman','12-jan-2000','Difensore'),
  ('420465','LOSC Lille',3,'Tiago','Djaló','9-apr-2000','Difensore'),
  ('033829','LOSC Lille',6,'José','Fonte','22-dec-1983','Difensore'),
  ('362108','LOSC Lille',5,'Gabriel','Gudmundsson','29-apr-1999','Difensore'),
  ('357796','LOSC Lille',29,'Domagoj','Bradaric','10-dec-1999','Difensore'),
  ('251075','LOSC Lille',2,'Zeki','Celik','17-feb-1997','Difensore'),
  ('060583','LOSC Lille',26,'Jérémy','Pied','23-feb-1989','Difensore'),
  ('084301','LOSC Lille',21,'Benjamin','André','3-aug-1990','Centrocampista'),
  ('485706','LOSC Lille',24,'Amadou','Onana','16-aug-2001','Centrocampista'),
  ('258027','LOSC Lille',10,'Renato','Sanches','18-aug-1997','Centrocampista'),
  ('290256','LOSC Lille',8,'Xeka','null','10-nov-1994','Centrocampista'),
  ('392770','LOSC Lille',20,'Angel','Gomes','31-aug-2000','Centrocampista'),
  ('018900','LOSC Lille',11,'Hatem','Ben Arfa','7-mar-1987','Centrocampista'),
  ('292818','LOSC Lille',7,'Jonathan','Bamba','26-mar-1996','Attaccante'),
  ('557610','LOSC Lille',19,'Isaac','Lihadji','10-apr-2002','Attaccante'),
  ('496857','LOSC Lille',23,'Edon','Zhegrova','31-mar-1999','Attaccante'),
  ('533738','LOSC Lille',9,'Jonathan','David','14-jan-2000','Attaccante'),
  ('370846','LOSC Lille',22,'Timothy','Weah','22-feb-2000','Attaccante'),
  ('034987','LOSC Lille',17,'Burak','Yilmaz','15-jul-1985','Attaccante'),
  ('296802','OGC Nice',40,'Walter','Benítez','19-jan-1993','Portiere'),
  ('465955','OGC Nice',1,'Marcin','Bulka','4-oct-1999','Portiere'),
  ('789419','OGC Nice',16,'Teddy','Boulhendi','9-apr-2001','Portiere'),
  ('605184','OGC Nice',25,'Jean-Clair','Todibo','30-dec-1999','Difensore'),
  ('322655','OGC Nice',5,'Flavius','Daniliuc','27-apr-2001','Difensore'),
  ('016136','OGC Nice',4,'Dante','null','18-oct-1983','Difensore'),
  ('904712','OGC Nice',33,'Justin','Smith','4-feb-2003','Difensore'),
  ('847257','OGC Nice',null,'Kouadio Ange','Ahoussou','22-dec-2003','Difensore'),
  ('532775','OGC Nice',26,'Melvin','Bard','6-nov-2000','Difensore'),
  ('241229','OGC Nice',12,'Jordan','Amavi','9-mar-1994','Difensore'),
  ('416108','OGC Nice',20,'Youcef','Atal','17-may-1996','Difensore'),
  ('313094','OGC Nice',23,'Jordan','Lotomba','29-sep-1998','Difensore'),
  ('170934','OGC Nice',18,'Mario','Lemina','1-sep-1993','Centrocampista'),
  ('463618','OGC Nice',19,'Khéphren','Thuram','26-mar-2001','Centrocampista'),
  ('370791','OGC Nice',8,'Pablo','Rosario','7-jan-1997','Centrocampista'),
  ('273438','OGC Nice',15,'Danilo','Barbosa','28-feb-1996','Centrocampista'),
  ('056818','OGC Nice',6,'Morgan','Schneiderlin','8-nov-1989','Centrocampista'),
  ('560593','OGC Nice',28,'Hicham','Boudaoui','23-sep-1999','Centrocampista'),
  ('384593','OGC Nice',10,'Alexis','Claude-Maurice','6-jun-1998','Centrocampista'),
  ('412095','OGC Nice',null,'Ihsan','Sacko','19-jul-1997','Centrocampista'),
  ('330659','OGC Nice',21,'Justin','Kluivert','5-may-1999','Attaccante'),
  ('543051','OGC Nice',14,'Billal','Brahimi','14-mar-2000','Attaccante'),
  ('409344','OGC Nice',22,'Calvin','Stengs','18-dec-1998','Attaccante'),
  ('418659','OGC Nice',11,'Amine','Gouiri','16-feb-2000','Attaccante'),
  ('283196','OGC Nice',9,'Kasper','Dolberg','6-oct-1997','Attaccante'),
  ('122797','OGC Nice',7,'Andy','Delort','9-oct-1991','Attaccante'),
  ('500689','OGC Nice',24,'Evann','Guessand','1-jul-2001','Attaccante'),
  ('163568','Stade Rennais FC',16,'Alfred','Gomis','5-sep-1993','Portiere'),
  ('576033','Stade Rennais FC',40,'Dogan','Alemdar','29-oct-2002','Portiere'),
  ('023974','Stade Rennais FC',1,'Romain','Salin','29-jul-1984','Portiere'),
  ('685086','Stade Rennais FC',30,'Pépé','Bonet','13-feb-2003','Portiere'),
  ('730581','Stade Rennais FC',4,'Loïc','Badé','11-apr-2000','Difensore'),
  ('361914','Stade Rennais FC',6,'Nayef','Aguerd','30-mar-1996','Difensore'),
  ('711996','Stade Rennais FC',23,'Warmed','Omari','23-apr-2000','Difensore'),
  ('288237','Stade Rennais FC',31,'Jérémy','Gélin','24-apr-1997','Difensore'),
  ('654539','Stade Rennais FC',3,'Adrien','Truffert','20-nov-2001','Difensore'),
  ('282250','Stade Rennais FC',25,'Birger','Meling','17-dec-1994','Difensore'),
  ('297070','Stade Rennais FC',27,'Hamari','Traoré','27-jan-1992','Difensore'),
  ('711969','Stade Rennais FC',22,'Lorenz','Assignon','22-jun-2000','Difensore'),
  ('285323','Stade Rennais FC',8,'Baptiste','Santamaria','9-mar-1995','Centrocampista'),
  ('711999','Stade Rennais FC',26,'Lesley','Ugochukwu','26-mar-2004','Centrocampista'),
  ('266359','Stade Rennais FC',14,'Benjamin','Bourigeaud','14-jan-1994','Centrocampista'),
  ('202278','Stade Rennais FC',20,'Flavien','Tait','2-feb-1993','Centrocampista'),
  ('127142','Stade Rennais FC',28,'Jonas','Martin','9-apr-1990','Centrocampista'),
  ('711976','Stade Rennais FC',19,'Andy','Diouf','17-may-2003','Centrocampista'),
  ('387106','Stade Rennais FC',21,'Lovro','Majer','17-jan-1998','Centrocampista'),
  ('746695','Stade Rennais FC',10,'Kamaldeen','Sulemana','15-feb-2002','Attaccante'),
  ('442891','Stade Rennais FC',7,'Martin','Terrier','4-mar-1997','Attaccante'),
  ('607226','Stade Rennais FC',17,'Loum','Tchaouna','8-sep-2003','Attaccante'),
  ('801734','Stade Rennais FC',39,'Mathys','Tel','27-apr-2005','Attaccante'),
  ('486049','Stade Rennais FC',11,'Jérémy','Doku','27-may-2002','Attaccante'),
  ('181378','Stade Rennais FC',24,'Gaëtan','Laborde','3-may-1994','Attaccante'),
  ('270541','Stade Rennais FC',9,'Serhou','Guirassy','12-mar-1996','Attaccante'),
  ('373714','RC Lens',1,'Wuilker','Fariñez','15-feb-1998','Portiere'),
  ('027490','RC Lens',16,'Jean-Louis','Leca','21-sep-1985','Portiere'),
  ('612612','RC Lens',30,'Valentino','Lesieur','18-mar-2003','Portiere'),
  ('474800','RC Lens',14,'Facundo','Medina','28-may-1999','Difensore'),
  ('263236','RC Lens',4,'Kevin','Danso','19-sep-1998','Difensore'),
  ('126557','RC Lens',24,'Jonathan','Gradit','24-nov-1992','Difensore'),
  ('572326','RC Lens',5,'Christopher','Wooh','18-sep-2001','Difensore'),
  ('170929','RC Lens',21,'Massadio','Haidara','2-dec-1992','Difensore'),
  ('332560','RC Lens',3,'Deiver','Machado','2-sep-1993','Difensore'),
  ('543387','RC Lens',28,'Cheick','Doucouré','8-jan-2000','Centrocampista'),
  ('308439','RC Lens',6,'Patrick','Berg','24-nov-1997','Centrocampista'),
  ('044686','RC Lens',18,'Yannick','Cahuzac','18-jan-1985','Centrocampista'),
  ('182893','RC Lens',8,'Seko','Fofana','7-may-1995','Centrocampista'),
  ('905408','RC Lens',null,'Mamadou','Camara','15-oct-2002','Centrocampista'),
  ('175639','RC Lens',11,'Jonathan','Clauss','25-sep-1992','Centrocampista'),
  ('239743','RC Lens',29,'Przemyslaw','Frankowski','12-apr-1995','Centrocampista'),
  ('074297','RC Lens',10,'Gaël','Kakuta','21-jun-1991','Centrocampista'),
  ('719442','RC Lens',20,'David','Costa','5-jan-2001','Centrocampista'),
  ('182916','RC Lens',22,'Wesley','Saïd','19-apr-1995','Attaccante'),
  ('402117','RC Lens',null,'Jules','Keita','20-jul-1998','Attaccante'),
  ('585959','RC Lens',15,'Arnaud','Kalimuendo','20-jan-2002','Attaccante'),
  ('531949','RC Lens',9,'Ignatius','Ganago','16-feb-1999','Attaccante'),
  ('354726','RC Lens',7,'Florian','Sotoca','25-oct-1990','Attaccante'),
  ('020463','RC Lens',25,'Corentin','Jean','15-jul-1995','Attaccante'),
  ('804884','RC Lens',null,'Ibrahima','Baldé','17-jan-2003','Attaccante'),
  ('696849','AS Saint-Étienne',40,'Etienne','Green','19-jul-2000','Portiere'),
  ('318507','AS Saint-Étienne',50,'Paul','Bernardoni','18-apr-1997','Portiere'),
  ('836132','AS Saint-Étienne',16,'Boubacar','Fall','3-feb-2001','Portiere'),
  ('272636','AS Saint-Étienne',2,'Harold','Moukoudi','27-nov-1997','Difensore'),
  ('807128','AS Saint-Étienne',4,'Saïdou','Sow','4-jul-2002','Difensore'),
  ('084085','AS Saint-Étienne',5,'Timothée','Kolodziejczak','1-oct-1991','Difensore'),
  ('090681','AS Saint-Étienne',22,'Eliaquim','Mangala','13-feb-1991','Difensore'),
  ('494586','AS Saint-Étienne',3,'Mickaël','Nade','4-mar-1999','Difensore'),
  ('378954','AS Saint-Étienne',23,'Joris','Gnagnon','13-jan-1997','Difensore'),
  ('177690','AS Saint-Étienne',13,'Miguel','Trauco','25-aug-1992','Difensore'),
  ('114340','AS Saint-Étienne',11,'Gabriel Silva','null','13-may-1991','Difensore'),
  ('580747','AS Saint-Étienne',27,'Yvann','Maçon','1-oct-1998','Difensore'),
  ('364857','AS Saint-Étienne',14,'Falaye','Sacko','1-may-1995','Difensore'),
  ('620313','AS Saint-Étienne',6,'Lucas','Gourna-Douath','5-aug-2003','Centrocampista'),
  ('469669','AS Saint-Étienne',19,'Yvan','Neyou','3-jan-1997','Centrocampista'),
  ('287635','AS Saint-Étienne',25,'Assane','Dioussé','20-sep-1997','Centrocampista'),
  ('324795','AS Saint-Étienne',8,'Mahdi','Camara','30-jun-1998','Centrocampista'),
  ('471582','AS Saint-Étienne',28,'Zaydou','Youssouf','11-jul-1999','Centrocampista'),
  ('484992','AS Saint-Étienne',29,'Aimen','Moueffek','9-apr-2001','Centrocampista'),
  ('569385','AS Saint-Étienne',17,'Adil','Aouchiche','15-jul-2002','Centrocampista'),
  ('077826','AS Saint-Étienne',7,'Ryad','Boudebouz','19-feb-1990','Centrocampista'),
  ('609692','AS Saint-Étienne',15,'Bilal','Benkhedim','20-apr-2001','Centrocampista'),
  ('236045','AS Saint-Étienne',20,'Denis','Bouanga','11-nov-1994','Attaccante'),
  ('324811','AS Saint-Étienne',18,'Arnaud','Nordin','17-jun-1998','Attaccante'),
  ('046791','AS Saint-Étienne',26,'Bakary','Sako','26-apr-1988','Attaccante'),
  ('290593','AS Saint-Étienne',9,'Sada','Thioub','1-jun-1995','Attaccante'),
  ('735700','AS Saint-Étienne',30,'Maxence','Rivera','30-may-2002','Attaccante'),
  ('103565','AS Saint-Étienne',10,'Wahbi','Khazri','8-feb-1991','Attaccante'),
  ('291110','AS Saint-Étienne',31,'Enzo','Crivelli','6-feb-1995','Attaccante'),
  ('098349','AS Saint-Étienne',21,'Romain','Hamouma','29-mar-1987','Attaccante'),
  ('190263','Stade Reims',1,'Predrag','Rajkovic','31-oct-1995','Portiere'),
  ('448632','Stade Reims',16,'Yehvann','Diouf','16-nov-1999','Portiere'),
  ('005578','Stade Reims',30,'Nicolas','Penneteau','28-feb-1981','Portiere'),
  ('292808','Stade Reims',2,'Wout','Faes','3-apr-1998','Difensore'),
  ('395083','Stade Reims',6,'Andreaw','Gravillon','8-feb-1998','Difensore'),
  ('199704','Stade Reims',5,'Yunis','Abdelhamid','28-sep-1987','Difensore'),
  ('422850','Stade Reims',3,'Ghislain','Konan','27-dec-1995','Difensore'),
  ('805908','Stade Reims',28,'Bradley','Locko','6-may-2002','Difensore'),
  ('215114','Stade Reims',32,'Thomas','Foket','25-sep-1994','Difensore'),
  ('570817','Stade Reims',4,'Maxime','Busi','14-oct-1999','Difensore'),
  ('919173','Stade Reims',36,'Ibrahim','Diakité','31-oct-2003','Difensore'),
  ('468066','Stade Reims',8,'Jens','Cajuste','10-aug-1999','Centrocampista'),
  ('315145','Stade Reims',21,'Azor','Matusiwa','28-apr-1998','Centrocampista'),
  ('414908','Stade Reims',15,'Marshall','Munetsi','22-jun-1996','Centrocampista'),
  ('649033','Stade Reims',26,'Dion','Lopy','2-feb-2002','Centrocampista'),
  ('522791','Stade Reims',33,'Sambou','Sissoko','27-apr-1999','Centrocampista'),
  ('290746','Stade Reims',23,'Moreto','Cassamá','16-feb-1998','Centrocampista'),
  ('145115','Stade Reims',14,'Valon','Berisha','7-feb-1993','Centrocampista'),
  ('814976','Stade Reims',35,'Martin','Adeline','2-dec-2003','Centrocampista'),
  ('739769','Stade Reims',20,'Ilan','Kebbal','10-jul-1998','Centrocampista'),
  ('671594','Stade Reims',33,'Kamory','Doumbia','18-feb-2003','Centrocampista'),
  ('557614','Stade Reims',11,'Nathanaël','Mbuku','16-mar-2002','Attaccante'),
  ('222876','Stade Reims',10,'Arbër','Zeneli','25-feb-1995','Attaccante'),
  ('393239','Stade Reims',19,'Mitchell','van Bergen','27-aug-1999','Attaccante'),
  ('316137','Stade Reims',25,'Moussa','Doumbia','15-aug-1994','Attaccante'),
  ('395242','Stade Reims',12,'Alexis','Flips','18-jan-2000','Attaccante'),
  ('649016','Stade Reims',7,'El Bilal','Touré','3-oct-2001','Attaccante'),
  ('709726','Stade Reims',22,'Hugo','Ekitike','20-jun-2002','Attaccante'),
  ('388160','Stade Reims',18,'Fraser','Hornby','13-sep-1999','Attaccante'),
  ('243606','Stade Reims',17,'Anastasios','Donis','29-aug-1996','Attaccante'),
  ('247915','Montpellier HSC',1,'Jonas','Omlin','10-jan-1994','Portiere'),
  ('371816','Montpellier HSC',16,'Dimitry','Bertaud','6-jun-1998','Portiere'),
  ('478346','Montpellier HSC',30,'Matis','Carvalho','28-apr-1999','Portiere'),
  ('047713','Montpellier HSC',3,'Mamadou','Sakho','13-feb-1990','Difensore'),
  ('072857','Montpellier HSC',5,'Pedro','Mendes','1-oct-1990','Difensore'),
  ('842341','Montpellier HSC',14,'Maxime','Estève','26-may-2002','Difensore'),
  ('549815','Montpellier HSC',26,'Thuler','null','10-mar-1999','Difensore'),
  ('485965','Montpellier HSC',31,'Nicolas','Cozza','8-jan-1999','Difensore'),
  ('184922','Montpellier HSC',8,'Ambroise','Oyongo','22-jun-1991','Difensore'),
  ('569374','Montpellier HSC',17,'Thibault','Tamas','20-feb-2001','Difensore'),
  ('335147','Montpellier HSC',6,'Junior','Sambia','7-sep-1996','Difensore'),
  ('111058','Montpellier HSC',2,'Arnaud','Souquet','12-feb-1992','Difensore'),
  ('624037','Montpellier HSC',13,'Joris','Chotard','24-sep-2001','Centrocampista'),
  ('484743','Montpellier HSC',15,'Gabriel','Barès','29-aug-2000','Centrocampista'),
  ('127156','Montpellier HSC',11,'Téji','Savanier','22-dec-1991','Centrocampista'),
  ('222859','Montpellier HSC',25,'Florent','Mollet','19-nov-1991','Centrocampista'),
  ('118284','Montpellier HSC',12,'Jordan','Ferri','12-mar-1992','Centrocampista'),
  ('650350','Montpellier HSC',18,'Léo','Leroy','14-feb-2000','Centrocampista'),
  ('271455','Montpellier HSC',7,'Mihailo','Ristic','31-oct-1995','Centrocampista'),
  ('340328','Montpellier HSC',10,'Stephy','Mavididi','31-may-1998','Attaccante'),
  ('659542','Montpellier HSC',21,'Elye','Wahi','2-jan-2003','Attaccante'),
  ('060540','Montpellier HSC',9,'Valère','Germain','17-apr-1990','Attaccante'),
  ('704156','Montpellier HSC',23,'Nicholas','Gioacchini','25-jul-2000','Attaccante'),
  ('624920','Montpellier HSC',28,'Béni','Makouana','28-sep-2002','Attaccante'),
  ('876034','Montpellier HSC',20,'Yanis','Guermouche','15-apr-2001','Attaccante'),
  ('127202','RC Strasbourg Alsace',1,'Matz','Sels','26-feb-1992','Portiere'),
  ('077383','RC Strasbourg Alsace',16,'Eiji','Kawashima','20-mar-1983','Portiere'),
  ('250844','RC Strasbourg Alsace',24,'Alexander','Djiku','9-aug-1994','Difensore'),
  ('378953','RC Strasbourg Alsace',22,'Gerzino','Nyamsi','22-jan-1997','Difensore'),
  ('352392','RC Strasbourg Alsace',5,'Lucas','Perrin','19-nov-1998','Difensore'),
  ('786436','RC Strasbourg Alsace',29,'Ismaël','Doukouré','24-jul-2003','Difensore'),
  ('060558','RC Strasbourg Alsace',23,'Maxime','Le Marchand','11-oct-1989','Difensore'),
  ('453016','RC Strasbourg Alsace',19,'Anthony','Caci','1-jul-1997','Difensore'),
  ('354352','RC Strasbourg Alsace',2,'Frédéric','Guilbert','24-dec-1994','Difensore'),
  ('385817','RC Strasbourg Alsace',4,'Karol','Fila','13-jun-1998','Difensore'),
  ('372712','RC Strasbourg Alsace',27,'Ibrahima','Sissoko','27-oct-1997','Centrocampista'),
  ('178313','RC Strasbourg Alsace',6,'Jean-Eudes','Aholou','20-mar-1994','Centrocampista'),
  ('876631','RC Strasbourg Alsace',38,'Habib','Diarra','3-jan-2004','Centrocampista'),
  ('125783','RC Strasbourg Alsace',14,'Sanjin','Prcic','20-nov-1993','Centrocampista'),
  ('314940','RC Strasbourg Alsace',11,'Dimitri','Liénard','13-feb-1988','Centrocampista'),
  ('450050','RC Strasbourg Alsace',17,'Jean-Ricner','Bellegarde','27-jun-1998','Centrocampista'),
  ('215977','RC Strasbourg Alsace',10,'Adrien','Thomasson','10-dec-1993','Centrocampista'),
  ('918157','RC Strasbourg Alsace',37,'Aymeric','Ahmed','8-nov-2003','Centrocampista'),
  ('891379','RC Strasbourg Alsace',null,'Nordine','Kandil','31-oct-2001','Centrocampista'),
  ('880330','RC Strasbourg Alsace',15,'Moïse Sahi','Dion','20-dec-2001','Attaccante'),
  ('283994','RC Strasbourg Alsace',25,'Ludovic','Ajorque','25-feb-1994','Attaccante'),
  ('344888','RC Strasbourg Alsace',20,'Habib','Diallo','18-jun-1995','Attaccante'),
  ('027389','RC Strasbourg Alsace',9,'Kévin','Gameiro','9-may-1987','Attaccante'),
  ('146805','RC Strasbourg Alsace',8,'Majeed','Waris','19-sep-1991','Attaccante'),
  ('357117','FC Nantes',1,'Alban','Lafont','23-jan-1999','Portiere'),
  ('282028','FC Nantes',16,'Rémy','Descamps','25-jun-1996','Portiere'),
  ('028356','FC Nantes',30,'Denis','Petric','24-may-1988','Portiere'),
  ('270051','FC Nantes',3,'Andrei','Girotto','17-feb-1992','Difensore'),
  ('182875','FC Nantes',21,'Jean-Charles','Castelletto','26-jan-1995','Difensore'),
  ('139279','FC Nantes',4,'Nicolas','Pallois','19-sep-1987','Difensore'),
  ('807648','FC Nantes',31,'Abdoulaye','Sylla','10-apr-2000','Difensore'),
  ('394906','FC Nantes',14,'Charles','Traoré','1-jan-1992','Difensore'),
  ('557613','FC Nantes',29,'Quentin','Merlin','16-may-2002','Difensore'),
  ('102744','FC Nantes',24,'Sébastien','Corchia','1-nov-1990','Difensore'),
  ('061891','FC Nantes',2,'Fábio','null','9-jul-1990','Difensore'),
  ('111038','FC Nantes',12,'Dennis','Appiah','9-jun-1992','Difensore'),
  ('242273','FC Nantes',5,'Pedro','Chirivella','23-may-1997','Centrocampista'),
  ('182889','FC Nantes',8,'Wylan','Cyprien','28-jan-1995','Centrocampista'),
  ('353403','FC Nantes',18,'Samuel','Moutoussamy','12-aug-1996','Centrocampista'),
  ('288225','FC Nantes',10,'Ludovic','Blas','31-dec-1997','Centrocampista'),
  ('243737','FC Nantes',6,'Roli','Pereira de Sa','10-dec-1996','Centrocampista'),
  ('773795','FC Nantes',33,'Gor','Manvelyan','9-apr-2002','Centrocampista'),
  ('274862','FC Nantes',27,'Moses','Simon','12-jul-1995','Attaccante'),
  ('463620','FC Nantes',19,'Willem','Geubbels','16-aug-2001','Attaccante'),
  ('140803','FC Nantes',17,'Anthony','Limbombe','15-jul-1994','Attaccante'),
  ('353365','FC Nantes',11,'Marcus','Coco','24-jun-1996','Attaccante'),
  ('548650','FC Nantes',26,'Osman','Bukari','13-dec-1998','Attaccante'),
  ('487969','FC Nantes',23,'Randal','Kolo Muani','5-dec-1998','Attaccante'),
  ('184935','FC Nantes',7,'Kalifa','Coulibaly','21-aug-1991','Attaccante'),
  ('264956','FC Nantes',20,'Jean-Kévin','Augustin','16-jun-1997','Attaccante'),
  ('056809','FC Metz',16,'Alexandre','Oukidja','19-jul-1988','Portiere'),
  ('205465','FC Metz',30,'Marc-Aurèle','Caillard','12-may-1994','Portiere'),
  ('130110','FC Metz',1,'David','Oberhauser','29-nov-1990','Portiere'),
  ('666975','FC Metz',40,'Ousmane','Ba','6-jun-2002','Portiere'),
  ('211637','FC Metz',23,'Kiki','Kouyaté','15-apr-1997','Difensore'),
  ('450417','FC Metz',2,'Dylan','Bronn','19-jun-1995','Difensore'),
  ('258254','FC Metz',5,'Jemerson','null','24-aug-1992','Difensore'),
  ('413118','FC Metz',4,'Sikou','Niakaté','10-jul-1999','Difensore'),
  ('057404','FC Metz',27,'Jean-Armel','Kana-Biyik','3-jul-1989','Difensore'),
  ('620315','FC Metz',29,'Lenny','Lacroix','6-feb-2003','Difensore'),
  ('344886','FC Metz',3,'Matthieu','Udol','20-mar-1996','Difensore'),
  ('170961','FC Metz',17,'Thomas','Delaine','24-mar-1992','Difensore'),
  ('520530','FC Metz',13,'Fali','Candé','24-jan-1998','Difensore'),
  ('127075','FC Metz',28,'Manuel','Cabit','3-jun-1993','Difensore'),
  ('384859','FC Metz',18,'Fabien','Centonze','16-jan-1996','Difensore'),
  ('568693','FC Metz',15,'Pape','Sarr','14-sep-2002','Centrocampista'),
  ('293944','FC Metz',19,'Habib','Maïga','1-jan-1996','Centrocampista'),
  ('342209','FC Metz',6,'Kévin','N''Doram','22-jan-1996','Centrocampista'),
  ('205503','FC Metz',32,'Ibrahim','Amadou','6-apr-1993','Centrocampista'),
  ('126699','FC Metz',14,'Vincent','Pajot','19-aug-1990','Centrocampista'),
  ('806310','FC Metz',33,'Amadou Salif','Mbengue','5-jan-2002','Centrocampista'),
  ('649020','FC Metz',8,'Boubacar','Traoré','20-aug-2001','Centrocampista'),
  ('202318','FC Metz',10,'Farid','Boulaya','25-feb-1993','Centrocampista'),
  ('205587','FC Metz',11,'Opa','Nguette','8-jul-1994','Attaccante'),
  ('568702','FC Metz',26,'Papa Ndiaga','Yade','5-jan-2000','Attaccante'),
  ('490417','FC Metz',7,'Ibrahima','Niane','11-mar-1999','Attaccante'),
  ('122116','FC Metz',9,'Nicolas','de Préville','8-jan-1991','Attaccante'),
  ('815359','FC Metz',24,'Lenny','Joseph','12-oct-2000','Attaccante'),
  ('461790','FC Metz',34,'Louis','Mafouta','2-jul-1994','Attaccante'),
  ('022628','FC Girondins Bordeaux',1,'Benoît','Costil','3-jul-1987','Portiere'),
  ('344591','FC Girondins Bordeaux',16,'Gaëtan','Poussin','13-jan-1999','Portiere'),
  ('540641','FC Girondins Bordeaux',30,'Davy','Rouyard','17-aug-1999','Portiere'),
  ('377468','FC Girondins Bordeaux',5,'Anel','Ahmedhodzic','26-mar-1999','Difensore'),
  ('230140','FC Girondins Bordeaux',2,'Stian','Gregersen','17-may-1995','Difensore'),
  ('052920','FC Girondins Bordeaux',15,'Marcelo','null','20-may-1987','Difensore'),
  ('127610','FC Girondins Bordeaux',4,'Mexer','null','8-sep-1988','Difensore'),
  ('043256','FC Girondins Bordeaux',24,'Paul','Baysse','18-may-1988','Difensore'),
  ('596901','FC Girondins Bordeaux',3,'Abdel','Medioub','28-aug-1997','Difensore'),
  ('397171','FC Girondins Bordeaux',14,'Gideon','Mensah','18-jul-1998','Difensore'),
  ('314944','FC Girondins Bordeaux',12,'Ricardo','Mangas','19-mar-1998','Difensore'),
  ('538998','FC Girondins Bordeaux',22,'Timothée','Pembélé','9-sep-2002','Difensore'),
  ('288241','FC Girondins Bordeaux',25,'Enock','Kwateng','9-apr-1997','Difensore'),
  ('656441','FC Girondins Bordeaux',8,'Jean','Onana','8-jan-2000','Centrocampista'),
  ('093704','FC Girondins Bordeaux',23,'Josuha','Guilavogui','19-sep-1990','Centrocampista'),
  ('111828','FC Girondins Bordeaux',13,'Fransérgio','null','18-oct-1990','Centrocampista'),
  ('847759','FC Girondins Bordeaux',27,'Tom','Lacoux','25-jan-2002','Centrocampista'),
  ('376082','FC Girondins Bordeaux',6,'Danylo','Ignatenko','13-mar-1997','Centrocampista'),
  ('740674','FC Girondins Bordeaux',20,'Issouf','Sissokho','30-jan-2002','Centrocampista'),
  ('395236','FC Girondins Bordeaux',19,'Yacine','Adli','29-jul-2000','Centrocampista'),
  ('315125','FC Girondins Bordeaux',21,'Javairô','Dilrosun','22-jun-1998','Attaccante'),
  ('540664','FC Girondins Bordeaux',32,'Dilane','Bakwa','26-aug-2002','Attaccante'),
  ('399543','FC Girondins Bordeaux',28,'Rémi','Oudin','18-nov-1996','Attaccante'),
  ('281319','FC Girondins Bordeaux',29,'Alberth','Elis','12-feb-1996','Attaccante'),
  ('460654','FC Girondins Bordeaux',17,'Mehdi','Zerkane','15-jul-1999','Attaccante'),
  ('540665','FC Girondins Bordeaux',31,'Amadou','Traoré','7-mar-2002','Attaccante'),
  ('260166','FC Girondins Bordeaux',18,'Ui-jo','Hwang','28-aug-1992','Attaccante'),
  ('157501','FC Girondins Bordeaux',10,'M''Baye','Niang','19-dec-1994','Attaccante'),
  ('557612','FC Girondins Bordeaux',11,'Sékou','Mara','30-jul-2002','Attaccante'),
  ('018909','FC Girondins Bordeaux',7,'Jimmy','Briand','2-aug-1985','Attaccante'),
  ('124884','Stade Brestois 29',40,'Marco','Bizot','10-mar-1991','Portiere'),
  ('357047','Stade Brestois 29',1,'Gautier','Larsonneur','23-feb-1997','Portiere'),
  ('395251','Stade Brestois 29',16,'Sébastien','Cibois','2-mar-1998','Portiere'),
  ('525155','Stade Brestois 29',30,'Grégoire','Coudert','3-apr-1999','Portiere'),
  ('250779','Stade Brestois 29',5,'Brendan','Chardonnet','22-dec-1994','Difensore'),
  ('170544','Stade Brestois 29',23,'Christophe','Hérelle','22-aug-1992','Difensore'),
  ('344864','Stade Brestois 29',2,'Jean-Kevin','Duverne','12-jul-1997','Difensore'),
  ('485960','Stade Brestois 29',3,'Lilian','Brassier','2-nov-1999','Difensore'),
  ('184575','Stade Brestois 29',17,'Denys','Bain','2-jul-1993','Difensore'),
  ('796913','Stade Brestois 29',33,'Noé','Sow','18-dec-1998','Difensore'),
  ('131827','Stade Brestois 29',20,'Jere','Uronen','13-jul-1994','Difensore'),
  ('410185','Stade Brestois 29',18,'Ronaël','Pierre-Gabriel','13-jun-1998','Difensore'),
  ('078917','Stade Brestois 29',22,'Julien','Faussurier','14-jan-1987','Difensore'),
  ('569384','Stade Brestois 29',10,'Lucien','Agoumé','9-feb-2002','Centrocampista'),
  ('093726','Stade Brestois 29',8,'Paul','Lasne','16-jan-1989','Centrocampista'),
  ('138055','Stade Brestois 29',7,'Haris','Belkebla','28-jan-1994','Centrocampista'),
  ('684062','Stade Brestois 29',28,'Hianga''a','Mbock','28-dec-1999','Centrocampista'),
  ('474662','Stade Brestois 29',27,'Hugo','Magnetti','30-may-1998','Centrocampista'),
  ('175014','Stade Brestois 29',24,'Youcef','Belaïli','14-mar-1992','Attaccante'),
  ('780147','Stade Brestois 29',19,'Rafiki','Saïd','15-mar-2000','Attaccante'),
  ('229006','Stade Brestois 29',9,'Franck','Honorat','11-aug-1996','Attaccante'),
  ('353399','Stade Brestois 29',25,'Romain','Del Castillo','29-mar-1996','Attaccante'),
  ('238639','Stade Brestois 29',15,'Steve','Mounié','29-sep-1994','Attaccante'),
  ('342226','Stade Brestois 29',14,'Irvin','Cardona','8-aug-1997','Attaccante'),
  ('640109','Stade Brestois 29',11,'Martín','Satriano','20-feb-2001','Attaccante'),
  ('737781','Stade Brestois 29',26,'Jérémy','Le Douaron','21-apr-1998','Attaccante'),
  ('188930','SCO Angers',30,'Danijel','Petkovic','25-may-1993','Portiere'),
  ('290559','SCO Angers',16,'Anthony','Mandréa','25-dec-1996','Portiere'),
  ('057467','SCO Angers',24,'Romain','Thomas','12-jun-1988','Difensore'),
  ('083132','SCO Angers',29,'Vincent','Manceau','10-jul-1989','Difensore'),
  ('057216','SCO Angers',8,'Ismaël','Traoré','18-aug-1986','Difensore'),
  ('709727','SCO Angers',20,'Kévin','Boma','20-nov-2002','Difensore'),
  ('296356','SCO Angers',3,'Souleyman','Doumbia','24-sep-1996','Difensore'),
  ('342877','SCO Angers',6,'Enzo','Ebosse','11-mar-1999','Difensore'),
  ('062351','SCO Angers',25,'Abdoulaye','Bamba','25-apr-1990','Difensore'),
  ('395234','SCO Angers',2,'Batista','Mendy','12-jan-2000','Centrocampista'),
  ('650104','SCO Angers',12,'Zinédine','Ould Khaled','14-jan-2000','Centrocampista'),
  ('245537','SCO Angers',23,'Nabil','Bentaleb','24-nov-1994','Centrocampista'),
  ('593482','SCO Angers',18,'Azzedine','Ounahi','19-apr-2000','Centrocampista'),
  ('018934','SCO Angers',5,'Thomas','Mangani','29-apr-1987','Centrocampista'),
  ('206912','SCO Angers',11,'Jimmy','Cabot','18-apr-1994','Centrocampista'),
  ('424072','SCO Angers',27,'Mathias','Pereira Lage','30-nov-1996','Centrocampista'),
  ('214532','SCO Angers',15,'Pierrick','Capelle','15-apr-1987','Centrocampista'),
  ('250013','SCO Angers',10,'Angelo','Fulgini','20-aug-1996','Centrocampista'),
  ('680447','SCO Angers',26,'Waniss','Taïbi','7-mar-2002','Centrocampista'),
  ('232271','SCO Angers',7,'Sofiane','Boufal','17-sep-1993','Attaccante'),
  ('392810','SCO Angers',9,'Casimir','Ninga','17-may-1993','Attaccante'),
  ('261963','SCO Angers',22,'Marin','Jakolis','26-dec-1996','Attaccante'),
  ('707225','SCO Angers',17,'Noah','Fatar','15-feb-2002','Attaccante'),
  ('670847','SCO Angers',21,'Mohamed-Ali','Cho','19-jan-2004','Attaccante'),
  ('170953','SCO Angers',19,'Stéphane','Bahoken','28-may-1992','Attaccante'),
  ('193256','ESTAC Troyes',30,'Gauthier','Gallon','23-apr-1993','Portiere'),
  ('033925','ESTAC Troyes',40,'Jessy','Moulin','13-jan-1986','Portiere'),
  ('125350','ESTAC Troyes',16,'Sébastien','Renot','11-nov-1989','Portiere'),
  ('510262','ESTAC Troyes',1,'Ryan','Bouallak','19-aug-1999','Portiere'),
  ('351843','ESTAC Troyes',17,'Yoann','Salmier','21-nov-1992','Difensore'),
  ('282199','ESTAC Troyes',2,'Erik','Palmer-Brown','24-apr-1997','Difensore'),
  ('917120','ESTAC Troyes',35,'Tanguy','Zoukrou','7-may-2003','Difensore'),
  ('051118','ESTAC Troyes',23,'Adil','Rami','27-dec-1985','Difensore'),
  ('274484','ESTAC Troyes',3,'Youssouf','Koné','5-jul-1995','Difensore'),
  ('337798','ESTAC Troyes',12,'Abdu','Conté','24-mar-1998','Difensore'),
  ('554251','ESTAC Troyes',22,'Yasser','Larouci','1-jan-2001','Difensore'),
  ('536507','ESTAC Troyes',4,'Giulian','Biancone','31-mar-2000','Difensore'),
  ('649452','ESTAC Troyes',29,'Issa','Kaboré','12-may-2001','Difensore'),
  ('283127','ESTAC Troyes',19,'Oualid','El Hajjam','19-feb-1991','Difensore'),
  ('485959','ESTAC Troyes',null,'Benrandy','Abdallah','1-jul-1999','Difensore'),
  ('212804','ESTAC Troyes',10,'Florian','Tardieu','22-apr-1992','Centrocampista'),
  ('118278','ESTAC Troyes',24,'Xavier','Chavalerin','7-mar-1991','Centrocampista'),
  ('859396','ESTAC Troyes',31,'Metinho','null','23-apr-2003','Centrocampista'),
  ('277635','ESTAC Troyes',6,'Rominigue','Kouamé','17-dec-1996','Centrocampista'),
  ('126683','ESTAC Troyes',5,'Tristan','Dingomé','17-feb-1991','Centrocampista'),
  ('804708','ESTAC Troyes',27,'Brandon','Dominguès','6-jun-2000','Centrocampista'),
  ('275361','ESTAC Troyes',15,'Karim','Azamoum','17-jan-1990','Centrocampista'),
  ('234802','ESTAC Troyes',20,'Renaud','Ripart','14-mar-1993','Centrocampista'),
  ('508941','ESTAC Troyes',14,'Dylan','Chambost','19-aug-1997','Centrocampista'),
  ('429790','ESTAC Troyes',18,'Luka','Ilic','2-jul-1999','Centrocampista'),
  ('282734','ESTAC Troyes',11,'Gerson','Rodrigues','20-jun-1995','Attaccante'),
  ('325223','ESTAC Troyes',25,'Mama','Baldé','6-nov-1995','Attaccante'),
  ('339943','ESTAC Troyes',13,'Iké','Ugbo','21-sep-1998','Attaccante'),
  ('427161','ESTAC Troyes',26,'Lebo','Mothiba','28-jan-1996','Attaccante'),
  ('068718','ESTAC Troyes',7,'Yoann','Touzghar','28-nov-1986','Attaccante'),
  ('129990','ESTAC Troyes',9,'Hyun-jun','Suk','29-jun-1991','Attaccante'),
  ('721746','ESTAC Troyes',28,'Nassim','Chadli','28-jul-2001','Attaccante'),
  ('189744','FC Lorient',30,'Paul','Nardi','18-may-1994','Portiere'),
  ('057134','FC Lorient',1,'Matthieu','Dreyer','20-mar-1989','Portiere'),
  ('629587','FC Lorient',16,'Teddy','Bartouche','5-jun-1997','Portiere'),
  ('593315','FC Lorient',40,'Thomas','Callens','6-sep-1998','Portiere'),
  ('460245','FC Lorient',3,'Moritz','Jenz','30-apr-1999','Difensore'),
  ('386057','FC Lorient',15,'Julien','Laporte','4-nov-1993','Difensore'),
  ('023960','FC Lorient',21,'Jérémy','Morel','2-apr-1984','Difensore'),
  ('120651','FC Lorient',25,'Vincent','Le Goff','15-oct-1989','Difensore'),
  ('412829','FC Lorient',19,'Léo','Pétrot','15-apr-1997','Difensore'),
  ('648886','FC Lorient',20,'Samuel','Loric','5-jul-2000','Difensore'),
  ('391720','FC Lorient',2,'Igor','Silva','21-aug-1996','Difensore'),
  ('442552','FC Lorient',17,'Houboulang','Mendes','4-may-1998','Difensore'),
  ('766412','FC Lorient',37,'Théo','Le Bris','1-oct-2002','Difensore'),
  ('314912','FC Lorient',14,'Jérôme','Hergault','5-apr-1986','Difensore'),
  ('238626','FC Lorient',6,'Laurent','Abergel','1-feb-1993','Centrocampista'),
  ('127182','FC Lorient',23,'Thomas','Monconduit','10-feb-1991','Centrocampista'),
  ('333383','FC Lorient',8,'Bonke','Innocent','20-jan-1996','Centrocampista'),
  ('056794','FC Lorient',18,'Fabien','Lemoine','16-mar-1987','Centrocampista'),
  ('804547','FC Lorient',31,'Redwan','Bourlès','2-jan-2003','Centrocampista'),
  ('633992','FC Lorient',10,'Enzo','Le Fée','3-feb-2000','Centrocampista'),
  ('412671','FC Lorient',11,'Quentin','Boisgard','17-mar-1997','Centrocampista'),
  ('579930','FC Lorient',28,'Armand','Laurienté','4-dec-1998','Attaccante'),
  ('428954','FC Lorient',7,'Stéphane','Diarra','9-dec-1998','Attaccante'),
  ('823231','FC Lorient',38,'Dango','Ouattara','11-feb-2002','Attaccante'),
  ('538874','FC Lorient',13,'Terem','Moffi','25-may-1999','Attaccante'),
  ('490223','FC Lorient',9,'Ibrahima','Koné','16-jun-1999','Attaccante'),
  ('704270','FC Lorient',22,'Sambou','Soumano','3-jan-2001','Attaccante'),
  ('379869','Clermont Foot 63',1,'Arthur','Desmas','7-apr-1994','Portiere'),
  ('594993','Clermont Foot 63',40,'Ouparine','Djoco','22-apr-1998','Portiere'),
  ('618463','Clermont Foot 63',16,'Lucas','Margueron','12-feb-2001','Portiere'),
  ('198709','Clermont Foot 63',4,'Cédric','Hountondji','19-jan-1994','Difensore'),
  ('391192','Clermont Foot 63',5,'Jean-Claude','Billong','28-dec-1993','Difensore'),
  ('091473','Clermont Foot 63',21,'Florent','Ogier','21-mar-1989','Difensore'),
  ('170487','Clermont Foot 63',17,'Josué','Albert','21-jan-1992','Difensore'),
  ('203761','Clermont Foot 63',12,'Vital','N''Simba','8-jul-1993','Difensore'),
  ('422715','Clermont Foot 63',15,'Arial','Mendy','7-nov-1994','Difensore'),
  ('327863','Clermont Foot 63',20,'Akim','Zedadka','30-may-1995','Difensore'),
  ('798404','Clermont Foot 63',36,'Alidu','Seidu','4-jun-2000','Difensore'),
  ('170459','Clermont Foot 63',23,'Jérôme','Phojo','15-apr-1993','Difensore'),
  ('688707','Clermont Foot 63',19,'Salis','Abdul Samed','26-mar-2000','Centrocampista'),
  ('282721','Clermont Foot 63',22,'Oriol','Busquets','20-jan-1999','Centrocampista'),
  ('594997','Clermont Foot 63',7,'Yohann','Magnin','21-jun-1997','Centrocampista'),
  ('072121','Clermont Foot 63',25,'Johan','Gastien','25-jan-1988','Centrocampista'),
  ('837093','Clermont Foot 63',2,'Fred','Gnalega','8-oct-2001','Centrocampista'),
  ('270411','Clermont Foot 63',6,'Saîf-Eddine','Khaoui','27-apr-1995','Centrocampista'),
  ('306191','Clermont Foot 63',8,'Jason','Berthomier','6-jan-1990','Centrocampista'),
  ('668503','Clermont Foot 63',29,'Naël','Jaby','20-apr-2001','Centrocampista'),
  ('495667','Clermont Foot 63',10,'Lucas','Da Cunha','9-jun-2001','Attaccante'),
  ('646733','Clermont Foot 63',11,'Jim','Allevinah','27-feb-1995','Attaccante'),
  ('149579','Clermont Foot 63',18,'Elbasan','Rashani','9-may-1993','Attaccante'),
  ('221151','Clermont Foot 63',24,'Jodel','Dossou','17-mar-1992','Attaccante'),
  ('594991','Clermont Foot 63',27,'Mohamed','Bayo','4-jun-1998','Attaccante'),
  ('203504','Clermont Foot 63',26,'Pierre-Yves','Hamel','3-feb-1994','Attaccante'),
  ('321647','Clermont Foot 63',9,'Grejohn','Kyei','12-aug-1995','Attaccante');

insert into Partite values
  ('FR100000',2,'Paris Saint-Germain','RC Strasbourg Alsace',4,2),
  ('FR100001',5,'Paris Saint-Germain','Clermont Foot 63',4,0),
  ('FR100002',6,'Paris Saint-Germain','Olympique Lyon',2,1),
  ('FR100003',8,'Paris Saint-Germain','Montpellier HSC',2,0),
  ('FR100004',10,'Paris Saint-Germain','SCO Angers',2,1),
  ('FR100005',12,'Paris Saint-Germain','LOSC Lille',2,1),
  ('FR100006',14,'Paris Saint-Germain','FC Nantes',3,1),
  ('FR100007',16,'Paris Saint-Germain','OGC Nice',0,0),
  ('FR100008',18,'Paris Saint-Germain','AS Monaco',2,0),
  ('FR100009',1,'OGC Nice','Stade Reims',0,0),
  ('FR100010',3,'OGC Nice','Olympique Marseille',1,1),
  ('FR100011',4,'OGC Nice','FC Girondins Bordeaux',4,0),
  ('FR100012',6,'OGC Nice','AS Monaco',2,2),
  ('FR100013',9,'OGC Nice','Stade Brestois 29',2,1),
  ('FR100014',11,'OGC Nice','Olympique Lyon',3,2),
  ('FR100015',13,'OGC Nice','Montpellier HSC',0,1),
  ('FR100016',15,'OGC Nice','FC Metz',0,1),
  ('FR100017',17,'OGC Nice','RC Strasbourg Alsace',0,3),
  ('FR100018',19,'OGC Nice','RC Lens',2,1),
  ('FR100019',2,'Olympique Marseille','FC Girondins Bordeaux',2,2),
  ('FR100020',4,'Olympique Marseille','AS Saint-Étienne',3,1),
  ('FR100021',6,'Olympique Marseille','Stade Rennais FC',2,0),
  ('FR100022',8,'Olympique Marseille','RC Lens',2,3),
  ('FR100023',10,'Olympique Marseille','FC Lorient',4,1),
  ('FR100024',11,'Olympique Marseille','Paris Saint-Germain',0,0),
  ('FR100025',13,'Olympique Marseille','FC Metz',0,0),
  ('FR100026',15,'Olympique Marseille','ESTAC Troyes',1,0),
  ('FR100027',17,'Olympique Marseille','Stade Brestois 29',1,2),
  ('FR100028',19,'Olympique Marseille','Stade Reims',1,1),
  ('FR100029',1,'Stade Rennais FC','RC Lens',1,1),
  ('FR100030',3,'Stade Rennais FC','FC Nantes',1,0),
  ('FR100031',5,'Stade Rennais FC','Stade Reims',0,2),
  ('FR100032',7,'Stade Rennais FC','Clermont Foot 63',6,0),
  ('FR100033',9,'Stade Rennais FC','Paris Saint-Germain',2,0),
  ('FR100034',11,'Stade Rennais FC','RC Strasbourg Alsace',1,0),
  ('FR100035',13,'Stade Rennais FC','Olympique Lyon',4,1),
  ('FR100036',14,'Stade Rennais FC','Montpellier HSC',2,0),
  ('FR100037',16,'Stade Rennais FC','LOSC Lille',1,2),
  ('FR100038',18,'Stade Rennais FC','OGC Nice',1,2),
  ('FR100039',1,'RC Strasbourg Alsace','SCO Angers',0,2),
  ('FR100040',3,'RC Strasbourg Alsace','ESTAC Troyes',1,1),
  ('FR100041',4,'RC Strasbourg Alsace','Stade Brestois 29',3,1),
  ('FR100042',6,'RC Strasbourg Alsace','FC Metz',3,0),
  ('FR100043',8,'RC Strasbourg Alsace','LOSC Lille',1,2),
  ('FR100044',10,'RC Strasbourg Alsace','AS Saint-Étienne',5,1),
  ('FR100045',12,'RC Strasbourg Alsace','FC Lorient',4,0),
  ('FR100046',14,'RC Strasbourg Alsace','Stade Reims',1,1),
  ('FR100047',16,'RC Strasbourg Alsace','FC Girondins Bordeaux',5,2),
  ('FR100048',18,'RC Strasbourg Alsace','Olympique Marseille',0,2),
  ('FR100049',2,'FC Nantes','FC Metz',2,0),
  ('FR100050',4,'FC Nantes','Olympique Lyon',0,1),
  ('FR100051',5,'FC Nantes','OGC Nice',0,2),
  ('FR100052',7,'FC Nantes','Stade Brestois 29',3,1),
  ('FR100053',9,'FC Nantes','ESTAC Troyes',2,0),
  ('FR100054',11,'FC Nantes','Clermont Foot 63',2,1),
  ('FR100055',13,'FC Nantes','RC Strasbourg Alsace',2,2),
  ('FR100056',16,'FC Nantes','Olympique Marseille',0,1),
  ('FR100057',18,'FC Nantes','RC Lens',3,2),
  ('FR100058',2,'LOSC Lille','OGC Nice',0,4),
  ('FR100059',4,'LOSC Lille','Montpellier HSC',2,1),
  ('FR100060',7,'LOSC Lille','Stade Reims',2,1),
  ('FR100061',9,'LOSC Lille','Olympique Marseille',2,0),
  ('FR100062',11,'LOSC Lille','Stade Brestois 29',1,1),
  ('FR100063',13,'LOSC Lille','SCO Angers',1,1),
  ('FR100064',15,'LOSC Lille','FC Nantes',1,1),
  ('FR100065',17,'LOSC Lille','ESTAC Troyes',2,1),
  ('FR100066',18,'LOSC Lille','Olympique Lyon',0,0),
  ('FR100067',1,'AS Monaco','FC Nantes',1,1),
  ('FR100068',3,'AS Monaco','RC Lens',0,2),
  ('FR100069',5,'AS Monaco','Olympique Marseille',0,2),
  ('FR100070',7,'AS Monaco','AS Saint-Étienne',3,1),
  ('FR100071',9,'AS Monaco','FC Girondins Bordeaux',3,0),
  ('FR100072',11,'AS Monaco','Montpellier HSC',3,1),
  ('FR100073',14,'AS Monaco','LOSC Lille',2,2),
  ('FR100074',15,'AS Monaco','RC Strasbourg Alsace',1,1),
  ('FR100075',17,'AS Monaco','FC Metz',4,0),
  ('FR100076',19,'AS Monaco','Stade Rennais FC',2,1),
  ('FR100077',1,'Olympique Lyon','Stade Brestois 29',1,1),
  ('FR100078',3,'Olympique Lyon','Clermont Foot 63',3,3),
  ('FR100079',5,'Olympique Lyon','RC Strasbourg Alsace',3,1),
  ('FR100080',7,'Olympique Lyon','ESTAC Troyes',3,1),
  ('FR100081',8,'Olympique Lyon','FC Lorient',1,1),
  ('FR100082',10,'Olympique Lyon','AS Monaco',2,0),
  ('FR100083',12,'Olympique Lyon','RC Lens',2,1),
  ('FR100084',14,'Olympique Lyon','Olympique Marseille',2,1),
  ('FR100085',16,'Olympique Lyon','Stade Reims',1,2),
  ('FR100086',19,'Olympique Lyon','FC Metz',1,1),
  ('FR100087',2,'RC Lens','AS Saint-Étienne',2,2),
  ('FR100088',4,'RC Lens','FC Lorient',2,2),
  ('FR100089',6,'RC Lens','LOSC Lille',1,0),
  ('FR100090',7,'RC Lens','RC Strasbourg Alsace',0,1),
  ('FR100091',9,'RC Lens','Stade Reims',2,0),
  ('FR100092',11,'RC Lens','FC Metz',4,1),
  ('FR100093',13,'RC Lens','ESTAC Troyes',4,0),
  ('FR100094',15,'RC Lens','SCO Angers',2,2),
  ('FR100095',17,'RC Lens','Paris Saint-Germain',1,1),
  ('FR100096',1,'Montpellier HSC','Olympique Marseille',2,3),
  ('FR100097',3,'Montpellier HSC','FC Lorient',3,1),
  ('FR100098',5,'Montpellier HSC','AS Saint-Étienne',2,0),
  ('FR100099',7,'Montpellier HSC','FC Girondins Bordeaux',3,3),
  ('FR100100',9,'Montpellier HSC','RC Strasbourg Alsace',1,1),
  ('FR100101',10,'Montpellier HSC','RC Lens',1,0),
  ('FR100102',12,'Montpellier HSC','FC Nantes',2,0),
  ('FR100103',15,'Montpellier HSC','Olympique Lyon',0,1),
  ('FR100104',17,'Montpellier HSC','Clermont Foot 63',1,0),
  ('FR100105',19,'Montpellier HSC','SCO Angers',4,1),
  ('FR100106',2,'Stade Brestois 29','Stade Rennais FC',1,1),
  ('FR100107',3,'Stade Brestois 29','Paris Saint-Germain',2,4),
  ('FR100108',5,'Stade Brestois 29','SCO Angers',1,1),
  ('FR100109',8,'Stade Brestois 29','FC Metz',1,2),
  ('FR100110',10,'Stade Brestois 29','Stade Reims',1,1),
  ('FR100111',12,'Stade Brestois 29','AS Monaco',2,0),
  ('FR100112',14,'Stade Brestois 29','RC Lens',4,0),
  ('FR100113',16,'Stade Brestois 29','AS Saint-Étienne',1,0),
  ('FR100114',18,'Stade Brestois 29','Montpellier HSC',0,4),
  ('FR100115',2,'Stade Reims','Montpellier HSC',3,3),
  ('FR100116',4,'Stade Reims','Paris Saint-Germain',0,2),
  ('FR100117',6,'Stade Reims','FC Lorient',0,0),
  ('FR100118',8,'Stade Reims','FC Nantes',3,1),
  ('FR100119',11,'Stade Reims','ESTAC Troyes',1,2),
  ('FR100120',13,'Stade Reims','AS Monaco',0,0),
  ('FR100121',15,'Stade Reims','Clermont Foot 63',1,0),
  ('FR100122',17,'Stade Reims','SCO Angers',1,2),
  ('FR100123',18,'Stade Reims','AS Saint-Étienne',2,0),
  ('FR100124',2,'SCO Angers','Olympique Lyon',3,0),
  ('FR100125',4,'SCO Angers','Stade Rennais FC',2,0),
  ('FR100126',6,'SCO Angers','FC Nantes',1,4),
  ('FR100127',7,'SCO Angers','Olympique Marseille',0,0),
  ('FR100128',9,'SCO Angers','FC Metz',3,2),
  ('FR100129',12,'SCO Angers','OGC Nice',1,2),
  ('FR100130',14,'SCO Angers','FC Lorient',1,0),
  ('FR100131',16,'SCO Angers','AS Monaco',1,3),
  ('FR100132',18,'SCO Angers','Clermont Foot 63',0,1),
  ('FR100133',2,'Clermont Foot 63','ESTAC Troyes',2,0),
  ('FR100134',4,'Clermont Foot 63','FC Metz',2,2),
  ('FR100135',6,'Clermont Foot 63','Stade Brestois 29',1,1),
  ('FR100136',8,'Clermont Foot 63','AS Monaco',1,3),
  ('FR100137',10,'Clermont Foot 63','LOSC Lille',1,0),
  ('FR100138',12,'Clermont Foot 63','Olympique Marseille',0,1),
  ('FR100139',14,'Clermont Foot 63','OGC Nice',1,2),
  ('FR100140',16,'Clermont Foot 63','RC Lens',2,2),
  ('FR100141',19,'Clermont Foot 63','RC Strasbourg Alsace',0,2),
  ('FR100142',1,'ESTAC Troyes','Paris Saint-Germain',1,2),
  ('FR100143',4,'ESTAC Troyes','AS Monaco',1,2),
  ('FR100144',6,'ESTAC Troyes','Montpellier HSC',1,1),
  ('FR100145',8,'ESTAC Troyes','SCO Angers',1,1),
  ('FR100146',10,'ESTAC Troyes','OGC Nice',1,0),
  ('FR100147',12,'ESTAC Troyes','Stade Rennais FC',2,2),
  ('FR100148',14,'ESTAC Troyes','AS Saint-Étienne',0,1),
  ('FR100149',16,'ESTAC Troyes','FC Lorient',2,0),
  ('FR100150',18,'ESTAC Troyes','FC Girondins Bordeaux',1,2),
  ('FR100151',19,'ESTAC Troyes','Stade Brestois 29',1,1),
  ('FR100152',1,'AS Saint-Étienne','FC Lorient',1,1),
  ('FR100153',3,'AS Saint-Étienne','LOSC Lille',1,1),
  ('FR100154',6,'AS Saint-Étienne','FC Girondins Bordeaux',1,2),
  ('FR100155',8,'AS Saint-Étienne','OGC Nice',0,3),
  ('FR100156',9,'AS Saint-Étienne','Olympique Lyon',1,1),
  ('FR100157',11,'AS Saint-Étienne','SCO Angers',2,2),
  ('FR100158',13,'AS Saint-Étienne','Clermont Foot 63',3,2),
  ('FR100159',15,'AS Saint-Étienne','Paris Saint-Germain',1,3),
  ('FR100160',17,'AS Saint-Étienne','Stade Rennais FC',0,5),
  ('FR100161',19,'AS Saint-Étienne','FC Nantes',0,1),
  ('FR100162',2,'FC Lorient','AS Monaco',1,0),
  ('FR100163',5,'FC Lorient','LOSC Lille',2,1),
  ('FR100164',7,'FC Lorient','OGC Nice',1,0),
  ('FR100165',9,'FC Lorient','Clermont Foot 63',1,1),
  ('FR100166',11,'FC Lorient','FC Girondins Bordeaux',1,1),
  ('FR100167',13,'FC Lorient','Stade Brestois 29',1,2),
  ('FR100168',15,'FC Lorient','Stade Rennais FC',0,2),
  ('FR100169',17,'FC Lorient','FC Nantes',0,1),
  ('FR100170',19,'FC Lorient','Paris Saint-Germain',1,1),
  ('FR100171',1,'FC Metz','LOSC Lille',3,3),
  ('FR100172',3,'FC Metz','Stade Reims',1,1),
  ('FR100173',5,'FC Metz','ESTAC Troyes',0,2),
  ('FR100174',7,'FC Metz','Paris Saint-Germain',1,2),
  ('FR100175',10,'FC Metz','Stade Rennais FC',0,3),
  ('FR100176',12,'FC Metz','AS Saint-Étienne',1,1),
  ('FR100177',14,'FC Metz','FC Girondins Bordeaux',3,3),
  ('FR100178',16,'FC Metz','Montpellier HSC',1,3),
  ('FR100179',18,'FC Metz','FC Lorient',4,1),
  ('FR100180',1,'FC Girondins Bordeaux','Clermont Foot 63',0,2),
  ('FR100181',3,'FC Girondins Bordeaux','SCO Angers',1,1),
  ('FR100182',5,'FC Girondins Bordeaux','RC Lens',2,3),
  ('FR100183',8,'FC Girondins Bordeaux','Stade Rennais FC',1,1),
  ('FR100184',10,'FC Girondins Bordeaux','FC Nantes',1,1),
  ('FR100185',12,'FC Girondins Bordeaux','Stade Reims',3,2),
  ('FR100186',13,'FC Girondins Bordeaux','Paris Saint-Germain',2,3),
  ('FR100187',15,'FC Girondins Bordeaux','Stade Brestois 29',1,2),
  ('FR100188',17,'FC Girondins Bordeaux','Olympique Lyon',2,2),
  ('FR100189',19,'FC Girondins Bordeaux','LOSC Lille',2,3);

insert into Gol values
  ('FR100000',3,'068863',false),
  ('FR100000',25,'283994',true),
  ('FR100000',27,'085148',false),
  ('FR100000',53,'027389',false),
  ('FR100000',64,'283994',false),
  ('FR100001',20,'099343',false),
  ('FR100001',31,'099343',false),
  ('FR100001',55,'342229',false),
  ('FR100001',65,'126665',false),
  ('FR100002',93,'068863',false),
  ('FR100003',14,'126665',false),
  ('FR100003',88,'085148',false),
  ('FR100004',36,'250013',false),
  ('FR100004',69,'141050',false),
  ('FR100004',87,'342229',false),
  ('FR100005',31,'533738',false),
  ('FR100005',88,'045320',false),
  ('FR100006',2,'342229',false),
  ('FR100006',76,'487969',false),
  ('FR100006',81,'111038',true),
  ('FR100006',87,'028003',false),
  ('FR100008',12,'342229',false),
  ('FR100008',45,'342229',false),
  ('FR100010',6,'418659',false),
  ('FR100010',42,'037647',false),
  ('FR100011',7,'330659',false),
  ('FR100011',33,'418659',false),
  ('FR100011',42,'418659',false),
  ('FR100011',85,'463618',false),
  ('FR100012',39,'263918',false),
  ('FR100012',51,'122797',false),
  ('FR100012',73,'560593',false),
  ('FR100012',77,'146854',false),
  ('FR100013',45,'605184',false),
  ('FR100013',61,'532775',false),
  ('FR100013',92,'229006',false),
  ('FR100014',35,'315110',false),
  ('FR100014',68,'395693',false),
  ('FR100014',81,'416108',false),
  ('FR100014',89,'122797',false),
  ('FR100014',92,'500689',false),
  ('FR100015',80,'222859',false),
  ('FR100016',31,'384859',false),
  ('FR100017',21,'283994',false),
  ('FR100017',81,'344888',false),
  ('FR100017',84,'215977',false),
  ('FR100018',30,'585959',false),
  ('FR100018',63,'170934',false),
  ('FR100018',79,'330659',false),
  ('FR100019',34,'341647',false),
  ('FR100019',41,'037647',false),
  ('FR100019',51,'538998',false),
  ('FR100019',57,'399543',false),
  ('FR100020',23,'465830',false),
  ('FR100020',32,'084085',false),
  ('FR100020',68,'341647',false),
  ('FR100021',48,'822458',false),
  ('FR100021',71,'372711',false),
  ('FR100022',9,'354726',false),
  ('FR100022',27,'239743',false),
  ('FR100022',33,'037647',false),
  ('FR100022',48,'037647',false),
  ('FR100022',71,'182916',false),
  ('FR100023',13,'579930',false),
  ('FR100023',27,'394327',false),
  ('FR100023',56,'465830',false),
  ('FR100023',85,'191891',false),
  ('FR100023',92,'442552',true),
  ('FR100026',74,'298975',false),
  ('FR100027',53,'555076',false),
  ('FR100027',70,'229006',false),
  ('FR100028',75,'709726',false),
  ('FR100028',98,'037647',false),
  ('FR100029',14,'746695',false),
  ('FR100029',19,'182893',false),
  ('FR100030',58,'442891',false),
  ('FR100031',26,'709726',false),
  ('FR100032',32,'127142',false),
  ('FR100032',36,'442891',false),
  ('FR100032',55,'746695',false),
  ('FR100032',57,'746695',false),
  ('FR100032',64,'181378',false),
  ('FR100032',77,'202278',false),
  ('FR100033',45,'181378',false),
  ('FR100033',46,'202278',false),
  ('FR100034',82,'361914',false),
  ('FR100035',45,'181378',false),
  ('FR100035',51,'297070',false),
  ('FR100035',76,'654539',false),
  ('FR100035',83,'654539',false),
  ('FR100036',8,'442891',false),
  ('FR100036',28,'387106',false),
  ('FR100037',45,'258027',false),
  ('FR100037',85,'266359',false),
  ('FR100038',19,'283196',false),
  ('FR100038',51,'416108',false),
  ('FR100038',59,'266359',false),
  ('FR100039',57,'057216',false),
  ('FR100039',81,'170953',false),
  ('FR100040',19,'068718',false),
  ('FR100040',77,'215977',false),
  ('FR100041',24,'125783',false),
  ('FR100041',26,'342226',false),
  ('FR100041',42,'344864',true),
  ('FR100041',84,'215977',false),
  ('FR100042',6,'283994',false),
  ('FR100042',26,'344888',false),
  ('FR100042',40,'344888',false),
  ('FR100043',23,'533738',false),
  ('FR100043',57,'533738',false),
  ('FR100043',75,'372712',false),
  ('FR100044',26,'060558',false),
  ('FR100044',38,'471582',true),
  ('FR100044',50,'103565',false),
  ('FR100044',69,'027389',false),
  ('FR100044',73,'283994',false),
  ('FR100044',85,'344888',false),
  ('FR100045',28,'283994',false),
  ('FR100045',39,'344888',false),
  ('FR100045',47,'344888',false),
  ('FR100045',64,'215977',false),
  ('FR100046',22,'709726',false),
  ('FR100046',97,'450050',false),
  ('FR100047',7,'260166',false),
  ('FR100047',22,'215977',false),
  ('FR100047',43,'027389',false),
  ('FR100047',46,'283994',false),
  ('FR100047',48,'314940',false),
  ('FR100047',57,'281319',false),
  ('FR100047',65,'283994',false),
  ('FR100048',62,'822458',false),
  ('FR100048',82,'238266',false),
  ('FR100049',12,'487969',false),
  ('FR100049',49,'288225',false),
  ('FR100050',35,'229004',false),
  ('FR100051',75,'283196',false),
  ('FR100051',80,'418659',false),
  ('FR100052',27,'288225',false),
  ('FR100052',55,'242273',false),
  ('FR100052',58,'485960',true),
  ('FR100052',67,'737781',false),
  ('FR100053',58,'270051',false),
  ('FR100053',69,'288225',false),
  ('FR100054',38,'270051',false),
  ('FR100054',49,'594991',false),
  ('FR100054',61,'288225',false),
  ('FR100055',20,'184935',false),
  ('FR100055',44,'344888',false),
  ('FR100055',48,'487969',false),
  ('FR100055',68,'215977',false),
  ('FR100057',7,'719442',false),
  ('FR100057',14,'585959',false),
  ('FR100057',49,'487969',false),
  ('FR100057',57,'487969',false),
  ('FR100057',90,'274862',false),
  ('FR100058',1,'283196',false),
  ('FR100058',5,'560593',false),
  ('FR100058',49,'418659',false),
  ('FR100058',64,'283196',false),
  ('FR100059',49,'181378',false),
  ('FR100059',56,'533738',false),
  ('FR100060',31,'533738',false),
  ('FR100060',43,'084301',false),
  ('FR100060',74,'395242',false),
  ('FR100061',28,'533738',false),
  ('FR100061',95,'533738',false),
  ('FR100062',19,'533738',false),
  ('FR100062',32,'555076',false),
  ('FR100063',27,'420465',false),
  ('FR100063',83,'593482',false),
  ('FR100064',9,'034987',false),
  ('FR100064',24,'288225',false),
  ('FR100065',6,'126683',false),
  ('FR100065',48,'533738',false),
  ('FR100067',14,'257448',false),
  ('FR100067',42,'182875',false),
  ('FR100068',51,'531949',false),
  ('FR100069',37,'822458',false),
  ('FR100069',60,'822458',false),
  ('FR100070',27,'082009',false),
  ('FR100070',41,'236045',false),
  ('FR100070',62,'146854',false),
  ('FR100070',86,'146854',false),
  ('FR100071',35,'413112',false),
  ('FR100071',48,'263918',false),
  ('FR100071',64,'146854',false),
  ('FR100072',12,'082009',false),
  ('FR100072',17,'146854',false),
  ('FR100072',61,'257448',false),
  ('FR100072',81,'127156',false),
  ('FR100073',5,'533738',false),
  ('FR100073',9,'533738',false),
  ('FR100073',41,'490426',false),
  ('FR100073',83,'146854',false),
  ('FR100074',46,'146854',false),
  ('FR100074',48,'283994',false),
  ('FR100075',2,'569389',false),
  ('FR100075',44,'082009',false),
  ('FR100075',57,'257448',false),
  ('FR100075',87,'146854',false),
  ('FR100076',16,'442891',false),
  ('FR100076',35,'146854',false),
  ('FR100076',72,'082009',false),
  ('FR100077',43,'342226',false),
  ('FR100078',5,'229004',false),
  ('FR100078',12,'702441',true),
  ('FR100078',21,'229004',false),
  ('FR100078',80,'149579',false),
  ('FR100078',91,'149579',false),
  ('FR100079',8,'229004',false),
  ('FR100079',64,'277114',false),
  ('FR100079',97,'344888',false),
  ('FR100080',45,'118278',false),
  ('FR100081',20,'579930',false),
  ('FR100081',50,'315110',false),
  ('FR100082',75,'315110',false),
  ('FR100082',90,'277114',false),
  ('FR100083',25,'315110',false),
  ('FR100083',42,'395693',false),
  ('FR100083',61,'585959',false),
  ('FR100084',10,'465830',false),
  ('FR100084',89,'229004',false),
  ('FR100085',56,'292808',false),
  ('FR100085',66,'315110',false),
  ('FR100085',93,'709726',false),
  ('FR100086',56,'618472',false),
  ('FR100086',58,'649020',false),
  ('FR100087',1,'103565',false),
  ('FR100087',36,'531949',false),
  ('FR100087',52,'236045',false),
  ('FR100087',77,'182893',false),
  ('FR100088',24,'175639',false),
  ('FR100088',27,'579930',false),
  ('FR100088',35,'127182',false),
  ('FR100088',70,'182893',false),
  ('FR100089',74,'239743',false),
  ('FR100090',67,'283994',false),
  ('FR100091',46,'585959',false),
  ('FR100091',52,'585959',false),
  ('FR100092',14,'182916',false),
  ('FR100092',33,'122116',false),
  ('FR100092',37,'182916',false),
  ('FR100092',83,'531949',false),
  ('FR100092',90,'239743',false),
  ('FR100093',14,'585959',false),
  ('FR100093',29,'182916',false),
  ('FR100093',35,'175639',false),
  ('FR100093',60,'239743',false),
  ('FR100094',40,'232271',false),
  ('FR100094',48,'074297',false),
  ('FR100094',55,'354726',false),
  ('FR100094',70,'057467',false),
  ('FR100095',62,'182893',false),
  ('FR100095',92,'049499',false),
  ('FR100096',30,'347913',true),
  ('FR100096',34,'181378',false),
  ('FR100096',68,'341647',false),
  ('FR100096',75,'037647',false),
  ('FR100096',80,'037647',false),
  ('FR100097',21,'633992',false),
  ('FR100097',50,'127156',false),
  ('FR100097',58,'340328',false),
  ('FR100097',83,'122797',false),
  ('FR100098',32,'340328',false),
  ('FR100098',62,'060540',false),
  ('FR100099',11,'060540',false),
  ('FR100099',18,'260166',false),
  ('FR100099',29,'656441',false),
  ('FR100099',50,'060540',false),
  ('FR100099',71,'222859',false),
  ('FR100100',12,'222859',false),
  ('FR100100',28,'027389',false),
  ('FR100101',48,'340328',false),
  ('FR100102',64,'222859',false),
  ('FR100102',71,'659542',false),
  ('FR100104',28,'659542',false),
  ('FR100105',14,'127156',false),
  ('FR100105',30,'485965',false),
  ('FR100105',46,'424072',false),
  ('FR100105',51,'271455',false),
  ('FR100105',76,'340328',false),
  ('FR100106',84,'270541',false),
  ('FR100106',91,'737781',false),
  ('FR100107',23,'099343',false),
  ('FR100107',36,'342229',false),
  ('FR100107',42,'229006',false),
  ('FR100107',73,'126665',false),
  ('FR100107',85,'238639',false),
  ('FR100107',90,'045320',false),
  ('FR100108',62,'555076',false),
  ('FR100108',78,'018934',false),
  ('FR100109',26,'122116',false),
  ('FR100109',68,'555076',false),
  ('FR100109',74,'384859',false),
  ('FR100110',12,'292808',false),
  ('FR100110',74,'229006',false),
  ('FR100111',18,'238639',false),
  ('FR100111',79,'229006',false),
  ('FR100112',3,'238639',false),
  ('FR100112',13,'250779',false),
  ('FR100112',33,'555076',false),
  ('FR100112',69,'737781',false),
  ('FR100113',64,'555076',false),
  ('FR100114',46,'659542',false),
  ('FR100114',47,'340328',false),
  ('FR100114',60,'335147',false),
  ('FR100114',85,'060540',false),
  ('FR100115',5,'485965',false),
  ('FR100115',7,'290746',false),
  ('FR100115',26,'290746',false),
  ('FR100115',38,'122797',false),
  ('FR100115',43,'181378',false),
  ('FR100115',82,'739769',false),
  ('FR100116',16,'342229',false),
  ('FR100116',63,'342229',false),
  ('FR100118',51,'215114',false),
  ('FR100118',62,'274862',false),
  ('FR100118',72,'709726',false),
  ('FR100118',78,'709726',false),
  ('FR100119',6,'199704',false),
  ('FR100119',41,'325223',false),
  ('FR100119',65,'118278',false),
  ('FR100121',91,'422850',false),
  ('FR100122',49,'232271',false),
  ('FR100122',59,'709726',false),
  ('FR100122',75,'250013',false),
  ('FR100123',23,'649016',false),
  ('FR100123',89,'557614',false),
  ('FR100124',20,'232271',false),
  ('FR100124',77,'593482',false),
  ('FR100125',57,'232271',false),
  ('FR100125',88,'670847',false),
  ('FR100126',3,'270051',false),
  ('FR100126',6,'288225',false),
  ('FR100126',10,'057216',false),
  ('FR100126',23,'487969',false),
  ('FR100126',79,'288225',false),
  ('FR100128',10,'450417',false),
  ('FR100128',53,'670847',false),
  ('FR100128',58,'202318',false),
  ('FR100128',65,'018934',false),
  ('FR100128',93,'170953',false),
  ('FR100129',29,'232271',false),
  ('FR100129',57,'122797',false),
  ('FR100129',91,'122797',false),
  ('FR100130',68,'018934',false),
  ('FR100131',25,'412932',false),
  ('FR100131',45,'569389',false),
  ('FR100131',55,'195778',true),
  ('FR100131',73,'386047',false),
  ('FR100132',84,'594991',false),
  ('FR100133',53,'594991',false),
  ('FR100133',65,'594991',false),
  ('FR100134',10,'490417',false),
  ('FR100134',29,'379869',true),
  ('FR100134',35,'413118',true),
  ('FR100134',58,'149579',false),
  ('FR100135',52,'250779',false),
  ('FR100135',65,'149579',false),
  ('FR100136',7,'594991',false),
  ('FR100136',25,'146854',false),
  ('FR100136',48,'082009',false),
  ('FR100136',91,'569389',false),
  ('FR100137',32,'203761',false),
  ('FR100138',25,'341647',false),
  ('FR100139',17,'091473',false),
  ('FR100139',76,'418659',false),
  ('FR100139',82,'418659',false),
  ('FR100140',12,'072121',true),
  ('FR100140',41,'594997',false),
  ('FR100140',47,'182893',false),
  ('FR100140',65,'594991',false),
  ('FR100141',44,'027389',false),
  ('FR100141',77,'198709',true),
  ('FR100142',9,'283127',false),
  ('FR100142',19,'398073',false),
  ('FR100142',21,'068863',false),
  ('FR100143',40,'569389',false),
  ('FR100143',51,'203746',true),
  ('FR100143',58,'569389',false),
  ('FR100144',37,'068718',false),
  ('FR100144',87,'127156',false),
  ('FR100145',22,'325223',false),
  ('FR100145',65,'018934',false),
  ('FR100146',4,'325223',false),
  ('FR100147',9,'361914',false),
  ('FR100147',38,'051118',false),
  ('FR100147',40,'126683',false),
  ('FR100147',81,'442891',false),
  ('FR100148',60,'177690',false),
  ('FR100149',7,'234802',false),
  ('FR100149',34,'277635',false),
  ('FR100150',28,'118278',false),
  ('FR100150',30,'351843',true),
  ('FR100150',54,'260166',false),
  ('FR100151',5,'229006',false),
  ('FR100151',80,'051118',false),
  ('FR100152',52,'120651',false),
  ('FR100152',70,'103565',false),
  ('FR100153',38,'034987',false),
  ('FR100153',85,'807128',false),
  ('FR100154',7,'260166',false),
  ('FR100154',73,'103565',false),
  ('FR100154',80,'260166',false),
  ('FR100155',15,'418659',false),
  ('FR100155',54,'409344',false),
  ('FR100155',83,'122797',false),
  ('FR100156',41,'395693',false),
  ('FR100156',95,'103565',false),
  ('FR100157',28,'057216',false),
  ('FR100157',56,'250013',false),
  ('FR100157',61,'103565',false),
  ('FR100157',94,'494586',false),
  ('FR100158',59,'594991',false),
  ('FR100158',64,'306191',false),
  ('FR100158',78,'324811',false),
  ('FR100158',94,'807128',false),
  ('FR100159',23,'236045',false),
  ('FR100159',79,'045320',false),
  ('FR100160',22,'442891',false),
  ('FR100160',28,'442891',false),
  ('FR100160',45,'580747',true),
  ('FR100160',48,'442891',false),
  ('FR100160',83,'711999',false),
  ('FR100161',83,'487969',false),
  ('FR100162',31,'538874',false),
  ('FR100163',7,'579930',false),
  ('FR100163',25,'034987',false),
  ('FR100163',87,'538874',false),
  ('FR100164',23,'127182',false),
  ('FR100165',15,'594991',false),
  ('FR100165',54,'386057',false),
  ('FR100166',46,'281319',false),
  ('FR100166',76,'386057',false),
  ('FR100167',58,'555076',false),
  ('FR100167',80,'238639',false),
  ('FR100168',75,'181378',false),
  ('FR100168',78,'486049',false),
  ('FR100169',83,'182889',false),
  ('FR100170',40,'127182',false),
  ('FR100170',91,'068863',false),
  ('FR100171',23,'361093',false),
  ('FR100171',31,'384859',false),
  ('FR100171',41,'344886',false),
  ('FR100171',52,'384859',false),
  ('FR100171',97,'056809',true),
  ('FR100172',7,'414908',false),
  ('FR100172',14,'293944',false),
  ('FR100173',50,'282734',false),
  ('FR100173',84,'118278',false),
  ('FR100174',5,'398073',false),
  ('FR100174',39,'211637',false),
  ('FR100174',95,'398073',false),
  ('FR100175',24,'181378',false),
  ('FR100175',37,'746695',false),
  ('FR100175',45,'442891',false),
  ('FR100176',9,'202318',false),
  ('FR100176',16,'103565',false),
  ('FR100177',17,'281319',false),
  ('FR100177',39,'399543',false),
  ('FR100177',45,'122116',false),
  ('FR100177',51,'205587',false),
  ('FR100177',65,'399543',false),
  ('FR100177',70,'205587',false),
  ('FR100178',36,'127156',false),
  ('FR100178',46,'340328',false),
  ('FR100178',48,'659542',false),
  ('FR100178',70,'122116',false),
  ('FR100179',5,'568693',false),
  ('FR100179',9,'460245',true),
  ('FR100179',19,'202318',false),
  ('FR100179',69,'460245',false),
  ('FR100179',80,'490417',false),
  ('FR100180',82,'594991',false),
  ('FR100180',93,'221151',false),
  ('FR100181',10,'557612',false),
  ('FR100181',38,'057467',false),
  ('FR100182',39,'074297',false),
  ('FR100182',43,'474800',false),
  ('FR100182',60,'314944',false),
  ('FR100182',88,'656441',false),
  ('FR100182',96,'354726',false),
  ('FR100183',56,'181378',false),
  ('FR100184',62,'260166',false),
  ('FR100184',75,'242273',false),
  ('FR100185',37,'709726',false),
  ('FR100185',63,'805908',false),
  ('FR100185',73,'395236',false),
  ('FR100185',78,'018909',false),
  ('FR100185',95,'018909',false),
  ('FR100186',63,'342229',false),
  ('FR100186',78,'281319',false),
  ('FR100186',92,'157501',false),
  ('FR100187',43,'230140',false),
  ('FR100187',59,'737781',false),
  ('FR100187',66,'737781',false),
  ('FR100188',29,'277114',false),
  ('FR100188',36,'620322',true),
  ('FR100188',41,'135617',false),
  ('FR100188',58,'281319',false),
  ('FR100189',17,'281319',false),
  ('FR100189',33,'084301',false),
  ('FR100189',45,'281319',false),
  ('FR100189',77,'034987',false),
  ('FR100189',84,'533738',false);
