/* File created by scraping https://www.transfermarkt.com using Antonio Cardin's program */

insert into Squadre values
  ('FC Toulouse','Toulouse','Garande'),
  ('Amiens SC','Amiens','Elsner'),
  ('ESTAC Troyes','Pont-Sainte-Maries','Batlles'),
  ('Valenciennes FC','Valenciennes','Guégan'),
  ('Clermont Foot 63','Clermont-Ferrand','Gastien'),
  ('EA Guingamp','Guingamp','Bazdarevic'),
  ('SM Caen','Caen','Vandeputte'),
  ('FC Sochaux-Montbéliard','Montbéliard','Daf'),
  ('Paris FC','Orly','Girard'),
  ('AC Le Havre','Harfleur','Le Guen'),
  ('Chamois Niortais FC','Niort','Desabre'),
  ('AC Ajaccio','Ajaccio','Pantaloni'),
  ('AS Nancy-Lorraine','Tomblaine','Garcia'),
  ('AJ Auxerre','Auxerre','Furlan'),
  ('LB Châteauroux','Châteauroux','Saragaglia'),
  ('Grenoble Foot 38','Grenoble','Hinschberger'),
  ('Rodez AF','Onet-le-Château','Peyrelade'),
  ('Pau FC','Pau','Tholot'),
  ('FC Chambly','Chambly','Luzi'),
  ('USL Dunkerque','Dunkerque','Mercadal');

insert into Giocatori values
  ('127188','FC Toulouse',30,'Maxime','Dupé','4-mar-1993','Portiere'),
  ('296458','FC Toulouse',40,'Isak','Pettersson','6-jun-1997','Portiere'),
  ('072578','FC Toulouse',1,'Mauro','Goicoechea','27-mar-1988','Portiere'),
  ('582698','FC Toulouse',16,'Florentin','Bloch','2-feb-2000','Portiere'),
  ('835136','FC Toulouse',null,'Thomas','Himeur','17-jan-2001','Portiere'),
  ('463605','FC Toulouse',19,'Bafodé','Diakité','6-jan-2001','Difensore'),
  ('456535','FC Toulouse',null,'Agustín','Rogel','17-oct-1997','Difensore'),
  ('107662','FC Toulouse',4,'Ruben','Gabrielsen','10-mar-1992','Difensore'),
  ('125754','FC Toulouse',12,'Sébastien','Dewaest','27-may-1991','Difensore'),
  ('690799','FC Toulouse',24,'Anthony','Rouault','29-may-2001','Difensore'),
  ('854989','FC Toulouse',null,'Jean-Philippe','Célestin','10-dec-2002','Difensore'),
  ('855014','FC Toulouse',null,'Kévin','Keben Biakolo','26-jan-2004','Difensore'),
  ('332560','FC Toulouse',3,'Deiver','Machado','2-sep-1993','Difensore'),
  ('463608','FC Toulouse',null,'Mathieu','Gonçalves','8-jun-2001','Difensore'),
  ('694509','FC Toulouse',23,'Moussa','Diarra','10-nov-2000','Difensore'),
  ('344072','FC Toulouse',2,'Kelvin','Amian','8-feb-1998','Difensore'),
  ('203517','FC Toulouse',5,'Steven','Moreira','13-aug-1994','Difensore'),
  ('463616','FC Toulouse',null,'Sacha','Semaoun','7-feb-2001','Difensore'),
  ('375885','FC Toulouse',null,'Ibrahim','Sangaré','2-dec-1997','Centrocampista'),
  ('629585','FC Toulouse',null,'Kalidou','Sidibé','28-jan-1999','Centrocampista'),
  ('241501','FC Toulouse',17,'Stijn','Spierings','12-mar-1996','Centrocampista'),
  ('484993','FC Toulouse',null,'Tom','Rapnouil','9-feb-2001','Centrocampista'),
  ('624690','FC Toulouse',8,'Kouadio','Koné','17-may-2001','Centrocampista'),
  ('159098','FC Toulouse',31,'Brecht','Dejaegere','29-may-1991','Centrocampista'),
  ('203938','FC Toulouse',14,'Branco','van den Boomen','21-jul-1995','Centrocampista'),
  ('507422','FC Toulouse',null,'Samuel','Kasongo','7-aug-2002','Centrocampista'),
  ('694549','FC Toulouse',26,'Sam','Sanna','8-mar-1999','Centrocampista'),
  ('817180','FC Toulouse',null,'Mamady','Bangré','15-jun-2001','Centrocampista'),
  ('567309','FC Toulouse',22,'Naatan','Skyttä','7-may-2002','Centrocampista'),
  ('666953','FC Toulouse',null,'Steve','Mvoué','2-feb-2002','Centrocampista'),
  ('835139','FC Toulouse',null,'Iliès','Soudani','29-jan-2000','Centrocampista'),
  ('182916','FC Toulouse',7,'Wesley','Saïd','19-apr-1995','Attaccante'),
  ('463617','FC Toulouse',null,'Adil','Taoui','10-aug-2001','Attaccante'),
  ('532776','FC Toulouse',21,'Amine','Adli','10-may-2000','Attaccante'),
  ('629588','FC Toulouse',29,'Nathan','N''Goumou','14-mar-2000','Attaccante'),
  ('538974','FC Toulouse',28,'Janis','Antiste','18-aug-2002','Attaccante'),
  ('289587','FC Toulouse',null,'Aaron','Leya Iseka','15-nov-1997','Attaccante'),
  ('238185','FC Toulouse',9,'Rhys','Healey','6-dec-1994','Attaccante'),
  ('242638','FC Toulouse',20,'Efthymios','Koulouris','6-mar-1996','Attaccante'),
  ('375877','FC Toulouse',15,'Vakoun Issouf','Bayo','10-jan-1997','Attaccante'),
  ('265504','FC Toulouse',11,'Firmin','Mubele','17-apr-1994','Attaccante'),
  ('690797','FC Toulouse',27,'Stéphane','Zobo','2-aug-2000','Attaccante'),
  ('881567','FC Toulouse',null,'Paul','Bonneau','6-jun-2001','Attaccante'),
  ('039918','Amiens SC',1,'Régis','Gurtner','8-dec-1986','Portiere'),
  ('060602','Amiens SC',16,'Yohann','Thuram','31-oct-1988','Portiere'),
  ('525155','Amiens SC',30,'Grégoire','Coudert','3-apr-1999','Portiere'),
  ('171410','Amiens SC',2,'Prince','Gouano','24-dec-1993','Difensore'),
  ('396516','Amiens SC',4,'Nicholas','Opoku','11-aug-1997','Difensore'),
  ('129893','Amiens SC',5,'Molla','Wagué','21-feb-1991','Difensore'),
  ('804715','Amiens SC',21,'Nathan','Monzango','18-apr-2001','Difensore'),
  ('045624','Amiens SC',null,'Aurelien','Chedjou','20-jun-1985','Difensore'),
  ('323379','Amiens SC',8,'Racine','Coly','8-dec-1995','Difensore'),
  ('347481','Amiens SC',null,'Adam','Lewis','8-nov-1999','Difensore'),
  ('606451','Amiens SC',null,'Sanasi','Sy','4-apr-1999','Difensore'),
  ('744936','Amiens SC',null,'Matthéo','Xantippe','11-apr-2002','Difensore'),
  ('172153','Amiens SC',13,'Mickaël','Alphonse','12-jul-1989','Difensore'),
  ('569387','Amiens SC',35,'Valentin','Gendrey','21-jun-2000','Difensore'),
  ('704436','Amiens SC',37,'Youssouf','Assogba','21-aug-2001','Difensore'),
  ('525576','Amiens SC',25,'Rafael','Fonseca','31-jan-2001','Difensore'),
  ('236041','Amiens SC',17,'Alexis','Blin','16-sep-1996','Centrocampista'),
  ('560465','Amiens SC',12,'Emmanuel','Lomotey','19-dec-1997','Centrocampista'),
  ('606450','Amiens SC',28,'Gaoussou','Traoré','4-dec-1999','Centrocampista'),
  ('724446','Amiens SC',null,'Ayman','Ouhatti','15-jan-2001','Centrocampista'),
  ('860669','Amiens SC',null,'Mathis','Lachuer','31-aug-2000','Centrocampista'),
  ('272631','Amiens SC',10,'Arnaud','Lusamba','4-jan-1997','Centrocampista'),
  ('693352','Amiens SC',22,'Iron','Gomis','8-nov-1999','Centrocampista'),
  ('240892','Amiens SC',null,'Bongani','Zungu','9-oct-1992','Centrocampista'),
  ('168933','Amiens SC',15,'Eddy','Gnahoré','14-nov-1993','Centrocampista'),
  ('093309','Amiens SC',18,'Sambou','Yatabaré','2-mar-1989','Centrocampista'),
  ('694498','Amiens SC',null,'Jonathan','Bumbu','11-feb-1999','Centrocampista'),
  ('204294','Amiens SC',null,'Saman','Ghoddos','6-sep-1993','Centrocampista'),
  ('540727','Amiens SC',null,'Driss','Khalid','7-feb-1999','Centrocampista'),
  ('453594','Amiens SC',11,'Adama','Diakhaby','5-jul-1996','Attaccante'),
  ('131101','Amiens SC',null,'Stiven','Mendoza','27-jun-1992','Attaccante'),
  ('526784','Amiens SC',23,'Amadou','Ciss','7-sep-1999','Attaccante'),
  ('665525','Amiens SC',26,'Jayson','Papeau','30-jun-1996','Attaccante'),
  ('332305','Amiens SC',null,'Juan','Otero','26-may-1995','Attaccante'),
  ('424709','Amiens SC',24,'Cheick','Timite','20-nov-1997','Attaccante'),
  ('247459','Amiens SC',null,'Chadrac','Akolo','1-apr-1995','Attaccante'),
  ('443263','Amiens SC',7,'Abou','Ouattara','26-dec-1999','Attaccante'),
  ('270541','Amiens SC',null,'Serhou','Guirassy','12-mar-1996','Attaccante'),
  ('192774','Amiens SC',null,'Moussa','Konaté','3-apr-1993','Attaccante'),
  ('491890','Amiens SC',9,'Stephen','Odey','15-jan-1998','Attaccante'),
  ('493674','Amiens SC',null,'Jack','Lahne','24-oct-2001','Attaccante'),
  ('715923','Amiens SC',null,'Florian','Bianchini','25-jun-2001','Attaccante'),
  ('832051','Amiens SC',27,'Mustapha','Sangaré','24-dec-1998','Attaccante'),
  ('655414','Amiens SC',32,'Darell','Tokpa','2-jun-2001','Attaccante'),
  ('830494','Amiens SC',33,'Charbel','Gomez','27-jan-2001','Attaccante'),
  ('539026','Amiens SC',null,'Joshua','Adeyileka','16-jul-1997','Attaccante'),
  ('193256','ESTAC Troyes',30,'Gauthier','Gallon','23-apr-1993','Portiere'),
  ('125350','ESTAC Troyes',16,'Sébastien','Renot','11-nov-1989','Portiere'),
  ('510262','ESTAC Troyes',1,'Ryan','Bouallak','19-aug-1999','Portiere'),
  ('213052','ESTAC Troyes',8,'Jimmy','Giraudon','16-jan-1992','Difensore'),
  ('351843','ESTAC Troyes',17,'Yoann','Salmier','21-nov-1992','Difensore'),
  ('591911','ESTAC Troyes',23,'Stone','Mambo','25-mar-1999','Difensore'),
  ('341394','ESTAC Troyes',13,'Gabriel','Mutombo','19-jan-1996','Difensore'),
  ('394326','ESTAC Troyes',null,'Mahamadou','Dembélé','10-apr-1999','Difensore'),
  ('827733','ESTAC Troyes',null,'Enzo','El Fattahi','9-jul-2003','Difensore'),
  ('805835','ESTAC Troyes',null,'Rémy','Vita','1-apr-2001','Difensore'),
  ('468705','ESTAC Troyes',25,'Terence','Baya','12-jan-1998','Difensore'),
  ('283127','ESTAC Troyes',19,'Oualid','El Hajjam','19-feb-1991','Difensore'),
  ('485959','ESTAC Troyes',22,'Benrandy','Abdallah','1-jul-1999','Difensore'),
  ('212804','ESTAC Troyes',10,'Florian','Tardieu','22-apr-1992','Centrocampista'),
  ('344576','ESTAC Troyes',null,'Rayan','Raveloson','16-jan-1997','Centrocampista'),
  ('398324','ESTAC Troyes',20,'Rui Pires','null','22-mar-1998','Centrocampista'),
  ('452876','ESTAC Troyes',21,'Eden','Massouema','29-jun-1997','Centrocampista'),
  ('820336','ESTAC Troyes',3,'Kemehlo','Nguena','10-jul-2000','Centrocampista'),
  ('485962','ESTAC Troyes',18,'Calvin','Bombo','18-jan-1999','Centrocampista'),
  ('277635','ESTAC Troyes',6,'Rominigue','Kouamé','17-dec-1996','Centrocampista'),
  ('126683','ESTAC Troyes',5,'Tristan','Dingomé','17-feb-1991','Centrocampista'),
  ('804708','ESTAC Troyes',27,'Brandon','Dominguès','6-jun-2000','Centrocampista'),
  ('275361','ESTAC Troyes',29,'Karim','Azamoum','17-jan-1990','Centrocampista'),
  ('112022','ESTAC Troyes',28,'Maxime','Barthelmé','8-sep-1988','Centrocampista'),
  ('508941','ESTAC Troyes',14,'Dylan','Chambost','19-aug-1997','Centrocampista'),
  ('486814','ESTAC Troyes',31,'Filip','Krastev','15-oct-2001','Centrocampista'),
  ('737830','ESTAC Troyes',32,'Adel','Berkane','15-nov-1999','Centrocampista'),
  ('857155','ESTAC Troyes',null,'Ryan','Fage','31-oct-2003','Centrocampista'),
  ('418660','ESTAC Troyes',11,'Lenny','Pintor','5-aug-2000','Attaccante'),
  ('355370','ESTAC Troyes',26,'Dylan','Saint-Louis','26-apr-1995','Attaccante'),
  ('435492','ESTAC Troyes',24,'Alimami','Gory','30-aug-1996','Attaccante'),
  ('537182','ESTAC Troyes',12,'Levi','Lumeka','5-sep-1998','Attaccante'),
  ('773807','ESTAC Troyes',null,'Issiaka','Karamoko','15-jul-2001','Attaccante'),
  ('857154','ESTAC Troyes',null,'Alexis','Lefebvre','21-may-2003','Attaccante'),
  ('259025','ESTAC Troyes',39,'Umut','Bozok','19-sep-1996','Attaccante'),
  ('129990','ESTAC Troyes',9,'Hyun-jun','Suk','29-jun-1991','Attaccante'),
  ('068718','ESTAC Troyes',7,'Yoann','Touzghar','28-nov-1986','Attaccante'),
  ('693637','ESTAC Troyes',null,'Pape Meïssa','Ba','4-jul-1997','Attaccante'),
  ('857148','ESTAC Troyes',null,'Mamadou','Camara','7-feb-2001','Attaccante'),
  ('238720','Valenciennes FC',1,'Jérôme','Prior','8-aug-1995','Portiere'),
  ('170549','Valenciennes FC',16,'Hillel','Konaté','28-dec-1994','Portiere'),
  ('357069','Valenciennes FC',30,'Nicolas','Kocik','4-aug-1998','Portiere'),
  ('786436','Valenciennes FC',20,'Ismaël','Doukouré','24-jul-2003','Difensore'),
  ('375287','Valenciennes FC',25,'Emmanuel','Ntim','12-mar-1996','Difensore'),
  ('329221','Valenciennes FC',5,'Maxime','Spano','31-oct-1994','Difensore'),
  ('213030','Valenciennes FC',15,'Eric','Vandenabeele','16-dec-1991','Difensore'),
  ('377394','Valenciennes FC',19,'Elhadj','Dabo','20-nov-1995','Difensore'),
  ('238716','Valenciennes FC',23,'Théo','Pellenard','4-mar-1994','Difensore'),
  ('393436','Valenciennes FC',3,'Aly','Abeid','11-dec-1997','Difensore'),
  ('274571','Valenciennes FC',28,'Laurent','Dos Santos','21-mar-1993','Difensore'),
  ('109720','Valenciennes FC',14,'Joffrey','Cuffaut','15-mar-1988','Difensore'),
  ('635486','Valenciennes FC',24,'Allan','Linguet','17-aug-1999','Difensore'),
  ('730280','Valenciennes FC',21,'Noah','Diliberto','8-sep-2001','Centrocampista'),
  ('494315','Valenciennes FC',13,'Julien','Masson','18-jun-1998','Centrocampista'),
  ('291111','Valenciennes FC',4,'Sessi','D''Almeida','20-nov-1995','Centrocampista'),
  ('025758','Valenciennes FC',6,'Jaba','Kankava','18-mar-1986','Centrocampista'),
  ('395240','Valenciennes FC',27,'Mathis','Picouleau','8-may-2000','Centrocampista'),
  ('111438','Valenciennes FC',null,'Matteo','Fedele','20-jul-1992','Centrocampista'),
  ('556371','Valenciennes FC',7,'Moussa','Guel','23-jun-1999','Centrocampista'),
  ('730580','Valenciennes FC',17,'Aymen','Boutoutaou','18-feb-2001','Centrocampista'),
  ('460632','Valenciennes FC',null,'Kévin','Cabral','10-jul-1999','Attaccante'),
  ('495489','Valenciennes FC',9,'Gaëtan','Robail','9-jan-1994','Attaccante'),
  ('409418','Valenciennes FC',10,'Arsène','Elogo','22-apr-1995','Attaccante'),
  ('147009','Valenciennes FC',11,'Malek','Chergui','2-jul-1988','Attaccante'),
  ('264567','Valenciennes FC',18,'Baptiste','Guillaume','16-jun-1995','Attaccante'),
  ('057514','Valenciennes FC',null,'Teddy','Chevalier','28-jun-1987','Attaccante'),
  ('395519','Valenciennes FC',22,'Metehan','Güçlü','2-apr-1999','Attaccante'),
  ('798972','Valenciennes FC',29,'Issouf','Macalou','27-dec-1998','Attaccante'),
  ('893870','Valenciennes FC',null,'Yassine','Haouari','13-feb-2003','Attaccante'),
  ('379869','Clermont Foot 63',1,'Arthur','Desmas','7-apr-1994','Portiere'),
  ('594993','Clermont Foot 63',40,'Ouparine','Djoco','22-apr-1998','Portiere'),
  ('618463','Clermont Foot 63',16,'Lucas','Margueron','12-feb-2001','Portiere'),
  ('198709','Clermont Foot 63',4,'Cédric','Hountondji','19-jan-1994','Difensore'),
  ('091473','Clermont Foot 63',21,'Florent','Ogier','21-mar-1989','Difensore'),
  ('170487','Clermont Foot 63',17,'Josué','Albert','21-jan-1992','Difensore'),
  ('787162','Clermont Foot 63',32,'Muamer','Aljic','19-jun-2000','Difensore'),
  ('203761','Clermont Foot 63',12,'Vital','N''Simba','8-jul-1993','Difensore'),
  ('290595','Clermont Foot 63',22,'Driss','Trichard','27-mar-1995','Difensore'),
  ('857482','Clermont Foot 63',34,'Baïla','Diallo','24-jun-2001','Difensore'),
  ('327863','Clermont Foot 63',20,'Akim','Zedadka','30-may-1995','Difensore'),
  ('798404','Clermont Foot 63',36,'Alidu','Seidu','4-jun-2000','Difensore'),
  ('170459','Clermont Foot 63',23,'Jérôme','Phojo','15-apr-1993','Difensore'),
  ('674285','Clermont Foot 63',null,'Lassana','Diako','13-nov-1998','Difensore'),
  ('594997','Clermont Foot 63',7,'Yohann','Magnin','21-jun-1997','Centrocampista'),
  ('072121','Clermont Foot 63',25,'Johan','Gastien','25-jan-1988','Centrocampista'),
  ('688707','Clermont Foot 63',19,'Salis','Abdul Samed','26-mar-2000','Centrocampista'),
  ('837093','Clermont Foot 63',2,'Fred','Gnalega','8-oct-2001','Centrocampista'),
  ('509044','Clermont Foot 63',8,'Lorenzo','Rajot','13-oct-1997','Centrocampista'),
  ('306191','Clermont Foot 63',6,'Jason','Berthomier','6-jan-1990','Centrocampista'),
  ('159907','Clermont Foot 63',10,'Jonathan','Iglesias','17-dec-1988','Centrocampista'),
  ('646733','Clermont Foot 63',11,'Jim','Allevinah','27-feb-1995','Attaccante'),
  ('748358','Clermont Foot 63',18,'Sofyan','Chader','12-may-2000','Attaccante'),
  ('221151','Clermont Foot 63',24,'Jodel','Dossou','17-mar-1992','Attaccante'),
  ('520816','Clermont Foot 63',28,'David','Gomis','21-dec-1992','Attaccante'),
  ('594991','Clermont Foot 63',27,'Mohamed','Bayo','4-jun-1998','Attaccante'),
  ('272644','Clermont Foot 63',9,'Jordan','Tell','10-jun-1997','Attaccante'),
  ('242716','EA Guingamp',16,'Enzo','Basilio','3-oct-1994','Portiere'),
  ('092248','EA Guingamp',1,'Nicolai','Larsen','9-mar-1991','Portiere'),
  ('591190','EA Guingamp',30,'Dominique','Youfeigane','7-feb-2000','Portiere'),
  ('413118','EA Guingamp',27,'Sikou','Niakaté','10-jul-1999','Difensore'),
  ('296359','EA Guingamp',20,'Félix','Eboa Eboa','19-apr-1997','Difensore'),
  ('796895','EA Guingamp',2,'Baptiste','Roux','26-nov-1999','Difensore'),
  ('336697','EA Guingamp',4,'Philipe','Sampaio','11-nov-1994','Difensore'),
  ('056820','EA Guingamp',15,'Jérémy','Sorbon','5-aug-1983','Difensore'),
  ('796882','EA Guingamp',null,'Hady','Camara','17-jan-2002','Difensore'),
  ('197860','EA Guingamp',null,'Pedro','Rebocho','23-jan-1995','Difensore'),
  ('272640','EA Guingamp',3,'Morgan','Poaty','15-jul-1997','Difensore'),
  ('481634','EA Guingamp',21,'Logan','Ndenbe','9-feb-2000','Difensore'),
  ('525113','EA Guingamp',28,'Jérémy','Mellot','28-mar-1994','Difensore'),
  ('165400','EA Guingamp',5,'Lloyd','Palun','28-nov-1988','Difensore'),
  ('169090','EA Guingamp',7,'El-Hadji','Ba','5-mar-1993','Centrocampista'),
  ('040014','EA Guingamp',26,'Alaixys','Romao','18-jan-1984','Centrocampista'),
  ('318521','EA Guingamp',32,'Tristan','Muyumba','7-mar-1997','Centrocampista'),
  ('253316','EA Guingamp',6,'Lebogang','Phiri','9-nov-1994','Centrocampista'),
  ('419999','EA Guingamp',19,'Guessouma','Fofana','17-dec-1992','Centrocampista'),
  ('060607','EA Guingamp',24,'Pierrick','Valdivia','18-apr-1988','Centrocampista'),
  ('324806','EA Guingamp',29,'Jérémy','Livolant','9-jan-1998','Centrocampista'),
  ('413111','EA Guingamp',null,'Jules','Gaudin','9-may-2000','Centrocampista'),
  ('170938','EA Guingamp',22,'Bryan','Pelé','25-mar-1992','Centrocampista'),
  ('167472','EA Guingamp',10,'Youssouf','M''Changama','29-aug-1990','Centrocampista'),
  ('484991','EA Guingamp',null,'Louis','Carnot','25-feb-2001','Centrocampista'),
  ('746160','EA Guingamp',null,'Mathéo','Didot','25-apr-2002','Centrocampista'),
  ('782476','EA Guingamp',null,'Yoann','Cathline','22-jul-2002','Attaccante'),
  ('785579','EA Guingamp',null,'Axel','Urie','14-apr-1999','Attaccante'),
  ('111053','EA Guingamp',null,'Yeni','N''Gbakoto','23-jan-1992','Attaccante'),
  ('076055','EA Guingamp',23,'Ronny','Rodelin','18-nov-1989','Attaccante'),
  ('148955','EA Guingamp',18,'Paul-Georges','Ntep','29-jul-1992','Attaccante'),
  ('220848','EA Guingamp',13,'Yannick','Gomis','3-feb-1992','Attaccante'),
  ('427693','EA Guingamp',25,'Matthias','Phaëton','8-jan-2000','Attaccante'),
  ('492955','EA Guingamp',9,'Frantzdy','Pierrot','29-mar-1995','Attaccante'),
  ('549318','SM Caen',16,'Yannis','Clementia','5-jul-1997','Portiere'),
  ('018940','SM Caen',30,'Rémy','Riou','6-aug-1987','Portiere'),
  ('593317','SM Caen',40,'Sullivan','Péan','27-oct-1999','Portiere'),
  ('460626','SM Caen',1,'Garissone','Innocent','16-apr-2000','Portiere'),
  ('593315','SM Caen',null,'Thomas','Callens','6-sep-1998','Portiere'),
  ('704154','SM Caen',null,'Yassine','Gueddar','7-feb-2001','Portiere'),
  ('056827','SM Caen',28,'Anthony','Weber','11-jun-1987','Difensore'),
  ('654411','SM Caen',4,'Jason','Ngouabi Lougagui','16-jan-2003','Difensore'),
  ('098274','SM Caen',18,'Jonathan','Rivierez','18-may-1989','Difensore'),
  ('743517','SM Caen',37,'Brahim','Traoré','4-feb-2004','Difensore'),
  ('575781','SM Caen',5,'Vladislav','Molchan','21-sep-2000','Difensore'),
  ('796860','SM Caen',31,'Corentin','Cal','18-apr-1999','Difensore'),
  ('548716','SM Caen',3,'Yoël','Armougom','5-jun-1998','Difensore'),
  ('230066','SM Caen',22,'Adama','Mbengue','1-dec-1993','Difensore'),
  ('693357','SM Caen',24,'Hugo','Vandermersch','5-may-1999','Difensore'),
  ('170903','SM Caen',20,'Steeve','Yago','16-dec-1992','Difensore'),
  ('704158','SM Caen',32,'Aloys','Fouda','1-may-2000','Difensore'),
  ('585973','SM Caen',12,'Johann','Lepenant','22-oct-2002','Centrocampista'),
  ('170460','SM Caen',29,'Jessy','Pi','24-sep-1993','Centrocampista'),
  ('060578','SM Caen',6,'Prince','Oniangué','4-nov-1988','Centrocampista'),
  ('539065','SM Caen',26,'Alexis','Beka Beka','29-mar-2001','Centrocampista'),
  ('539232','SM Caen',8,'Jessy','Deminguet','7-jan-1998','Centrocampista'),
  ('495668','SM Caen',15,'Aliou','Traoré','8-jan-2001','Centrocampista'),
  ('111528','SM Caen',17,'Anthony','Gonçalves','6-mar-1986','Centrocampista'),
  ('593281','SM Caen',2,'Loup','Hervieu','5-apr-2000','Centrocampista'),
  ('060525','SM Caen',13,'Yoann','Court','14-jan-1990','Centrocampista'),
  ('460630','SM Caen',27,'Azzeddine','Toufiqui','25-apr-1999','Centrocampista'),
  ('579291','SM Caen',33,'Zeidane','Inoussa','13-may-2002','Centrocampista'),
  ('796862','SM Caen',33,'Ilyes','Najim','10-sep-2002','Centrocampista'),
  ('617699','SM Caen',14,'Caleb','Zady Sery','20-dec-1999','Attaccante'),
  ('569368','SM Caen',21,'Kelian','Nsona','11-may-2002','Attaccante'),
  ('651973','SM Caen',null,'Godson','Kyeremeh','14-jun-2000','Attaccante'),
  ('704156','SM Caen',7,'Nicholas','Gioacchini','25-jul-2000','Attaccante'),
  ('290561','SM Caen',19,'Alexandre','Mendy','20-mar-1994','Attaccante'),
  ('276255','SM Caen',10,'Yacine','Bammou','11-sep-1991','Attaccante'),
  ('111048','SM Caen',9,'Benjamin','Jeannot','22-jan-1992','Attaccante'),
  ('345225','SM Caen',23,'Steve','Shamal','22-feb-1996','Attaccante'),
  ('704155','SM Caen',34,'Andreas','Hountondji','11-jul-2002','Attaccante'),
  ('539062','SM Caen',35,'Kévin','Mbala','17-jan-2001','Attaccante'),
  ('394903','FC Sochaux-Montbéliard',16,'Maxence','Prévot','9-apr-1997','Portiere'),
  ('191882','FC Sochaux-Montbéliard',1,'Mehdi','Jeannin','20-apr-1991','Portiere'),
  ('411434','FC Sochaux-Montbéliard',40,'Aubin','Long','20-mar-1997','Portiere'),
  ('140497','FC Sochaux-Montbéliard',3,'Florentin','Pogba','19-aug-1990','Difensore'),
  ('594109','FC Sochaux-Montbéliard',23,'Boris','Moltenis','8-may-1999','Difensore'),
  ('105388','FC Sochaux-Montbéliard',5,'Johan','Martial','30-may-1991','Difensore'),
  ('282031','FC Sochaux-Montbéliard',18,'Christophe','Diedhiou','8-jan-1988','Difensore'),
  ('232854','FC Sochaux-Montbéliard',4,'Abdallah','Ndour','20-dec-1993','Difensore'),
  ('641438','FC Sochaux-Montbéliard',19,'Romain','Sans','19-mar-1999','Difensore'),
  ('845304','FC Sochaux-Montbéliard',null,'Killian','Camélé','16-mar-2003','Difensore'),
  ('590926','FC Sochaux-Montbéliard',22,'Salem','M''Bakata','19-apr-1998','Difensore'),
  ('093744','FC Sochaux-Montbéliard',2,'Pape','Paye','31-may-1990','Difensore'),
  ('182898','FC Sochaux-Montbéliard',20,'Younès','Kaabouni','23-may-1995','Centrocampista'),
  ('700665','FC Sochaux-Montbéliard',35,'Sidy','Diagne','11-jan-2002','Centrocampista'),
  ('204585','FC Sochaux-Montbéliard',15,'Joseph','Lopy','15-mar-1992','Centrocampista'),
  ('662242','FC Sochaux-Montbéliard',25,'Rassoul','Ndiaye','11-dec-2001','Centrocampista'),
  ('410222','FC Sochaux-Montbéliard',6,'Ousseynou','Thioune','16-nov-1993','Centrocampista'),
  ('290604','FC Sochaux-Montbéliard',8,'Sofiane','Daham','15-jan-1996','Centrocampista'),
  ('840688','FC Sochaux-Montbéliard',null,'Malcolm','Viltard','24-oct-2002','Centrocampista'),
  ('216533','FC Sochaux-Montbéliard',10,'Fabien','Ourega','7-dec-1992','Centrocampista'),
  ('457780','FC Sochaux-Montbéliard',17,'Steve','Ambri','12-aug-1997','Centrocampista'),
  ('644563','FC Sochaux-Montbéliard',7,'Bryan','Soumaré','11-feb-1999','Centrocampista'),
  ('347958','FC Sochaux-Montbéliard',28,'Gaëtan','Weissbeck','17-jan-1997','Centrocampista'),
  ('810987','FC Sochaux-Montbéliard',34,'Samy','Faraj','4-oct-2001','Centrocampista'),
  ('654415','FC Sochaux-Montbéliard',26,'Alan','Virginius','3-jan-2003','Attaccante'),
  ('693358','FC Sochaux-Montbéliard',29,'Natanaël','Ntolla','1-jul-1999','Attaccante'),
  ('477109','FC Sochaux-Montbéliard',11,'Bryan','Lasme','14-nov-1998','Attaccante'),
  ('294791','FC Sochaux-Montbéliard',14,'Chris','Bedia','5-mar-1996','Attaccante'),
  ('253842','FC Sochaux-Montbéliard',27,'Adama','Niane','16-jun-1993','Attaccante'),
  ('395677','FC Sochaux-Montbéliard',9,'Yann','Kitala','9-apr-1998','Attaccante'),
  ('789533','FC Sochaux-Montbéliard',13,'Walid','Jarmouni','20-may-2000','Attaccante'),
  ('540661','FC Sochaux-Montbéliard',33,'Manuel','Semedo','20-jan-2000','Attaccante'),
  ('726566','FC Sochaux-Montbéliard',33,'Hermann','Tebily','24-jan-2002','Attaccante'),
  ('324829','Paris FC',null,'Anthony','Maisonnial','23-mar-1998','Portiere'),
  ('342876','Paris FC',30,'Didier','Desprez','13-sep-1999','Portiere'),
  ('750878','Paris FC',16,'Obed','Nkambadio','7-feb-2003','Portiere'),
  ('111216','Paris FC',1,'Vincent','Demarconnay','5-apr-1983','Portiere'),
  ('545487','Paris FC',15,'Axel','Bamba','6-jul-1999','Difensore'),
  ('524658','Paris FC',18,'Youssoupha','Ndiaye','7-oct-1997','Difensore'),
  ('528470','Paris FC',19,'Ousmane','Kanté','21-sep-1989','Difensore'),
  ('804711','Paris FC',33,'Ousmane','Camara','6-mar-2003','Difensore'),
  ('775403','Paris FC',17,'Hugo','Gambor','30-dec-2002','Difensore'),
  ('668167','Paris FC',31,'Samir','Chergui','6-feb-1999','Difensore'),
  ('111811','Paris FC',29,'Florent','Hanin','4-feb-1990','Difensore'),
  ('211474','Paris FC',2,'Ali','Abdi','20-dec-1993','Difensore'),
  ('750903','Paris FC',3,'Jaouen','Hadjam','26-mar-2003','Difensore'),
  ('449223','Paris FC',27,'Thibault','Campanini','27-jul-1998','Difensore'),
  ('103060','Paris FC',13,'Gaëtan','Belaud','16-sep-1986','Difensore'),
  ('856887','Paris FC',null,'Thomas','Nemouthe','16-jan-2001','Centrocampista'),
  ('412086','Paris FC',14,'Cyril','Mandouki','21-aug-1991','Centrocampista'),
  ('838804','Paris FC',28,'Check Oumar','Diakité','5-dec-2002','Centrocampista'),
  ('562452','Paris FC',8,'Mario Jason','Kikonda','20-apr-1996','Centrocampista'),
  ('591915','Paris FC',26,'Franck','Ellé Essouma','16-jun-2000','Centrocampista'),
  ('170976','Paris FC',10,'Marvin','Gakpa','1-nov-1993','Centrocampista'),
  ('586262','Paris FC',5,'Moustapha','Name','5-may-1995','Centrocampista'),
  ('436170','Paris FC',6,'Saïd','Arab','23-jul-2000','Centrocampista'),
  ('077745','Paris FC',12,'Lalaïna','Nomenjanahary','6-jan-1986','Centrocampista'),
  ('150496','Paris FC',11,'Florian','Martin','19-mar-1990','Centrocampista'),
  ('695646','Paris FC',32,'Charles','Boli','30-aug-1998','Centrocampista'),
  ('748958','Paris FC',24,'Patrick','Koffi','16-oct-2001','Attaccante'),
  ('170506','Paris FC',20,'Julien','López','1-mar-1992','Attaccante'),
  ('798893','Paris FC',25,'Andy','Pembélé','4-jul-2000','Attaccante'),
  ('562005','Paris FC',null,'Richard','Sila','4-jan-1998','Attaccante'),
  ('019139','Paris FC',null,'Jonathan','Pitroipa','12-apr-1986','Attaccante'),
  ('291124','Paris FC',7,'Gaëtan','Laura','6-aug-1995','Attaccante'),
  ('369599','Paris FC',22,'Warren','Caddy','9-apr-1997','Attaccante'),
  ('495669','Paris FC',9,'Lamine','Diaby-Fadiga','19-jan-2001','Attaccante'),
  ('691786','Paris FC',21,'Morgan','Guilavogui','10-mar-1998','Attaccante'),
  ('060543','AC Le Havre',1,'Mathieu','Gorgelin','5-aug-1990','Portiere'),
  ('418651','AC Le Havre',30,'Yahia','Fofana','21-aug-2000','Portiere'),
  ('768378','AC Le Havre',16,'Nikola','Curcija','8-apr-2001','Portiere'),
  ('768393','AC Le Havre',null,'Imani','Barker','13-aug-2002','Difensore'),
  ('251079','AC Le Havre',null,'Ertugrul','Ersoy','13-feb-1997','Difensore'),
  ('413245','AC Le Havre',5,'Fernand','Mayembo','9-jan-1996','Difensore'),
  ('109965','AC Le Havre',27,'Pierre','Gibaud','22-apr-1988','Difensore'),
  ('708678','AC Le Havre',36,'Souleymane Isaak','Touré','28-mar-2003','Difensore'),
  ('768380','AC Le Havre',null,'Arouna','Sangante','12-apr-2002','Difensore'),
  ('770422','AC Le Havre',null,'Melvin','Bachelet','23-may-2003','Difensore'),
  ('341549','AC Le Havre',3,'Umut','Meras','20-dec-1995','Difensore'),
  ('249446','AC Le Havre',null,'Ayman','Ben Mohamed','8-dec-1994','Difensore'),
  ('593479','AC Le Havre',null,'Abdelwahed','Wahib','27-jan-2000','Difensore'),
  ('473251','AC Le Havre',null,'Yacouba','Coulibaly','2-oct-1994','Difensore'),
  ('592975','AC Le Havre',26,'Woyo','Coulibaly','26-may-1999','Difensore'),
  ('770438','AC Le Havre',null,'Mathéo','Bodmer','6-may-2004','Centrocampista'),
  ('893674','AC Le Havre',null,'Aristide','Wam','12-feb-2002','Centrocampista'),
  ('264811','AC Le Havre',22,'Victor','Lekhal','27-feb-1994','Centrocampista'),
  ('409147','AC Le Havre',6,'Romain','Basque','30-jun-1995','Centrocampista'),
  ('276768','AC Le Havre',18,'Nolan','Mbemba','19-feb-1995','Centrocampista'),
  ('654412','AC Le Havre',34,'Abdoullah','Ba','31-jul-2003','Centrocampista'),
  ('667967','AC Le Havre',null,'Yassine','Kechta','25-feb-2002','Centrocampista'),
  ('768439','AC Le Havre',null,'Daylam','Meddah','6-oct-2002','Centrocampista'),
  ('058826','AC Le Havre',7,'Jean-Pascal','Fontaine','11-mar-1989','Centrocampista'),
  ('563734','AC Le Havre',24,'Mamadou','Fofana','17-sep-2000','Centrocampista'),
  ('893675','AC Le Havre',null,'Amir','Richardson','24-jan-2002','Centrocampista'),
  ('804664','AC Le Havre',28,'Elies','Mahmoud','10-feb-2001','Centrocampista'),
  ('033906','AC Le Havre',17,'Alexandre','Bonnet','17-oct-1986','Centrocampista'),
  ('592979','AC Le Havre',8,'Himad','Abdelli','17-nov-1999','Centrocampista'),
  ('344607','AC Le Havre',9,'Nabil','Alioui','18-feb-1999','Attaccante'),
  ('095680','AC Le Havre',29,'Hervé','Bazile','18-mar-1990','Attaccante'),
  ('622056','AC Le Havre',21,'Ylan','Gomes','22-jul-2002','Attaccante'),
  ('238630','AC Le Havre',11,'Quentin','Cornette','17-jan-1994','Attaccante'),
  ('262022','AC Le Havre',14,'Jamal','Thiaré','31-mar-1993','Attaccante'),
  ('231941','AC Le Havre',13,'Khalid','Boutaïb','24-apr-1987','Attaccante'),
  ('395699','AC Le Havre',null,'Alan','Dzabana','25-mar-1997','Attaccante'),
  ('725288','AC Le Havre',20,'Godwin','Bentil','30-jan-2001','Attaccante'),
  ('763182','AC Le Havre',23,'Josué','Casimir','24-sep-2001','Attaccante'),
  ('274958','Chamois Niortais FC',null,'Saturnin','Allagbé','22-nov-1993','Portiere'),
  ('193142','Chamois Niortais FC',1,'Mathieu','Michel','4-sep-1991','Portiere'),
  ('390942','Chamois Niortais FC',30,'Quentin','Braat','6-jul-1997','Portiere'),
  ('804723','Chamois Niortais FC',40,'Emyl','Leclercq','6-dec-2002','Portiere'),
  ('737486','Chamois Niortais FC',16,'Yanis','Maronne','20-apr-2002','Portiere'),
  ('604777','Chamois Niortais FC',5,'Guy-Marcelin','Kilama','30-may-1999','Difensore'),
  ('189483','Chamois Niortais FC',28,'Issouf','Paro','16-oct-1994','Difensore'),
  ('358512','Chamois Niortais FC',15,'Ibrahima','Conté','3-apr-1996','Difensore'),
  ('411416','Chamois Niortais FC',27,'Bryan','Passi','5-aug-1997','Difensore'),
  ('717118','Chamois Niortais FC',3,'Darline','Yongwa','22-sep-2000','Difensore'),
  ('371148','Chamois Niortais FC',21,'Lenny','Vallier','24-apr-1999','Difensore'),
  ('804720','Chamois Niortais FC',36,'Gabin','Delguel','20-jan-2001','Difensore'),
  ('558714','Chamois Niortais FC',29,'Joris','Moutachy','4-nov-1997','Difensore'),
  ('818107','Chamois Niortais FC',38,'Bradley','M''Bondo','30-oct-2001','Difensore'),
  ('291415','Chamois Niortais FC',6,'Dylan','Louiserre','2-feb-1995','Centrocampista'),
  ('525131','Chamois Niortais FC',24,'Yacine','Bourhane','30-sep-1998','Centrocampista'),
  ('517378','Chamois Niortais FC',19,'Brahima','Doukansy','21-aug-1999','Centrocampista'),
  ('468606','Chamois Niortais FC',22,'Quentin','Bena','11-may-1998','Centrocampista'),
  ('879963','Chamois Niortais FC',null,'Yohan','Cassubie','18-oct-2000','Centrocampista'),
  ('243725','Chamois Niortais FC',8,'Olivier','Kemen','20-jul-1996','Centrocampista'),
  ('391257','Chamois Niortais FC',26,'Brahim','Konaté','20-mar-1996','Centrocampista'),
  ('504349','Chamois Niortais FC',23,'Tom','Lebeau','23-jul-1998','Centrocampista'),
  ('722739','Chamois Niortais FC',34,'Samuel','Renel','3-nov-2001','Centrocampista'),
  ('796589','Chamois Niortais FC',37,'Yassine','Benhattab','18-nov-2002','Centrocampista'),
  ('525140','Chamois Niortais FC',18,'Goduine','Koyalipou','15-feb-2000','Centrocampista'),
  ('228900','Chamois Niortais FC',7,'David','Djigla','23-aug-1995','Centrocampista'),
  ('284526','Chamois Niortais FC',10,'Valentin','Jacob','15-jun-1994','Centrocampista'),
  ('427948','Chamois Niortais FC',17,'Louis','Ameka Autchanga','3-oct-1996','Centrocampista'),
  ('344151','Chamois Niortais FC',25,'Bilal','Boutobba','29-aug-1998','Attaccante'),
  ('565060','Chamois Niortais FC',11,'Pape Ibnou','Ba','5-jan-1993','Attaccante'),
  ('484888','Chamois Niortais FC',9,'Ibrahim','Sissoko','27-nov-1995','Attaccante'),
  ('463666','Chamois Niortais FC',20,'Antoine','Baroan','24-jun-2000','Attaccante'),
  ('169275','Chamois Niortais FC',12,'Joseph','Mendes','30-mar-1991','Attaccante'),
  ('124901','AC Ajaccio',1,'Benjamin','Leroy','7-apr-1989','Portiere'),
  ('331977','AC Ajaccio',16,'François-Joseph','Sollacaro','21-mar-1994','Portiere'),
  ('624784','AC Ajaccio',40,'Lucas','Marsella','11-jan-2000','Portiere'),
  ('044421','AC Ajaccio',21,'Cédric','Avinel','11-sep-1986','Difensore'),
  ('119081','AC Ajaccio',28,'Joris','Sainati','25-sep-1988','Difensore'),
  ('748362','AC Ajaccio',24,'Sidney','Obissa','4-may-2000','Difensore'),
  ('375881','AC Ajaccio',3,'Ismaël','Diallo','29-jan-1997','Difensore'),
  ('588997','AC Ajaccio',23,'Matthieu','Huard','9-may-1998','Difensore'),
  ('332142','AC Ajaccio',11,'Quentin','Lecoeuche','4-feb-1994','Difensore'),
  ('395685','AC Ajaccio',2,'Gédéon','Kalulu','29-aug-1997','Difensore'),
  ('057482','AC Ajaccio',20,'Mohamed','Youssouf','26-mar-1988','Difensore'),
  ('374040','AC Ajaccio',8,'Vincent','Marchetti','4-jul-1997','Centrocampista'),
  ('742226','AC Ajaccio',17,'Tony','Njiké','29-jan-1998','Centrocampista'),
  ('178019','AC Ajaccio',12,'Abdoulaye','Keita','5-jan-1994','Centrocampista'),
  ('621161','AC Ajaccio',8,'Jérémy','Corinus','16-mar-1997','Centrocampista'),
  ('839103','AC Ajaccio',null,'Mala','Baro','22-mar-2000','Centrocampista'),
  ('290552','AC Ajaccio',10,'Qazim','Laci','19-jan-1996','Centrocampista'),
  ('039914','AC Ajaccio',6,'Mathieu','Coutadeur','20-mar-1986','Centrocampista'),
  ('281704','AC Ajaccio',19,'Alassane','N''Diaye','14-jun-1991','Centrocampista'),
  ('730573','AC Ajaccio',18,'Faiz','Mattoir','12-jul-2000','Centrocampista'),
  ('801754','AC Ajaccio',22,'Yanis','Cimignani','22-jan-2002','Centrocampista'),
  ('149518','AC Ajaccio',4,'Mickaël','Barreto','18-jan-1991','Centrocampista'),
  ('418662','AC Ajaccio',26,'Florian','Chabrolle','7-apr-1998','Centrocampista'),
  ('475410','AC Ajaccio',null,'Matteo','Tramoni','20-jan-2000','Attaccante'),
  ('649457','AC Ajaccio',33,'Jean','Botué','7-aug-2002','Attaccante'),
  ('267147','AC Ajaccio',14,'Cyrille','Bayala','24-may-1996','Attaccante'),
  ('119104','AC Ajaccio',5,'Riad','Nouri','7-jun-1985','Attaccante'),
  ('804660','AC Ajaccio',34,'Baptiste','Dedola','15-may-2001','Attaccante'),
  ('855056','AC Ajaccio',34,'Taïryk','Arconte','12-nov-2003','Attaccante'),
  ('627163','AC Ajaccio',7,'Mounaïm','El Idrissy','10-feb-1999','Attaccante'),
  ('364525','AC Ajaccio',25,'Bevic','Moussiti-Oko','28-jan-1995','Attaccante'),
  ('171408','AC Ajaccio',9,'Gaëtan','Courtet','22-feb-1989','Attaccante'),
  ('804661','AC Ajaccio',null,'Simon','Elisor','22-jul-1999','Attaccante'),
  ('170509','AS Nancy-Lorraine',1,'Baptiste','Valette','1-sep-1992','Portiere'),
  ('126705','AS Nancy-Lorraine',16,'Martin','Sourzac','25-mar-1992','Portiere'),
  ('556487','AS Nancy-Lorraine',30,'Hugo','Constant','26-nov-1999','Portiere'),
  ('818109','AS Nancy-Lorraine',null,'Marco Claude','Giagnorio','2-may-2001','Portiere'),
  ('572326','AS Nancy-Lorraine',33,'Christopher','Wooh','18-sep-2001','Difensore'),
  ('074615','AS Nancy-Lorraine',3,'Abdelhamid','El Kaoutari','17-mar-1990','Difensore'),
  ('283136','AS Nancy-Lorraine',22,'Ernest','Seka','22-jun-1987','Difensore'),
  ('229003','AS Nancy-Lorraine',null,'Séga','Coulibaly','9-jun-1996','Difensore'),
  ('149444','AS Nancy-Lorraine',23,'Saliou','Ciss','15-sep-1989','Difensore'),
  ('345065','AS Nancy-Lorraine',2,'Mathias','Fischer','11-jul-1998','Difensore'),
  ('525119','AS Nancy-Lorraine',18,'Souleymane','Karamoko','29-jul-1992','Difensore'),
  ('333350','AS Nancy-Lorraine',27,'Rosario','Latouchent','21-mar-1996','Difensore'),
  ('635103','AS Nancy-Lorraine',5,'Giovanni','Haag','30-may-2000','Centrocampista'),
  ('344595','AS Nancy-Lorraine',20,'Aurélien','Nguiamba','18-jan-1999','Centrocampista'),
  ('192714','AS Nancy-Lorraine',24,'Ogou','Akichi','24-apr-1990','Centrocampista'),
  ('833274','AS Nancy-Lorraine',null,'Maxime','Nonnenmacher','23-jul-2002','Centrocampista'),
  ('476527','AS Nancy-Lorraine',15,'Kenny','Rocha Santos','3-jan-2000','Centrocampista'),
  ('659516','AS Nancy-Lorraine',8,'Warren','Bondo','15-sep-2003','Centrocampista'),
  ('263294','AS Nancy-Lorraine',13,'Serge','N''Guessan','17-dec-1994','Centrocampista'),
  ('302806','AS Nancy-Lorraine',6,'Grégoire','Lefebvre','13-may-1994','Centrocampista'),
  ('506009','AS Nancy-Lorraine',10,'Amine','Bassi','27-nov-1997','Centrocampista'),
  ('452877','AS Nancy-Lorraine',14,'Mehdi','Merghem','19-jul-1997','Centrocampista'),
  ('510258','AS Nancy-Lorraine',19,'Yanis','Barka','18-apr-1998','Attaccante'),
  ('352464','AS Nancy-Lorraine',11,'Dorian','Bertrand','21-may-1993','Attaccante'),
  ('039317','AS Nancy-Lorraine',17,'Ousmane','Cissokho','14-jan-1987','Attaccante'),
  ('391377','AS Nancy-Lorraine',25,'Mons','Bassouamina','28-may-1998','Attaccante'),
  ('627362','AS Nancy-Lorraine',null,'Lamine','Cissé','15-feb-2003','Attaccante'),
  ('524860','AS Nancy-Lorraine',7,'Mickaël','Biron','26-aug-1997','Attaccante'),
  ('497175','AS Nancy-Lorraine',26,'Aurélien','Scheidler','4-jun-1998','Attaccante'),
  ('637850','AS Nancy-Lorraine',21,'Vinni','Triboulet','18-jun-1999','Attaccante'),
  ('694507','AS Nancy-Lorraine',29,'Rayan','Philippe','23-oct-2000','Attaccante'),
  ('058213','AS Nancy-Lorraine',9,'Andé','Dona Ndoh','22-may-1986','Attaccante'),
  ('170911','AJ Auxerre',16,'Donovan','Léon','3-nov-1992','Portiere'),
  ('427689','AJ Auxerre',30,'Sonny','Laiton','28-jan-2000','Portiere'),
  ('695422','AJ Auxerre',40,'Théo','De Percin','2-feb-2001','Portiere'),
  ('089450','AJ Auxerre',20,'Alexandre','Coeff','20-feb-1992','Difensore'),
  ('149928','AJ Auxerre',4,'Jubal','null','29-aug-1993','Difensore'),
  ('249636','AJ Auxerre',17,'Gautier','Lloris','18-jul-1995','Difensore'),
  ('060599','AJ Auxerre',26,'Samuel','Souprayen','2-feb-1989','Difensore'),
  ('229012','AJ Auxerre',14,'Kenji-Van','Boto','7-mar-1996','Difensore'),
  ('098262','AJ Auxerre',3,'Quentin','Bernard','7-jul-1989','Difensore'),
  ('371686','AJ Auxerre',2,'Carlens','Arcus','28-jun-1996','Difensore'),
  ('324800','AJ Auxerre',15,'Alec','Georgen','17-sep-1998','Difensore'),
  ('806168','AJ Auxerre',5,'Paul','Joly','7-jun-2000','Difensore'),
  ('802894','AJ Auxerre',23,'Kryss','Chapelle','28-mar-2000','Difensore'),
  ('229853','AJ Auxerre',12,'Birama','Touré','6-jun-1992','Centrocampista'),
  ('396131','AJ Auxerre',6,'Aly','Ndom','30-may-1996','Centrocampista'),
  ('075282','AJ Auxerre',18,'François','Bellugou','25-apr-1987','Centrocampista'),
  ('478107','AJ Auxerre',24,'Ousoumane','Camara','19-dec-1998','Centrocampista'),
  ('263951','AJ Auxerre',22,'Hamza','Sakhi','7-jun-1996','Centrocampista'),
  ('138171','AJ Auxerre',29,'Mathias','Autret','1-mar-1991','Centrocampista'),
  ('170478','AJ Auxerre',27,'Axel','Ngando','13-jul-1993','Centrocampista'),
  ('174304','AJ Auxerre',21,'Rémy','Dugimont','1-jul-1986','Attaccante'),
  ('737481','AJ Auxerre',28,'Ryan','Ponti','22-jun-1998','Attaccante'),
  ('344892','AJ Auxerre',7,'Gauthier','Hein','7-aug-1996','Attaccante'),
  ('139018','AJ Auxerre',8,'Mickaël','Le Bihan','16-may-1990','Attaccante'),
  ('569376','AJ Auxerre',19,'Yanis','Begraoui','4-jul-2001','Attaccante'),
  ('065442','AJ Auxerre',null,'Dejan','Sorgic','15-sep-1989','Attaccante'),
  ('411439','AJ Auxerre',13,'Kévin','Fortuné','6-aug-1989','Attaccante'),
  ('251973','AJ Auxerre',null,'Xiaoxuan','Ji','19-mar-1993','Attaccante'),
  ('569140','AJ Auxerre',25,'Lassine','Sinayoko','8-dec-1999','Attaccante'),
  ('676549','AJ Auxerre',null,'Mohamed','Ben Fredj','9-may-2000','Attaccante'),
  ('465955','LB Châteauroux',40,'Marcin','Bulka','4-oct-1999','Portiere'),
  ('238635','LB Châteauroux',1,'Julien','Fabri','5-feb-1994','Portiere'),
  ('111027','LB Châteauroux',16,'Rémi','Pillot','27-jul-1990','Portiere'),
  ('624785','LB Châteauroux',30,'Wilfried','Bedfian','9-jul-2001','Portiere'),
  ('716728','LB Châteauroux',50,'Tommy','Plumain','12-jan-2001','Portiere'),
  ('745199','LB Châteauroux',null,'Arthur','Arias','1-jan-2002','Portiere'),
  ('198474','LB Châteauroux',3,'Yannick','M''Bone','16-apr-1993','Difensore'),
  ('696598','LB Châteauroux',2,'Ibrahim','Cissé','11-jan-1999','Difensore'),
  ('352448','LB Châteauroux',19,'Opa','Sangante','1-feb-1991','Difensore'),
  ('593322','LB Châteauroux',17,'Issa','Marega','20-apr-1998','Difensore'),
  ('691354','LB Châteauroux',6,'Leandro','Morante','18-apr-1997','Difensore'),
  ('693355','LB Châteauroux',null,'Adama','Fofana','1-aug-2001','Difensore'),
  ('469976','LB Châteauroux',21,'Christopher','Operi','29-apr-1997','Difensore'),
  ('178540','LB Châteauroux',24,'Chaker','Alhadhur','4-dec-1991','Difensore'),
  ('056815','LB Châteauroux',20,'Alexandre','Raineau','21-jun-1986','Difensore'),
  ('627463','LB Châteauroux',8,'Thibaut','Vargas','22-may-2000','Difensore'),
  ('106225','LB Châteauroux',28,'Jérémy','Cordoval','12-jan-1990','Difensore'),
  ('316748','LB Châteauroux',12,'Nama','Fofana','12-jun-1990','Difensore'),
  ('693360','LB Châteauroux',null,'Steven','Luyambula Biwa','9-oct-2002','Difensore'),
  ('830649','LB Châteauroux',null,'Mattéo','Veillon','1-mar-2002','Centrocampista'),
  ('146099','LB Châteauroux',4,'Remi','Mulumba','2-nov-1992','Centrocampista'),
  ('802823','LB Châteauroux',26,'Baptiste','Canelhas','9-may-2000','Centrocampista'),
  ('891786','LB Châteauroux',null,'Kenan','Toibibou','9-dec-2004','Centrocampista'),
  ('650350','LB Châteauroux',27,'Léo','Leroy','14-feb-2000','Centrocampista'),
  ('556579','LB Châteauroux',7,'Amir','Nouri','10-jul-1994','Centrocampista'),
  ('105400','LB Châteauroux',15,'Romain','Grange','21-jul-1988','Centrocampista'),
  ('054933','LB Châteauroux',18,'Gilles','Sunu','30-mar-1991','Centrocampista'),
  ('859369','LB Châteauroux',null,'Aboul Aziz','Gassama','5-mar-2003','Attaccante'),
  ('639058','LB Châteauroux',25,'Ilyas','Chouaref','12-dec-2000','Attaccante'),
  ('318529','LB Châteauroux',10,'Guevin','Tormin','28-oct-1997','Attaccante'),
  ('038536','LB Châteauroux',11,'Razak','Boukari','25-apr-1987','Attaccante'),
  ('693359','LB Châteauroux',null,'Ayoub','Ezzaytouni','12-sep-2001','Attaccante'),
  ('662208','LB Châteauroux',22,'Philippe','Keny','18-may-1999','Attaccante'),
  ('802747','LB Châteauroux',29,'Siriné','Doucouré','8-apr-2002','Attaccante'),
  ('480454','LB Châteauroux',9,'Yanis','Merdji','29-oct-1993','Attaccante'),
  ('691908','LB Châteauroux',14,'Alexis','Gonçalves Pereira','4-apr-1997','Attaccante'),
  ('358346','LB Châteauroux',13,'Prince','Ibara','7-feb-1996','Attaccante'),
  ('683769','LB Châteauroux',null,'Joseph','Dasse Brika','13-may-2002','Attaccante'),
  ('693361','LB Châteauroux',null,'François','Mendy','5-apr-2000','Attaccante'),
  ('827734','LB Châteauroux',null,'Ange-Yoan','Bonny','25-oct-2003','Attaccante'),
  ('078047','Grenoble Foot 38',1,'Brice','Maubleu','1-dec-1989','Portiere'),
  ('323253','Grenoble Foot 38',30,'Esteban','Salles','2-mar-1994','Portiere'),
  ('583393','Grenoble Foot 38',16,'Paul','Bourdelle','8-sep-2000','Portiere'),
  ('860689','Grenoble Foot 38',null,'Théo','Cozzi-Buet','25-feb-2001','Portiere'),
  ('281611','Grenoble Foot 38',5,'Adrien','Monfray','20-dec-1990','Difensore'),
  ('336303','Grenoble Foot 38',3,'Bart','Straalman','22-aug-1996','Difensore'),
  ('066490','Grenoble Foot 38',14,'Loïc','Nestor','20-may-1989','Difensore'),
  ('693636','Grenoble Foot 38',28,'Jules','Sylvestre-Brac','18-aug-1998','Difensore'),
  ('676191','Grenoble Foot 38',27,'Chris','Goteni','30-nov-1997','Difensore'),
  ('483460','Grenoble Foot 38',29,'Abdel Hakim','Abdallah','18-aug-1997','Difensore'),
  ('141102','Grenoble Foot 38',23,'Jérôme','Mombris','27-nov-1987','Difensore'),
  ('353395','Grenoble Foot 38',12,'Jordy','Gaspar','23-apr-1997','Difensore'),
  ('126659','Grenoble Foot 38',17,'Loris','Néry','5-feb-1991','Difensore'),
  ('351838','Grenoble Foot 38',13,'Harouna','Abou Demba','31-dec-1991','Difensore'),
  ('166630','Grenoble Foot 38',4,'Manuel','Perez','11-may-1991','Centrocampista'),
  ('243879','Grenoble Foot 38',6,'Charles','Pickel','15-may-1997','Centrocampista'),
  ('192526','Grenoble Foot 38',26,'Kevin','Tapoko','13-apr-1994','Centrocampista'),
  ('225855','Grenoble Foot 38',33,'Souleymane','Cissé','30-jul-1991','Centrocampista'),
  ('332047','Grenoble Foot 38',21,'Jessy','Benet','24-jun-1995','Centrocampista'),
  ('231916','Grenoble Foot 38',8,'Anthony','Belmonte','16-oct-1995','Centrocampista'),
  ('693356','Grenoble Foot 38',10,'Florian','Michel','25-mar-1992','Centrocampista'),
  ('740909','Grenoble Foot 38',null,'Maxence','Renoud','8-feb-2000','Centrocampista'),
  ('290605','Grenoble Foot 38',19,'Mamadou','Diallo','19-sep-1994','Attaccante'),
  ('202831','Grenoble Foot 38',9,'David','Henen','19-apr-1996','Attaccante'),
  ('531450','Grenoble Foot 38',7,'Willy','Semedo','27-apr-1994','Attaccante'),
  ('082461','Grenoble Foot 38',22,'Yoric','Ravet','12-sep-1989','Attaccante'),
  ('187598','Grenoble Foot 38',null,'Terell','Ondaan','9-sep-1993','Attaccante'),
  ('741198','Grenoble Foot 38',34,'Aziz','Bouzit','15-jul-1994','Attaccante'),
  ('591796','Grenoble Foot 38',2,'Moussa','Djitté','4-oct-1999','Attaccante'),
  ('238627','Grenoble Foot 38',11,'Achille','Anani','27-dec-1994','Attaccante'),
  ('744641','Grenoble Foot 38',null,'Orphé','Mbina','2-nov-2000','Attaccante'),
  ('358505','Rodez AF',1,'Théo','Guivarch','17-nov-1995','Portiere'),
  ('164915','Rodez AF',16,'Lionel','Mpasi-Nzau','1-aug-1994','Portiere'),
  ('525107','Rodez AF',30,'Thomas','Secchi','19-jun-1997','Portiere'),
  ('525108','Rodez AF',4,'Pierre','Bardy','27-aug-1992','Difensore'),
  ('524988','Rodez AF',5,'Yohan','Roche','7-jul-1997','Difensore'),
  ('491781','Rodez AF',17,'Nathanaël','Dieng','13-apr-1997','Difensore'),
  ('518073','Rodez AF',2,'Julien','Célestine','24-jul-1997','Difensore'),
  ('562174','Rodez AF',19,'Alexis','Peyrelade','16-apr-1997','Difensore'),
  ('254358','Rodez AF',23,'Johann','Obiang','5-jul-1993','Difensore'),
  ('352125','Rodez AF',7,'Nassim','Ouammou','27-apr-1993','Difensore'),
  ('525109','Rodez AF',21,'Joris','Chougrani','30-mar-1991','Difensore'),
  ('107395','Rodez AF',13,'Amiran','Sanaia','3-sep-1989','Difensore'),
  ('353981','Rodez AF',28,'Valentin','Henry','18-sep-1993','Difensore'),
  ('678660','Rodez AF',29,'Grégory','Coelho','1-jan-1999','Difensore'),
  ('525111','Rodez AF',6,'Rémy','Boissier','22-feb-1994','Centrocampista'),
  ('306224','Rodez AF',8,'Pierre','Ruffaut','17-jun-1987','Centrocampista'),
  ('237843','Rodez AF',22,'David','Douline','28-may-1993','Centrocampista'),
  ('109039','Rodez AF',14,'Loïc','Poujol','27-feb-1989','Centrocampista'),
  ('379742','Rodez AF',18,'Jordan','Leborgne','29-sep-1995','Centrocampista'),
  ('228999','Rodez AF',24,'Alexis','Alégué','23-dec-1996','Centrocampista'),
  ('569390','Rodez AF',25,'Julien','Ponceau','28-nov-2000','Centrocampista'),
  ('170905','Rodez AF',12,'Florian','David','16-nov-1992','Centrocampista'),
  ('118300','Rodez AF',10,'Aurélien','Tertereau','24-jul-1991','Centrocampista'),
  ('395244','Rodez AF',20,'Alan','Kerouedan','12-jan-2000','Attaccante'),
  ('525114','Rodez AF',11,'Ugo','Bonnet','17-sep-1993','Attaccante'),
  ('562425','Rodez AF',26,'Ayoub','Ouhafsa','14-nov-1997','Attaccante'),
  ('508940','Rodez AF',9,'Malaly','Dembélé','17-jun-1997','Attaccante'),
  ('182312','Rodez AF',null,'Pape','Sané','30-dec-1991','Attaccante'),
  ('777265','Rodez AF',null,'Daouda','Gueye','22-dec-1995','Attaccante'),
  ('500087','Rodez AF',3,'Boris','Mathis','15-aug-1997','Attaccante'),
  ('395602','Pau FC',1,'Alexandre','Olliero','15-feb-1996','Portiere'),
  ('195908','Pau FC',30,'Benjamin','Bertrand','24-jun-1992','Portiere'),
  ('789416','Pau FC',40,'Patrick','Trindade','6-mar-2002','Portiere'),
  ('593279','Pau FC',24,'Younn','Zahary','8-oct-1998','Difensore'),
  ('335146','Pau FC',17,'Antoine','Batisse','13-jan-1995','Difensore'),
  ('203759','Pau FC',null,'Mamadou','Kamissoko','15-apr-1993','Difensore'),
  ('469660','Pau FC',20,'Louis','Bury','10-jul-1995','Difensore'),
  ('531338','Pau FC',3,'Scotty','Sadzoute','29-apr-1998','Difensore'),
  ('017976','Pau FC',23,'Anthony','Scaramozzino','30-apr-1985','Difensore'),
  ('341942','Pau FC',7,'Erwin','Koffi','10-jan-1995','Difensore'),
  ('469662','Pau FC',null,'Damon','Bansais','8-jan-1994','Difensore'),
  ('602548','Pau FC',null,'Alpha','Sylla','5-mar-1998','Difensore'),
  ('132587','Pau FC',4,'Xavier','Kouassi','28-dec-1989','Centrocampista'),
  ('568687','Pau FC',5,'Abdourahmane','Ndiaye','31-dec-1996','Centrocampista'),
  ('474560','Pau FC',null,'Lucas','Laplace-Palette','9-feb-1996','Centrocampista'),
  ('603539','Pau FC',null,'Corentin','Chaminade','3-jul-1999','Centrocampista'),
  ('315587','Pau FC',14,'Souleymane','Diarra','30-jan-1995','Centrocampista'),
  ('407624','Pau FC',6,'Quentin','Daubin','3-jul-1995','Centrocampista'),
  ('701298','Pau FC',19,'Mamadou','Diatta','5-apr-2001','Centrocampista'),
  ('592358','Pau FC',8,'Victor','Lobry','16-jun-1995','Centrocampista'),
  ('170535','Pau FC',10,'Romain','Bayard','15-oct-1993','Centrocampista'),
  ('468246','Pau FC',21,'Steeve','Beusnard','27-jun-1992','Centrocampista'),
  ('568696','Pau FC',11,'Cheikh','Sabaly','4-mar-1999','Attaccante'),
  ('610123','Pau FC',26,'Itaitinga','null','4-oct-1998','Attaccante'),
  ('804546','Pau FC',25,'Paul','Meliande','20-dec-2001','Attaccante'),
  ('422718','Pau FC',13,'Mor','Nguer','9-oct-1997','Attaccante'),
  ('262558','Pau FC',18,'Ebenezer','Assifuah','3-jul-1993','Attaccante'),
  ('195162','Pau FC',12,'Mayron','George','23-oct-1993','Attaccante'),
  ('366047','Pau FC',null,'Yankuba','Jarju','20-aug-1996','Attaccante'),
  ('057344','Pau FC',9,'Romain','Armand','27-feb-1987','Attaccante'),
  ('315996','Pau FC',29,'Idrissa','Ba','11-nov-1990','Attaccante'),
  ('612331','Pau FC',28,'Thierno','Thioub','1-jun-1998','Attaccante'),
  ('045106','FC Chambly',30,'Simon','Pontdemé','4-may-1988','Portiere'),
  ('353368','FC Chambly',16,'Killian','Le Roy','31-jan-1998','Portiere'),
  ('111749','FC Chambly',1,'Xavier','Pinoteau','12-feb-1983','Portiere'),
  ('858921','FC Chambly',40,'Victor','Gassmann','10-may-2002','Portiere'),
  ('889443','FC Chambly',50,'Rafael','Marques','2-sep-1999','Portiere'),
  ('022639','FC Chambly',40,'Vincent','Planté','19-nov-1980','Portiere'),
  ('388795','FC Chambly',25,'Oumar','Gonzalez','25-feb-1998','Difensore'),
  ('205525','FC Chambly',29,'Maxence','Derrien','3-sep-1993','Difensore'),
  ('174361','FC Chambly',5,'Thibault','Jaques','29-mar-1988','Difensore'),
  ('603545','FC Chambly',4,'Lucas','Camelo','7-feb-1999','Difensore'),
  ('110154','FC Chambly',11,'Anthony','Soubervie','24-apr-1984','Difensore'),
  ('239255','FC Chambly',23,'Guillaume','Dequaire','11-jul-1990','Difensore'),
  ('858935','FC Chambly',33,'Adrien','Pinot','6-may-2001','Difensore'),
  ('858922','FC Chambly',null,'Paul','Schacherer','16-jan-2002','Difensore'),
  ('863414','FC Chambly',null,'Yanis','Dede-Lhomme','13-jun-2002','Difensore'),
  ('650809','FC Chambly',18,'Shaquil','Delos','16-jun-1999','Difensore'),
  ('233858','FC Chambly',3,'Aniss','El Hriti','28-jul-1989','Difensore'),
  ('798928','FC Chambly',null,'Germain','Kapela','24-sep-2002','Difensore'),
  ('324798','FC Chambly',14,'Bradley','Danger','29-jan-1998','Centrocampista'),
  ('362344','FC Chambly',19,'Lorenzo','Callegari','27-feb-1998','Centrocampista'),
  ('271390','FC Chambly',6,'Joachim','Eickmayer','11-jan-1993','Centrocampista'),
  ('170982','FC Chambly',28,'Jonathan','Beaulieu','11-mar-1993','Centrocampista'),
  ('507630','FC Chambly',null,'Boubacari','Doucouré','19-mar-1999','Centrocampista'),
  ('411428','FC Chambly',24,'John','Popelard','24-nov-1985','Centrocampista'),
  ('866022','FC Chambly',null,'Dorian','Godefroy','8-aug-2002','Centrocampista'),
  ('203497','FC Chambly',8,'Sébastien','Flochon','19-jan-1993','Centrocampista'),
  ('418594','FC Chambly',10,'Guillaume','Heinry','3-dec-1989','Centrocampista'),
  ('077834','FC Chambly',15,'Marvin','Martin','10-jan-1988','Centrocampista'),
  ('644080','FC Chambly',17,'Cyril','Zabou','18-jun-1996','Centrocampista'),
  ('203512','FC Chambly',12,'Mickaël','Latour','16-sep-1995','Centrocampista'),
  ('683768','FC Chambly',null,'Tony','Lesueur','19-aug-2000','Centrocampista'),
  ('334724','FC Chambly',null,'Luka','Susnjara','4-apr-1997','Attaccante'),
  ('552160','FC Chambly',21,'Nikola','Petkovic','23-sep-1996','Attaccante'),
  ('303406','FC Chambly',27,'Joris','Correa','25-dec-1993','Attaccante'),
  ('591197','FC Chambly',2,'Bastian','Badu','2-feb-2000','Attaccante'),
  ('345041','FC Chambly',26,'Vlatko','Stojanovski','23-apr-1997','Attaccante'),
  ('257345','FC Chambly',7,'Lassana','Doucouré','24-jan-1991','Attaccante'),
  ('127038','FC Chambly',9,'Medhy','Guezoui','30-mar-1989','Attaccante'),
  ('440886','FC Chambly',31,'Yannick','Mamilonne','9-feb-1992','Attaccante'),
  ('164967','USL Dunkerque',30,'Axel','Maraval','20-oct-1993','Portiere'),
  ('203770','USL Dunkerque',1,'Jérémy','Vachoux','7-jul-1994','Portiere'),
  ('468701','USL Dunkerque',40,'Marc-Antoine','Guillaume','11-mar-1996','Portiere'),
  ('590419','USL Dunkerque',16,'Dorian','Salhi','1-jun-1999','Portiere'),
  ('857063','USL Dunkerque',null,'Arthur','Beelkens','22-aug-2002','Difensore'),
  ('341393','USL Dunkerque',12,'Ibrahim','Cissé','2-may-1996','Difensore'),
  ('410061','USL Dunkerque',3,'Loïc','Kouagba','9-jun-1994','Difensore'),
  ('419997','USL Dunkerque',15,'Alioune','Ba','7-nov-1989','Difensore'),
  ('681325','USL Dunkerque',27,'Adon','Gomis','19-jul-1992','Difensore'),
  ('730355','USL Dunkerque',33,'Thomas','Vannoye','11-jul-1998','Difensore'),
  ('694798','USL Dunkerque',23,'David','Kabamba Kalonji','23-may-2000','Difensore'),
  ('857064','USL Dunkerque',null,'Théo','Loridan','9-apr-2003','Difensore'),
  ('524677','USL Dunkerque',17,'Harouna','Sy','30-mar-1996','Difensore'),
  ('205629','USL Dunkerque',5,'Jovanie','Tchouatcha','5-sep-1994','Difensore'),
  ('170984','USL Dunkerque',2,'Emeric','Dudouit','7-sep-1991','Difensore'),
  ('137970','USL Dunkerque',28,'Demba','Thiam','2-dec-1989','Difensore'),
  ('802165','USL Dunkerque',34,'Ozkan','Cetiner','25-nov-2000','Centrocampista'),
  ('552467','USL Dunkerque',19,'Leverton','Pierre','9-mar-1998','Centrocampista'),
  ('448633','USL Dunkerque',22,'Randi','Goteni','7-may-1995','Centrocampista'),
  ('102663','USL Dunkerque',6,'Jérémy','Huysman','8-nov-1988','Centrocampista'),
  ('351834','USL Dunkerque',24,'Redouane','Kerrouche','26-apr-1994','Centrocampista'),
  ('467637','USL Dunkerque',21,'Nicolas','Bruneel','8-mar-1997','Centrocampista'),
  ('470491','USL Dunkerque',25,'Jorris','Romil','27-dec-1994','Centrocampista'),
  ('739769','USL Dunkerque',20,'Ilan','Kebbal','10-jul-1998','Centrocampista'),
  ('365881','USL Dunkerque',8,'Thibault','Vialla','7-jan-1996','Centrocampista'),
  ('148785','USL Dunkerque',10,'Dimitri','Boudaud','10-feb-1987','Centrocampista'),
  ('281614','USL Dunkerque',9,'Kévin','Rocheteau','10-jul-1993','Attaccante'),
  ('481721','USL Dunkerque',7,'Guillaume','Bosca','23-oct-1989','Attaccante'),
  ('412085','USL Dunkerque',18,'Malik','Tchokounté','11-sep-1988','Attaccante'),
  ('134712','USL Dunkerque',11,'Billy','Ketkeophomphone','24-mar-1990','Attaccante'),
  ('179408','USL Dunkerque',29,'Cheick','Diarra','11-feb-1992','Attaccante');

insert into Partite values
  ('FR200000',1,'ESTAC Troyes','AC Le Havre',2,0),
  ('FR200001',3,'ESTAC Troyes','Pau FC',2,0),
  ('FR200002',5,'ESTAC Troyes','Clermont Foot 63',1,0),
  ('FR200003',8,'ESTAC Troyes','Valenciennes FC',1,1),
  ('FR200004',10,'ESTAC Troyes','FC Chambly',2,2),
  ('FR200005',12,'ESTAC Troyes','Amiens SC',2,1),
  ('FR200006',14,'ESTAC Troyes','Paris FC',2,1),
  ('FR200007',16,'ESTAC Troyes','Chamois Niortais FC',1,0),
  ('FR200008',18,'ESTAC Troyes','LB Châteauroux',2,0),
  ('FR200009',1,'Clermont Foot 63','SM Caen',0,0),
  ('FR200010',4,'Clermont Foot 63','FC Toulouse',1,1),
  ('FR200011',6,'Clermont Foot 63','Rodez AF',3,0),
  ('FR200012',8,'Clermont Foot 63','AC Ajaccio',0,2),
  ('FR200013',10,'Clermont Foot 63','EA Guingamp',0,0),
  ('FR200014',12,'Clermont Foot 63','AS Nancy-Lorraine',2,0),
  ('FR200015',14,'Clermont Foot 63','Pau FC',3,0),
  ('FR200016',16,'Clermont Foot 63','Paris FC',3,2),
  ('FR200017',18,'Clermont Foot 63','Grenoble Foot 38',3,0),
  ('FR200018',1,'FC Toulouse','USL Dunkerque',0,1),
  ('FR200019',3,'FC Toulouse','FC Sochaux-Montbéliard',0,0),
  ('FR200020',5,'FC Toulouse','AJ Auxerre',3,1),
  ('FR200021',6,'FC Toulouse','ESTAC Troyes',0,0),
  ('FR200022',8,'FC Toulouse','Rodez AF',3,0),
  ('FR200023',10,'FC Toulouse','Valenciennes FC',4,5),
  ('FR200024',12,'FC Toulouse','Chamois Niortais FC',2,1),
  ('FR200025',14,'FC Toulouse','EA Guingamp',2,2),
  ('FR200026',16,'FC Toulouse','AC Le Havre',4,3),
  ('FR200027',18,'FC Toulouse','Paris FC',1,0),
  ('FR200028',2,'Grenoble Foot 38','FC Toulouse',5,3),
  ('FR200029',4,'Grenoble Foot 38','AC Ajaccio',2,0),
  ('FR200030',6,'Grenoble Foot 38','Valenciennes FC',2,0),
  ('FR200031',8,'Grenoble Foot 38','AS Nancy-Lorraine',1,0),
  ('FR200032',10,'Grenoble Foot 38','AC Le Havre',2,1),
  ('FR200033',12,'Grenoble Foot 38','Paris FC',0,0),
  ('FR200034',15,'Grenoble Foot 38','USL Dunkerque',4,0),
  ('FR200035',17,'Grenoble Foot 38','ESTAC Troyes',2,0),
  ('FR200036',19,'Grenoble Foot 38','AJ Auxerre',2,2),
  ('FR200037',2,'Paris FC','Valenciennes FC',1,0),
  ('FR200038',4,'Paris FC','AS Nancy-Lorraine',0,2),
  ('FR200039',6,'Paris FC','AC Le Havre',3,0),
  ('FR200040',7,'Paris FC','Pau FC',1,0),
  ('FR200041',9,'Paris FC','SM Caen',3,1),
  ('FR200042',11,'Paris FC','AJ Auxerre',0,3),
  ('FR200043',13,'Paris FC','FC Sochaux-Montbéliard',0,0),
  ('FR200044',15,'Paris FC','Rodez AF',1,1),
  ('FR200045',17,'Paris FC','EA Guingamp',3,2),
  ('FR200046',19,'Paris FC','AC Ajaccio',1,1),
  ('FR200047',1,'AJ Auxerre','FC Sochaux-Montbéliard',0,2),
  ('FR200048',3,'AJ Auxerre','Clermont Foot 63',0,1),
  ('FR200049',4,'AJ Auxerre','ESTAC Troyes',2,1),
  ('FR200050',6,'AJ Auxerre','AC Ajaccio',5,1),
  ('FR200051',8,'AJ Auxerre','FC Chambly',4,0),
  ('FR200052',10,'AJ Auxerre','Amiens SC',2,1),
  ('FR200053',12,'AJ Auxerre','Valenciennes FC',1,1),
  ('FR200054',14,'AJ Auxerre','Chamois Niortais FC',6,0),
  ('FR200055',16,'AJ Auxerre','Pau FC',2,1),
  ('FR200056',18,'AJ Auxerre','SM Caen',1,1),
  ('FR200057',2,'FC Sochaux-Montbéliard','ESTAC Troyes',2,1),
  ('FR200058',4,'FC Sochaux-Montbéliard','Rodez AF',2,2),
  ('FR200059',6,'FC Sochaux-Montbéliard','FC Chambly',3,2),
  ('FR200060',8,'FC Sochaux-Montbéliard','Amiens SC',0,2),
  ('FR200061',10,'FC Sochaux-Montbéliard','Chamois Niortais FC',3,4),
  ('FR200062',12,'FC Sochaux-Montbéliard','AC Le Havre',4,0),
  ('FR200063',14,'FC Sochaux-Montbéliard','AS Nancy-Lorraine',1,1),
  ('FR200064',16,'FC Sochaux-Montbéliard','Grenoble Foot 38',1,1),
  ('FR200065',18,'FC Sochaux-Montbéliard','USL Dunkerque',1,0),
  ('FR200066',19,'FC Sochaux-Montbéliard','Clermont Foot 63',0,0),
  ('FR200067',2,'AS Nancy-Lorraine','EA Guingamp',2,2),
  ('FR200068',5,'AS Nancy-Lorraine','AC Le Havre',0,1),
  ('FR200069',7,'AS Nancy-Lorraine','USL Dunkerque',2,1),
  ('FR200070',9,'AS Nancy-Lorraine','LB Châteauroux',2,1),
  ('FR200071',11,'AS Nancy-Lorraine','ESTAC Troyes',2,3),
  ('FR200072',13,'AS Nancy-Lorraine','FC Toulouse',1,3),
  ('FR200073',15,'AS Nancy-Lorraine','AJ Auxerre',2,2),
  ('FR200074',17,'AS Nancy-Lorraine','FC Chambly',3,3),
  ('FR200075',19,'AS Nancy-Lorraine','Rodez AF',2,2),
  ('FR200076',1,'EA Guingamp','Chamois Niortais FC',0,1),
  ('FR200077',3,'EA Guingamp','AC Le Havre',1,3),
  ('FR200078',5,'EA Guingamp','Grenoble Foot 38',1,0),
  ('FR200079',7,'EA Guingamp','AJ Auxerre',2,0),
  ('FR200080',9,'EA Guingamp','FC Sochaux-Montbéliard',0,0),
  ('FR200081',11,'EA Guingamp','AC Ajaccio',2,2),
  ('FR200082',13,'EA Guingamp','ESTAC Troyes',1,2),
  ('FR200083',15,'EA Guingamp','Valenciennes FC',1,1),
  ('FR200084',18,'EA Guingamp','Amiens SC',2,2),
  ('FR200085',1,'Amiens SC','AS Nancy-Lorraine',1,0),
  ('FR200086',3,'Amiens SC','Paris FC',1,2),
  ('FR200087',5,'Amiens SC','Pau FC',0,0),
  ('FR200088',7,'Amiens SC','Grenoble Foot 38',1,0),
  ('FR200089',9,'Amiens SC','FC Toulouse',0,1),
  ('FR200090',11,'Amiens SC','Clermont Foot 63',1,1),
  ('FR200091',13,'Amiens SC','USL Dunkerque',1,0),
  ('FR200092',15,'Amiens SC','FC Chambly',1,1),
  ('FR200093',17,'Amiens SC','AC Ajaccio',0,0),
  ('FR200094',1,'Valenciennes FC','Pau FC',3,0),
  ('FR200095',3,'Valenciennes FC','LB Châteauroux',1,0),
  ('FR200096',5,'Valenciennes FC','SM Caen',1,0),
  ('FR200097',7,'Valenciennes FC','FC Sochaux-Montbéliard',0,0),
  ('FR200098',9,'Valenciennes FC','Clermont Foot 63',1,3),
  ('FR200099',11,'Valenciennes FC','Rodez AF',1,1),
  ('FR200100',13,'Valenciennes FC','AC Ajaccio',1,1),
  ('FR200101',16,'Valenciennes FC','Amiens SC',0,2),
  ('FR200102',18,'Valenciennes FC','AS Nancy-Lorraine',2,3),
  ('FR200103',2,'AC Le Havre','Amiens SC',1,0),
  ('FR200104',4,'AC Le Havre','Chamois Niortais FC',0,1),
  ('FR200105',7,'AC Le Havre','LB Châteauroux',1,1),
  ('FR200106',9,'AC Le Havre','Pau FC',1,0),
  ('FR200107',11,'AC Le Havre','SM Caen',1,2),
  ('FR200108',13,'AC Le Havre','AJ Auxerre',1,1),
  ('FR200109',15,'AC Le Havre','Clermont Foot 63',0,0),
  ('FR200110',17,'AC Le Havre','Rodez AF',1,1),
  ('FR200111',19,'AC Le Havre','Valenciennes FC',0,2),
  ('FR200112',1,'AC Ajaccio','LB Châteauroux',0,1),
  ('FR200113',3,'AC Ajaccio','USL Dunkerque',1,0),
  ('FR200114',5,'AC Ajaccio','FC Sochaux-Montbéliard',1,1),
  ('FR200115',7,'AC Ajaccio','FC Toulouse',0,1),
  ('FR200116',9,'AC Ajaccio','ESTAC Troyes',0,4),
  ('FR200117',12,'AC Ajaccio','FC Chambly',0,0),
  ('FR200118',14,'AC Ajaccio','AC Le Havre',1,1),
  ('FR200119',16,'AC Ajaccio','AS Nancy-Lorraine',1,0),
  ('FR200120',18,'AC Ajaccio','Pau FC',4,1),
  ('FR200121',2,'Pau FC','Rodez AF',1,1),
  ('FR200122',4,'Pau FC','EA Guingamp',0,1),
  ('FR200123',6,'Pau FC','AS Nancy-Lorraine',1,1),
  ('FR200124',8,'Pau FC','Chamois Niortais FC',4,1),
  ('FR200125',11,'Pau FC','Grenoble Foot 38',0,2),
  ('FR200126',13,'Pau FC','SM Caen',1,0),
  ('FR200127',15,'Pau FC','FC Sochaux-Montbéliard',0,0),
  ('FR200128',17,'Pau FC','FC Toulouse',0,3),
  ('FR200129',19,'Pau FC','FC Chambly',1,3),
  ('FR200130',1,'Rodez AF','Grenoble Foot 38',1,0),
  ('FR200131',3,'Rodez AF','SM Caen',0,3),
  ('FR200132',5,'Rodez AF','USL Dunkerque',2,1),
  ('FR200133',7,'Rodez AF','ESTAC Troyes',0,1),
  ('FR200134',9,'Rodez AF','AJ Auxerre',2,2),
  ('FR200135',10,'Rodez AF','AC Ajaccio',0,1),
  ('FR200136',12,'Rodez AF','EA Guingamp',1,1),
  ('FR200137',14,'Rodez AF','Amiens SC',1,2),
  ('FR200138',16,'Rodez AF','LB Châteauroux',1,1),
  ('FR200139',18,'Rodez AF','Chamois Niortais FC',1,1),
  ('FR200140',2,'USL Dunkerque','Clermont Foot 63',1,1),
  ('FR200141',4,'USL Dunkerque','Valenciennes FC',1,0),
  ('FR200142',6,'USL Dunkerque','EA Guingamp',1,0),
  ('FR200143',8,'USL Dunkerque','AC Le Havre',0,1),
  ('FR200144',10,'USL Dunkerque','Paris FC',0,1),
  ('FR200145',12,'USL Dunkerque','Pau FC',2,2),
  ('FR200146',14,'USL Dunkerque','LB Châteauroux',2,0),
  ('FR200147',16,'USL Dunkerque','SM Caen',2,3),
  ('FR200148',17,'USL Dunkerque','AJ Auxerre',0,1),
  ('FR200149',19,'USL Dunkerque','ESTAC Troyes',0,0),
  ('FR200150',2,'SM Caen','AC Ajaccio',1,0),
  ('FR200151',4,'SM Caen','FC Chambly',0,0),
  ('FR200152',6,'SM Caen','Amiens SC',1,0),
  ('FR200153',8,'SM Caen','EA Guingamp',1,0),
  ('FR200154',10,'SM Caen','AS Nancy-Lorraine',2,1),
  ('FR200155',12,'SM Caen','LB Châteauroux',1,1),
  ('FR200156',14,'SM Caen','Grenoble Foot 38',1,1),
  ('FR200157',15,'SM Caen','ESTAC Troyes',0,0),
  ('FR200158',17,'SM Caen','FC Sochaux-Montbéliard',1,4),
  ('FR200159',19,'SM Caen','FC Toulouse',2,2),
  ('FR200160',2,'Chamois Niortais FC','FC Chambly',1,1),
  ('FR200161',3,'Chamois Niortais FC','AS Nancy-Lorraine',1,0),
  ('FR200162',5,'Chamois Niortais FC','Paris FC',2,2),
  ('FR200163',7,'Chamois Niortais FC','SM Caen',3,0),
  ('FR200164',9,'Chamois Niortais FC','Grenoble Foot 38',0,0),
  ('FR200165',11,'Chamois Niortais FC','USL Dunkerque',1,2),
  ('FR200166',13,'Chamois Niortais FC','Clermont Foot 63',1,0),
  ('FR200167',15,'Chamois Niortais FC','AC Ajaccio',2,0),
  ('FR200168',17,'Chamois Niortais FC','Valenciennes FC',0,3),
  ('FR200169',19,'Chamois Niortais FC','Amiens SC',0,2),
  ('FR200170',1,'FC Chambly','Paris FC',0,3),
  ('FR200171',3,'FC Chambly','Grenoble Foot 38',1,2),
  ('FR200172',5,'FC Chambly','LB Châteauroux',2,1),
  ('FR200173',7,'FC Chambly','Clermont Foot 63',0,3),
  ('FR200174',9,'FC Chambly','USL Dunkerque',0,1),
  ('FR200175',11,'FC Chambly','FC Toulouse',1,1),
  ('FR200176',13,'FC Chambly','Rodez AF',1,0),
  ('FR200177',14,'FC Chambly','Valenciennes FC',1,2),
  ('FR200178',16,'FC Chambly','EA Guingamp',3,0),
  ('FR200179',18,'FC Chambly','AC Le Havre',0,1),
  ('FR200180',2,'LB Châteauroux','AJ Auxerre',1,2),
  ('FR200181',4,'LB Châteauroux','Amiens SC',0,0),
  ('FR200182',6,'LB Châteauroux','Chamois Niortais FC',2,0),
  ('FR200183',8,'LB Châteauroux','Paris FC',1,2),
  ('FR200184',10,'LB Châteauroux','Pau FC',0,3),
  ('FR200185',11,'LB Châteauroux','FC Sochaux-Montbéliard',2,1),
  ('FR200186',13,'LB Châteauroux','Grenoble Foot 38',0,1),
  ('FR200187',15,'LB Châteauroux','FC Toulouse',0,3),
  ('FR200188',17,'LB Châteauroux','Clermont Foot 63',0,1),
  ('FR200189',19,'LB Châteauroux','EA Guingamp',2,3);

insert into Gol values
  ('FR200000',78,'537182',false),
  ('FR200000',91,'537182',false),
  ('FR200001',37,'129990',false),
  ('FR200001',87,'418660',false),
  ('FR200002',13,'277635',false),
  ('FR200003',8,'057514',false),
  ('FR200003',16,'068718',false),
  ('FR200004',2,'435492',false),
  ('FR200004',25,'303406',false),
  ('FR200004',44,'068718',false),
  ('FR200004',81,'257345',false),
  ('FR200005',12,'068718',false),
  ('FR200005',44,'355370',false),
  ('FR200005',80,'131101',false),
  ('FR200006',31,'508941',false),
  ('FR200006',43,'355370',false),
  ('FR200006',66,'586262',false),
  ('FR200007',52,'129990',false),
  ('FR200008',77,'696598',true),
  ('FR200008',84,'418660',false),
  ('FR200010',10,'306191',false),
  ('FR200010',88,'538974',false),
  ('FR200011',5,'594997',false),
  ('FR200011',44,'646733',false),
  ('FR200011',92,'594991',false),
  ('FR200012',54,'171408',false),
  ('FR200012',90,'119104',false),
  ('FR200014',30,'221151',false),
  ('FR200014',69,'646733',false),
  ('FR200015',37,'594991',false),
  ('FR200015',55,'594991',false),
  ('FR200015',63,'646733',false),
  ('FR200016',7,'221151',false),
  ('FR200016',22,'221151',false),
  ('FR200016',43,'091473',true),
  ('FR200016',52,'306191',false),
  ('FR200016',77,'170506',false),
  ('FR200017',14,'198709',false),
  ('FR200017',77,'221151',false),
  ('FR200017',94,'594991',false),
  ('FR200018',55,'467637',false),
  ('FR200020',58,'139018',false),
  ('FR200020',69,'203938',false),
  ('FR200020',86,'203517',false),
  ('FR200020',93,'238185',false),
  ('FR200022',13,'159098',false),
  ('FR200022',56,'344072',false),
  ('FR200022',96,'241501',false),
  ('FR200023',14,'532776',false),
  ('FR200023',23,'532776',false),
  ('FR200023',27,'460632',false),
  ('FR200023',33,'109720',false),
  ('FR200023',58,'159098',false),
  ('FR200023',63,'109720',false),
  ('FR200023',77,'109720',false),
  ('FR200023',83,'538974',false),
  ('FR200023',85,'109720',false),
  ('FR200024',7,'565060',false),
  ('FR200024',9,'203938',false),
  ('FR200024',79,'238185',false),
  ('FR200025',51,'238185',false),
  ('FR200025',56,'220848',false),
  ('FR200025',73,'538974',false),
  ('FR200025',81,'111053',false),
  ('FR200026',2,'238185',false),
  ('FR200026',12,'238185',false),
  ('FR200026',19,'033906',false),
  ('FR200026',31,'532776',false),
  ('FR200026',50,'341549',false),
  ('FR200026',83,'344607',false),
  ('FR200026',98,'241501',false),
  ('FR200027',66,'241501',false),
  ('FR200028',12,'066490',false),
  ('FR200028',16,'238627',false),
  ('FR200028',30,'375877',false),
  ('FR200028',32,'332047',false),
  ('FR200028',42,'531450',false),
  ('FR200028',45,'375877',false),
  ('FR200028',69,'591796',false),
  ('FR200028',80,'538974',false),
  ('FR200029',18,'332047',false),
  ('FR200029',79,'591796',false),
  ('FR200030',30,'290605',false),
  ('FR200030',58,'082461',false),
  ('FR200031',38,'290605',false),
  ('FR200032',40,'192526',false),
  ('FR200032',82,'531450',false),
  ('FR200032',94,'276768',false),
  ('FR200034',43,'531450',false),
  ('FR200034',51,'591796',false),
  ('FR200034',70,'066490',false),
  ('FR200034',90,'238627',false),
  ('FR200035',72,'290605',false),
  ('FR200035',76,'332047',false),
  ('FR200036',23,'139018',false),
  ('FR200036',50,'263951',false),
  ('FR200036',79,'238627',false),
  ('FR200036',93,'066490',false),
  ('FR200037',47,'291124',false),
  ('FR200038',74,'524860',false),
  ('FR200038',94,'510258',false),
  ('FR200039',33,'211474',false),
  ('FR200039',56,'170506',false),
  ('FR200039',77,'170506',false),
  ('FR200040',78,'436170',false),
  ('FR200041',12,'276255',false),
  ('FR200041',43,'528470',false),
  ('FR200041',49,'170506',false),
  ('FR200041',70,'369599',false),
  ('FR200042',5,'139018',false),
  ('FR200042',9,'174304',false),
  ('FR200042',38,'139018',false),
  ('FR200044',4,'525111',false),
  ('FR200044',89,'211474',false),
  ('FR200045',26,'291124',false),
  ('FR200045',63,'170976',false),
  ('FR200045',66,'427693',false),
  ('FR200045',82,'111053',false),
  ('FR200045',91,'586262',false),
  ('FR200046',31,'364525',false),
  ('FR200046',90,'436170',false),
  ('FR200047',3,'282031',false),
  ('FR200047',46,'395677',false),
  ('FR200048',84,'221151',false),
  ('FR200049',37,'170478',false),
  ('FR200049',58,'139018',false),
  ('FR200049',91,'068718',false),
  ('FR200050',7,'139018',false),
  ('FR200050',23,'174304',false),
  ('FR200050',30,'804661',false),
  ('FR200050',37,'139018',false),
  ('FR200050',41,'174304',false),
  ('FR200050',84,'411439',false),
  ('FR200051',17,'139018',false),
  ('FR200051',20,'174304',false),
  ('FR200051',29,'139018',false),
  ('FR200051',49,'139018',false),
  ('FR200052',44,'263951',false),
  ('FR200052',57,'174304',false),
  ('FR200052',77,'424709',false),
  ('FR200053',12,'057514',false),
  ('FR200053',46,'138171',false),
  ('FR200054',4,'139018',false),
  ('FR200054',34,'138171',false),
  ('FR200054',50,'139018',false),
  ('FR200054',65,'344892',false),
  ('FR200054',76,'263951',false),
  ('FR200054',81,'139018',false),
  ('FR200055',12,'335146',false),
  ('FR200055',49,'174304',false),
  ('FR200056',53,'174304',false),
  ('FR200056',81,'111048',false),
  ('FR200057',29,'204585',false),
  ('FR200057',84,'347958',false),
  ('FR200057',90,'693637',false),
  ('FR200058',15,'525111',false),
  ('FR200058',47,'525111',false),
  ('FR200058',68,'294791',false),
  ('FR200058',83,'347958',false),
  ('FR200059',8,'303406',false),
  ('FR200059',24,'347958',false),
  ('FR200059',48,'347958',false),
  ('FR200059',88,'324798',false),
  ('FR200059',89,'253842',false),
  ('FR200060',92,'526784',false),
  ('FR200060',93,'424709',false),
  ('FR200061',9,'344151',false),
  ('FR200061',29,'291415',false),
  ('FR200061',32,'477109',false),
  ('FR200061',66,'565060',false),
  ('FR200061',68,'291415',false),
  ('FR200061',79,'347958',false),
  ('FR200061',84,'347958',false),
  ('FR200062',9,'294791',false),
  ('FR200062',15,'294791',false),
  ('FR200062',21,'477109',false),
  ('FR200062',65,'347958',false),
  ('FR200063',51,'654415',false),
  ('FR200063',57,'476527',false),
  ('FR200064',17,'591796',false),
  ('FR200064',40,'477109',false),
  ('FR200065',63,'347958',false),
  ('FR200067',56,'220848',false),
  ('FR200067',63,'524860',false),
  ('FR200067',69,'524860',false),
  ('FR200067',92,'427693',false),
  ('FR200068',66,'109965',false),
  ('FR200069',31,'635103',false),
  ('FR200069',43,'506009',false),
  ('FR200069',73,'179408',false),
  ('FR200070',15,'105400',false),
  ('FR200070',54,'506009',false),
  ('FR200070',71,'229003',false),
  ('FR200071',5,'506009',false),
  ('FR200071',15,'435492',false),
  ('FR200071',21,'149444',false),
  ('FR200071',27,'068718',false),
  ('FR200071',48,'283136',true),
  ('FR200072',25,'524860',false),
  ('FR200072',54,'238185',false),
  ('FR200072',65,'241501',false),
  ('FR200072',93,'532776',false),
  ('FR200073',31,'283136',false),
  ('FR200073',32,'138171',false),
  ('FR200073',35,'263951',false),
  ('FR200073',48,'506009',false),
  ('FR200074',11,'659516',false),
  ('FR200074',18,'388795',false),
  ('FR200074',56,'418594',false),
  ('FR200074',74,'637850',false),
  ('FR200074',81,'635103',false),
  ('FR200074',90,'418594',false),
  ('FR200075',9,'229003',false),
  ('FR200075',26,'525111',false),
  ('FR200075',70,'637850',false),
  ('FR200075',91,'229003',true),
  ('FR200076',39,'565060',false),
  ('FR200077',6,'262022',false),
  ('FR200077',45,'262022',false),
  ('FR200077',69,'525113',true),
  ('FR200077',73,'427693',false),
  ('FR200078',23,'111053',false),
  ('FR200079',59,'170938',false),
  ('FR200079',81,'324806',false),
  ('FR200081',22,'119104',false),
  ('FR200081',49,'220848',false),
  ('FR200081',54,'364525',false),
  ('FR200081',92,'165400',false),
  ('FR200082',18,'068718',false),
  ('FR200082',53,'076055',false),
  ('FR200082',77,'693637',false),
  ('FR200083',55,'264567',false),
  ('FR200083',66,'111053',false),
  ('FR200084',6,'220848',false),
  ('FR200084',16,'272631',false),
  ('FR200084',37,'492955',false),
  ('FR200084',85,'172153',false),
  ('FR200085',71,'270541',false),
  ('FR200086',40,'170506',false),
  ('FR200086',57,'586262',false),
  ('FR200086',71,'131101',false),
  ('FR200088',64,'491890',false),
  ('FR200089',55,'241501',false),
  ('FR200090',44,'327863',true),
  ('FR200090',67,'594991',false),
  ('FR200091',13,'491890',false),
  ('FR200092',11,'127038',false),
  ('FR200092',94,'526784',false),
  ('FR200094',4,'264567',false),
  ('FR200094',13,'057514',false),
  ('FR200094',57,'460632',false),
  ('FR200095',67,'264567',false),
  ('FR200096',10,'375287',false),
  ('FR200098',20,'594991',false),
  ('FR200098',37,'460632',false),
  ('FR200098',67,'594991',false),
  ('FR200098',86,'594991',false),
  ('FR200099',39,'264567',false),
  ('FR200099',71,'237843',false),
  ('FR200100',24,'494315',true),
  ('FR200100',58,'264567',false),
  ('FR200101',81,'172153',false),
  ('FR200101',85,'693352',false),
  ('FR200102',45,'264567',false),
  ('FR200102',52,'460632',false),
  ('FR200102',59,'524860',false),
  ('FR200102',77,'476527',false),
  ('FR200102',90,'039317',false),
  ('FR200103',44,'804715',true),
  ('FR200104',90,'243725',false),
  ('FR200105',8,'725288',false),
  ('FR200105',16,'054933',false),
  ('FR200106',3,'725288',false),
  ('FR200107',45,'592979',false),
  ('FR200107',76,'060525',false),
  ('FR200107',85,'276255',false),
  ('FR200108',39,'138171',false),
  ('FR200108',49,'249636',true),
  ('FR200110',50,'409147',false),
  ('FR200110',80,'562425',false),
  ('FR200111',63,'395240',false),
  ('FR200111',67,'264567',false),
  ('FR200112',78,'556579',false),
  ('FR200113',72,'149518',false),
  ('FR200114',11,'149518',false),
  ('FR200114',48,'457780',false),
  ('FR200115',87,'241501',false),
  ('FR200116',22,'355370',false),
  ('FR200116',49,'068718',false),
  ('FR200116',63,'468705',false),
  ('FR200116',83,'804708',false),
  ('FR200118',40,'109965',false),
  ('FR200118',65,'171408',false),
  ('FR200119',48,'364525',false),
  ('FR200120',12,'364525',false),
  ('FR200120',30,'119104',false),
  ('FR200120',32,'568696',false),
  ('FR200120',50,'627163',false),
  ('FR200120',61,'375881',false),
  ('FR200121',60,'525114',false),
  ('FR200121',82,'469662',false),
  ('FR200122',55,'220848',false),
  ('FR200123',40,'525119',true),
  ('FR200123',86,'510258',false),
  ('FR200124',13,'517378',false),
  ('FR200124',38,'262558',false),
  ('FR200124',45,'568696',false),
  ('FR200124',80,'568696',false),
  ('FR200124',91,'057344',false),
  ('FR200125',24,'066490',false),
  ('FR200125',38,'332047',false),
  ('FR200126',14,'057344',false),
  ('FR200128',30,'238185',false),
  ('FR200128',57,'344072',false),
  ('FR200128',84,'624690',false),
  ('FR200129',5,'127038',false),
  ('FR200129',47,'303406',false),
  ('FR200129',61,'593279',false),
  ('FR200129',68,'127038',false),
  ('FR200130',70,'562425',false),
  ('FR200131',3,'704156',false),
  ('FR200131',67,'276255',false),
  ('FR200131',89,'539232',false),
  ('FR200132',21,'508940',false),
  ('FR200132',50,'134712',false),
  ('FR200132',82,'525114',false),
  ('FR200133',92,'068718',false),
  ('FR200134',23,'525114',false),
  ('FR200134',35,'138171',false),
  ('FR200134',38,'237843',false),
  ('FR200134',73,'139018',false),
  ('FR200135',82,'119104',false),
  ('FR200136',33,'353981',false),
  ('FR200136',52,'076055',false),
  ('FR200137',33,'525114',false),
  ('FR200137',69,'131101',false),
  ('FR200137',79,'131101',false),
  ('FR200138',62,'525111',false),
  ('FR200138',68,'038536',false),
  ('FR200139',47,'291415',false),
  ('FR200139',87,'170905',false),
  ('FR200140',39,'134712',false),
  ('FR200140',53,'594997',false),
  ('FR200141',75,'681325',false),
  ('FR200142',63,'470491',false),
  ('FR200143',26,'095680',false),
  ('FR200144',6,'369599',false),
  ('FR200145',7,'412085',false),
  ('FR200145',24,'057344',false),
  ('FR200145',31,'179408',false),
  ('FR200145',90,'170535',false),
  ('FR200146',44,'179408',false),
  ('FR200146',55,'179408',false),
  ('FR200147',16,'739769',false),
  ('FR200147',18,'060525',false),
  ('FR200147',45,'704156',false),
  ('FR200147',74,'569368',false),
  ('FR200147',89,'481721',false),
  ('FR200148',58,'174304',false),
  ('FR200150',18,'276255',false),
  ('FR200152',42,'704156',false),
  ('FR200153',91,'539232',false),
  ('FR200154',27,'476527',false),
  ('FR200154',30,'229003',true),
  ('FR200154',94,'704156',false),
  ('FR200155',66,'556579',false),
  ('FR200155',74,'276255',false),
  ('FR200156',11,'082461',false),
  ('FR200156',76,'060525',false),
  ('FR200158',6,'644563',false),
  ('FR200158',7,'539065',false),
  ('FR200158',36,'253842',false),
  ('FR200158',37,'477109',false),
  ('FR200158',45,'477109',false),
  ('FR200159',10,'569368',false),
  ('FR200159',18,'290561',false),
  ('FR200159',45,'463605',false),
  ('FR200159',78,'629588',false),
  ('FR200160',42,'174361',false),
  ('FR200160',84,'463666',false),
  ('FR200161',55,'565060',false),
  ('FR200162',36,'243725',false),
  ('FR200162',54,'243725',false),
  ('FR200162',58,'150496',false),
  ('FR200162',88,'528470',false),
  ('FR200163',16,'565060',false),
  ('FR200163',68,'525131',false),
  ('FR200163',80,'284526',false),
  ('FR200165',1,'179408',false),
  ('FR200165',14,'739769',false),
  ('FR200165',45,'565060',false),
  ('FR200166',22,'565060',false),
  ('FR200167',50,'565060',false),
  ('FR200167',77,'119081',true),
  ('FR200169',24,'247459',false),
  ('FR200169',40,'247459',false),
  ('FR200170',9,'291124',false),
  ('FR200170',73,'150496',false),
  ('FR200170',95,'150496',false),
  ('FR200171',10,'127038',false),
  ('FR200171',73,'238627',false),
  ('FR200171',90,'187598',false),
  ('FR200172',47,'662208',false),
  ('FR200172',53,'174361',false),
  ('FR200172',76,'303406',false),
  ('FR200173',12,'306191',false),
  ('FR200173',43,'594991',false),
  ('FR200173',63,'646733',false),
  ('FR200174',58,'170984',false),
  ('FR200175',56,'538974',false),
  ('FR200175',74,'257345',false),
  ('FR200176',59,'303406',false),
  ('FR200177',35,'303406',false),
  ('FR200177',66,'264567',false),
  ('FR200177',87,'460632',false),
  ('FR200178',21,'174361',false),
  ('FR200178',63,'418594',false),
  ('FR200178',84,'650809',false),
  ('FR200179',80,'592979',false),
  ('FR200180',59,'138171',false),
  ('FR200180',66,'146099',false),
  ('FR200180',90,'569376',false),
  ('FR200182',37,'318529',false),
  ('FR200182',87,'146099',false),
  ('FR200183',20,'291124',false),
  ('FR200183',31,'696598',true),
  ('FR200183',47,'105400',false),
  ('FR200184',9,'262558',false),
  ('FR200184',34,'057344',false),
  ('FR200184',40,'262558',false),
  ('FR200185',18,'477109',false),
  ('FR200185',91,'054933',false),
  ('FR200185',93,'691908',false),
  ('FR200186',87,'290605',false),
  ('FR200187',37,'241501',false),
  ('FR200187',65,'238185',false),
  ('FR200187',85,'538974',false),
  ('FR200188',11,'646733',false),
  ('FR200189',58,'076055',false),
  ('FR200189',67,'492955',false),
  ('FR200189',74,'111053',false),
  ('FR200189',77,'146099',false),
  ('FR200189',79,'469976',false);
