/* File created by scraping https://www.transfermarkt.com using Antonio Cardin's program */

insert into Squadre values
  ('Nîmes Olympique','Nîmes','Usaï'),
  ('FC Toulouse','Toulouse','Montanier'),
  ('Amiens SC','Amiens','Hinschberger'),
  ('Paris FC','Orly','Laurey'),
  ('AC Le Havre','Harfleur','Le Guen'),
  ('SM Caen','Caen','Moulin'),
  ('Valenciennes FC','Valenciennes','Delmotte'),
  ('AJ Auxerre','Auxerre','Furlan'),
  ('AS Nancy-Lorraine','Tomblaine','Cartier'),
  ('FC Sochaux-Montbéliard','Montbéliard','Daf'),
  ('Dijon FCO','Dijon','Garande'),
  ('AC Ajaccio','Ajaccio','Pantaloni'),
  ('EA Guingamp','Guingamp','Dumont'),
  ('Chamois Niortais FC','Niort','Desabre'),
  ('Pau FC','Pau','Tholot'),
  ('Quevilly Rouen Métropole','Le Petit-Quevilly','Mercadal'),
  ('Grenoble Foot 38','Grenoble','Hognon'),
  ('Rodez AF','Onet-le-Château','Peyrelade'),
  ('USL Dunkerque','Dunkerque','Revelli'),
  ('SC Bastia','Furiani','Brouard');

insert into Giocatori values
  ('226410','Nîmes Olympique',1,'Per Kristian','Bratveit','15-feb-1996','Portiere'),
  ('476079','Nîmes Olympique',16,'Lucas','Dias','22-may-1999','Portiere'),
  ('654420','Nîmes Olympique',30,'Amjhad','Nazih','18-jan-2002','Portiere'),
  ('190338','Nîmes Olympique',23,'Anthony','Briancon','28-nov-1994','Difensore'),
  ('188915','Nîmes Olympique',5,'Naomichi','Ueda','24-oct-1994','Difensore'),
  ('282900','Nîmes Olympique',4,'Pablo','Martinez','21-feb-1989','Difensore'),
  ('545520','Nîmes Olympique',2,'Kelyan','Guessoum','5-feb-1999','Difensore'),
  ('649026','Nîmes Olympique',29,'Mamadou','Mbow','8-mar-2000','Difensore'),
  ('537127','Nîmes Olympique',17,'Théo','Sainte-Luce','20-oct-1998','Difensore'),
  ('531338','Nîmes Olympique',3,'Scotty','Sadzoute','29-apr-1998','Difensore'),
  ('885584','Nîmes Olympique',33,'Pierre','Zaidan','16-jun-2001','Difensore'),
  ('444725','Nîmes Olympique',21,'Patrick','Burner','11-apr-1996','Difensore'),
  ('412092','Nîmes Olympique',15,'Gaëtan','Paquiez','15-feb-1994','Difensore'),
  ('323872','Nîmes Olympique',18,'Andrés','Cubas','22-may-1996','Centrocampista'),
  ('364233','Nîmes Olympique',6,'Sidy','Sarr','5-jun-1996','Centrocampista'),
  ('391376','Nîmes Olympique',12,'Lamine','Fomba','26-jan-1998','Centrocampista'),
  ('707317','Nîmes Olympique',14,'Antoine','Valério','11-dec-1999','Centrocampista'),
  ('232895','Nîmes Olympique',10,'Zinedine','Ferhat','1-mar-1993','Centrocampista'),
  ('251813','Nîmes Olympique',7,'Niclas','Eliasson','7-dec-1995','Centrocampista'),
  ('859620','Nîmes Olympique',32,'Léon','Delpech','13-aug-2002','Centrocampista'),
  ('344599','Nîmes Olympique',22,'Yassine','Benrahou','24-jan-1999','Centrocampista'),
  ('569390','Nîmes Olympique',19,'Julien','Ponceau','28-nov-2000','Centrocampista'),
  ('364239','Nîmes Olympique',28,'Moussa','Koné','30-dec-1996','Attaccante'),
  ('205655','Nîmes Olympique',9,'Elías Már','Ómarsson','18-jan-1995','Attaccante'),
  ('862880','Nîmes Olympique',24,'Mahamadou','Doucouré','22-may-2000','Attaccante'),
  ('127188','FC Toulouse',30,'Maxime','Dupé','4-mar-1993','Portiere'),
  ('296458','FC Toulouse',40,'Isak','Pettersson','6-jun-1997','Portiere'),
  ('835136','FC Toulouse',1,'Thomas','Himeur','17-jan-2001','Portiere'),
  ('463605','FC Toulouse',19,'Bafodé','Diakité','6-jan-2001','Difensore'),
  ('690799','FC Toulouse',24,'Anthony','Rouault','29-may-2001','Difensore'),
  ('283227','FC Toulouse',2,'Rasmus','Nicolaisen','16-mar-1997','Difensore'),
  ('484988','FC Toulouse',14,'Logan','Costa','1-apr-2001','Difensore'),
  ('220878','FC Toulouse',12,'Issiaga','Sylla','1-jan-1994','Difensore'),
  ('694509','FC Toulouse',23,'Moussa','Diarra','10-nov-2000','Difensore'),
  ('221873','FC Toulouse',3,'Mikkel','Desler','19-feb-1995','Difensore'),
  ('241501','FC Toulouse',17,'Stijn','Spierings','12-mar-1996','Centrocampista'),
  ('484993','FC Toulouse',15,'Tom','Rapnouil','9-feb-2001','Centrocampista'),
  ('203938','FC Toulouse',8,'Branco','van den Boomen','21-jul-1995','Centrocampista'),
  ('159098','FC Toulouse',10,'Brecht','Dejaegere','29-may-1991','Centrocampista'),
  ('395697','FC Toulouse',13,'Kléri','Serber','3-jul-1998','Centrocampista'),
  ('694549','FC Toulouse',18,'Sam','Sanna','8-mar-1999','Centrocampista'),
  ('817180','FC Toulouse',26,'Mamady','Bangré','15-jun-2001','Centrocampista'),
  ('470618','FC Toulouse',5,'Denis','Genreau','21-may-1999','Centrocampista'),
  ('567309','FC Toulouse',22,'Naatan','Skyttä','7-may-2002','Centrocampista'),
  ('666953','FC Toulouse',25,'Steve','Mvoué','2-feb-2002','Centrocampista'),
  ('289802','FC Toulouse',21,'Rafael','Ratão','30-nov-1995','Attaccante'),
  ('354664','FC Toulouse',20,'Junior','Flemmings','16-jan-1996','Attaccante'),
  ('629588','FC Toulouse',29,'Nathan','N''Goumou','14-mar-2000','Attaccante'),
  ('238185','FC Toulouse',9,'Rhys','Healey','6-dec-1994','Attaccante'),
  ('308133','FC Toulouse',7,'Ado','Onaiwu','8-nov-1995','Attaccante'),
  ('569376','FC Toulouse',11,'Yanis','Begraoui','4-jul-2001','Attaccante'),
  ('039918','Amiens SC',1,'Régis','Gurtner','8-dec-1986','Portiere'),
  ('060602','Amiens SC',16,'Yohann','Thuram','31-oct-1988','Portiere'),
  ('402004','Amiens SC',2,'Mamadou','Fofana','21-jan-1998','Difensore'),
  ('396516','Amiens SC',4,'Nicholas','Opoku','11-aug-1997','Difensore'),
  ('649023','Amiens SC',5,'Formose','Mendy','2-jan-2001','Difensore'),
  ('069436','Amiens SC',14,'Mateo','Pavlovic','9-jun-1990','Difensore'),
  ('804715','Amiens SC',null,'Nathan','Monzango','18-apr-2001','Difensore'),
  ('524677','Amiens SC',18,'Harouna','Sy','30-mar-1996','Difensore'),
  ('744936','Amiens SC',null,'Matthéo','Xantippe','11-apr-2002','Difensore'),
  ('860669','Amiens SC',20,'Mathis','Lachuer','31-aug-2000','Centrocampista'),
  ('560465','Amiens SC',12,'Emmanuel','Lomotey','19-dec-1997','Centrocampista'),
  ('606450','Amiens SC',28,'Gaoussou','Traoré','4-dec-1999','Centrocampista'),
  ('272631','Amiens SC',10,'Arnaud','Lusamba','4-jan-1997','Centrocampista'),
  ('332047','Amiens SC',21,'Jessy','Benet','24-jun-1995','Centrocampista'),
  ('168933','Amiens SC',24,'Eddy','Gnahoré','14-nov-1993','Centrocampista'),
  ('240892','Amiens SC',25,'Bongani','Zungu','9-oct-1992','Centrocampista'),
  ('563734','Amiens SC',6,'Mamadou','Fofana','17-sep-2000','Centrocampista'),
  ('947362','Amiens SC',36,'Owen','Gene','19-mar-2003','Centrocampista'),
  ('453594','Amiens SC',11,'Adama','Diakhaby','5-jul-1996','Attaccante'),
  ('560725','Amiens SC',7,'Abdoul Kader','Bamba','25-may-1994','Attaccante'),
  ('247459','Amiens SC',19,'Chadrac','Akolo','1-apr-1995','Attaccante'),
  ('077828','Amiens SC',8,'Mathieu','Dossevi','12-feb-1988','Attaccante'),
  ('683571','Amiens SC',9,'Tolu','Arokodare','23-nov-2000','Attaccante'),
  ('479589','Amiens SC',17,'Aliou','Badji','10-oct-1997','Attaccante'),
  ('830494','Amiens SC',31,'Charbel','Gomez','27-jan-2001','Attaccante'),
  ('832051','Amiens SC',27,'Mustapha','Sangaré','24-dec-1998','Attaccante'),
  ('234187','Paris FC',40,'Ivan','Filipovic','13-nov-1994','Portiere'),
  ('750878','Paris FC',16,'Obed','Nkambadio','7-feb-2003','Portiere'),
  ('111216','Paris FC',1,'Vincent','Demarconnay','5-apr-1983','Portiere'),
  ('545487','Paris FC',15,'Axel','Bamba','6-jul-1999','Difensore'),
  ('804711','Paris FC',4,'Ousmane','Camara','6-mar-2003','Difensore'),
  ('668167','Paris FC',31,'Samir','Chergui','6-feb-1999','Difensore'),
  ('524658','Paris FC',18,'Youssoupha','Ndiaye','7-oct-1997','Difensore'),
  ('528470','Paris FC',19,'Ousmane','Kanté','21-sep-1989','Difensore'),
  ('775403','Paris FC',17,'Hugo','Gambor','30-dec-2002','Difensore'),
  ('111811','Paris FC',29,'Florent','Hanin','4-feb-1990','Difensore'),
  ('750903','Paris FC',3,'Jaouen','Hadjam','26-mar-2003','Difensore'),
  ('324819','Paris FC',2,'Maxime','Bernauer','1-jul-1998','Difensore'),
  ('449223','Paris FC',27,'Thibault','Campanini','27-jul-1998','Difensore'),
  ('838804','Paris FC',28,'Check Oumar','Diakité','5-dec-2002','Centrocampista'),
  ('412086','Paris FC',14,'Cyril','Mandouki','21-aug-1991','Centrocampista'),
  ('587646','Paris FC',23,'Mahamé','Siby','7-jul-1996','Centrocampista'),
  ('586262','Paris FC',5,'Moustapha','Name','5-may-1995','Centrocampista'),
  ('289435','Paris FC',8,'Yohan','Demoncy','7-apr-1996','Centrocampista'),
  ('159907','Paris FC',10,'Jonathan','Iglesias','17-dec-1988','Centrocampista'),
  ('748958','Paris FC',null,'Patrick','Koffi','16-oct-2001','Attaccante'),
  ('435492','Paris FC',11,'Alimami','Gory','30-aug-1996','Attaccante'),
  ('170506','Paris FC',20,'Julien','López','1-mar-1992','Attaccante'),
  ('568701','Paris FC',26,'Lamine','Gueye','13-mar-1998','Attaccante'),
  ('691786','Paris FC',21,'Morgan','Guilavogui','10-mar-1998','Attaccante'),
  ('369599','Paris FC',22,'Warren','Caddy','9-apr-1997','Attaccante'),
  ('495669','Paris FC',9,'Lamine','Diaby-Fadiga','19-jan-2001','Attaccante'),
  ('590841','Paris FC',25,'Migouel','Alfarela','15-nov-1997','Attaccante'),
  ('231941','Paris FC',null,'Khalid','Boutaïb','24-apr-1987','Attaccante'),
  ('418651','AC Le Havre',30,'Yahia','Fofana','21-aug-2000','Portiere'),
  ('060543','AC Le Havre',1,'Mathieu','Gorgelin','5-aug-1990','Portiere'),
  ('911985','AC Le Havre',16,'Mohamed','Koné','7-mar-2002','Portiere'),
  ('413245','AC Le Havre',5,'Fernand','Mayembo','9-jan-1996','Difensore'),
  ('708678','AC Le Havre',6,'Souleymane Isaak','Touré','28-mar-2003','Difensore'),
  ('768380','AC Le Havre',29,'Arouna','Sangante','12-apr-2002','Difensore'),
  ('109965','AC Le Havre',27,'Pierre','Gibaud','22-apr-1988','Difensore'),
  ('770895','AC Le Havre',20,'Ismaël','Boura','14-aug-2000','Difensore'),
  ('249446','AC Le Havre',12,'Ayman','Ben Mohamed','8-dec-1994','Difensore'),
  ('593479','AC Le Havre',2,'Abdelwahed','Wahib','27-jan-2000','Difensore'),
  ('709482','AC Le Havre',4,'Thierno','Baldé','10-jun-2002','Difensore'),
  ('264811','AC Le Havre',22,'Victor','Lekhal','27-feb-1994','Centrocampista'),
  ('654412','AC Le Havre',15,'Abdoullah','Ba','31-jul-2003','Centrocampista'),
  ('276768','AC Le Havre',18,'Nolan','Mbemba','19-feb-1995','Centrocampista'),
  ('893675','AC Le Havre',24,'Amir','Richardson','24-jan-2002','Centrocampista'),
  ('058826','AC Le Havre',7,'Jean-Pascal','Fontaine','11-mar-1989','Centrocampista'),
  ('804664','AC Le Havre',28,'Elies','Mahmoud','10-feb-2001','Centrocampista'),
  ('033906','AC Le Havre',17,'Alexandre','Bonnet','17-oct-1986','Centrocampista'),
  ('592979','AC Le Havre',8,'Himad','Abdelli','17-nov-1999','Centrocampista'),
  ('344607','AC Le Havre',10,'Nabil','Alioui','18-feb-1999','Attaccante'),
  ('622056','AC Le Havre',21,'Ylan','Gomes','22-jul-2002','Attaccante'),
  ('238630','AC Le Havre',11,'Quentin','Cornette','17-jan-1994','Attaccante'),
  ('659543','AC Le Havre',12,'Matthis','Abline','28-mar-2003','Attaccante'),
  ('565060','AC Le Havre',25,'Pape Ibnou','Ba','5-jan-1993','Attaccante'),
  ('262022','AC Le Havre',14,'Jamal','Thiaré','31-mar-1993','Attaccante'),
  ('763182','AC Le Havre',23,'Josué','Casimir','24-sep-2001','Attaccante'),
  ('018940','SM Caen',1,'Rémy','Riou','6-aug-1987','Portiere'),
  ('593317','SM Caen',40,'Sullivan','Péan','27-oct-1999','Portiere'),
  ('549318','SM Caen',16,'Yannis','Clementia','5-jul-1997','Portiere'),
  ('743517','SM Caen',22,'Brahim','Traoré','4-feb-2004','Difensore'),
  ('341393','SM Caen',27,'Ibrahim','Cissé','2-may-1996','Difensore'),
  ('098274','SM Caen',18,'Jonathan','Rivierez','18-may-1989','Difensore'),
  ('105362','SM Caen',13,'Adolphe','Teikeu','23-jun-1990','Difensore'),
  ('575781','SM Caen',5,'Vladislav','Molchan','21-sep-2000','Difensore'),
  ('211474','SM Caen',25,'Ali','Abdi','20-dec-1993','Difensore'),
  ('548716','SM Caen',3,'Yoël','Armougom','5-jun-1998','Difensore'),
  ('693357','SM Caen',24,'Hugo','Vandermersch','5-may-1999','Difensore'),
  ('585973','SM Caen',12,'Johann','Lepenant','22-oct-2002','Centrocampista'),
  ('524986','SM Caen',15,'Franklin','Wadja','1-may-1995','Centrocampista'),
  ('060578','SM Caen',6,'Prince','Oniangué','4-nov-1988','Centrocampista'),
  ('354335','SM Caen',28,'Djibril','Diani','11-feb-1998','Centrocampista'),
  ('539232','SM Caen',8,'Jessy','Deminguet','7-jan-1998','Centrocampista'),
  ('111528','SM Caen',17,'Anthony','Gonçalves','6-mar-1986','Centrocampista'),
  ('060525','SM Caen',11,'Yoann','Court','14-jan-1990','Centrocampista'),
  ('358509','SM Caen',26,'Mehdi','Chahiri','25-jul-1996','Attaccante'),
  ('617699','SM Caen',10,'Caleb','Zady Sery','20-dec-1999','Attaccante'),
  ('290561','SM Caen',19,'Alexandre','Mendy','20-mar-1994','Attaccante'),
  ('306166','SM Caen',7,'Nuno','Da Costa','10-feb-1991','Attaccante'),
  ('111048','SM Caen',9,'Benjamin','Jeannot','22-jan-1992','Attaccante'),
  ('704155','SM Caen',20,'Andreas','Hountondji','11-jul-2002','Attaccante'),
  ('345225','SM Caen',23,'Steve','Shamal','22-feb-1996','Attaccante'),
  ('463600','Valenciennes FC',30,'Lucas','Chevalier','6-nov-2001','Portiere'),
  ('170549','Valenciennes FC',16,'Hillel','Konaté','28-dec-1994','Portiere'),
  ('375287','Valenciennes FC',25,'Emmanuel','Ntim','12-mar-1996','Difensore'),
  ('329221','Valenciennes FC',5,'Maxime','Spano','31-oct-1994','Difensore'),
  ('213030','Valenciennes FC',2,'Eric','Vandenabeele','16-dec-1991','Difensore'),
  ('332142','Valenciennes FC',28,'Quentin','Lecoeuche','4-feb-1994','Difensore'),
  ('393436','Valenciennes FC',3,'Aly','Abeid','11-dec-1997','Difensore'),
  ('027306','Valenciennes FC',26,'Mathieu','Debuchy','28-jul-1985','Difensore'),
  ('274571','Valenciennes FC',11,'Laurent','Dos Santos','21-mar-1993','Difensore'),
  ('109720','Valenciennes FC',14,'Joffrey','Cuffaut','15-mar-1988','Difensore'),
  ('635486','Valenciennes FC',24,'Allan','Linguet','17-aug-1999','Difensore'),
  ('607451','Valenciennes FC',23,'Gaëtan','Arib','2-nov-1999','Difensore'),
  ('730280','Valenciennes FC',8,'Noah','Diliberto','8-sep-2001','Centrocampista'),
  ('494315','Valenciennes FC',6,'Julien','Masson','18-jun-1998','Centrocampista'),
  ('911328','Valenciennes FC',21,'Mohamed','Kaba','27-oct-2001','Centrocampista'),
  ('395240','Valenciennes FC',27,'Mathis','Picouleau','8-may-2000','Centrocampista'),
  ('093309','Valenciennes FC',22,'Sambou','Yatabaré','2-mar-1989','Centrocampista'),
  ('150496','Valenciennes FC',13,'Florian','Martin','19-mar-1990','Centrocampista'),
  ('730580','Valenciennes FC',17,'Aymen','Boutoutaou','18-feb-2001','Centrocampista'),
  ('795450','Valenciennes FC',29,'Jawed','Kalai','29-jul-2000','Centrocampista'),
  ('495489','Valenciennes FC',9,'Gaëtan','Robail','9-jan-1994','Attaccante'),
  ('409418','Valenciennes FC',10,'Arsène','Elogo','22-apr-1995','Attaccante'),
  ('077974','Valenciennes FC',7,'Floyd','Ayité','15-dec-1988','Attaccante'),
  ('424709','Valenciennes FC',15,'Cheick','Timite','20-nov-1997','Attaccante'),
  ('443263','Valenciennes FC',19,'Abou','Ouattara','26-dec-1999','Attaccante'),
  ('264567','Valenciennes FC',18,'Baptiste','Guillaume','16-jun-1995','Attaccante'),
  ('525114','Valenciennes FC',12,'Ugo','Bonnet','17-sep-1993','Attaccante'),
  ('911990','Valenciennes FC',20,'Ilyes','Hamache','11-feb-2003','Attaccante'),
  ('893870','Valenciennes FC',33,'Yassine','Haouari','13-feb-2003','Attaccante'),
  ('170911','AJ Auxerre',16,'Donovan','Léon','3-nov-1992','Portiere'),
  ('427689','AJ Auxerre',30,'Sonny','Laiton','28-jan-2000','Portiere'),
  ('695422','AJ Auxerre',40,'Théo','De Percin','2-feb-2001','Portiere'),
  ('149928','AJ Auxerre',4,'Jubal','null','29-aug-1993','Difensore'),
  ('089450','AJ Auxerre',20,'Alexandre','Coeff','20-feb-1992','Difensore'),
  ('249636','AJ Auxerre',17,'Gautier','Lloris','18-jul-1995','Difensore'),
  ('238716','AJ Auxerre',5,'Théo','Pellenard','4-mar-1994','Difensore'),
  ('098262','AJ Auxerre',3,'Quentin','Bernard','7-jul-1989','Difensore'),
  ('371686','AJ Auxerre',2,'Carlens','Arcus','28-jun-1996','Difensore'),
  ('324800','AJ Auxerre',15,'Alec','Georgen','17-sep-1998','Difensore'),
  ('806168','AJ Auxerre',26,'Paul','Joly','7-jun-2000','Difensore'),
  ('802894','AJ Auxerre',23,'Kryss','Chapelle','28-mar-2000','Difensore'),
  ('229853','AJ Auxerre',12,'Birama','Touré','6-jun-1992','Centrocampista'),
  ('396131','AJ Auxerre',6,'Aly','Ndom','30-may-1996','Centrocampista'),
  ('478107','AJ Auxerre',8,'Ousoumane','Camara','19-dec-1998','Centrocampista'),
  ('805065','AJ Auxerre',34,'Iyad','Mohamed','5-mar-2001','Centrocampista'),
  ('482769','AJ Auxerre',27,'Alexis','Trouillet','23-dec-2000','Centrocampista'),
  ('353404','AJ Auxerre',10,'Gaëtan','Perrin','7-jun-1996','Centrocampista'),
  ('263951','AJ Auxerre',22,'Hamza','Sakhi','7-jun-1996','Centrocampista'),
  ('138171','AJ Auxerre',29,'Mathias','Autret','1-mar-1991','Centrocampista'),
  ('174304','AJ Auxerre',21,'Rémy','Dugimont','1-jul-1986','Attaccante'),
  ('737481','AJ Auxerre',28,'Ryan','Ponti','22-jun-1998','Attaccante'),
  ('344892','AJ Auxerre',7,'Gauthier','Hein','7-aug-1996','Attaccante'),
  ('627363','AJ Auxerre',11,'Nicolas','Mercier','30-jan-2003','Attaccante'),
  ('093678','AJ Auxerre',19,'Gaëtan','Charbonnier','27-dec-1988','Attaccante'),
  ('569140','AJ Auxerre',25,'Lassine','Sinayoko','8-dec-1999','Attaccante'),
  ('676549','AJ Auxerre',14,'Mohamed','Ben Fredj','9-may-2000','Attaccante'),
  ('251973','AJ Auxerre',null,'Xiaoxuan','Ji','19-mar-1993','Attaccante'),
  ('170509','AS Nancy-Lorraine',1,'Baptiste','Valette','1-sep-1992','Portiere'),
  ('431422','AS Nancy-Lorraine',16,'Nathan','Trott','21-nov-1998','Portiere'),
  ('556487','AS Nancy-Lorraine',30,'Hugo','Constant','26-nov-1999','Portiere'),
  ('344592','AS Nancy-Lorraine',4,'Thomas','Basila','30-apr-1999','Difensore'),
  ('080036','AS Nancy-Lorraine',20,'Thomas','Fontaine','8-may-1991','Difensore'),
  ('427197','AS Nancy-Lorraine',19,'William','Bianda','30-apr-2000','Difensore'),
  ('074615','AS Nancy-Lorraine',3,'Abdelhamid','El Kaoutari','17-mar-1990','Difensore'),
  ('925584','AS Nancy-Lorraine',33,'Axel','Guessand','6-nov-2004','Difensore'),
  ('917211','AS Nancy-Lorraine',2,'Soares','null','22-jan-2001','Difensore'),
  ('650809','AS Nancy-Lorraine',22,'Shaquil','Delos','16-jun-1999','Difensore'),
  ('149444','AS Nancy-Lorraine',23,'Saliou','Ciss','15-sep-1989','Difensore'),
  ('525119','AS Nancy-Lorraine',18,'Souleymane','Karamoko','29-jul-1992','Difensore'),
  ('333350','AS Nancy-Lorraine',11,'Rosario','Latouchent','21-mar-1996','Difensore'),
  ('637849','AS Nancy-Lorraine',33,'Samir','Bouzar','16-aug-1999','Difensore'),
  ('371936','AS Nancy-Lorraine',28,'Sieben','Dewaele','2-feb-1999','Centrocampista'),
  ('635103','AS Nancy-Lorraine',5,'Giovanni','Haag','30-may-2000','Centrocampista'),
  ('192714','AS Nancy-Lorraine',24,'Ogou','Akichi','24-apr-1990','Centrocampista'),
  ('916429','AS Nancy-Lorraine',15,'Kelvin Patrick','null','8-jul-2000','Centrocampista'),
  ('344575','AS Nancy-Lorraine',14,'Antonin','Bobichon','14-sep-1995','Centrocampista'),
  ('659516','AS Nancy-Lorraine',8,'Warren','Bondo','15-sep-2003','Centrocampista'),
  ('302806','AS Nancy-Lorraine',6,'Grégoire','Lefebvre','13-may-1994','Centrocampista'),
  ('901019','AS Nancy-Lorraine',12,'Neil','El Aynaoui','2-jul-2001','Centrocampista'),
  ('646900','AS Nancy-Lorraine',17,'Elliot','Simoes','20-dec-1999','Centrocampista'),
  ('352464','AS Nancy-Lorraine',13,'Dorian','Bertrand','21-may-1993','Attaccante'),
  ('627362','AS Nancy-Lorraine',29,'Lamine','Cissé','15-feb-2003','Attaccante'),
  ('111053','AS Nancy-Lorraine',27,'Yeni','N''Gbakoto','23-jan-1992','Attaccante'),
  ('524860','AS Nancy-Lorraine',7,'Mickaël','Biron','26-aug-1997','Attaccante'),
  ('399553','AS Nancy-Lorraine',9,'Andrew','Jung','8-oct-1997','Attaccante'),
  ('637850','AS Nancy-Lorraine',21,'Vinni','Triboulet','18-jun-1999','Attaccante'),
  ('368624','AS Nancy-Lorraine',10,'Mamadou','Thiam','20-mar-1995','Attaccante'),
  ('394903','FC Sochaux-Montbéliard',16,'Maxence','Prévot','9-apr-1997','Portiere'),
  ('191882','FC Sochaux-Montbéliard',1,'Mehdi','Jeannin','20-apr-1991','Portiere'),
  ('893365','FC Sochaux-Montbéliard',40,'Quentin','Galvez-Diarra','8-sep-2001','Portiere'),
  ('528178','FC Sochaux-Montbéliard',22,'Ismaël','Aaneba','29-may-1999','Difensore'),
  ('140497','FC Sochaux-Montbéliard',19,'Florentin','Pogba','19-aug-1990','Difensore'),
  ('282031','FC Sochaux-Montbéliard',18,'Christophe','Diedhiou','8-jan-1988','Difensore'),
  ('656096','FC Sochaux-Montbéliard',25,'Nathan','Zohoré','17-nov-2000','Difensore'),
  ('232854','FC Sochaux-Montbéliard',4,'Abdallah','Ndour','20-dec-1993','Difensore'),
  ('353981','FC Sochaux-Montbéliard',29,'Valentin','Henry','18-sep-1993','Difensore'),
  ('830890','FC Sochaux-Montbéliard',2,'Marvin','Senaya','28-jan-2001','Difensore'),
  ('182898','FC Sochaux-Montbéliard',10,'Younès','Kaabouni','23-may-1995','Centrocampista'),
  ('410222','FC Sochaux-Montbéliard',6,'Ousseynou','Thioune','16-nov-1993','Centrocampista'),
  ('204585','FC Sochaux-Montbéliard',8,'Joseph','Lopy','15-mar-1992','Centrocampista'),
  ('662242','FC Sochaux-Montbéliard',14,'Rassoul','Ndiaye','11-dec-2001','Centrocampista'),
  ('840688','FC Sochaux-Montbéliard',24,'Malcolm','Viltard','24-oct-2002','Centrocampista'),
  ('457780','FC Sochaux-Montbéliard',17,'Steve','Ambri','12-aug-1997','Centrocampista'),
  ('347958','FC Sochaux-Montbéliard',28,'Gaëtan','Weissbeck','17-jan-1997','Centrocampista'),
  ('272549','FC Sochaux-Montbéliard',7,'Tony','Mauricio','22-mar-1994','Centrocampista'),
  ('810987','FC Sochaux-Montbéliard',23,'Samy','Faraj','4-oct-2001','Centrocampista'),
  ('315930','FC Sochaux-Montbéliard',11,'Maxime','Do Couto','13-dec-1996','Attaccante'),
  ('654415','FC Sochaux-Montbéliard',26,'Alan','Virginius','3-jan-2003','Attaccante'),
  ('292822','FC Sochaux-Montbéliard',15,'Aldo','Kalulu','21-jan-1996','Attaccante'),
  ('395677','FC Sochaux-Montbéliard',9,'Yann','Kitala','9-apr-1998','Attaccante'),
  ('726566','FC Sochaux-Montbéliard',20,'Hermann','Tebily','24-jan-2002','Attaccante'),
  ('190786','Dijon FCO',30,'Baptiste','Reynet','28-oct-1990','Portiere'),
  ('274958','Dijon FCO',16,'Saturnin','Allagbé','22-nov-1993','Portiere'),
  ('596240','Dijon FCO',5,'Senou','Coulibaly','4-sep-1994','Difensore'),
  ('060990','Dijon FCO',25,'Bruno','Ecuele Manga','16-jul-1988','Difensore'),
  ('022386','Dijon FCO',3,'Daniel','Congré','5-apr-1985','Difensore'),
  ('081663','Dijon FCO',23,'Zargo','Touré','11-nov-1989','Difensore'),
  ('352393','Dijon FCO',20,'Christopher','Rocchia','1-feb-1998','Difensore'),
  ('570534','Dijon FCO',2,'Adama','Fofana','11-oct-1999','Difensore'),
  ('378965','Dijon FCO',27,'Cheick','Traoré','31-mar-1995','Difensore'),
  ('723416','Dijon FCO',19,'Ahmad','Ngouyamsa','21-dec-2000','Difensore'),
  ('170460','Dijon FCO',26,'Jessy','Pi','24-sep-1993','Centrocampista'),
  ('057372','Dijon FCO',12,'Lucas','Deaux','26-dec-1988','Centrocampista'),
  ('804934','Dijon FCO',18,'Wilitty','Younoussa','9-sep-2001','Centrocampista'),
  ('509234','Dijon FCO',6,'Mattéo','Ahlinvi','2-jul-1999','Centrocampista'),
  ('231025','Dijon FCO',14,'Jordan','Marié','29-sep-1991','Centrocampista'),
  ('644563','Dijon FCO',28,'Bryan','Soumaré','11-feb-1999','Centrocampista'),
  ('284526','Dijon FCO',11,'Valentin','Jacob','15-jun-1994','Centrocampista'),
  ('080173','Dijon FCO',7,'Frédéric','Sammaritano','23-mar-1986','Centrocampista'),
  ('662142','Dijon FCO',13,'Amir','Arli','5-jan-2003','Centrocampista'),
  ('365770','Dijon FCO',29,'Alexandru','Dobre','30-aug-1998','Attaccante'),
  ('255220','Dijon FCO',22,'Romain','Philippoteaux','2-mar-1988','Attaccante'),
  ('894205','Dijon FCO',24,'Erwan','Belhadji','22-jun-2001','Attaccante'),
  ('497175','Dijon FCO',21,'Aurélien','Scheidler','4-jun-1998','Attaccante'),
  ('139018','Dijon FCO',8,'Mickaël','Le Bihan','16-may-1990','Attaccante'),
  ('124901','AC Ajaccio',1,'Benjamin','Leroy','7-apr-1989','Portiere'),
  ('331977','AC Ajaccio',16,'François-Joseph','Sollacaro','21-mar-1994','Portiere'),
  ('855050','AC Ajaccio',40,'Ghjuvanni','Quilichini','1-sep-2002','Portiere'),
  ('388795','AC Ajaccio',25,'Oumar','Gonzalez','25-feb-1998','Difensore'),
  ('569388','AC Ajaccio',15,'Clément','Vidal','18-jun-2000','Difensore'),
  ('044421','AC Ajaccio',21,'Cédric','Avinel','11-sep-1986','Difensore'),
  ('375881','AC Ajaccio',3,'Ismaël','Diallo','29-jan-1997','Difensore'),
  ('178540','AC Ajaccio',24,'Chaker','Alhadhur','4-dec-1991','Difensore'),
  ('395685','AC Ajaccio',2,'Gédéon','Kalulu','29-aug-1997','Difensore'),
  ('057482','AC Ajaccio',20,'Mohamed','Youssouf','26-mar-1988','Difensore'),
  ('374040','AC Ajaccio',8,'Vincent','Marchetti','4-jul-1997','Centrocampista'),
  ('290552','AC Ajaccio',10,'Qazim','Laci','19-jan-1996','Centrocampista'),
  ('039914','AC Ajaccio',6,'Mathieu','Coutadeur','20-mar-1986','Centrocampista'),
  ('281704','AC Ajaccio',19,'Alassane','N''Diaye','14-jun-1991','Centrocampista'),
  ('801754','AC Ajaccio',22,'Yanis','Cimignani','22-jan-2002','Centrocampista'),
  ('149518','AC Ajaccio',4,'Mickaël','Barreto','18-jan-1991','Centrocampista'),
  ('418662','AC Ajaccio',29,'Florian','Chabrolle','7-apr-1998','Centrocampista'),
  ('649457','AC Ajaccio',18,'Jean','Botué','7-aug-2002','Attaccante'),
  ('267147','AC Ajaccio',14,'Cyrille','Bayala','24-may-1996','Attaccante'),
  ('855056','AC Ajaccio',12,'Taïryk','Arconte','12-nov-2003','Attaccante'),
  ('119104','AC Ajaccio',5,'Riad','Nouri','7-jun-1985','Attaccante'),
  ('358515','AC Ajaccio',17,'Jean-Philippe','Krasso','17-jul-1997','Attaccante'),
  ('627163','AC Ajaccio',7,'Mounaïm','El Idrissy','10-feb-1999','Attaccante'),
  ('364525','AC Ajaccio',11,'Bevic','Moussiti-Oko','28-jan-1995','Attaccante'),
  ('171408','AC Ajaccio',9,'Gaëtan','Courtet','22-feb-1989','Attaccante'),
  ('242716','EA Guingamp',16,'Enzo','Basilio','3-oct-1994','Portiere'),
  ('591190','EA Guingamp',30,'Dominique','Youfeigane','7-feb-2000','Portiere'),
  ('677820','EA Guingamp',1,'Hugo','Barbet','22-nov-2001','Portiere'),
  ('296359','EA Guingamp',19,'Félix','Eboa Eboa','19-apr-1997','Difensore'),
  ('796895','EA Guingamp',2,'Baptiste','Roux','26-nov-1999','Difensore'),
  ('796882','EA Guingamp',5,'Hady','Camara','17-jan-2002','Difensore'),
  ('170477','EA Guingamp',24,'Pierre','Lemonnier','6-jul-1993','Difensore'),
  ('806043','EA Guingamp',null,'Matthis','Riou','19-jan-2001','Difensore'),
  ('550572','EA Guingamp',22,'Stephen','Quemper','12-may-1993','Difensore'),
  ('580715','EA Guingamp',27,'Maxime','Sivis','1-apr-1998','Difensore'),
  ('522850','EA Guingamp',3,'Yohan','Bilingi','1-feb-1999','Difensore'),
  ('318521','EA Guingamp',6,'Tristan','Muyumba','7-mar-1997','Centrocampista'),
  ('169090','EA Guingamp',7,'El-Hadji','Ba','5-mar-1993','Centrocampista'),
  ('315587','EA Guingamp',18,'Souleymane','Diarra','30-jan-1995','Centrocampista'),
  ('324806','EA Guingamp',29,'Jérémy','Livolant','9-jan-1998','Centrocampista'),
  ('112022','EA Guingamp',28,'Maxime','Barthelmé','8-sep-1988','Centrocampista'),
  ('167472','EA Guingamp',10,'Youssouf','M''Changama','29-aug-1990','Centrocampista'),
  ('452877','EA Guingamp',21,'Mehdi','Merghem','19-jul-1997','Centrocampista'),
  ('484991','EA Guingamp',11,'Louis','Carnot','25-feb-2001','Centrocampista'),
  ('796885','EA Guingamp',33,'Théo','Le Normand','8-aug-2000','Centrocampista'),
  ('782476','EA Guingamp',20,'Yoann','Cathline','22-jul-2002','Attaccante'),
  ('418658','EA Guingamp',15,'Charles','Abi','12-apr-2000','Attaccante'),
  ('492955','EA Guingamp',9,'Frantzdy','Pierrot','29-mar-1995','Attaccante'),
  ('427693','EA Guingamp',8,'Matthias','Phaëton','8-jan-2000','Attaccante'),
  ('220848','EA Guingamp',13,'Yannick','Gomis','3-feb-1992','Attaccante'),
  ('390942','Chamois Niortais FC',30,'Quentin','Braat','6-jul-1997','Portiere'),
  ('193142','Chamois Niortais FC',1,'Mathieu','Michel','4-sep-1991','Portiere'),
  ('392282','Chamois Niortais FC',40,'Jean','Louchet','3-dec-1996','Portiere'),
  ('737486','Chamois Niortais FC',16,'Yanis','Maronne','20-apr-2002','Portiere'),
  ('604777','Chamois Niortais FC',5,'Guy-Marcelin','Kilama','30-may-1999','Difensore'),
  ('358512','Chamois Niortais FC',4,'Ibrahima','Conté','3-apr-1996','Difensore'),
  ('411416','Chamois Niortais FC',27,'Bryan','Passi','5-aug-1997','Difensore'),
  ('717118','Chamois Niortais FC',3,'Darline','Yongwa','22-sep-2000','Difensore'),
  ('371148','Chamois Niortais FC',21,'Lenny','Vallier','24-apr-1999','Difensore'),
  ('558714','Chamois Niortais FC',29,'Joris','Moutachy','4-nov-1997','Difensore'),
  ('818107','Chamois Niortais FC',18,'Bradley','M''Bondo','30-oct-2001','Difensore'),
  ('900938','Chamois Niortais FC',15,'Junior','Olaitan','9-may-2002','Centrocampista'),
  ('291415','Chamois Niortais FC',6,'Dylan','Louiserre','2-feb-1995','Centrocampista'),
  ('517378','Chamois Niortais FC',19,'Brahima','Doukansy','21-aug-1999','Centrocampista'),
  ('879963','Chamois Niortais FC',33,'Yohan','Cassubie','18-oct-2000','Centrocampista'),
  ('468606','Chamois Niortais FC',22,'Quentin','Bena','11-may-1998','Centrocampista'),
  ('627464','Chamois Niortais FC',26,'Samy','Benchamma','25-jun-2000','Centrocampista'),
  ('722739','Chamois Niortais FC',17,'Samuel','Renel','3-nov-2001','Centrocampista'),
  ('796589','Chamois Niortais FC',37,'Yassine','Benhattab','18-nov-2002','Centrocampista'),
  ('422893','Chamois Niortais FC',7,'Moataz','Zemzemi','7-aug-1999','Centrocampista'),
  ('344151','Chamois Niortais FC',10,'Bilal','Boutobba','29-aug-1998','Attaccante'),
  ('496601','Chamois Niortais FC',24,'Tyrone','Tormin','29-jun-2001','Attaccante'),
  ('911991','Chamois Niortais FC',null,'Sidi','Cissé','6-feb-2003','Attaccante'),
  ('484888','Chamois Niortais FC',9,'Ibrahim','Sissoko','27-nov-1995','Attaccante'),
  ('480454','Chamois Niortais FC',11,'Yanis','Merdji','29-oct-1993','Attaccante'),
  ('169275','Chamois Niortais FC',12,'Joseph','Mendes','30-mar-1991','Attaccante'),
  ('725288','Chamois Niortais FC',8,'Godwin','Bentil','30-jan-2001','Attaccante'),
  ('465836','Pau FC',50,'Stefan','Bajic','23-dec-2001','Portiere'),
  ('395602','Pau FC',1,'Alexandre','Olliero','15-feb-1996','Portiere'),
  ('195908','Pau FC',30,'Benjamin','Bertrand','24-jun-1992','Portiere'),
  ('916497','Pau FC',16,'Massamba','Ndiaye','8-oct-2001','Portiere'),
  ('335146','Pau FC',17,'Antoine','Batisse','13-jan-1995','Difensore'),
  ('394326','Pau FC',8,'Mahamadou','Dembélé','10-apr-1999','Difensore'),
  ('469660','Pau FC',20,'Louis','Bury','10-jul-1995','Difensore'),
  ('229012','Pau FC',14,'Kenji-Van','Boto','7-mar-1996','Difensore'),
  ('543720','Pau FC',26,'Jean Lambert','Evan''s','17-dec-1998','Difensore'),
  ('341942','Pau FC',7,'Erwin','Koffi','10-jan-1995','Difensore'),
  ('132587','Pau FC',4,'Xavier','Kouassi','28-dec-1989','Centrocampista'),
  ('568687','Pau FC',5,'Abdourahmane','Ndiaye','31-dec-1996','Centrocampista'),
  ('343958','Pau FC',10,'Jovan','Nisic','3-mar-1998','Centrocampista'),
  ('407624','Pau FC',6,'Quentin','Daubin','3-jul-1995','Centrocampista'),
  ('288248','Pau FC',22,'Denis Will','Poha','28-may-1997','Centrocampista'),
  ('592358','Pau FC',19,'Victor','Lobry','16-jun-1995','Centrocampista'),
  ('468246','Pau FC',21,'Steeve','Beusnard','27-jun-1992','Centrocampista'),
  ('804546','Pau FC',25,'Paul','Meliande','20-dec-2001','Attaccante'),
  ('425400','Pau FC',15,'Farid','El Melali','5-may-1997','Attaccante'),
  ('425460','Pau FC',2,'Jared','Khasa','4-nov-1997','Attaccante'),
  ('520816','Pau FC',28,'David','Gomis','21-dec-1992','Attaccante'),
  ('355368','Pau FC',11,'Djibril','Dianessy','29-mar-1996','Attaccante'),
  ('629566','Pau FC',12,'Eddy','Sylvestre','29-aug-1999','Attaccante'),
  ('345562','Pau FC',24,'Zakaria','Naidji','19-jan-1995','Attaccante'),
  ('262558','Pau FC',18,'Ebenezer','Assifuah','3-jul-1993','Attaccante'),
  ('395522','Pau FC',29,'Samuel','Essende','23-jan-1998','Attaccante'),
  ('057344','Pau FC',9,'Romain','Armand','27-feb-1987','Attaccante'),
  ('373939','Quevilly Rouen Métropole',1,'Nicolas','Lemaître','12-jan-1997','Portiere'),
  ('078960','Quevilly Rouen Métropole',16,'Romain','Lejeune','21-may-1991','Portiere'),
  ('616283','Quevilly Rouen Métropole',30,'Louis','Pelletier','3-feb-2000','Portiere'),
  ('395228','Quevilly Rouen Métropole',3,'Till','Cissokho','8-feb-2000','Difensore'),
  ('111025','Quevilly Rouen Métropole',5,'Romain','Padovani','15-oct-1989','Difensore'),
  ('620215','Quevilly Rouen Métropole',25,'Sami','Belkorchia','25-jan-1995','Difensore'),
  ('649031','Quevilly Rouen Métropole',18,'Souleymane','Cissé','1-jan-1999','Difensore'),
  ('814930','Quevilly Rouen Métropole',34,'Albin','Demouchy','31-may-2002','Difensore'),
  ('922496','Quevilly Rouen Métropole',20,'Nadjib','Cissé','22-dec-2000','Difensore'),
  ('250009','Quevilly Rouen Métropole',14,'Nathan','Dekoke','6-jan-1996','Difensore'),
  ('661257','Quevilly Rouen Métropole',35,'Alexandre','Tégar','12-aug-2000','Difensore'),
  ('594992','Quevilly Rouen Métropole',2,'Alpha','Sissoko','7-mar-1997','Difensore'),
  ('182876','Quevilly Rouen Métropole',22,'Stéphane','Lambese','10-nov-1995','Difensore'),
  ('469662','Quevilly Rouen Métropole',27,'Damon','Bansais','8-jan-1994','Difensore'),
  ('629585','Quevilly Rouen Métropole',6,'Kalidou','Sidibé','28-jan-1999','Centrocampista'),
  ('641152','Quevilly Rouen Métropole',17,'Gustavo','Sangaré','8-nov-1996','Centrocampista'),
  ('127051','Quevilly Rouen Métropole',13,'Yann','Boé-Kane','5-apr-1991','Centrocampista'),
  ('285376','Quevilly Rouen Métropole',4,'Alassane','Diaby','6-jan-1995','Centrocampista'),
  ('342217','Quevilly Rouen Métropole',33,'Johan','Rotsen','11-aug-1996','Centrocampista'),
  ('351772','Quevilly Rouen Métropole',12,'Garland','Gbellé','16-dec-1992','Centrocampista'),
  ('644080','Quevilly Rouen Métropole',29,'Cyril','Zabou','18-jun-1996','Centrocampista'),
  ('568696','Quevilly Rouen Métropole',15,'Cheikh','Sabaly','4-mar-1999','Attaccante'),
  ('452165','Quevilly Rouen Métropole',10,'Manoubi','Haddad','23-aug-1996','Attaccante'),
  ('568698','Quevilly Rouen Métropole',24,'Issa','Soumaré','10-oct-2000','Attaccante'),
  ('124873','Quevilly Rouen Métropole',8,'Florian','Jozefzoon','9-feb-1991','Attaccante'),
  ('692087','Quevilly Rouen Métropole',28,'Yassine','Bahassa','21-may-1992','Attaccante'),
  ('345763','Quevilly Rouen Métropole',9,'Duckens','Nazon','7-apr-1994','Attaccante'),
  ('558709','Quevilly Rouen Métropole',11,'Bridge','Ndilu','21-jul-2000','Attaccante'),
  ('591541','Quevilly Rouen Métropole',7,'Ottman','Dadoune','26-jul-1994','Attaccante'),
  ('078047','Grenoble Foot 38',1,'Brice','Maubleu','1-dec-1989','Portiere'),
  ('323253','Grenoble Foot 38',30,'Esteban','Salles','2-mar-1994','Portiere'),
  ('583393','Grenoble Foot 38',16,'Paul','Bourdelle','8-sep-2000','Portiere'),
  ('281611','Grenoble Foot 38',5,'Adrien','Monfray','20-dec-1990','Difensore'),
  ('336303','Grenoble Foot 38',3,'Bart','Straalman','22-aug-1996','Difensore'),
  ('066490','Grenoble Foot 38',14,'Loïc','Nestor','20-may-1989','Difensore'),
  ('465294','Grenoble Foot 38',null,'Allan','Tchaptchet','21-dec-2001','Difensore'),
  ('331017','Grenoble Foot 38',20,'Alex','Gersbach','8-may-1997','Difensore'),
  ('483460','Grenoble Foot 38',29,'Abdel Hakim','Abdallah','18-aug-1997','Difensore'),
  ('353395','Grenoble Foot 38',12,'Jordy','Gaspar','23-apr-1997','Difensore'),
  ('126659','Grenoble Foot 38',17,'Loris','Néry','5-feb-1991','Difensore'),
  ('182882','Grenoble Foot 38',6,'Franck','Bambock','7-apr-1995','Centrocampista'),
  ('166630','Grenoble Foot 38',4,'Manuel','Perez','11-may-1991','Centrocampista'),
  ('296805','Grenoble Foot 38',18,'Manuel','de Iriondo','6-may-1993','Centrocampista'),
  ('225855','Grenoble Foot 38',33,'Souleymane','Cissé','30-jul-1991','Centrocampista'),
  ('231916','Grenoble Foot 38',8,'Anthony','Belmonte','16-oct-1995','Centrocampista'),
  ('499214','Grenoble Foot 38',25,'Orges','Bunjaku','5-jul-2001','Centrocampista'),
  ('170478','Grenoble Foot 38',null,'Axel','Ngando','13-jul-1993','Centrocampista'),
  ('693356','Grenoble Foot 38',10,'Florian','Michel','25-mar-1992','Centrocampista'),
  ('290605','Grenoble Foot 38',19,'Mamadou','Diallo','19-sep-1994','Attaccante'),
  ('345199','Grenoble Foot 38',7,'Giorgi','Kokhreidze','18-nov-1998','Attaccante'),
  ('082461','Grenoble Foot 38',22,'Yoric','Ravet','12-sep-1989','Attaccante'),
  ('693906','Grenoble Foot 38',null,'Abdoulie','Sanyang','8-may-1999','Attaccante'),
  ('238627','Grenoble Foot 38',11,'Achille','Anani','27-dec-1994','Attaccante'),
  ('303406','Grenoble Foot 38',26,'Joris','Correa','25-dec-1993','Attaccante'),
  ('272644','Grenoble Foot 38',null,'Jordan','Tell','10-jun-1997','Attaccante'),
  ('548654','Grenoble Foot 38',27,'Olivier','Boissy','22-jan-1999','Attaccante'),
  ('606970','Grenoble Foot 38',34,'Zinedine','Labyad','7-mar-2000','Attaccante'),
  ('164915','Rodez AF',16,'Lionel','Mpasi-Nzau','1-aug-1994','Portiere'),
  ('525107','Rodez AF',30,'Thomas','Secchi','19-jun-1997','Portiere'),
  ('123160','Rodez AF',1,'Marc','Vidal','3-jun-1991','Portiere'),
  ('518073','Rodez AF',2,'Julien','Célestine','24-jul-1997','Difensore'),
  ('525108','Rodez AF',4,'Pierre','Bardy','27-aug-1992','Difensore'),
  ('847772','Rodez AF',24,'Adilson','Malanda','29-oct-2001','Difensore'),
  ('683891','Rodez AF',15,'Serge-Philippe','Raux Yao','30-may-1999','Difensore'),
  ('352125','Rodez AF',7,'Nassim','Ouammou','27-apr-1993','Difensore'),
  ('254358','Rodez AF',23,'Johann','Obiang','5-jul-1993','Difensore'),
  ('525109','Rodez AF',21,'Joris','Chougrani','30-mar-1991','Difensore'),
  ('107395','Rodez AF',13,'Amiran','Sanaia','3-sep-1989','Difensore'),
  ('678660','Rodez AF',29,'Grégory','Coelho','1-jan-1999','Difensore'),
  ('525111','Rodez AF',6,'Rémy','Boissier','22-feb-1994','Centrocampista'),
  ('324798','Rodez AF',14,'Bradley','Danger','29-jan-1998','Centrocampista'),
  ('379742','Rodez AF',18,'Jordan','Leborgne','29-sep-1995','Centrocampista'),
  ('509044','Rodez AF',8,'Lorenzo','Rajot','13-oct-1997','Centrocampista'),
  ('812902','Rodez AF',27,'Jonathan','Varane','9-sep-2001','Centrocampista'),
  ('531960','Rodez AF',19,'Lucas','Buades','28-dec-1997','Centrocampista'),
  ('170905','Rodez AF',10,'Florian','David','16-nov-1992','Centrocampista'),
  ('106825','Rodez AF',5,'Enzo','Zidane','24-mar-1995','Centrocampista'),
  ('590701','Rodez AF',17,'Plamedi','Buni Jorge','7-sep-2000','Centrocampista'),
  ('160109','Rodez AF',22,'Árni','Vilhjálmsson','9-may-1994','Attaccante'),
  ('395244','Rodez AF',20,'Alan','Kerouedan','12-jan-2000','Attaccante'),
  ('347595','Rodez AF',25,'Clément','Depres','25-nov-1994','Attaccante'),
  ('508940','Rodez AF',9,'Malaly','Dembélé','17-jun-1997','Attaccante'),
  ('853491','Rodez AF',32,'Killian','Corredor','4-nov-2000','Attaccante'),
  ('899487','Rodez AF',33,'Hatim','Far','16-feb-2002','Attaccante'),
  ('607729','Rodez AF',28,'Jean-Pierre','Tiéhi','24-jan-2002','Attaccante'),
  ('164967','USL Dunkerque',30,'Axel','Maraval','20-oct-1993','Portiere'),
  ('203770','USL Dunkerque',1,'Jérémy','Vachoux','7-jul-1994','Portiere'),
  ('590419','USL Dunkerque',16,'Dorian','Salhi','1-jun-1999','Portiere'),
  ('681325','USL Dunkerque',27,'Adon','Gomis','19-jul-1992','Difensore'),
  ('730355','USL Dunkerque',4,'Thomas','Vannoye','11-jul-1998','Difensore'),
  ('419997','USL Dunkerque',15,'Alioune','Ba','7-nov-1989','Difensore'),
  ('386048','USL Dunkerque',25,'Samuel','Yohou','6-aug-1991','Difensore'),
  ('694798','USL Dunkerque',23,'David','Kabamba Kalonji','23-may-2000','Difensore'),
  ('290595','USL Dunkerque',22,'Driss','Trichard','27-mar-1995','Difensore'),
  ('170984','USL Dunkerque',2,'Emeric','Dudouit','7-sep-1991','Difensore'),
  ('137970','USL Dunkerque',28,'Demba','Thiam','2-dec-1989','Difensore'),
  ('552467','USL Dunkerque',19,'Leverton','Pierre','9-mar-1998','Centrocampista'),
  ('562452','USL Dunkerque',20,'Mario Jason','Kikonda','20-apr-1996','Centrocampista'),
  ('102663','USL Dunkerque',6,'Jérémy','Huysman','8-nov-1988','Centrocampista'),
  ('693352','USL Dunkerque',null,'Iron','Gomis','8-nov-1999','Centrocampista'),
  ('351834','USL Dunkerque',8,'Redouane','Kerrouche','26-apr-1994','Centrocampista'),
  ('684043','USL Dunkerque',12,'Mohamed','Ouadah','31-aug-1994','Centrocampista'),
  ('467637','USL Dunkerque',21,'Nicolas','Bruneel','8-mar-1997','Centrocampista'),
  ('789094','USL Dunkerque',17,'Bilal','Brahimi','28-mar-2000','Centrocampista'),
  ('148785','USL Dunkerque',10,'Dimitri','Boudaud','10-feb-1987','Centrocampista'),
  ('963835','USL Dunkerque',29,'Adam','Abeddou','17-aug-1996','Centrocampista'),
  ('980576','USL Dunkerque',34,'Amine','Salama','18-jul-2000','Attaccante'),
  ('281614','USL Dunkerque',9,'Kévin','Rocheteau','10-jul-1993','Attaccante'),
  ('814725','USL Dunkerque',24,'Marco','Majouga','9-may-2001','Attaccante'),
  ('253842','USL Dunkerque',26,'Adama','Niane','16-jun-1993','Attaccante'),
  ('412085','USL Dunkerque',18,'Malik','Tchokounté','11-sep-1988','Attaccante'),
  ('540661','USL Dunkerque',34,'Manuel','Semedo','20-jan-2000','Attaccante'),
  ('111041','SC Bastia',1,'Zacharie','Boucher','7-mar-1992','Portiere'),
  ('149239','SC Bastia',16,'Thomas','Vincensini','12-sep-1993','Portiere'),
  ('051035','SC Bastia',30,'Johny','Placide','29-jan-1988','Portiere'),
  ('794349','SC Bastia',26,'Julien','Le Cardinal','3-aug-1997','Difensore'),
  ('588645','SC Bastia',6,'Dominique','Guidi','6-feb-1996','Difensore'),
  ('116634','SC Bastia',15,'Yohan','Bocognano','12-jun-1990','Difensore'),
  ('119081','SC Bastia',28,'Joris','Sainati','25-sep-1988','Difensore'),
  ('612143','SC Bastia',20,'Kylian','Kaïboué','20-aug-1998','Difensore'),
  ('590629','SC Bastia',29,'Julien','Boyer','10-apr-1998','Difensore'),
  ('165400','SC Bastia',23,'Lloyd','Palun','28-nov-1988','Difensore'),
  ('894262','SC Bastia',32,'Alexandre','Jourda','15-jul-2001','Difensore'),
  ('652128','SC Bastia',25,'Tom','Ducrocq','25-aug-1999','Centrocampista'),
  ('203324','SC Bastia',7,'Christophe','Vincent','8-nov-1992','Centrocampista'),
  ('651979','SC Bastia',4,'Anthony','Roncaglia','30-aug-2000','Centrocampista'),
  ('160080','SC Bastia',12,'Yacouba','Sylla','29-nov-1990','Centrocampista'),
  ('044689','SC Bastia',5,'Gary','Coulibaly','30-mar-1986','Centrocampista'),
  ('524356','SC Bastia',14,'Amine','Talal','5-jun-1996','Centrocampista'),
  ('185574','SC Bastia',17,'Maguette','Diongue','3-apr-1992','Centrocampista'),
  ('895084','SC Bastia',null,'Anthony','Angelini','5-oct-1999','Centrocampista'),
  ('288251','SC Bastia',10,'Sébastien','Salles-Lamonge','28-jan-1996','Centrocampista'),
  ('463617','SC Bastia',21,'Adil','Taoui','10-aug-2001','Attaccante'),
  ('353940','SC Bastia',8,'Kévin','Schur','19-nov-1990','Attaccante'),
  ('268555','SC Bastia',null,'Harrison','Manzala','6-mar-1994','Attaccante'),
  ('039924','SC Bastia',3,'Anthony','Robic','5-mar-1986','Attaccante'),
  ('005597','SC Bastia',18,'Chaouki','Ben Saada','1-jul-1984','Attaccante'),
  ('111057','SC Bastia',19,'Idriss','Saadi','8-feb-1992','Attaccante'),
  ('342701','SC Bastia',9,'Benjamin','Santelli','16-nov-1991','Attaccante'),
  ('807689','SC Bastia',11,'Frank','Magri','4-sep-1999','Attaccante');

insert into Partite values
  ('FR200000',1,'FC Toulouse','AC Ajaccio',2,2),
  ('FR200001',4,'FC Toulouse','SC Bastia',1,0),
  ('FR200002',6,'FC Toulouse','Valenciennes FC',1,0),
  ('FR200003',8,'FC Toulouse','Grenoble Foot 38',4,1),
  ('FR200004',10,'FC Toulouse','SM Caen',2,3),
  ('FR200005',12,'FC Toulouse','AJ Auxerre',6,0),
  ('FR200006',14,'FC Toulouse','EA Guingamp',2,2),
  ('FR200007',16,'FC Toulouse','FC Sochaux-Montbéliard',4,1),
  ('FR200008',18,'FC Toulouse','Rodez AF',1,1),
  ('FR200009',2,'Paris FC','USL Dunkerque',2,1),
  ('FR200010',4,'Paris FC','AJ Auxerre',1,1),
  ('FR200011',7,'Paris FC','EA Guingamp',0,1),
  ('FR200012',9,'Paris FC','Nîmes Olympique',2,0),
  ('FR200013',11,'Paris FC','AS Nancy-Lorraine',1,1),
  ('FR200014',13,'Paris FC','FC Toulouse',2,2),
  ('FR200015',15,'Paris FC','Rodez AF',1,0),
  ('FR200016',17,'Paris FC','SC Bastia',1,0),
  ('FR200017',19,'Paris FC','Amiens SC',1,0),
  ('FR200018',2,'AC Ajaccio','Amiens SC',3,1),
  ('FR200019',4,'AC Ajaccio','SM Caen',2,0),
  ('FR200020',5,'AC Ajaccio','Paris FC',1,0),
  ('FR200021',7,'AC Ajaccio','FC Sochaux-Montbéliard',1,0),
  ('FR200022',9,'AC Ajaccio','Chamois Niortais FC',0,0),
  ('FR200023',11,'AC Ajaccio','Quevilly Rouen Métropole',0,1),
  ('FR200024',13,'AC Ajaccio','AS Nancy-Lorraine',2,0),
  ('FR200025',15,'AC Ajaccio','Dijon FCO',1,0),
  ('FR200026',17,'AC Ajaccio','Valenciennes FC',0,0),
  ('FR200027',19,'AC Ajaccio','Grenoble Foot 38',1,0),
  ('FR200028',2,'AJ Auxerre','Grenoble Foot 38',3,0),
  ('FR200029',3,'AJ Auxerre','AC Ajaccio',0,0),
  ('FR200030',5,'AJ Auxerre','EA Guingamp',1,2),
  ('FR200031',7,'AJ Auxerre','Chamois Niortais FC',4,0),
  ('FR200032',9,'AJ Auxerre','Rodez AF',1,0),
  ('FR200033',11,'AJ Auxerre','Nîmes Olympique',2,2),
  ('FR200034',13,'AJ Auxerre','SC Bastia',1,0),
  ('FR200035',15,'AJ Auxerre','Pau FC',4,1),
  ('FR200036',17,'AJ Auxerre','SM Caen',2,2),
  ('FR200037',19,'AJ Auxerre','AC Le Havre',2,3),
  ('FR200038',2,'FC Sochaux-Montbéliard','AC Le Havre',0,2),
  ('FR200039',4,'FC Sochaux-Montbéliard','USL Dunkerque',1,0),
  ('FR200040',6,'FC Sochaux-Montbéliard','Grenoble Foot 38',1,0),
  ('FR200041',8,'FC Sochaux-Montbéliard','Paris FC',2,0),
  ('FR200042',10,'FC Sochaux-Montbéliard','AJ Auxerre',0,0),
  ('FR200043',11,'FC Sochaux-Montbéliard','Chamois Niortais FC',1,0),
  ('FR200044',13,'FC Sochaux-Montbéliard','Quevilly Rouen Métropole',1,1),
  ('FR200045',15,'FC Sochaux-Montbéliard','Nîmes Olympique',0,1),
  ('FR200046',17,'FC Sochaux-Montbéliard','Pau FC',2,1),
  ('FR200047',19,'FC Sochaux-Montbéliard','Valenciennes FC',1,1),
  ('FR200048',1,'AC Le Havre','EA Guingamp',0,0),
  ('FR200049',3,'AC Le Havre','Paris FC',1,2),
  ('FR200050',5,'AC Le Havre','Chamois Niortais FC',2,1),
  ('FR200051',7,'AC Le Havre','FC Toulouse',1,1),
  ('FR200052',9,'AC Le Havre','Quevilly Rouen Métropole',1,0),
  ('FR200053',11,'AC Le Havre','Dijon FCO',2,0),
  ('FR200054',13,'AC Le Havre','Pau FC',1,0),
  ('FR200055',15,'AC Le Havre','Valenciennes FC',0,0),
  ('FR200056',16,'AC Le Havre','Amiens SC',1,1),
  ('FR200057',18,'AC Le Havre','AC Ajaccio',0,1),
  ('FR200058',1,'Pau FC','AS Nancy-Lorraine',2,1),
  ('FR200059',3,'Pau FC','FC Toulouse',0,1),
  ('FR200060',5,'Pau FC','SC Bastia',2,0),
  ('FR200061',6,'Pau FC','Dijon FCO',2,0),
  ('FR200062',8,'Pau FC','Valenciennes FC',1,1),
  ('FR200063',10,'Pau FC','USL Dunkerque',1,2),
  ('FR200064',12,'Pau FC','Paris FC',1,0),
  ('FR200065',14,'Pau FC','AC Ajaccio',1,0),
  ('FR200066',16,'Pau FC','EA Guingamp',2,0),
  ('FR200067',18,'Pau FC','Quevilly Rouen Métropole',1,2),
  ('FR200068',2,'Nîmes Olympique','Dijon FCO',2,1),
  ('FR200069',4,'Nîmes Olympique','Pau FC',0,0),
  ('FR200070',6,'Nîmes Olympique','SM Caen',0,0),
  ('FR200071',8,'Nîmes Olympique','Amiens SC',3,3),
  ('FR200072',10,'Nîmes Olympique','AC Le Havre',0,1),
  ('FR200073',12,'Nîmes Olympique','AC Ajaccio',0,2),
  ('FR200074',14,'Nîmes Olympique','Chamois Niortais FC',1,2),
  ('FR200075',16,'Nîmes Olympique','Quevilly Rouen Métropole',2,1),
  ('FR200076',18,'Nîmes Olympique','AS Nancy-Lorraine',2,1),
  ('FR200077',19,'Nîmes Olympique','FC Toulouse',1,2),
  ('FR200078',2,'Chamois Niortais FC','SM Caen',0,1),
  ('FR200079',4,'Chamois Niortais FC','Grenoble Foot 38',1,0),
  ('FR200080',6,'Chamois Niortais FC','Amiens SC',0,0),
  ('FR200081',8,'Chamois Niortais FC','EA Guingamp',2,0),
  ('FR200082',10,'Chamois Niortais FC','Paris FC',4,1),
  ('FR200083',13,'Chamois Niortais FC','Rodez AF',0,2),
  ('FR200084',15,'Chamois Niortais FC','AS Nancy-Lorraine',1,3),
  ('FR200085',17,'Chamois Niortais FC','FC Toulouse',2,1),
  ('FR200086',19,'Chamois Niortais FC','Pau FC',3,0),
  ('FR200087',2,'EA Guingamp','Valenciennes FC',1,1),
  ('FR200088',4,'EA Guingamp','Amiens SC',0,2),
  ('FR200089',6,'EA Guingamp','AC Ajaccio',1,1),
  ('FR200090',9,'EA Guingamp','FC Sochaux-Montbéliard',1,2),
  ('FR200091',11,'EA Guingamp','Rodez AF',2,1),
  ('FR200092',13,'EA Guingamp','Nîmes Olympique',3,1),
  ('FR200093',15,'EA Guingamp','SC Bastia',2,3),
  ('FR200094',17,'EA Guingamp','Dijon FCO',3,2),
  ('FR200095',19,'EA Guingamp','USL Dunkerque',2,1),
  ('FR200096',1,'Amiens SC','AJ Auxerre',1,2),
  ('FR200097',3,'Amiens SC','Quevilly Rouen Métropole',1,3),
  ('FR200098',5,'Amiens SC','FC Sochaux-Montbéliard',0,0),
  ('FR200099',7,'Amiens SC','Rodez AF',0,1),
  ('FR200100',9,'Amiens SC','Pau FC',2,2),
  ('FR200101',11,'Amiens SC','FC Toulouse',0,0),
  ('FR200102',13,'Amiens SC','Valenciennes FC',3,0),
  ('FR200103',15,'Amiens SC','SM Caen',0,0),
  ('FR200104',17,'Amiens SC','USL Dunkerque',3,0),
  ('FR200105',18,'Amiens SC','Grenoble Foot 38',4,1),
  ('FR200106',1,'Dijon FCO','FC Sochaux-Montbéliard',1,3),
  ('FR200107',3,'Dijon FCO','Rodez AF',1,1),
  ('FR200108',5,'Dijon FCO','FC Toulouse',2,4),
  ('FR200109',7,'Dijon FCO','SC Bastia',2,1),
  ('FR200110',8,'Dijon FCO','USL Dunkerque',2,0),
  ('FR200111',10,'Dijon FCO','Valenciennes FC',0,1),
  ('FR200112',12,'Dijon FCO','Amiens SC',1,0),
  ('FR200113',14,'Dijon FCO','Paris FC',0,1),
  ('FR200114',16,'Dijon FCO','AJ Auxerre',3,1),
  ('FR200115',18,'Dijon FCO','Chamois Niortais FC',2,2),
  ('FR200116',1,'SM Caen','Rodez AF',4,0),
  ('FR200117',3,'SM Caen','FC Sochaux-Montbéliard',1,2),
  ('FR200118',5,'SM Caen','AS Nancy-Lorraine',1,0),
  ('FR200119',7,'SM Caen','Pau FC',1,2),
  ('FR200120',9,'SM Caen','Dijon FCO',0,1),
  ('FR200121',11,'SM Caen','Valenciennes FC',1,2),
  ('FR200122',12,'SM Caen','AC Le Havre',2,2),
  ('FR200123',14,'SM Caen','Grenoble Foot 38',0,1),
  ('FR200124',16,'SM Caen','Paris FC',0,1),
  ('FR200125',18,'SM Caen','EA Guingamp',2,0),
  ('FR200126',1,'Valenciennes FC','Chamois Niortais FC',0,0),
  ('FR200127',3,'Valenciennes FC','Nîmes Olympique',0,3),
  ('FR200128',5,'Valenciennes FC','Rodez AF',1,4),
  ('FR200129',7,'Valenciennes FC','Quevilly Rouen Métropole',1,2),
  ('FR200130',9,'Valenciennes FC','SC Bastia',2,1),
  ('FR200131',12,'Valenciennes FC','USL Dunkerque',1,3),
  ('FR200132',14,'Valenciennes FC','AJ Auxerre',1,2),
  ('FR200133',16,'Valenciennes FC','Grenoble Foot 38',1,0),
  ('FR200134',18,'Valenciennes FC','Paris FC',1,4),
  ('FR200135',1,'SC Bastia','Nîmes Olympique',1,1),
  ('FR200136',3,'SC Bastia','AS Nancy-Lorraine',1,1),
  ('FR200137',6,'SC Bastia','AC Le Havre',0,0),
  ('FR200138',8,'SC Bastia','SM Caen',1,1),
  ('FR200139',10,'SC Bastia','AC Ajaccio',2,0),
  ('FR200140',12,'SC Bastia','Grenoble Foot 38',0,0),
  ('FR200141',14,'SC Bastia','Amiens SC',0,0),
  ('FR200142',16,'SC Bastia','Chamois Niortais FC',2,0),
  ('FR200143',18,'SC Bastia','FC Sochaux-Montbéliard',2,2),
  ('FR200144',2,'Rodez AF','Pau FC',1,0),
  ('FR200145',4,'Rodez AF','AC Le Havre',0,0),
  ('FR200146',6,'Rodez AF','USL Dunkerque',2,2),
  ('FR200147',8,'Rodez AF','AC Ajaccio',0,2),
  ('FR200148',10,'Rodez AF','Grenoble Foot 38',1,1),
  ('FR200149',12,'Rodez AF','FC Sochaux-Montbéliard',0,1),
  ('FR200150',14,'Rodez AF','Quevilly Rouen Métropole',3,0),
  ('FR200151',17,'Rodez AF','Nîmes Olympique',1,0),
  ('FR200152',19,'Rodez AF','SC Bastia',0,0),
  ('FR200153',2,'Quevilly Rouen Métropole','SC Bastia',1,2),
  ('FR200154',4,'Quevilly Rouen Métropole','Dijon FCO',2,1),
  ('FR200155',6,'Quevilly Rouen Métropole','Paris FC',0,1),
  ('FR200156',8,'Quevilly Rouen Métropole','AJ Auxerre',0,0),
  ('FR200157',10,'Quevilly Rouen Métropole','EA Guingamp',2,2),
  ('FR200158',12,'Quevilly Rouen Métropole','Chamois Niortais FC',0,3),
  ('FR200159',15,'Quevilly Rouen Métropole','FC Toulouse',0,0),
  ('FR200160',17,'Quevilly Rouen Métropole','AS Nancy-Lorraine',2,1),
  ('FR200161',19,'Quevilly Rouen Métropole','SM Caen',2,2),
  ('FR200162',1,'Grenoble Foot 38','Paris FC',0,4),
  ('FR200163',3,'Grenoble Foot 38','EA Guingamp',0,0),
  ('FR200164',5,'Grenoble Foot 38','Quevilly Rouen Métropole',2,0),
  ('FR200165',7,'Grenoble Foot 38','Nîmes Olympique',2,1),
  ('FR200166',9,'Grenoble Foot 38','AS Nancy-Lorraine',4,1),
  ('FR200167',11,'Grenoble Foot 38','Pau FC',2,0),
  ('FR200168',13,'Grenoble Foot 38','Dijon FCO',1,2),
  ('FR200169',15,'Grenoble Foot 38','USL Dunkerque',1,0),
  ('FR200170',17,'Grenoble Foot 38','AC Le Havre',1,2),
  ('FR200171',1,'USL Dunkerque','Quevilly Rouen Métropole',1,1),
  ('FR200172',3,'USL Dunkerque','Chamois Niortais FC',1,2),
  ('FR200173',5,'USL Dunkerque','Nîmes Olympique',0,2),
  ('FR200174',7,'USL Dunkerque','AS Nancy-Lorraine',0,0),
  ('FR200175',9,'USL Dunkerque','FC Toulouse',0,2),
  ('FR200176',11,'USL Dunkerque','SC Bastia',2,0),
  ('FR200177',13,'USL Dunkerque','SM Caen',1,1),
  ('FR200178',14,'USL Dunkerque','AC Le Havre',1,0),
  ('FR200179',16,'USL Dunkerque','AC Ajaccio',0,1),
  ('FR200180',18,'USL Dunkerque','AJ Auxerre',0,2),
  ('FR200181',2,'AS Nancy-Lorraine','FC Toulouse',0,4),
  ('FR200182',4,'AS Nancy-Lorraine','Valenciennes FC',0,1),
  ('FR200183',6,'AS Nancy-Lorraine','AJ Auxerre',1,4),
  ('FR200184',8,'AS Nancy-Lorraine','AC Le Havre',1,1),
  ('FR200185',10,'AS Nancy-Lorraine','Amiens SC',1,1),
  ('FR200186',12,'AS Nancy-Lorraine','EA Guingamp',2,1),
  ('FR200187',14,'AS Nancy-Lorraine','FC Sochaux-Montbéliard',0,0),
  ('FR200188',16,'AS Nancy-Lorraine','Rodez AF',0,2),
  ('FR200189',19,'AS Nancy-Lorraine','Dijon FCO',0,3);

insert into Gol values
  ('FR200000',33,'238185',false),
  ('FR200000',35,'290552',false),
  ('FR200000',54,'395685',true),
  ('FR200000',59,'290552',false),
  ('FR200001',23,'203938',false),
  ('FR200002',47,'308133',false),
  ('FR200003',24,'238185',false),
  ('FR200003',35,'308133',false),
  ('FR200003',47,'308133',false),
  ('FR200003',71,'629588',false),
  ('FR200003',79,'238627',false),
  ('FR200004',8,'524986',false),
  ('FR200004',15,'203938',false),
  ('FR200004',17,'203938',false),
  ('FR200004',39,'463605',true),
  ('FR200004',46,'539232',false),
  ('FR200005',4,'238185',false),
  ('FR200005',7,'289802',false),
  ('FR200005',24,'666953',false),
  ('FR200005',46,'289802',false),
  ('FR200005',72,'238185',false),
  ('FR200005',84,'283227',false),
  ('FR200006',25,'492955',false),
  ('FR200006',58,'241501',false),
  ('FR200006',62,'629588',false),
  ('FR200006',89,'167472',false),
  ('FR200007',25,'238185',false),
  ('FR200007',37,'347958',false),
  ('FR200007',53,'238185',false),
  ('FR200007',59,'238185',false),
  ('FR200007',75,'238185',false),
  ('FR200008',14,'289802',false),
  ('FR200008',84,'463605',true),
  ('FR200009',11,'691786',false),
  ('FR200009',35,'412085',false),
  ('FR200010',80,'138171',false),
  ('FR200011',41,'418658',false),
  ('FR200012',60,'528470',false),
  ('FR200012',74,'369599',false),
  ('FR200013',19,'691786',false),
  ('FR200013',49,'333350',false),
  ('FR200014',35,'691786',false),
  ('FR200014',46,'369599',false),
  ('FR200014',52,'463605',false),
  ('FR200014',85,'238185',false),
  ('FR200015',2,'587646',false),
  ('FR200016',89,'586262',false),
  ('FR200017',7,'691786',false),
  ('FR200018',10,'801754',false),
  ('FR200018',46,'171408',false),
  ('FR200018',47,'683571',false),
  ('FR200018',74,'364525',false),
  ('FR200019',1,'649457',false),
  ('FR200019',75,'388795',false),
  ('FR200020',89,'388795',false),
  ('FR200021',75,'171408',false),
  ('FR200023',62,'285376',false),
  ('FR200024',8,'119104',false),
  ('FR200024',58,'119104',false),
  ('FR200025',94,'627163',false),
  ('FR200027',49,'119104',false),
  ('FR200028',3,'138171',false),
  ('FR200028',14,'344892',false),
  ('FR200028',85,'263951',false),
  ('FR200030',45,'167472',false),
  ('FR200030',49,'427693',false),
  ('FR200030',64,'353404',false),
  ('FR200031',16,'093678',false),
  ('FR200031',70,'093678',false),
  ('FR200031',87,'093678',false),
  ('FR200031',91,'358512',true),
  ('FR200032',8,'093678',false),
  ('FR200033',40,'138171',false),
  ('FR200033',48,'093678',false),
  ('FR200033',75,'364239',false),
  ('FR200033',90,'364239',false),
  ('FR200034',34,'229853',false),
  ('FR200035',8,'353404',false),
  ('FR200035',67,'057344',false),
  ('FR200035',73,'138171',false),
  ('FR200035',89,'805065',false),
  ('FR200035',92,'093678',false),
  ('FR200036',13,'290561',false),
  ('FR200036',46,'018940',true),
  ('FR200036',76,'693357',false),
  ('FR200037',3,'770895',false),
  ('FR200037',17,'093678',false),
  ('FR200037',41,'344607',false),
  ('FR200037',61,'231941',false),
  ('FR200037',91,'093678',false),
  ('FR200038',7,'231941',false),
  ('FR200038',27,'231941',false),
  ('FR200039',43,'347958',false),
  ('FR200040',43,'347958',false),
  ('FR200041',10,'292822',false),
  ('FR200041',86,'324819',true),
  ('FR200043',83,'292822',false),
  ('FR200044',3,'351772',false),
  ('FR200044',48,'315930',false),
  ('FR200045',77,'344599',false),
  ('FR200046',47,'232854',false),
  ('FR200046',70,'543720',false),
  ('FR200046',93,'204585',false),
  ('FR200047',11,'077974',false),
  ('FR200047',63,'272549',false),
  ('FR200049',59,'238630',false),
  ('FR200050',38,'262022',false),
  ('FR200050',57,'262022',false),
  ('FR200050',62,'722739',false),
  ('FR200051',34,'308133',false),
  ('FR200051',67,'238630',false),
  ('FR200052',7,'565060',false),
  ('FR200053',20,'238630',false),
  ('FR200053',62,'264811',false),
  ('FR200054',16,'132587',true),
  ('FR200056',42,'238630',false),
  ('FR200056',90,'272631',false),
  ('FR200057',85,'171408',false),
  ('FR200058',34,'262558',false),
  ('FR200058',55,'368624',false),
  ('FR200058',93,'592358',false),
  ('FR200059',7,'159098',false),
  ('FR200060',38,'341942',false),
  ('FR200060',49,'262558',false),
  ('FR200061',45,'262558',false),
  ('FR200061',82,'395522',false),
  ('FR200062',14,'262558',false),
  ('FR200062',24,'093309',false),
  ('FR200063',22,'789094',false),
  ('FR200063',40,'412085',false),
  ('FR200063',67,'395522',false),
  ('FR200064',37,'592358',false),
  ('FR200065',55,'592358',false),
  ('FR200066',36,'262558',false),
  ('FR200066',83,'345562',false),
  ('FR200067',56,'345763',false),
  ('FR200067',81,'558709',false),
  ('FR200068',28,'344599',false),
  ('FR200068',80,'391376',false),
  ('FR200071',16,'344599',false),
  ('FR200071',21,'537127',false),
  ('FR200071',60,'479589',false),
  ('FR200071',75,'364239',false),
  ('FR200071',95,'683571',false),
  ('FR200072',64,'262022',false),
  ('FR200073',12,'171408',false),
  ('FR200073',33,'119104',false),
  ('FR200074',25,'422893',false),
  ('FR200074',51,'169275',false),
  ('FR200074',53,'251813',false),
  ('FR200075',16,'345763',false),
  ('FR200075',27,'205655',false),
  ('FR200075',54,'344599',false),
  ('FR200076',27,'205655',false),
  ('FR200076',42,'368624',false),
  ('FR200076',44,'364239',false),
  ('FR200077',3,'283227',false),
  ('FR200077',60,'238185',false),
  ('FR200077',82,'323872',false),
  ('FR200078',48,'290561',false),
  ('FR200079',47,'344151',false),
  ('FR200081',15,'344151',false),
  ('FR200081',64,'344151',false),
  ('FR200082',4,'411416',false),
  ('FR200082',17,'291415',false),
  ('FR200082',72,'484888',false),
  ('FR200082',76,'371148',false),
  ('FR200083',45,'508940',false),
  ('FR200083',90,'525114',false),
  ('FR200084',11,'524860',false),
  ('FR200084',48,'524860',false),
  ('FR200084',56,'368624',true),
  ('FR200084',70,'524860',false),
  ('FR200085',50,'484888',false),
  ('FR200085',62,'422893',false),
  ('FR200085',76,'289802',false),
  ('FR200086',48,'484888',false),
  ('FR200086',73,'480454',false),
  ('FR200086',81,'344151',false),
  ('FR200087',76,'495489',false),
  ('FR200089',39,'388795',false),
  ('FR200089',70,'169090',false),
  ('FR200090',47,'580715',false),
  ('FR200090',48,'662242',false),
  ('FR200090',78,'457780',false),
  ('FR200091',4,'492955',false),
  ('FR200091',9,'347595',false),
  ('FR200091',53,'580715',false),
  ('FR200092',5,'492955',false),
  ('FR200092',66,'492955',false),
  ('FR200092',69,'167472',false),
  ('FR200092',80,'364239',false),
  ('FR200093',28,'342701',false),
  ('FR200093',53,'167472',false),
  ('FR200093',60,'288251',false),
  ('FR200093',63,'111057',false),
  ('FR200093',93,'588645',true),
  ('FR200094',38,'497175',false),
  ('FR200094',47,'497175',false),
  ('FR200094',52,'492955',false),
  ('FR200094',72,'220848',false),
  ('FR200094',78,'796895',false),
  ('FR200095',49,'492955',false),
  ('FR200095',52,'412085',false),
  ('FR200095',55,'492955',false),
  ('FR200096',63,'263951',false),
  ('FR200096',71,'344892',false),
  ('FR200097',11,'247459',false),
  ('FR200097',19,'345763',false),
  ('FR200097',39,'345763',false),
  ('FR200097',58,'345763',false),
  ('FR200099',34,'324798',false),
  ('FR200100',7,'069436',false),
  ('FR200100',38,'592358',false),
  ('FR200100',76,'683571',false),
  ('FR200100',90,'355368',false),
  ('FR200102',42,'272631',false),
  ('FR200102',57,'560725',false),
  ('FR200102',78,'272631',false),
  ('FR200104',26,'479589',false),
  ('FR200104',80,'247459',false),
  ('FR200104',92,'479589',false),
  ('FR200105',35,'683571',false),
  ('FR200105',43,'683571',false),
  ('FR200105',51,'479589',false),
  ('FR200105',56,'479589',false),
  ('FR200105',85,'238627',false),
  ('FR200106',51,'347958',false),
  ('FR200106',74,'292822',false),
  ('FR200106',97,'654415',false),
  ('FR200107',56,'497175',false),
  ('FR200107',94,'352125',false),
  ('FR200108',31,'497175',false),
  ('FR200108',37,'308133',false),
  ('FR200108',51,'629588',false),
  ('FR200108',62,'629588',false),
  ('FR200108',81,'139018',false),
  ('FR200108',87,'203938',false),
  ('FR200109',70,'342701',false),
  ('FR200110',56,'139018',false),
  ('FR200110',86,'596240',false),
  ('FR200111',45,'395240',false),
  ('FR200112',59,'365770',false),
  ('FR200113',34,'057372',true),
  ('FR200114',16,'284526',false),
  ('FR200114',38,'497175',false),
  ('FR200114',61,'093678',false),
  ('FR200115',23,'190786',true),
  ('FR200115',28,'480454',false),
  ('FR200115',68,'022386',false),
  ('FR200115',84,'139018',false),
  ('FR200116',2,'290561',false),
  ('FR200116',19,'290561',false),
  ('FR200116',38,'290561',false),
  ('FR200116',89,'345225',false),
  ('FR200117',62,'292822',false),
  ('FR200117',90,'704155',false),
  ('FR200117',91,'654415',false),
  ('FR200118',17,'290561',false),
  ('FR200119',23,'098274',false),
  ('FR200119',42,'520816',false),
  ('FR200119',59,'057344',false),
  ('FR200120',29,'497175',false),
  ('FR200121',16,'211474',true),
  ('FR200121',29,'495489',false),
  ('FR200121',92,'358509',false),
  ('FR200122',8,'231941',false),
  ('FR200122',31,'290561',false),
  ('FR200122',58,'358509',false),
  ('FR200122',68,'565060',false),
  ('FR200123',44,'281611',false),
  ('FR200124',64,'435492',false),
  ('FR200125',14,'306166',false),
  ('FR200125',81,'290561',false),
  ('FR200127',56,'205655',false),
  ('FR200127',81,'344599',false),
  ('FR200127',83,'251813',false),
  ('FR200128',16,'264567',false),
  ('FR200128',27,'531960',false),
  ('FR200128',47,'531960',false),
  ('FR200128',73,'347595',false),
  ('FR200128',77,'170905',false),
  ('FR200129',18,'264567',false),
  ('FR200129',57,'127051',false),
  ('FR200129',83,'351772',false),
  ('FR200130',7,'109720',false),
  ('FR200130',43,'342701',false),
  ('FR200130',66,'495489',false),
  ('FR200131',3,'281614',false),
  ('FR200131',47,'281614',false),
  ('FR200131',54,'911990',false),
  ('FR200132',48,'911990',false),
  ('FR200132',50,'569140',false),
  ('FR200132',63,'353404',false),
  ('FR200133',21,'264567',false),
  ('FR200134',6,'586262',false),
  ('FR200134',18,'691786',false),
  ('FR200134',65,'264567',false),
  ('FR200134',80,'590841',false),
  ('FR200135',12,'391376',false),
  ('FR200135',51,'185574',false),
  ('FR200136',12,'111057',false),
  ('FR200136',76,'368624',false),
  ('FR200138',13,'342701',false),
  ('FR200138',91,'290561',false),
  ('FR200139',49,'342701',false),
  ('FR200139',63,'353940',false),
  ('FR200142',14,'342701',false),
  ('FR200142',43,'288251',false),
  ('FR200143',28,'203324',false),
  ('FR200143',35,'111057',false),
  ('FR200143',79,'292822',false),
  ('FR200143',87,'662242',false),
  ('FR200144',45,'531960',false),
  ('FR200146',23,'467637',false),
  ('FR200146',58,'347595',false),
  ('FR200146',66,'281614',false),
  ('FR200146',80,'531960',false),
  ('FR200147',3,'364525',false),
  ('FR200147',49,'119104',false),
  ('FR200148',25,'231916',false),
  ('FR200148',94,'170905',false),
  ('FR200149',75,'272549',false),
  ('FR200150',50,'508940',false),
  ('FR200150',66,'525111',false),
  ('FR200150',79,'525114',false),
  ('FR200151',14,'379742',false),
  ('FR200153',24,'185574',false),
  ('FR200153',60,'353940',false),
  ('FR200153',77,'111025',false),
  ('FR200154',26,'452165',false),
  ('FR200154',74,'497175',false),
  ('FR200154',79,'351772',false),
  ('FR200155',77,'691786',false),
  ('FR200157',2,'629585',false),
  ('FR200157',13,'492955',false),
  ('FR200157',27,'351772',false),
  ('FR200157',45,'318521',false),
  ('FR200158',13,'371148',false),
  ('FR200158',23,'169275',false),
  ('FR200158',82,'722739',false),
  ('FR200160',3,'368624',false),
  ('FR200160',9,'395228',false),
  ('FR200160',66,'345763',false),
  ('FR200161',26,'060578',false),
  ('FR200161',50,'306166',false),
  ('FR200161',92,'111025',false),
  ('FR200161',93,'629585',false),
  ('FR200162',52,'166630',true),
  ('FR200162',72,'586262',false),
  ('FR200162',91,'590841',false),
  ('FR200164',31,'082461',false),
  ('FR200165',1,'859620',false),
  ('FR200165',54,'290605',false),
  ('FR200166',25,'082461',false),
  ('FR200166',32,'427197',false),
  ('FR200166',58,'066490',false),
  ('FR200166',85,'483460',false),
  ('FR200167',39,'290605',false),
  ('FR200167',46,'082461',false),
  ('FR200168',29,'082461',false),
  ('FR200168',75,'365770',false),
  ('FR200169',93,'066490',false),
  ('FR200170',43,'033906',false),
  ('FR200170',86,'344607',false),
  ('FR200171',7,'452165',false),
  ('FR200171',31,'681325',false),
  ('FR200172',16,'552467',false),
  ('FR200172',19,'879963',false),
  ('FR200172',94,'169275',false),
  ('FR200173',70,'344599',false),
  ('FR200173',94,'251813',false),
  ('FR200175',30,'221873',false),
  ('FR200175',67,'238185',false),
  ('FR200176',58,'412085',false),
  ('FR200176',86,'412085',false),
  ('FR200177',62,'358509',false),
  ('FR200177',85,'412085',false),
  ('FR200178',54,'789094',false),
  ('FR200179',68,'801754',false),
  ('FR200180',54,'138171',false),
  ('FR200180',84,'263951',false),
  ('FR200181',1,'238185',false),
  ('FR200181',41,'690799',false),
  ('FR200181',70,'238185',false),
  ('FR200182',48,'495489',false),
  ('FR200183',30,'396131',false),
  ('FR200183',63,'093678',false),
  ('FR200183',77,'093678',false),
  ('FR200183',83,'659516',false),
  ('FR200184',49,'399553',false),
  ('FR200184',56,'238630',false),
  ('FR200185',15,'649023',false),
  ('FR200185',61,'635103',false),
  ('FR200186',17,'484991',false),
  ('FR200186',59,'637850',false),
  ('FR200186',87,'399553',false),
  ('FR200188',24,'379742',false),
  ('FR200188',31,'525109',false),
  ('FR200189',23,'365770',false),
  ('FR200189',78,'284526',false),
  ('FR200189',80,'255220',false);
