/* File created by scraping https://www.transfermarkt.com using Antonio Cardin's program */

insert into Squadre values
  ('Le Mans FC','Mulsanne','Ollé-Nicolle'),
  ('Quevilly Rouen Métropole','Le Petit-Quevilly','Irles'),
  ('Red Star FC','Saint-Ouen','Bordot'),
  ('US Orléans','Orléans','Robin'),
  ('Stade Lavallois','Laval','Frapolli'),
  ('US Boulogne','Boulogne-sur-Mer','Guyot'),
  ('Bourg-en-Bresse Péronnas 01','Péronnas','Mokeddem'),
  ('SC Bastia','Furiani','Chabert'),
  ('SO Cholet','Cholet','Rossi'),
  ('Annecy FC','Annecy','Dru'),
  ('FC Bastia-Borgo','','Cartier'),
  ('US Concarneau','Concarneau','Le Mignan'),
  ('FC Sète 34','Sète','Guibal'),
  ('Lyon - La Duchère','Lyon','Le Bellec'),
  ('Stade Briochin','Saint-Brieuc','Le Goff'),
  ('US Avranches','Avranches','Reculeau'),
  ('FC Villefranche-Beaujolais','Villefranche-sur-Saône','Vivier'),
  ('US Créteil-Lusitanos','Créteil','Da Costa');

insert into Giocatori values
  ('534491','Le Mans FC',1,'Pierre','Patron','20-aug-1997','Portiere'),
  ('060509','Le Mans FC',30,'Jérémy','Aymes','12-jul-1988','Portiere'),
  ('725963','Le Mans FC',40,'Ewan','Hatfout','1-apr-2000','Portiere'),
  ('170477','Le Mans FC',24,'Pierre','Lemonnier','6-jul-1993','Difensore'),
  ('484988','Le Mans FC',5,'Logan','Costa','1-apr-2001','Difensore'),
  ('034532','Le Mans FC',21,'Jérémy','Choplin','9-feb-1985','Difensore'),
  ('807822','Le Mans FC',34,'Ryan','Ebene Talla','21-oct-1999','Difensore'),
  ('813151','Le Mans FC',null,'Augustin','Pascaud','9-sep-1999','Difensore'),
  ('463608','Le Mans FC',3,'Mathieu','Gonçalves','8-jun-2001','Difensore'),
  ('031773','Le Mans FC',25,'Olivier','Veigneau','16-jul-1985','Difensore'),
  ('324819','Le Mans FC',6,'Maxime','Bernauer','1-jul-1998','Difensore'),
  ('315075','Le Mans FC',17,'Benjaloud','Youssouf','11-feb-1994','Difensore'),
  ('170980','Le Mans FC',2,'Alexandre','Vardin','18-sep-1989','Difensore'),
  ('878691','Le Mans FC',null,'Baptiste','Loison','30-nov-1997','Centrocampista'),
  ('222319','Le Mans FC',10,'Hamza','Hafidi','9-feb-1993','Centrocampista'),
  ('315040','Le Mans FC',20,'Ibréhima','Coulibaly','30-aug-1989','Centrocampista'),
  ('416168','Le Mans FC',15,'Durel','Avounou','25-sep-1997','Centrocampista'),
  ('288236','Le Mans FC',26,'Maxime','Etuin','15-aug-1995','Centrocampista'),
  ('177781','Le Mans FC',18,'Georges','Gope-Fenepej','23-oct-1988','Centrocampista'),
  ('640488','Le Mans FC',8,'Félix','Tomi','31-aug-2000','Centrocampista'),
  ('745938','Le Mans FC',33,'Alexis','Gouletquer','13-jul-1999','Attaccante'),
  ('543051','Le Mans FC',11,'Billal','Brahimi','14-mar-2000','Attaccante'),
  ('813152','Le Mans FC',11,'Makan','Aïko','7-jan-2001','Attaccante'),
  ('732097','Le Mans FC',33,'Kévin','Yoke','23-jun-1996','Attaccante'),
  ('358515','Le Mans FC',28,'Jean-Philippe','Krasso','17-jul-1997','Attaccante'),
  ('301841','Le Mans FC',7,'Julien','Bègue','8-aug-1993','Attaccante'),
  ('524242','Le Mans FC',27,'Julio','Donisa','15-jan-1994','Attaccante'),
  ('590127','Le Mans FC',9,'Victor','Glaentzlin','23-apr-1998','Attaccante'),
  ('045140','Le Mans FC',12,'Ghislain','Gimbert','7-aug-1985','Attaccante'),
  ('373939','Quevilly Rouen Métropole',1,'Nicolas','Lemaître','12-jan-1997','Portiere'),
  ('078960','Quevilly Rouen Métropole',30,'Romain','Lejeune','21-may-1991','Portiere'),
  ('467335','Quevilly Rouen Métropole',16,'Romain','Hanquinquant','28-nov-1998','Portiere'),
  ('817935','Quevilly Rouen Métropole',null,'Adel','Anzimati-Aboudou','5-nov-2001','Portiere'),
  ('494586','Quevilly Rouen Métropole',3,'Mickaël','Nade','4-mar-1999','Difensore'),
  ('620215','Quevilly Rouen Métropole',25,'Sami','Belkorchia','25-jan-1995','Difensore'),
  ('491844','Quevilly Rouen Métropole',26,'Ahmed','Soilihi','1-jul-1996','Difensore'),
  ('111025','Quevilly Rouen Métropole',5,'Romain','Padovani','15-oct-1989','Difensore'),
  ('814930','Quevilly Rouen Métropole',34,'Albin','Demouchy','31-may-2002','Difensore'),
  ('170970','Quevilly Rouen Métropole',24,'Jordan','Gobron','4-jun-1992','Difensore'),
  ('468233','Quevilly Rouen Métropole',20,'Robin','Taillan','27-may-1992','Difensore'),
  ('469662','Quevilly Rouen Métropole',19,'Damon','Bansais','8-jan-1994','Difensore'),
  ('685773','Quevilly Rouen Métropole',23,'Adrien','Pianelli','28-feb-1995','Difensore'),
  ('641152','Quevilly Rouen Métropole',17,'Gustavo','Sangaré','8-nov-1996','Centrocampista'),
  ('522791','Quevilly Rouen Métropole',8,'Sambou','Sissoko','27-apr-1999','Centrocampista'),
  ('285376','Quevilly Rouen Métropole',4,'Alassane','Diaby','6-jan-1995','Centrocampista'),
  ('250042','Quevilly Rouen Métropole',29,'Lucas','Toussaint','29-mar-1996','Centrocampista'),
  ('072253','Quevilly Rouen Métropole',6,'Stanislas','Oliveira','27-mar-1988','Centrocampista'),
  ('342217','Quevilly Rouen Métropole',21,'Johan','Rotsen','11-aug-1996','Centrocampista'),
  ('593290','Quevilly Rouen Métropole',14,'Mathéo','Remars','1-oct-1999','Centrocampista'),
  ('389441','Quevilly Rouen Métropole',27,'Virgile','Pinson','22-feb-1996','Centrocampista'),
  ('452165','Quevilly Rouen Métropole',10,'Manoubi','Haddad','23-aug-1996','Attaccante'),
  ('692087','Quevilly Rouen Métropole',28,'Yassine','Bahassa','21-may-1992','Attaccante'),
  ('399553','Quevilly Rouen Métropole',9,'Andrew','Jung','8-oct-1997','Attaccante'),
  ('591541','Quevilly Rouen Métropole',7,'Ottman','Dadoune','26-jul-1994','Attaccante'),
  ('170968','Red Star FC',30,'Paul','Charruau','12-jul-1993','Portiere'),
  ('419996','Red Star FC',1,'Raphaël','Adiceam','3-jul-1990','Portiere'),
  ('691340','Red Star FC',16,'William','Avognan','16-may-1995','Portiere'),
  ('525110','Red Star FC',3,'Edouard','Daillet','21-oct-1992','Difensore'),
  ('353205','Red Star FC',6,'Hamadou','Karamoko','31-oct-1995','Difensore'),
  ('126695','Red Star FC',4,'Jérémy','Labor','19-mar-1992','Difensore'),
  ('356582','Red Star FC',2,'Yann','M''Vita','11-may-1996','Difensore'),
  ('718052','Red Star FC',35,'Jeffry','Kikanda','22-dec-1995','Difensore'),
  ('537127','Red Star FC',20,'Théo','Sainte-Luce','20-oct-1998','Difensore'),
  ('804714','Red Star FC',15,'Younès','Ghabaoui','30-may-1997','Difensore'),
  ('580715','Red Star FC',27,'Maxime','Sivis','1-apr-1998','Difensore'),
  ('565084','Red Star FC',29,'Melvyn','Doremus','29-oct-1996','Difensore'),
  ('315071','Red Star FC',19,'Ousmane','Sidibé','23-apr-1985','Difensore'),
  ('849645','Red Star FC',36,'Ayoub','Lamharzi','24-jan-1998','Centrocampista'),
  ('065911','Red Star FC',24,'Djiman','Koukou','14-nov-1990','Centrocampista'),
  ('282058','Red Star FC',25,'Cheikh','N''Doye','29-mar-1986','Centrocampista'),
  ('204195','Red Star FC',17,'Mayoro','N''Doye','18-dec-1991','Centrocampista'),
  ('102998','Red Star FC',22,'Jimmy','Roye','8-sep-1988','Centrocampista'),
  ('481176','Red Star FC',8,'Valère','Pollet','27-jun-1997','Centrocampista'),
  ('518860','Red Star FC',12,'Madih','Talal','17-aug-1997','Centrocampista'),
  ('678185','Red Star FC',33,'Kouadio Yann','Kouakou','17-aug-1999','Centrocampista'),
  ('562455','Red Star FC',11,'Diego','Michel','16-oct-1997','Centrocampista'),
  ('792328','Red Star FC',7,'Damien','Durand','16-sep-1995','Attaccante'),
  ('566371','Red Star FC',14,'Benjamin','Gomel','14-may-1998','Attaccante'),
  ('693637','Red Star FC',5,'Pape Meïssa','Ba','4-jul-1997','Attaccante'),
  ('395699','Red Star FC',23,'Alan','Dzabana','25-mar-1997','Attaccante'),
  ('412694','Red Star FC',9,'Nathan','Bizet','27-apr-1997','Attaccante'),
  ('277469','Red Star FC',10,'Mayron','de Almeida','22-nov-1995','Attaccante'),
  ('315054','Red Star FC',28,'Bachibou','Koita','15-apr-1994','Attaccante'),
  ('774280','Red Star FC',21,'Pythocles','Bazolo','5-apr-1995','Attaccante'),
  ('735676','Red Star FC',26,'Johanne','Akassou','27-mar-1996','Attaccante'),
  ('122881','US Orléans',30,'Franck','L''Hostis','3-apr-1990','Portiere'),
  ('620912','US Orléans',1,'Théo','Vermot','27-jan-1997','Portiere'),
  ('668241','US Orléans',40,'Ludovic','Le Pennec','3-mar-2001','Portiere'),
  ('190386','US Orléans',5,'Djessine','Seba','8-aug-1994','Difensore'),
  ('170962','US Orléans',14,'Nicolas','Saint-Ruf','24-oct-1992','Difensore'),
  ('678835','US Orléans',19,'Alex','Marchadier','26-sep-1998','Difensore'),
  ('786497','US Orléans',2,'Sofyane','Bouzamoucha','10-may-2000','Difensore'),
  ('095336','US Orléans',6,'Hervé','Lybohy','23-jul-1983','Difensore'),
  ('468232','US Orléans',23,'Florian','Lapis','8-aug-1993','Difensore'),
  ('324839','US Orléans',28,'Abdoulkader','Thiam','3-oct-1998','Difensore'),
  ('182876','US Orléans',29,'Stéphane','Lambese','10-nov-1995','Difensore'),
  ('395509','US Orléans',12,'Arnaud','Luzayadio','19-jul-1999','Difensore'),
  ('450389','US Orléans',15,'Loïc','Goujon','9-jan-1996','Centrocampista'),
  ('126013','US Orléans',8,'Ismaël','Keïta','8-jul-1990','Centrocampista'),
  ('524356','US Orléans',10,'Amine','Talal','5-jun-1996','Centrocampista'),
  ('289435','US Orléans',24,'Yohan','Demoncy','7-apr-1996','Centrocampista'),
  ('563614','US Orléans',11,'Tidiane','Keita','18-sep-1996','Centrocampista'),
  ('720989','US Orléans',20,'Liamine','Mokdad','21-may-2000','Centrocampista'),
  ('353404','US Orléans',7,'Gaëtan','Perrin','7-jun-1996','Centrocampista'),
  ('540727','US Orléans',13,'Driss','Khalid','7-feb-1999','Centrocampista'),
  ('568698','US Orléans',27,'Issa','Soumaré','10-oct-2000','Attaccante'),
  ('410237','US Orléans',25,'Moussa','Seydi','21-aug-1996','Attaccante'),
  ('289219','US Orléans',21,'Fodé','Guirassy','6-jan-1996','Attaccante'),
  ('205519','US Orléans',22,'Karim','Coulibaly','3-jun-1993','Attaccante'),
  ('657635','US Orléans',17,'Bryan','Silva Teixeira','1-sep-2000','Attaccante'),
  ('748356','US Orléans',34,'Aeron','Zinga','15-jul-2000','Attaccante'),
  ('737772','US Orléans',18,'Carnejy','Antoine','27-jul-1991','Attaccante'),
  ('589689','US Orléans',null,'Fahd','El Khoumisti','1-jun-1993','Attaccante'),
  ('415856','US Orléans',26,'Hicham','Benkaid','26-apr-1990','Attaccante'),
  ('191188','Stade Lavallois',16,'Alexis','Sauvage','30-oct-1991','Portiere'),
  ('332134','Stade Lavallois',1,'Valentin','Belon','13-jun-1995','Portiere'),
  ('452803','Stade Lavallois',30,'Over','Mandanda','26-oct-1998','Portiere'),
  ('714740','Stade Lavallois',30,'Sébastien','Liger','3-jun-2001','Portiere'),
  ('853657','Stade Lavallois',null,'Mattéo','Desbois','8-apr-2002','Portiere'),
  ('791692','Stade Lavallois',17,'Yazid','Aït Moujane','19-jan-2001','Difensore'),
  ('135748','Stade Lavallois',27,'Pierrick','Cros','17-mar-1992','Difensore'),
  ('233739','Stade Lavallois',15,'Prince','Mendy','14-nov-1994','Difensore'),
  ('060529','Stade Lavallois',5,'Bira','Dembélé','22-mar-1988','Difensore'),
  ('712978','Stade Lavallois',2,'Antoine','Cottereau','1-jun-1999','Difensore'),
  ('126164','Stade Lavallois',25,'Edson','Seidou','6-oct-1991','Difensore'),
  ('512754','Stade Lavallois',13,'Maxence','Carlier','15-mar-1997','Difensore'),
  ('693912','Stade Lavallois',22,'Jason','Tré','18-mar-1998','Difensore'),
  ('603086','Stade Lavallois',4,'Tom','Duponchelle','17-feb-1996','Difensore'),
  ('496357','Stade Lavallois',6,'Mehdi','Boudjemaa','7-apr-1998','Centrocampista'),
  ('462815','Stade Lavallois',8,'Youssouf','N''Diaye','19-oct-1995','Centrocampista'),
  ('526790','Stade Lavallois',24,'Mohamad','Sylla','1-dec-1993','Centrocampista'),
  ('807165','Stade Lavallois',3,'Bamo','Meïté','20-jun-2001','Centrocampista'),
  ('684043','Stade Lavallois',7,'Mohamed','Ouadah','31-aug-1994','Centrocampista'),
  ('282877','Stade Lavallois',12,'Aliou','Dembelé','1-feb-1988','Centrocampista'),
  ('606254','Stade Lavallois',19,'Wessou','Cissé','27-may-2000','Centrocampista'),
  ('278547','Stade Lavallois',14,'Moussa','Sao','17-oct-1989','Centrocampista'),
  ('264966','Stade Lavallois',21,'Sabri','Toufiqui','30-mar-1997','Centrocampista'),
  ('681326','Stade Lavallois',20,'Sandy','Nzuzi Mbala','16-may-1997','Attaccante'),
  ('290615','Stade Lavallois',11,'Thomas','Robinet','18-aug-1996','Attaccante'),
  ('642941','Stade Lavallois',10,'Yohan','Brun','19-sep-1994','Attaccante'),
  ('394330','Stade Lavallois',26,'Ervin','Taha','14-mar-1999','Attaccante'),
  ('766839','Stade Lavallois',18,'Mamadou Usman','Simbakoli','19-apr-2001','Attaccante'),
  ('182814','Stade Lavallois',9,'Dorian','Caddy','20-mar-1995','Attaccante'),
  ('750502','Stade Lavallois',23,'Ludéric','Etonde','30-aug-2000','Attaccante'),
  ('345984','US Boulogne',16,'Simon','Lugier','2-aug-1989','Portiere'),
  ('053306','US Boulogne',1,'Guy','Ndy Assembé','28-feb-1986','Portiere'),
  ('785868','US Boulogne',30,'Léopold','Dufaut','8-oct-2001','Portiere'),
  ('012934','US Boulogne',null,'Franck','Grandel','17-mar-1978','Portiere'),
  ('189882','US Boulogne',25,'Rayan','Frikeche','9-oct-1991','Difensore'),
  ('127191','US Boulogne',19,'Formose','Mendy','8-oct-1993','Difensore'),
  ('081636','US Boulogne',null,'Jackson','Mendy','25-may-1987','Difensore'),
  ('291187','US Boulogne',18,'Rémy','Duterte','19-apr-1994','Difensore'),
  ('392303','US Boulogne',23,'Cédric','Makutungu','3-oct-1997','Difensore'),
  ('804812','US Boulogne',24,'Anthony','Oyono','12-apr-2001','Difensore'),
  ('412088','US Boulogne',13,'Junior','Senneville','31-jan-1991','Difensore'),
  ('804813','US Boulogne',20,'Adrien','Lefebvre','5-jul-1998','Centrocampista'),
  ('862996','US Boulogne',null,'Hervé','Touré','20-may-2000','Centrocampista'),
  ('642002','US Boulogne',4,'Balthazar','Pierret','15-may-2000','Centrocampista'),
  ('456434','US Boulogne',15,'Guillaume','Beghin','26-apr-1997','Centrocampista'),
  ('789018','US Boulogne',17,'James','Eto''o','19-nov-2000','Centrocampista'),
  ('691958','US Boulogne',2,'Noah','Cadiou','26-oct-1998','Centrocampista'),
  ('399546','US Boulogne',8,'Youness','Aouladzian','14-jan-1998','Centrocampista'),
  ('542100','US Boulogne',28,'Badara','Diomandé','3-jul-1997','Centrocampista'),
  ('694498','US Boulogne',20,'Jonathan','Bumbu','11-feb-1999','Centrocampista'),
  ('892613','US Boulogne',null,'Thomas','Coppin','29-jan-1998','Centrocampista'),
  ('747385','US Boulogne',21,'Joël','Mawungu','1-jan-2002','Attaccante'),
  ('593320','US Boulogne',26,'Evens','Joseph','16-jul-1999','Attaccante'),
  ('503327','US Boulogne',22,'Teddy','Okou','15-may-1998','Attaccante'),
  ('210332','US Boulogne',10,'Said','Id Azza','25-apr-1989','Attaccante'),
  ('427633','US Boulogne',11,'Chadrack','Muzungu','14-apr-1997','Attaccante'),
  ('540653','US Boulogne',7,'Malhory','Noc','9-jan-1998','Attaccante'),
  ('470472','US Boulogne',29,'Ibrahima','Traoré','27-jan-1997','Attaccante'),
  ('593319','US Boulogne',14,'Herman','Moussaki','10-feb-1999','Attaccante'),
  ('353468','US Boulogne',27,'Oussama','Abdeldjelil','23-jun-1993','Attaccante'),
  ('494208','US Boulogne',9,'Cédric','Odzoumo','25-may-1995','Attaccante'),
  ('669785','US Boulogne',32,'Noah','Bongo','18-feb-1999','Attaccante'),
  ('324829','Bourg-en-Bresse Péronnas 01',40,'Anthony','Maisonnial','23-mar-1998','Portiere'),
  ('093676','Bourg-en-Bresse Péronnas 01',1,'Maxime','Cassara','21-aug-1991','Portiere'),
  ('694499','Bourg-en-Bresse Péronnas 01',30,'Boris','Essele','25-jan-2000','Portiere'),
  ('353958','Bourg-en-Bresse Péronnas 01',16,'Gaëtan','Blaichet','3-feb-1994','Portiere'),
  ('297124','Bourg-en-Bresse Péronnas 01',5,'Quentin','Lacour','27-aug-1993','Difensore'),
  ('467392','Bourg-en-Bresse Péronnas 01',8,'Jérémy','Romany','20-apr-1990','Difensore'),
  ('118306','Bourg-en-Bresse Péronnas 01',2,'Florent','Perradin','11-may-1992','Difensore'),
  ('680325','Bourg-en-Bresse Péronnas 01',21,'Théo','Braillon','9-may-2000','Difensore'),
  ('590629','Bourg-en-Bresse Péronnas 01',29,'Julien','Boyer','10-apr-1998','Difensore'),
  ('741194','Bourg-en-Bresse Péronnas 01',23,'Nathan','Tanard','18-jun-1997','Difensore'),
  ('281605','Bourg-en-Bresse Péronnas 01',28,'Brandon','Agounon','19-oct-1994','Difensore'),
  ('599308','Bourg-en-Bresse Péronnas 01',3,'Lucas','Dunand','8-apr-1993','Difensore'),
  ('467295','Bourg-en-Bresse Péronnas 01',22,'Jaffray','Nsimba','11-jan-1991','Difensore'),
  ('876519','Bourg-en-Bresse Péronnas 01',null,'Sofyan','Cola','30-apr-2002','Difensore'),
  ('817754','Bourg-en-Bresse Péronnas 01',26,'Thomas','Andrusyzyn','23-nov-1999','Centrocampista'),
  ('060575','Bourg-en-Bresse Péronnas 01',15,'Jimmy','Nirlo','23-aug-1988','Centrocampista'),
  ('599307','Bourg-en-Bresse Péronnas 01',19,'Thierno','Diallo','21-jan-2000','Centrocampista'),
  ('334006','Bourg-en-Bresse Péronnas 01',6,'Anthony','Ribelin','8-apr-1996','Centrocampista'),
  ('316757','Bourg-en-Bresse Péronnas 01',24,'Kader','Kraichi','17-feb-1989','Centrocampista'),
  ('352088','Bourg-en-Bresse Péronnas 01',7,'Sofiane','Atik','21-dec-1986','Centrocampista'),
  ('627924','Bourg-en-Bresse Péronnas 01',4,'Ousseynou','Ndiaye','24-nov-1998','Centrocampista'),
  ('258161','Bourg-en-Bresse Péronnas 01',10,'Guillaume','Khous','18-aug-1992','Centrocampista'),
  ('154171','Bourg-en-Bresse Péronnas 01',26,'Benjamin','Corgnet','6-apr-1987','Centrocampista'),
  ('415863','Bourg-en-Bresse Péronnas 01',20,'Kévin','Testud','12-apr-1992','Attaccante'),
  ('781923','Bourg-en-Bresse Péronnas 01',14,'Lucas','Capoue','6-dec-1997','Attaccante'),
  ('126693','Bourg-en-Bresse Péronnas 01',17,'Franck','Julienne','7-mar-1991','Attaccante'),
  ('398509','Bourg-en-Bresse Péronnas 01',9,'Romain','Montiel','22-apr-1995','Attaccante'),
  ('735051','Bourg-en-Bresse Péronnas 01',11,'Amine','El Ouazzani','15-jul-2001','Attaccante'),
  ('740775','Bourg-en-Bresse Péronnas 01',25,'Jeffrey','Quarshie','11-jul-1991','Attaccante'),
  ('066407','Bourg-en-Bresse Péronnas 01',27,'Sloan','Privat','24-jul-1989','Attaccante'),
  ('149239','SC Bastia',16,'Thomas','Vincensini','12-sep-1993','Portiere'),
  ('152807','SC Bastia',1,'Sébastien','Lombard','20-aug-1981','Portiere'),
  ('807363','SC Bastia',40,'Olivier','Cristiani','9-nov-1994','Portiere'),
  ('588645','SC Bastia',6,'Dominique','Guidi','6-feb-1996','Difensore'),
  ('794349','SC Bastia',19,'Julien','Le Cardinal','3-aug-1997','Difensore'),
  ('116634','SC Bastia',15,'Yohan','Bocognano','12-jun-1990','Difensore'),
  ('469043','SC Bastia',22,'Samuel','Guibert','22-jan-1989','Difensore'),
  ('550572','SC Bastia',11,'Stephen','Quemper','12-may-1993','Difensore'),
  ('281615','SC Bastia',13,'Anthony','Salis','13-oct-1988','Difensore'),
  ('711969','SC Bastia',26,'Lorenz','Assignon','22-jun-2000','Difensore'),
  ('044688','SC Bastia',29,'Gilles','Cioni','14-jun-1984','Difensore'),
  ('894262','SC Bastia',null,'Alexandre','Jourda','15-jul-2001','Difensore'),
  ('652128','SC Bastia',25,'Tom','Ducrocq','25-aug-1999','Centrocampista'),
  ('203324','SC Bastia',7,'Christophe','Vincent','8-nov-1992','Centrocampista'),
  ('651979','SC Bastia',4,'Anthony','Roncaglia','30-aug-2000','Centrocampista'),
  ('044689','SC Bastia',5,'Gary','Coulibaly','30-mar-1986','Centrocampista'),
  ('185574','SC Bastia',17,'Maguette','Diongue','3-apr-1992','Centrocampista'),
  ('281612','SC Bastia',10,'Michel','Moretti','26-may-1989','Centrocampista'),
  ('288251','SC Bastia',28,'Sébastien','Salles-Lamonge','28-jan-1996','Centrocampista'),
  ('353940','SC Bastia',8,'Kévin','Schur','19-nov-1990','Attaccante'),
  ('794348','SC Bastia',14,'Yoann','Kherbache','21-jul-2000','Attaccante'),
  ('039924','SC Bastia',3,'Anthony','Robic','5-mar-1986','Attaccante'),
  ('005597','SC Bastia',18,'Chaouki','Ben Saada','1-jul-1984','Attaccante'),
  ('189940','SC Bastia',27,'Florian','Raspentino','6-jun-1989','Attaccante'),
  ('342701','SC Bastia',12,'Benjamin','Santelli','16-nov-1991','Attaccante'),
  ('126883','SC Bastia',20,'Sébastien','da Silva','8-apr-1991','Attaccante'),
  ('512751','SC Bastia',9,'Naoufal','Mesbah','7-may-1996','Attaccante'),
  ('290559','SO Cholet',1,'Anthony','Mandréa','25-dec-1996','Portiere'),
  ('185605','SO Cholet',16,'Anthony','Martin','24-jul-1989','Portiere'),
  ('427954','SO Cholet',30,'Junior','Noubi','20-jun-1999','Portiere'),
  ('822666','SO Cholet',null,'Louis','Viot',null,'Portiere'),
  ('182823','SO Cholet',27,'Jonathan','Mexique','10-mar-1995','Difensore'),
  ('491784','SO Cholet',4,'Yasser','Baldé','12-jan-1993','Difensore'),
  ('780095','SO Cholet',19,'Yacouba','Seydi','13-aug-1993','Difensore'),
  ('353396','SO Cholet',3,'Dylan','Mboumbouni','20-feb-1996','Difensore'),
  ('277845','SO Cholet',2,'Diaranké','Fofana','14-jul-1989','Difensore'),
  ('684050','SO Cholet',null,'Wilson','Mendy','29-jul-2000','Difensore'),
  ('468234','SO Cholet',29,'Ibrahima','Savane','10-sep-1993','Difensore'),
  ('561465','SO Cholet',14,'Moussa','Niakaté','1-jan-1997','Difensore'),
  ('456436','SO Cholet',20,'Moussa','Sylla','15-mar-1999','Difensore'),
  ('316709','SO Cholet',22,'Marsoni','Sambu','3-jun-1996','Difensore'),
  ('044600','SO Cholet',null,'Khassimirou','Diop','28-dec-1986','Centrocampista'),
  ('837028','SO Cholet',null,'Edouard','Guilbaud',null,'Centrocampista'),
  ('253816','SO Cholet',12,'Nianankoro','Doumbia','23-may-1996','Centrocampista'),
  ('695643','SO Cholet',6,'Tom','Renaud','19-nov-2000','Centrocampista'),
  ('806292','SO Cholet',32,'Adama','Diop','7-feb-2002','Centrocampista'),
  ('467571','SO Cholet',10,'Fred','Dembi','21-feb-1995','Centrocampista'),
  ('781808','SO Cholet',5,'Julien','Maggiotti','9-sep-1995','Centrocampista'),
  ('837742','SO Cholet',null,'Cédric','Léandro','13-nov-1992','Centrocampista'),
  ('353377','SO Cholet',26,'Yoann','Le Méhauté','3-jan-1995','Centrocampista'),
  ('138949','SO Cholet',8,'Mohamed','Larbi','2-sep-1987','Centrocampista'),
  ('407156','SO Cholet',7,'Faissal','Mannai','3-feb-1996','Centrocampista'),
  ('839748','SO Cholet',null,'Verlaine','Mbuyamba Mulosa','1-jul-1998','Attaccante'),
  ('650001','SO Cholet',17,'Marwane','Elaz','17-jun-1996','Attaccante'),
  ('366047','SO Cholet',9,'Yankuba','Jarju','20-aug-1996','Attaccante'),
  ('739073','SO Cholet',11,'Kader','N''Chobi','17-nov-1995','Attaccante'),
  ('198410','SO Cholet',null,'Adrian','Dabasse','27-jul-1993','Attaccante'),
  ('561891','SO Cholet',24,'Amadou','Konaté','1-jan-1997','Attaccante'),
  ('740565','SO Cholet',18,'Moussa','Diaby','5-jul-2002','Attaccante'),
  ('787061','SO Cholet',null,'Nigel','Solvet','20-jul-1994','Attaccante'),
  ('081543','Annecy FC',40,'Paul','Delecroix','14-oct-1988','Portiere'),
  ('190366','Annecy FC',16,'Lucas','Mocio','11-may-1994','Portiere'),
  ('780943','Annecy FC',1,'Julien','Perez','15-dec-1993','Portiere'),
  ('809028','Annecy FC',30,'Thibaut','Mailhos','23-mar-1990','Portiere'),
  ('690002','Annecy FC',15,'Cheikh Cory','Sene','20-apr-2001','Difensore'),
  ('111511','Annecy FC',2,'Matthieu','Sans','16-jun-1988','Difensore'),
  ('780944','Annecy FC',8,'Jonathan','Gonçalves','25-jan-1989','Difensore'),
  ('203748','Annecy FC',23,'Maxence','Chapuis','9-apr-1994','Difensore'),
  ('781775','Annecy FC',4,'Bissenty','Mendy','15-aug-1991','Difensore'),
  ('780945','Annecy FC',20,'Nicolas','Garby','31-oct-1992','Difensore'),
  ('395232','Annecy FC',36,'Matéo','Maillefaud','6-aug-2000','Difensore'),
  ('364238','Annecy FC',3,'Alhassane','Sylla','24-aug-1995','Difensore'),
  ('780942','Annecy FC',34,'Jonathan','Ruque','22-may-2000','Difensore'),
  ('060564','Annecy FC',21,'Romuald','Marie','19-may-1988','Difensore'),
  ('602982','Annecy FC',35,'Jérémy','Mizrahi','30-may-2000','Difensore'),
  ('073120','Annecy FC',5,'Ahmed','Kashi','18-nov-1988','Centrocampista'),
  ('780946','Annecy FC',19,'Alexandre','Fillon','6-feb-1995','Centrocampista'),
  ('427502','Annecy FC',22,'Roger','Tamba M''Pinda','13-aug-1998','Centrocampista'),
  ('228891','Annecy FC',27,'Jordan','Adéoti','12-mar-1989','Centrocampista'),
  ('842459','Annecy FC',37,'Maxime','Bado','26-jul-1998','Centrocampista'),
  ('057204','Annecy FC',6,'Steven','Pinto-Borges','26-mar-1986','Centrocampista'),
  ('780919','Annecy FC',14,'Nicolas','Poulain','4-dec-1993','Centrocampista'),
  ('653483','Annecy FC',38,'Madyen','El Jaouhari','16-mar-1999','Centrocampista'),
  ('386046','Annecy FC',28,'Ahmed','Mogni','10-oct-1991','Attaccante'),
  ('108021','Annecy FC',11,'Jean-Jacques','Rocchi','1-jun-1989','Attaccante'),
  ('651973','Annecy FC',25,'Godson','Kyeremeh','14-jun-2000','Attaccante'),
  ('395241','Annecy FC',24,'Yanis','Bensaber','24-jan-2000','Attaccante'),
  ('590841','Annecy FC',18,'Migouel','Alfarela','15-nov-1997','Attaccante'),
  ('126675','Annecy FC',7,'Omar','Wade','15-may-1990','Attaccante'),
  ('290588','Annecy FC',9,'Romain','Spano','31-oct-1994','Attaccante'),
  ('004217','Annecy FC',10,'Anthony','Le Tallec','3-oct-1984','Attaccante'),
  ('189413','Annecy FC',17,'Anderson','Banvo','4-feb-1994','Attaccante'),
  ('488196','Annecy FC',33,'Mehmet','Günes','7-jun-1998','Attaccante'),
  ('222636','FC Bastia-Borgo',1,'Florian','Escales','3-feb-1996','Portiere'),
  ('399382','FC Bastia-Borgo',16,'Paul-André','Guerin','26-sep-1997','Portiere'),
  ('484987','FC Bastia-Borgo',22,'Théo','Barbet','6-mar-2001','Difensore'),
  ('622868','FC Bastia-Borgo',4,'Guillaume','Buon','2-mar-1998','Difensore'),
  ('170454','FC Bastia-Borgo',5,'Mohamed','Hamdi','8-may-1993','Difensore'),
  ('790743','FC Bastia-Borgo',13,'Walid','Touil','23-jul-1996','Difensore'),
  ('198624','FC Bastia-Borgo',6,'Makan','Traoré','26-may-1992','Difensore'),
  ('804662','FC Bastia-Borgo',25,'Yohan','Marmot','22-jul-1999','Difensore'),
  ('600868','FC Bastia-Borgo',20,'Isaak','Umbdenstock','18-feb-1999','Centrocampista'),
  ('528467','FC Bastia-Borgo',17,'Inza','Diarrassouba','3-aug-1990','Centrocampista'),
  ('079991','FC Bastia-Borgo',11,'Jean-François','Grimaldi','14-jul-1988','Centrocampista'),
  ('374039','FC Bastia-Borgo',19,'François','Lajugie','31-jan-1996','Centrocampista'),
  ('184938','FC Bastia-Borgo',8,'Cherif','Doumbia','19-aug-1991','Centrocampista'),
  ('603575','FC Bastia-Borgo',29,'Mamadou','Magassouba','29-nov-1994','Centrocampista'),
  ('807373','FC Bastia-Borgo',null,'Joseph','Vittori','8-oct-2002','Centrocampista'),
  ('205398','FC Bastia-Borgo',10,'Alexandre','Cropanese','18-oct-1993','Centrocampista'),
  ('395511','FC Bastia-Borgo',12,'Alexis','Giacomini','9-aug-1998','Centrocampista'),
  ('467304','FC Bastia-Borgo',28,'Clément','Couturier','13-sep-1993','Attaccante'),
  ('812632','FC Bastia-Borgo',7,'Gauthier','Raoul','23-sep-2000','Attaccante'),
  ('494237','FC Bastia-Borgo',18,'Wilson','Isidor','27-aug-2000','Attaccante'),
  ('314891','FC Bastia-Borgo',9,'Geoffray','Durbant','19-may-1992','Attaccante'),
  ('190373','FC Bastia-Borgo',14,'Mour','Paye','24-may-1994','Attaccante'),
  ('191529','US Concarneau',1,'Vincent','Viot','17-may-1994','Portiere'),
  ('395669','US Concarneau',16,'Léopold','Maitre','7-may-1998','Portiere'),
  ('685687','US Concarneau',30,'Mathis','Henrio','30-nov-1999','Portiere'),
  ('111853','US Concarneau',null,'Ivan','Seznec','27-dec-1984','Portiere'),
  ('653526','US Concarneau',null,'Marc','Mell',null,'Portiere'),
  ('391375','US Concarneau',15,'Peter','Ouaneh','4-apr-1998','Difensore'),
  ('102958','US Concarneau',4,'Guillaume','Jannez','19-feb-1989','Difensore'),
  ('817913','US Concarneau',28,'Nicolas','Moucazambo','28-feb-1999','Difensore'),
  ('786425','US Concarneau',18,'Ousmane','Badji','14-dec-1994','Difensore'),
  ('291125','US Concarneau',29,'Jocelyn','Laurent','24-oct-1995','Difensore'),
  ('522850','US Concarneau',3,'Yohan','Bilingi','1-feb-1999','Difensore'),
  ('352331','US Concarneau',2,'Maxime','Toupin','7-jan-1988','Difensore'),
  ('232621','US Concarneau',8,'Tristan','Boubaya','2-oct-1989','Centrocampista'),
  ('386053','US Concarneau',24,'Erwan','Maury','16-jun-1996','Centrocampista'),
  ('352336','US Concarneau',26,'Thibault','Sinquin','26-may-1992','Centrocampista'),
  ('127179','US Concarneau',10,'Guillaume','Gégousse','14-mar-1990','Centrocampista'),
  ('814931','US Concarneau',null,'Joris','Le Roux','5-may-1992','Centrocampista'),
  ('484991','US Concarneau',23,'Louis','Carnot','25-feb-2001','Centrocampista'),
  ('804886','US Concarneau',21,'Félix','Ley','10-jan-2001','Centrocampista'),
  ('590319','US Concarneau',6,'Abdourahim','Moina','17-dec-2000','Centrocampista'),
  ('343016','US Concarneau',19,'Alexandre','Vincent','25-apr-1994','Centrocampista'),
  ('735707','US Concarneau',25,'Bilel','Badre','30-jan-2000','Centrocampista'),
  ('318517','US Concarneau',11,'Matthis','Jourdan','28-feb-1997','Attaccante'),
  ('331984','US Concarneau',12,'Lamine','Ndao','19-dec-1994','Attaccante'),
  ('435208','US Concarneau',27,'Béni','N''Kololo','6-nov-1996','Attaccante'),
  ('676187','US Concarneau',7,'Hacène','Benali','14-oct-1999','Attaccante'),
  ('562005','US Concarneau',17,'Richard','Sila','4-jan-1998','Attaccante'),
  ('241325','US Concarneau',9,'Edwin','Maanane','3-feb-1995','Attaccante'),
  ('592990','FC Sète 34',1,'Vincent','Pappalardo','7-jun-1991','Portiere'),
  ('285894','FC Sète 34',16,'Anthony','Cianni','21-feb-1990','Portiere'),
  ('600148','FC Sète 34',30,'Abdelaziz','Mannkour','5-jan-1995','Portiere'),
  ('874949','FC Sète 34',null,'Téva','Gardies','1-apr-2001','Portiere'),
  ('894253','FC Sète 34',null,'Ezio','Gonzalez','29-jan-2003','Portiere'),
  ('892695','FC Sète 34',null,'Rayan','Bouallaga','30-may-2001','Difensore'),
  ('894251','FC Sète 34',null,'Malcom','Michelot','21-may-2001','Difensore'),
  ('780990','FC Sète 34',3,'Steve','Solvet','20-mar-1996','Difensore'),
  ('315085','FC Sète 34',4,'Djibril','Diarra','14-dec-1991','Difensore'),
  ('742629','FC Sète 34',18,'Arnold','Temanfo','3-jun-1993','Difensore'),
  ('804882','FC Sète 34',20,'Moussa','Kouyaté','18-apr-1994','Difensore'),
  ('307748','FC Sète 34',26,'Mahamadou','Dramé','3-dec-1991','Difensore'),
  ('126651','FC Sète 34',21,'Thibault','Balp','23-feb-1990','Difensore'),
  ('562429','FC Sète 34',25,'Amadou','Seydi','12-nov-1997','Difensore'),
  ('892711','FC Sète 34',null,'Matt','Darmon','15-apr-2001','Difensore'),
  ('612143','FC Sète 34',22,'Kylian','Kaïboué','20-aug-1998','Difensore'),
  ('832865','FC Sète 34',34,'Mohamed','Kharrazi','19-jan-2001','Difensore'),
  ('791938','FC Sète 34',2,'Abderrahmane','Tabbackh','20-jul-1999','Difensore'),
  ('698780','FC Sète 34',19,'Adama','Soumaré','1-may-1995','Difensore'),
  ('238633','FC Sète 34',5,'Oumar','Diop','23-jun-1994','Difensore'),
  ('293533','FC Sète 34',24,'André-Patrick','Keyoubi','4-may-1997','Difensore'),
  ('435224','FC Sète 34',null,'Julien','Bertoux','24-jan-1993','Difensore'),
  ('892694','FC Sète 34',null,'Antony','Fesquet',null,'Centrocampista'),
  ('894252','FC Sète 34',null,'Kenzo','Sablayrolles',null,'Centrocampista'),
  ('272633','FC Sète 34',12,'Alexis','Mané','30-apr-1997','Centrocampista'),
  ('184145','FC Sète 34',28,'Abdel Malik','Hsissane','28-jan-1991','Centrocampista'),
  ('411440','FC Sète 34',6,'Francis','Kembolo','27-nov-1990','Centrocampista'),
  ('395697','FC Sète 34',8,'Kléri','Serber','3-jul-1998','Centrocampista'),
  ('592999','FC Sète 34',10,'Ryan','Ferhaoui','31-may-1997','Centrocampista'),
  ('209937','FC Sète 34',7,'Oualid','Orinel','3-jun-1990','Centrocampista'),
  ('354232','FC Sète 34',17,'Hakim','El Mokeddem','15-feb-1999','Centrocampista'),
  ('892683','FC Sète 34',null,'Fabio','Pagès','15-aug-2001','Attaccante'),
  ('216263','FC Sète 34',29,'Aymen','Souda','28-feb-1993','Attaccante'),
  ('775341','FC Sète 34',11,'Wilfried','Baana Jaba','29-aug-1992','Attaccante'),
  ('383124','FC Sète 34',15,'Oumar','Camara','19-aug-1992','Attaccante'),
  ('468245','FC Sète 34',27,'Julien','Farnabe','6-oct-1993','Attaccante'),
  ('103677','FC Sète 34',23,'Rafik','Bouderbal','19-sep-1987','Attaccante'),
  ('804883','FC Sète 34',33,'Lucas','Segura','3-may-1997','Attaccante'),
  ('694802','FC Sète 34',null,'Saber','Sairafy','30-nov-1999','Attaccante'),
  ('369599','FC Sète 34',null,'Warren','Caddy','9-apr-1997','Attaccante'),
  ('804661','FC Sète 34',13,'Simon','Elisor','22-jul-1999','Attaccante'),
  ('777265','FC Sète 34',14,'Daouda','Gueye','22-dec-1995','Attaccante'),
  ('562416','FC Sète 34',null,'Tony','Patrao','19-feb-1986','Attaccante'),
  ('548785','FC Sète 34',9,'Kévin','Tabué','7-apr-1993','Attaccante'),
  ('182820','Lyon - La Duchère',40,'Axel','Kacou','1-aug-1995','Portiere'),
  ('141364','Lyon - La Duchère',1,'Maxime','Hautbois','3-jan-1991','Portiere'),
  ('599305','Lyon - La Duchère',16,'Pierre','Popp','27-mar-2000','Portiere'),
  ('875638','Lyon - La Duchère',null,'Brice','Negouai','17-feb-2002','Difensore'),
  ('272628','Lyon - La Duchère',29,'Corentin','Jacob','7-jan-1997','Difensore'),
  ('395681','Lyon - La Duchère',28,'Bryan','Ngwabije','30-may-1998','Difensore'),
  ('103062','Lyon - La Duchère',2,'Frédéric','Bong','27-jul-1987','Difensore'),
  ('060596','Lyon - La Duchère',5,'Nicolas','Seguin','6-mar-1990','Difensore'),
  ('468512','Lyon - La Duchère',12,'Kassim','M''Dahoma','26-jan-1997','Difensore'),
  ('604334','Lyon - La Duchère',null,'Seydine','N''Diaye','23-apr-1998','Difensore'),
  ('250009','Lyon - La Duchère',14,'Nathan','Dekoke','6-jan-1996','Difensore'),
  ('265547','Lyon - La Duchère',26,'Jordan','Pierre-Charles','26-nov-1993','Difensore'),
  ('798968','Lyon - La Duchère',19,'Diaby','Doucouré','28-may-1996','Difensore'),
  ('836911','Lyon - La Duchère',null,'Dylan','Brunetton','19-dec-2000','Difensore'),
  ('033773','Lyon - La Duchère',3,'Hatim','Sbaï','9-aug-1986','Difensore'),
  ('381231','Lyon - La Duchère',6,'Mohamed','Fadhloun','16-feb-1994','Centrocampista'),
  ('107703','Lyon - La Duchère',23,'Hamadi','Ayari','8-jan-1991','Centrocampista'),
  ('461583','Lyon - La Duchère',18,'Mathis','Louiserre','18-aug-2000','Centrocampista'),
  ('618486','Lyon - La Duchère',19,'Innocent','Rodet','9-jun-2001','Centrocampista'),
  ('467394','Lyon - La Duchère',22,'Matthieu','Ezikian','25-oct-1991','Centrocampista'),
  ('351772','Lyon - La Duchère',24,'Garland','Gbellé','16-dec-1992','Centrocampista'),
  ('686454','Lyon - La Duchère',20,'Ivann','Botella','28-jun-1999','Centrocampista'),
  ('277268','Lyon - La Duchère',10,'Alexis','Araujo','7-dec-1996','Centrocampista'),
  ('875639','Lyon - La Duchère',null,'Mohamed','Soumah','12-jan-1999','Attaccante'),
  ('413033','Lyon - La Duchère',21,'Lamine','Ghezali','6-jul-1999','Attaccante'),
  ('562578','Lyon - La Duchère',9,'Landry','Nomel','3-sep-1997','Attaccante'),
  ('198619','Lyon - La Duchère',8,'Nadjib','Baouia','25-feb-1992','Attaccante'),
  ('866773','Lyon - La Duchère',null,'Naofel Tarek','Bouguerra','13-feb-1998','Attaccante'),
  ('128973','Lyon - La Duchère',7,'Oumare','Tounkara','25-may-1990','Attaccante'),
  ('267778','Lyon - La Duchère',11,'Jonathan','Rivas-Marouani','25-jan-1992','Attaccante'),
  ('288247','Stade Briochin',1,'Maxime','Pattier','12-feb-1996','Portiere'),
  ('034053','Stade Briochin',16,'Cheick','N''Diaye','15-feb-1985','Portiere'),
  ('737784','Stade Briochin',30,'Alexis','Radoux','5-feb-1995','Portiere'),
  ('138049','Stade Briochin',2,'Christophe','Kerbrat','2-aug-1986','Difensore'),
  ('185459','Stade Briochin',4,'Kévin','Simon','4-dec-1991','Difensore'),
  ('563610','Stade Briochin',5,'Hugo','Boudin','8-jun-1992','Difensore'),
  ('055046','Stade Briochin',22,'Benjamin','Angoua','28-nov-1986','Difensore'),
  ('818010','Stade Briochin',26,'Quentin','Urvoy','26-jul-1999','Difensore'),
  ('281926','Stade Briochin',20,'Hugo','Vargas-Ríos','2-nov-1994','Difensore'),
  ('737782','Stade Briochin',23,'Souleymane','Baldé','7-oct-1997','Difensore'),
  ('562564','Stade Briochin',15,'James','Le Marer','1-jan-1991','Difensore'),
  ('210832','Stade Briochin',8,'Nakibou','Aboubakari','10-mar-1993','Centrocampista'),
  ('562566','Stade Briochin',14,'Théo','Bloudeau','12-mar-1992','Centrocampista'),
  ('737785','Stade Briochin',24,'Damien','Boisvilliers','25-apr-1994','Centrocampista'),
  ('288218','Stade Briochin',17,'Ahmad','Allée','29-apr-1996','Centrocampista'),
  ('121072','Stade Briochin',6,'Maël','Illien','30-aug-1990','Centrocampista'),
  ('415639','Stade Briochin',null,'Jordan','Blondel','17-jun-1992','Centrocampista'),
  ('737783','Stade Briochin',null,'Birame','N''Diaye','11-feb-1996','Attaccante'),
  ('203470','Stade Briochin',10,'Zana','Allée','1-mar-1994','Attaccante'),
  ('780147','Stade Briochin',10,'Rafiki','Saïd','15-mar-2000','Attaccante'),
  ('737780','Stade Briochin',29,'Erwan','Mbock','1-feb-1992','Attaccante'),
  ('399544','Stade Briochin',18,'Scott','Kyei','22-jul-1999','Attaccante'),
  ('289438','Stade Briochin',7,'Devon','Romil','12-jun-1996','Attaccante'),
  ('200559','Stade Briochin',19,'Charly','Dutournier','15-may-1994','Attaccante'),
  ('236414','Stade Briochin',27,'Valentin','Lavigne','4-jun-1994','Attaccante'),
  ('631978','Stade Briochin',21,'Rémy','Fombertasse','31-mar-1998','Attaccante'),
  ('804737','Stade Briochin',null,'Aimeric','Gomis-Maillard','14-jul-1999','Attaccante'),
  ('782571','US Avranches',16,'Brice','Cognard','26-apr-1990','Portiere'),
  ('103061','US Avranches',1,'Anthony','Beuve','24-jun-1988','Portiere'),
  ('509137','US Avranches',30,'Florian','Lebreton','24-apr-1998','Portiere'),
  ('182915','US Avranches',40,'Corentin','Rioult','15-jan-1995','Portiere'),
  ('467570','US Avranches',null,'Julien','Auffray','25-jun-1994','Difensore'),
  ('468895','US Avranches',5,'Yohan','Baret','16-may-2001','Difensore'),
  ('344382','US Avranches',15,'Harold','Voyer','26-mar-1997','Difensore'),
  ('039174','US Avranches',3,'Khaled','Adénon','29-jul-1985','Difensore'),
  ('590512','US Avranches',20,'Steven','Séance','20-feb-1992','Difensore'),
  ('889835','US Avranches',null,'Mathis','Lemeray','25-sep-2001','Difensore'),
  ('648886','US Avranches',21,'Samuel','Loric','5-jul-2000','Difensore'),
  ('804885','US Avranches',23,'Martin','Expérience','9-mar-1999','Difensore'),
  ('663353','US Avranches',4,'Diakari','Diarra','24-mar-1993','Difensore'),
  ('781917','US Avranches',null,'Saad','Bubote','23-aug-1995','Difensore'),
  ('692061','US Avranches',2,'Bastien','Launay','8-jan-1999','Difensore'),
  ('698861','US Avranches',6,'Malcolm','Babel','19-may-1993','Difensore'),
  ('066785','US Avranches',8,'Charles','Boateng','14-dec-1989','Centrocampista'),
  ('523756','US Avranches',12,'Bryan','Jean-Baptiste','27-oct-1996','Centrocampista'),
  ('520819','US Avranches',10,'Julien','Anziani','23-jun-1999','Centrocampista'),
  ('593482','US Avranches',17,'Azzedine','Ounahi','19-apr-2000','Centrocampista'),
  ('428953','US Avranches',28,'Pierre','Magnon','9-may-1996','Centrocampista'),
  ('422893','US Avranches',19,'Moataz','Zemzemi','7-aug-1999','Centrocampista'),
  ('270646','US Avranches',7,'Alexis','Busin','7-sep-1995','Attaccante'),
  ('773796','US Avranches',14,'Marvyn','Belliard','11-feb-1993','Attaccante'),
  ('788774','US Avranches',11,'Réjis','Kouakou','18-jun-1992','Attaccante'),
  ('395522','US Avranches',9,'Samuel','Essende','23-jan-1998','Attaccante'),
  ('657326','US Avranches',18,'Jordan','Kassa','26-mar-1994','Attaccante'),
  ('794116','US Avranches',29,'Ayoub','Jabbari','30-jan-2000','Attaccante'),
  ('324820','FC Villefranche-Beaujolais',16,'Lucas','Caruso','4-nov-1998','Portiere'),
  ('110116','FC Villefranche-Beaujolais',1,'Jean-Christophe','Bouet','21-jul-1983','Portiere'),
  ('589615','FC Villefranche-Beaujolais',30,'Tao','Jian','22-jun-2001','Portiere'),
  ('684065','FC Villefranche-Beaujolais',22,'Axel','Dauchy','25-jun-1995','Difensore'),
  ('666744','FC Villefranche-Beaujolais',25,'Alexandre','Lauray','18-mar-1997','Difensore'),
  ('171793','FC Villefranche-Beaujolais',23,'Kévin','Renaut','28-apr-1991','Difensore'),
  ('110129','FC Villefranche-Beaujolais',29,'Nicolas','Flégeau','9-jun-1985','Difensore'),
  ('333184','FC Villefranche-Beaujolais',12,'Adrien','Pagerie','8-may-1992','Difensore'),
  ('603051','FC Villefranche-Beaujolais',7,'Romain','Fleurier','17-mar-1997','Difensore'),
  ('172148','FC Villefranche-Beaujolais',5,'Rémi','Bonenfant','24-feb-1989','Difensore'),
  ('888627','FC Villefranche-Beaujolais',null,'Erwan','Norde','11-jun-2003','Centrocampista'),
  ('527732','FC Villefranche-Beaujolais',19,'Frédéric','Injaï','9-nov-1995','Centrocampista'),
  ('051930','FC Villefranche-Beaujolais',20,'Rémi','Sergio','1-dec-1987','Centrocampista'),
  ('792267','FC Villefranche-Beaujolais',24,'Romain','Antunes','19-jul-2000','Centrocampista'),
  ('118275','FC Villefranche-Beaujolais',10,'Maxime','Blanc','23-jan-1992','Centrocampista'),
  ('392276','FC Villefranche-Beaujolais',13,'Timothée','Taufflieb','1-dec-1992','Centrocampista'),
  ('203345','FC Villefranche-Beaujolais',6,'Romuald','Lacazette','3-jan-1994','Centrocampista'),
  ('056787','FC Villefranche-Beaujolais',8,'Maxime','Jasse','4-jan-1988','Centrocampista'),
  ('221618','FC Villefranche-Beaujolais',null,'Martin','Mimoun','11-jun-1992','Centrocampista'),
  ('631603','FC Villefranche-Beaujolais',null,'Kamil','Manseri','12-jun-2001','Centrocampista'),
  ('822800','FC Villefranche-Beaujolais',31,'Everton','null','12-oct-1995','Attaccante'),
  ('409419','FC Villefranche-Beaujolais',18,'Josué','Ahouré','18-jul-1993','Attaccante'),
  ('364853','FC Villefranche-Beaujolais',9,'Mohamed','Guilavogui','14-nov-1996','Attaccante'),
  ('252661','FC Villefranche-Beaujolais',14,'Arnold','Garita','18-jun-1995','Attaccante'),
  ('310770','FC Villefranche-Beaujolais',21,'Désiré','Segbe Azankpo','6-may-1993','Attaccante'),
  ('728547','FC Villefranche-Beaujolais',11,'Brian','Feneuil','27-may-1996','Attaccante'),
  ('092181','FC Villefranche-Beaujolais',27,'Terence','Makengo','22-jun-1992','Attaccante'),
  ('395704','FC Villefranche-Beaujolais',28,'Romain','Escarpit','20-jul-1998','Attaccante'),
  ('272619','US Créteil-Lusitanos',16,'Romain','Cagnon','12-may-1997','Portiere'),
  ('007873','US Créteil-Lusitanos',1,'Stéphane','Véron','31-jan-1986','Portiere'),
  ('373938','US Créteil-Lusitanos',30,'Vivien','Cédille','8-oct-1994','Portiere'),
  ('456447','US Créteil-Lusitanos',4,'Madi','Soaré','28-jul-1994','Difensore'),
  ('222255','US Créteil-Lusitanos',5,'Zakaria','Belkouche','8-jul-1992','Difensore'),
  ('177851','US Créteil-Lusitanos',14,'Juary','Soares','20-feb-1992','Difensore'),
  ('351989','US Créteil-Lusitanos',22,'Yamadou','Fofana','30-jul-1991','Difensore'),
  ('692107','US Créteil-Lusitanos',35,'Lucas','Larade','26-jun-1999','Difensore'),
  ('149655','US Créteil-Lusitanos',null,'Daniel','Martins','23-jun-1993','Difensore'),
  ('595554','US Créteil-Lusitanos',21,'Alexandre','Pardal','26-oct-1992','Difensore'),
  ('692106','US Créteil-Lusitanos',20,'Jacques-Antoine','Pelletier','6-apr-1996','Difensore'),
  ('401121','US Créteil-Lusitanos',33,'Kassim','Ahamada','18-apr-1992','Difensore'),
  ('252779','US Créteil-Lusitanos',15,'Matthias','Llambrich','6-feb-1993','Centrocampista'),
  ('127088','US Créteil-Lusitanos',24,'Jason','Buaillon','5-oct-1991','Centrocampista'),
  ('352757','US Créteil-Lusitanos',27,'Fábio','Pereira','27-jul-1990','Centrocampista'),
  ('170922','US Créteil-Lusitanos',23,'Loïc','Baal','28-jan-1992','Centrocampista'),
  ('794711','US Créteil-Lusitanos',33,'Abdessalem','Boujenfa','5-mar-2002','Centrocampista'),
  ('456448','US Créteil-Lusitanos',10,'Christopher','Baptista','28-jan-1993','Centrocampista'),
  ('046009','US Créteil-Lusitanos',12,'Kévin','Bru','12-dec-1988','Centrocampista'),
  ('044724','US Créteil-Lusitanos',8,'Abdelmalek','Mokdad','5-may-1986','Centrocampista'),
  ('824696','US Créteil-Lusitanos',null,'Olivier-Pierre','Dionga','20-apr-1995','Attaccante'),
  ('866582','US Créteil-Lusitanos',null,'Anthony','Maurice','1-apr-1999','Attaccante'),
  ('203749','US Créteil-Lusitanos',17,'Kamel','Chergui','16-apr-1993','Attaccante'),
  ('160871','US Créteil-Lusitanos',7,'Ibrahim','Sangaré','15-mar-1994','Attaccante'),
  ('283748','US Créteil-Lusitanos',11,'Souleymane','Sawadogo','9-jan-1993','Attaccante'),
  ('714494','US Créteil-Lusitanos',null,'Steve','Traoré','18-feb-1998','Attaccante'),
  ('855821','US Créteil-Lusitanos',null,'Haris','El Mouttaqi','19-aug-2000','Attaccante'),
  ('289437','US Créteil-Lusitanos',9,'Kévin','Farade','1-sep-1995','Attaccante'),
  ('590852','US Créteil-Lusitanos',null,'Nassim','Lankar','15-feb-1998','Attaccante'),
  ('119938','US Créteil-Lusitanos',28,'Ludovic','Pancrate','23-feb-1987','Attaccante');

insert into Partite values
  ('FR300000',3,'SC Bastia','US Boulogne',0,1),
  ('FR300001',5,'SC Bastia','Bourg-en-Bresse Péronnas 01',3,1),
  ('FR300002',7,'SC Bastia','FC Sète 34',1,0),
  ('FR300003',9,'SC Bastia','Stade Lavallois',2,0),
  ('FR300004',11,'SC Bastia','US Orléans',1,1),
  ('FR300005',13,'SC Bastia','Stade Briochin',0,0),
  ('FR300006',15,'SC Bastia','SO Cholet',5,1),
  ('FR300007',17,'SC Bastia','Quevilly Rouen Métropole',2,1),
  ('FR300008',18,'SC Bastia','FC Bastia-Borgo',4,0),
  ('FR300009',1,'Quevilly Rouen Métropole','US Boulogne',0,1),
  ('FR300010',3,'Quevilly Rouen Métropole','Bourg-en-Bresse Péronnas 01',2,0),
  ('FR300011',5,'Quevilly Rouen Métropole','FC Sète 34',2,0),
  ('FR300012',7,'Quevilly Rouen Métropole','Stade Lavallois',0,0),
  ('FR300013',9,'Quevilly Rouen Métropole','US Orléans',3,1),
  ('FR300014',11,'Quevilly Rouen Métropole','Stade Briochin',2,1),
  ('FR300015',13,'Quevilly Rouen Métropole','SO Cholet',1,2),
  ('FR300016',15,'Quevilly Rouen Métropole','FC Bastia-Borgo',4,0),
  ('FR300017',16,'Quevilly Rouen Métropole','Red Star FC',2,2),
  ('FR300018',18,'Quevilly Rouen Métropole','Le Mans FC',2,0),
  ('FR300019',2,'FC Villefranche-Beaujolais','SO Cholet',0,0),
  ('FR300020',4,'FC Villefranche-Beaujolais','Quevilly Rouen Métropole',0,1),
  ('FR300021',6,'FC Villefranche-Beaujolais','SC Bastia',0,3),
  ('FR300022',8,'FC Villefranche-Beaujolais','Le Mans FC',0,1),
  ('FR300023',11,'FC Villefranche-Beaujolais','FC Sète 34',0,1),
  ('FR300024',13,'FC Villefranche-Beaujolais','Stade Lavallois',0,0),
  ('FR300025',15,'FC Villefranche-Beaujolais','US Orléans',1,0),
  ('FR300026',17,'FC Villefranche-Beaujolais','Stade Briochin',1,0),
  ('FR300027',19,'FC Villefranche-Beaujolais','Annecy FC',1,1),
  ('FR300028',2,'Le Mans FC','Quevilly Rouen Métropole',2,2),
  ('FR300029',4,'Le Mans FC','SC Bastia',1,3),
  ('FR300030',7,'Le Mans FC','Bourg-en-Bresse Péronnas 01',1,0),
  ('FR300031',9,'Le Mans FC','FC Sète 34',1,1),
  ('FR300032',11,'Le Mans FC','Stade Lavallois',0,0),
  ('FR300033',13,'Le Mans FC','US Orléans',0,0),
  ('FR300034',15,'Le Mans FC','Stade Briochin',1,1),
  ('FR300035',17,'Le Mans FC','SO Cholet',2,0),
  ('FR300036',19,'Le Mans FC','Red Star FC',2,1),
  ('FR300037',2,'US Concarneau','Stade Briochin',0,0),
  ('FR300038',4,'US Concarneau','SO Cholet',0,1),
  ('FR300039',6,'US Concarneau','Quevilly Rouen Métropole',1,1),
  ('FR300040',8,'US Concarneau','SC Bastia',1,1),
  ('FR300041',10,'US Concarneau','Le Mans FC',3,1),
  ('FR300042',12,'US Concarneau','FC Villefranche-Beaujolais',1,0),
  ('FR300043',15,'US Concarneau','Stade Lavallois',1,1),
  ('FR300044',17,'US Concarneau','US Orléans',1,3),
  ('FR300045',19,'US Concarneau','Sporting Club de Lyon',1,1),
  ('FR300046',1,'US Orléans','Stade Lavallois',0,1),
  ('FR300047',3,'US Orléans','FC Bastia-Borgo',3,0),
  ('FR300048',4,'US Orléans','US Avranches',3,1),
  ('FR300049',6,'US Orléans','Sporting Club de Lyon',1,1),
  ('FR300050',8,'US Orléans','Annecy FC',6,1),
  ('FR300051',10,'US Orléans','Red Star FC',1,1),
  ('FR300052',12,'US Orléans','US Boulogne',1,0),
  ('FR300053',14,'US Orléans','Bourg-en-Bresse Péronnas 01',1,3),
  ('FR300054',16,'US Orléans','FC Sète 34',2,0),
  ('FR300055',18,'US Orléans','US Créteil-Lusitanos',2,2),
  ('FR300056',1,'Red Star FC','SC Bastia',3,5),
  ('FR300057',3,'Red Star FC','Le Mans FC',0,0),
  ('FR300058',5,'Red Star FC','FC Villefranche-Beaujolais',0,2),
  ('FR300059',7,'Red Star FC','US Concarneau',2,0),
  ('FR300060',9,'Red Star FC','US Créteil-Lusitanos',1,0),
  ('FR300061',11,'Red Star FC','US Avranches',1,0),
  ('FR300062',13,'Red Star FC','Sporting Club de Lyon',1,0),
  ('FR300063',15,'Red Star FC','Annecy FC',2,1),
  ('FR300064',18,'Red Star FC','US Boulogne',0,0),
  ('FR300065',1,'Stade Briochin','FC Sète 34',2,1),
  ('FR300066',3,'Stade Briochin','Stade Lavallois',0,2),
  ('FR300067',5,'Stade Briochin','US Orléans',0,0),
  ('FR300068',7,'Stade Briochin','FC Bastia-Borgo',2,1),
  ('FR300069',8,'Stade Briochin','Sporting Club de Lyon',1,1),
  ('FR300070',10,'Stade Briochin','Annecy FC',1,0),
  ('FR300071',12,'Stade Briochin','Red Star FC',1,0),
  ('FR300072',14,'Stade Briochin','US Boulogne',1,0),
  ('FR300073',16,'Stade Briochin','Bourg-en-Bresse Péronnas 01',1,1),
  ('FR300074',18,'Stade Briochin','US Concarneau',0,0),
  ('FR300075',2,'FC Sète 34','Sporting Club de Lyon',3,1),
  ('FR300076',4,'FC Sète 34','Annecy FC',0,0),
  ('FR300077',6,'FC Sète 34','Red Star FC',1,1),
  ('FR300078',8,'FC Sète 34','US Boulogne',4,0),
  ('FR300079',10,'FC Sète 34','Bourg-en-Bresse Péronnas 01',1,0),
  ('FR300080',13,'FC Sète 34','US Concarneau',2,0),
  ('FR300081',15,'FC Sète 34','US Créteil-Lusitanos',0,0),
  ('FR300082',17,'FC Sète 34','US Avranches',0,0),
  ('FR300083',19,'FC Sète 34','SO Cholet',0,0),
  ('FR300084',2,'Bourg-en-Bresse Péronnas 01','Annecy FC',1,0),
  ('FR300085',4,'Bourg-en-Bresse Péronnas 01','Red Star FC',0,4),
  ('FR300086',6,'Bourg-en-Bresse Péronnas 01','US Boulogne',3,3),
  ('FR300087',9,'Bourg-en-Bresse Péronnas 01','FC Villefranche-Beaujolais',1,0),
  ('FR300088',11,'Bourg-en-Bresse Péronnas 01','US Concarneau',1,1),
  ('FR300089',13,'Bourg-en-Bresse Péronnas 01','US Créteil-Lusitanos',0,0),
  ('FR300090',15,'Bourg-en-Bresse Péronnas 01','US Avranches',0,0),
  ('FR300091',17,'Bourg-en-Bresse Péronnas 01','Sporting Club de Lyon',0,1),
  ('FR300092',19,'Bourg-en-Bresse Péronnas 01','Quevilly Rouen Métropole',0,1),
  ('FR300093',1,'SO Cholet','Bourg-en-Bresse Péronnas 01',0,0),
  ('FR300094',3,'SO Cholet','FC Sète 34',3,1),
  ('FR300095',5,'SO Cholet','Stade Lavallois',1,1),
  ('FR300096',7,'SO Cholet','US Orléans',2,1),
  ('FR300097',9,'SO Cholet','Stade Briochin',5,4),
  ('FR300098',11,'SO Cholet','FC Bastia-Borgo',3,1),
  ('FR300099',12,'SO Cholet','Annecy FC',4,2),
  ('FR300100',14,'SO Cholet','Red Star FC',0,2),
  ('FR300101',16,'SO Cholet','US Boulogne',1,2),
  ('FR300102',18,'SO Cholet','FC Villefranche-Beaujolais',1,2),
  ('FR300103',2,'Stade Lavallois','US Avranches',1,3),
  ('FR300104',4,'Stade Lavallois','Sporting Club de Lyon',3,1),
  ('FR300105',6,'Stade Lavallois','Annecy FC',2,1),
  ('FR300106',8,'Stade Lavallois','Red Star FC',1,2),
  ('FR300107',10,'Stade Lavallois','US Boulogne',0,0),
  ('FR300108',12,'Stade Lavallois','Bourg-en-Bresse Péronnas 01',0,1),
  ('FR300109',14,'Stade Lavallois','FC Sète 34',4,2),
  ('FR300110',17,'Stade Lavallois','US Créteil-Lusitanos',1,2),
  ('FR300111',19,'Stade Lavallois','Stade Briochin',0,0),
  ('FR300112',1,'US Avranches','US Concarneau',0,2),
  ('FR300113',3,'US Avranches','US Créteil-Lusitanos',2,0),
  ('FR300114',5,'US Avranches','FC Bastia-Borgo',0,2),
  ('FR300115',6,'US Avranches','Stade Briochin',2,1),
  ('FR300116',8,'US Avranches','SO Cholet',3,1),
  ('FR300117',10,'US Avranches','Quevilly Rouen Métropole',4,1),
  ('FR300118',12,'US Avranches','SC Bastia',1,2),
  ('FR300119',14,'US Avranches','Le Mans FC',0,2),
  ('FR300120',16,'US Avranches','FC Villefranche-Beaujolais',1,2),
  ('FR300121',18,'US Avranches','Stade Lavallois',2,1),
  ('FR300122',1,'Annecy FC','Le Mans FC',3,3),
  ('FR300123',3,'Annecy FC','FC Villefranche-Beaujolais',1,0),
  ('FR300124',5,'Annecy FC','US Concarneau',2,4),
  ('FR300125',7,'Annecy FC','US Créteil-Lusitanos',0,0),
  ('FR300126',9,'Annecy FC','US Avranches',3,1),
  ('FR300127',11,'Annecy FC','Sporting Club de Lyon',1,1),
  ('FR300128',13,'Annecy FC','FC Bastia-Borgo',1,1),
  ('FR300129',14,'Annecy FC','Quevilly Rouen Métropole',1,2),
  ('FR300130',16,'Annecy FC','SC Bastia',1,1),
  ('FR300131',18,'Annecy FC','Bourg-en-Bresse Péronnas 01',2,2),
  ('FR300132',2,'US Boulogne','Red Star FC',1,1),
  ('FR300133',5,'US Boulogne','Le Mans FC',0,0),
  ('FR300134',7,'US Boulogne','FC Villefranche-Beaujolais',0,0),
  ('FR300135',9,'US Boulogne','US Concarneau',1,1),
  ('FR300136',11,'US Boulogne','US Créteil-Lusitanos',2,2),
  ('FR300137',13,'US Boulogne','US Avranches',0,1),
  ('FR300138',15,'US Boulogne','Sporting Club de Lyon',1,1),
  ('FR300139',17,'US Boulogne','Annecy FC',0,1),
  ('FR300140',19,'US Boulogne','SC Bastia',1,2),
  ('FR300141',2,'FC Bastia-Borgo','SC Bastia',0,0),
  ('FR300142',4,'FC Bastia-Borgo','US Boulogne',2,1),
  ('FR300143',6,'FC Bastia-Borgo','Le Mans FC',1,1),
  ('FR300144',8,'FC Bastia-Borgo','Bourg-en-Bresse Péronnas 01',1,1),
  ('FR300145',10,'FC Bastia-Borgo','FC Villefranche-Beaujolais',0,1),
  ('FR300146',12,'FC Bastia-Borgo','FC Sète 34',1,0),
  ('FR300147',14,'FC Bastia-Borgo','US Concarneau',2,2),
  ('FR300148',16,'FC Bastia-Borgo','Stade Lavallois',1,3),
  ('FR300149',17,'FC Bastia-Borgo','Red Star FC',3,1),
  ('FR300150',19,'FC Bastia-Borgo','US Orléans',2,2),
  ('FR300151',1,'US Créteil-Lusitanos','FC Bastia-Borgo',0,0),
  ('FR300152',2,'US Créteil-Lusitanos','US Orléans',1,0),
  ('FR300153',4,'US Créteil-Lusitanos','Stade Briochin',2,1),
  ('FR300154',6,'US Créteil-Lusitanos','SO Cholet',1,0),
  ('FR300155',8,'US Créteil-Lusitanos','Quevilly Rouen Métropole',1,3),
  ('FR300156',10,'US Créteil-Lusitanos','SC Bastia',2,0),
  ('FR300157',12,'US Créteil-Lusitanos','Le Mans FC',1,1),
  ('FR300158',14,'US Créteil-Lusitanos','FC Villefranche-Beaujolais',1,0),
  ('FR300159',16,'US Créteil-Lusitanos','US Concarneau',1,1),
  ('FR300160',19,'US Créteil-Lusitanos','US Avranches',1,2),
  ('FR300161',1,'Lyon - La Duchère','FC Villefranche-Beaujolais',2,2),
  ('FR300162',3,'Lyon - La Duchère','US Concarneau',1,2),
  ('FR300163',5,'Lyon - La Duchère','US Créteil-Lusitanos',0,0),
  ('FR300164',7,'Lyon - La Duchère','US Avranches',0,0),
  ('FR300165',9,'Lyon - La Duchère','FC Bastia-Borgo',1,2),
  ('FR300166',10,'Lyon - La Duchère','SO Cholet',0,0),
  ('FR300167',12,'Lyon - La Duchère','Quevilly Rouen Métropole',0,3),
  ('FR300168',14,'Lyon - La Duchère','SC Bastia',2,0),
  ('FR300169',16,'Lyon - La Duchère','Le Mans FC',1,3),
  ('FR300170',18,'Lyon - La Duchère','FC Sète 34',0,0);

insert into Gol values
  ('FR300000',68,'081636',false),
  ('FR300001',35,'116634',false),
  ('FR300001',66,'126883',false),
  ('FR300001',69,'342701',false),
  ('FR300001',89,'258161',false),
  ('FR300002',41,'353940',false),
  ('FR300003',6,'342701',false),
  ('FR300003',50,'126883',false),
  ('FR300004',19,'737772',false),
  ('FR300004',34,'203324',false),
  ('FR300006',19,'039924',false),
  ('FR300006',21,'203324',false),
  ('FR300006',23,'288251',false),
  ('FR300006',24,'561891',false),
  ('FR300006',49,'353940',false),
  ('FR300006',82,'126883',false),
  ('FR300007',1,'005597',false),
  ('FR300007',39,'039924',false),
  ('FR300007',91,'399553',false),
  ('FR300008',57,'116634',false),
  ('FR300008',59,'203324',false),
  ('FR300008',79,'353940',false),
  ('FR300008',88,'126883',false),
  ('FR300009',56,'189882',false),
  ('FR300010',51,'111025',false),
  ('FR300010',67,'494586',false),
  ('FR300011',79,'399553',false),
  ('FR300011',83,'399553',false),
  ('FR300013',34,'591541',false),
  ('FR300013',37,'591541',false),
  ('FR300013',44,'737772',false),
  ('FR300013',79,'399553',false),
  ('FR300014',61,'452165',false),
  ('FR300014',89,'591541',false),
  ('FR300014',91,'289438',false),
  ('FR300015',35,'456436',false),
  ('FR300015',42,'399553',false),
  ('FR300015',75,'253816',false),
  ('FR300016',21,'399553',false),
  ('FR300016',39,'484987',true),
  ('FR300016',73,'452165',false),
  ('FR300016',84,'399553',false),
  ('FR300017',9,'282058',false),
  ('FR300017',24,'399553',false),
  ('FR300017',37,'494586',true),
  ('FR300017',60,'452165',false),
  ('FR300018',26,'484988',true),
  ('FR300018',58,'641152',false),
  ('FR300020',81,'452165',false),
  ('FR300021',11,'039924',false),
  ('FR300021',14,'126883',false),
  ('FR300021',61,'116634',false),
  ('FR300022',49,'524242',false),
  ('FR300023',80,'775341',false),
  ('FR300025',60,'252661',false),
  ('FR300026',2,'252661',false),
  ('FR300027',21,'590841',false),
  ('FR300027',61,'527732',false),
  ('FR300028',32,'399553',false),
  ('FR300028',39,'399553',false),
  ('FR300028',62,'170477',false),
  ('FR300028',66,'543051',false),
  ('FR300029',3,'116634',false),
  ('FR300029',30,'039924',false),
  ('FR300029',64,'524242',false),
  ('FR300029',90,'185574',false),
  ('FR300030',27,'170477',false),
  ('FR300031',73,'543051',false),
  ('FR300031',88,'184145',false),
  ('FR300034',18,'416168',false),
  ('FR300034',86,'200559',false),
  ('FR300035',65,'315075',false),
  ('FR300035',68,'416168',false),
  ('FR300036',11,'045140',false),
  ('FR300036',26,'282058',false),
  ('FR300036',91,'301841',false),
  ('FR300038',17,'739073',false),
  ('FR300039',2,'343016',false),
  ('FR300039',77,'399553',false),
  ('FR300040',18,'804886',false),
  ('FR300040',41,'126883',false),
  ('FR300041',45,'352336',false),
  ('FR300041',57,'543051',false),
  ('FR300041',73,'676187',false),
  ('FR300041',75,'676187',false),
  ('FR300042',20,'522850',false),
  ('FR300043',26,'684043',false),
  ('FR300043',69,'676187',false),
  ('FR300044',11,'352336',false),
  ('FR300044',22,'170962',false),
  ('FR300044',55,'182876',false),
  ('FR300044',67,'524356',false),
  ('FR300045',5,'265547',false),
  ('FR300045',92,'127179',false),
  ('FR300046',26,'684043',false),
  ('FR300047',29,'589689',false),
  ('FR300047',60,'568698',false),
  ('FR300047',89,'737772',false),
  ('FR300048',17,'520819',false),
  ('FR300048',40,'353404',false),
  ('FR300048',63,'353404',false),
  ('FR300048',70,'524356',false),
  ('FR300049',61,'277268',false),
  ('FR300049',87,'353404',false),
  ('FR300050',9,'737772',false),
  ('FR300050',26,'170962',false),
  ('FR300050',42,'737772',false),
  ('FR300050',56,'353404',false),
  ('FR300050',68,'524356',false),
  ('FR300050',70,'589689',false),
  ('FR300050',76,'203748',false),
  ('FR300051',42,'289435',false),
  ('FR300051',49,'525110',false),
  ('FR300052',54,'353404',false),
  ('FR300053',17,'737772',false),
  ('FR300053',57,'398509',false),
  ('FR300053',65,'398509',false),
  ('FR300053',90,'398509',false),
  ('FR300054',57,'589689',false),
  ('FR300054',88,'353404',false),
  ('FR300055',26,'160871',false),
  ('FR300055',36,'203749',false),
  ('FR300055',51,'568698',false),
  ('FR300055',90,'410237',false),
  ('FR300056',3,'353940',false),
  ('FR300056',11,'792328',false),
  ('FR300056',23,'126883',false),
  ('FR300056',47,'792328',false),
  ('FR300056',49,'126883',false),
  ('FR300056',62,'588645',false),
  ('FR300056',69,'039924',false),
  ('FR300056',73,'735676',false),
  ('FR300058',68,'527732',false),
  ('FR300058',91,'252661',false),
  ('FR300059',46,'566371',false),
  ('FR300059',88,'792328',false),
  ('FR300060',80,'792328',false),
  ('FR300061',63,'315054',false),
  ('FR300062',42,'412694',false),
  ('FR300063',22,'290588',false),
  ('FR300063',36,'102998',false),
  ('FR300063',53,'792328',false),
  ('FR300065',24,'055046',false),
  ('FR300065',41,'289438',false),
  ('FR300065',67,'369599',false),
  ('FR300066',43,'290615',false),
  ('FR300066',94,'126164',false),
  ('FR300068',25,'353377',false),
  ('FR300068',65,'494237',false),
  ('FR300068',86,'353377',false),
  ('FR300069',77,'203470',false),
  ('FR300069',78,'686454',false),
  ('FR300070',75,'415639',false),
  ('FR300071',28,'562564',false),
  ('FR300072',14,'138049',false),
  ('FR300073',37,'236414',false),
  ('FR300073',65,'258161',false),
  ('FR300075',27,'107703',false),
  ('FR300075',54,'369599',false),
  ('FR300075',68,'395697',false),
  ('FR300075',92,'468245',false),
  ('FR300077',57,'804882',false),
  ('FR300077',81,'774280',false),
  ('FR300078',3,'369599',false),
  ('FR300078',62,'592999',false),
  ('FR300078',66,'562416',false),
  ('FR300078',90,'315085',false),
  ('FR300079',83,'369599',false),
  ('FR300080',31,'395697',false),
  ('FR300080',54,'775341',false),
  ('FR300084',20,'316757',false),
  ('FR300085',3,'792328',false),
  ('FR300085',19,'282058',false),
  ('FR300085',54,'566371',false),
  ('FR300085',67,'792328',false),
  ('FR300086',7,'593320',false),
  ('FR300086',8,'415863',false),
  ('FR300086',12,'399546',false),
  ('FR300086',26,'398509',false),
  ('FR300086',41,'593320',false),
  ('FR300086',83,'781923',false),
  ('FR300087',67,'352088',false),
  ('FR300088',28,'391375',false),
  ('FR300088',87,'352088',false),
  ('FR300091',23,'686454',false),
  ('FR300092',49,'591541',false),
  ('FR300094',6,'739073',false),
  ('FR300094',41,'369599',false),
  ('FR300094',54,'491784',false),
  ('FR300094',84,'561891',false),
  ('FR300095',12,'642941',false),
  ('FR300095',45,'739073',false),
  ('FR300096',49,'138949',false),
  ('FR300096',54,'568698',false),
  ('FR300096',75,'781808',false),
  ('FR300097',36,'138949',false),
  ('FR300097',45,'739073',false),
  ('FR300097',49,'650001',false),
  ('FR300097',58,'121072',false),
  ('FR300097',68,'739073',false),
  ('FR300097',72,'562566',false),
  ('FR300097',75,'138949',false),
  ('FR300097',80,'415639',false),
  ('FR300097',82,'353377',false),
  ('FR300098',11,'781808',false),
  ('FR300098',35,'494237',false),
  ('FR300098',81,'316709',false),
  ('FR300098',84,'561891',false),
  ('FR300099',4,'739073',false),
  ('FR300099',7,'739073',false),
  ('FR300099',12,'491784',false),
  ('FR300099',14,'780942',false),
  ('FR300099',46,'468234',false),
  ('FR300099',63,'108021',false),
  ('FR300100',26,'353205',false),
  ('FR300100',73,'792328',false),
  ('FR300101',12,'561891',false),
  ('FR300101',37,'503327',false),
  ('FR300101',80,'189882',false),
  ('FR300102',16,'310770',false),
  ('FR300102',42,'491784',false),
  ('FR300102',73,'603051',false),
  ('FR300103',22,'520819',false),
  ('FR300103',27,'395522',false),
  ('FR300103',54,'642941',false),
  ('FR300103',92,'804885',false),
  ('FR300104',23,'684043',false),
  ('FR300104',32,'265547',false),
  ('FR300104',37,'290615',false),
  ('FR300104',53,'684043',false),
  ('FR300105',38,'684043',false),
  ('FR300105',49,'126675',false),
  ('FR300105',58,'282877',false),
  ('FR300106',34,'566371',false),
  ('FR300106',80,'412694',false),
  ('FR300106',84,'290615',false),
  ('FR300108',31,'398509',false),
  ('FR300109',22,'290615',false),
  ('FR300109',25,'290615',false),
  ('FR300109',31,'184145',false),
  ('FR300109',69,'209937',false),
  ('FR300109',80,'750502',false),
  ('FR300109',89,'290615',false),
  ('FR300110',36,'160871',false),
  ('FR300110',44,'203749',false),
  ('FR300110',60,'290615',false),
  ('FR300112',66,'127179',false),
  ('FR300112',91,'331984',false),
  ('FR300113',37,'395522',false),
  ('FR300113',86,'395522',false),
  ('FR300114',18,'395511',false),
  ('FR300114',93,'314891',false),
  ('FR300115',9,'773796',false),
  ('FR300115',48,'281926',false),
  ('FR300115',68,'593482',false),
  ('FR300116',2,'773796',false),
  ('FR300116',16,'138949',false),
  ('FR300116',32,'657326',false),
  ('FR300116',79,'395522',false),
  ('FR300117',27,'590512',false),
  ('FR300117',33,'399553',false),
  ('FR300117',53,'657326',false),
  ('FR300117',58,'270646',false),
  ('FR300117',82,'648886',false),
  ('FR300118',5,'005597',false),
  ('FR300118',20,'270646',false),
  ('FR300118',28,'469043',false),
  ('FR300119',4,'177781',false),
  ('FR300119',56,'045140',false),
  ('FR300120',41,'409419',false),
  ('FR300120',57,'252661',false),
  ('FR300120',89,'422893',false),
  ('FR300121',54,'394330',false),
  ('FR300121',59,'066785',false),
  ('FR300121',82,'593482',false),
  ('FR300122',4,'780946',false),
  ('FR300122',11,'386046',false),
  ('FR300122',42,'524242',false),
  ('FR300122',43,'543051',false),
  ('FR300122',46,'640488',false),
  ('FR300122',71,'386046',false),
  ('FR300123',44,'290588',false),
  ('FR300124',1,'004217',false),
  ('FR300124',6,'780944',false),
  ('FR300124',9,'391375',false),
  ('FR300124',15,'676187',false),
  ('FR300124',29,'391375',false),
  ('FR300124',86,'590319',false),
  ('FR300126',40,'066785',true),
  ('FR300126',52,'773796',false),
  ('FR300126',66,'386046',false),
  ('FR300126',78,'203748',false),
  ('FR300127',12,'364238',false),
  ('FR300127',33,'250009',false),
  ('FR300128',6,'488196',false),
  ('FR300128',50,'314891',false),
  ('FR300129',8,'591541',false),
  ('FR300129',33,'780946',false),
  ('FR300129',95,'399553',false),
  ('FR300130',30,'602982',false),
  ('FR300130',90,'005597',false),
  ('FR300131',22,'653483',false),
  ('FR300131',31,'590841',false),
  ('FR300131',38,'467392',false),
  ('FR300131',88,'398509',false),
  ('FR300132',18,'412088',false),
  ('FR300132',55,'412694',false),
  ('FR300135',37,'291187',false),
  ('FR300135',69,'127179',false),
  ('FR300136',18,'593319',false),
  ('FR300136',25,'691958',false),
  ('FR300136',47,'119938',false),
  ('FR300136',68,'046009',false),
  ('FR300137',65,'270646',false),
  ('FR300138',3,'210332',false),
  ('FR300138',36,'128973',false),
  ('FR300139',82,'590841',false),
  ('FR300140',2,'593320',false),
  ('FR300140',70,'039924',false),
  ('FR300140',100,'412088',true),
  ('FR300142',54,'494237',false),
  ('FR300142',64,'669785',false),
  ('FR300142',89,'494237',false),
  ('FR300143',27,'222319',false),
  ('FR300143',85,'494237',false),
  ('FR300144',18,'060575',false),
  ('FR300144',75,'600868',false),
  ('FR300145',14,'333184',false),
  ('FR300146',47,'494237',false),
  ('FR300147',2,'676187',false),
  ('FR300147',44,'812632',false),
  ('FR300147',63,'391375',false),
  ('FR300147',75,'184938',false),
  ('FR300148',5,'394330',false),
  ('FR300148',12,'494237',false),
  ('FR300148',56,'290615',false),
  ('FR300148',73,'684043',false),
  ('FR300149',54,'374039',false),
  ('FR300149',58,'315054',false),
  ('FR300149',70,'314891',false),
  ('FR300149',72,'494237',false),
  ('FR300150',13,'540727',false),
  ('FR300150',23,'079991',false),
  ('FR300150',27,'494237',false),
  ('FR300150',93,'568698',false),
  ('FR300152',74,'352757',false),
  ('FR300153',5,'289437',false),
  ('FR300153',16,'353377',false),
  ('FR300153',39,'289437',false),
  ('FR300154',66,'044724',false),
  ('FR300155',3,'399553',false),
  ('FR300155',21,'399553',false),
  ('FR300155',44,'044724',false),
  ('FR300155',66,'591541',false),
  ('FR300156',59,'044724',false),
  ('FR300156',69,'044724',false),
  ('FR300157',29,'289437',false),
  ('FR300157',86,'315075',false),
  ('FR300158',77,'595554',false),
  ('FR300159',12,'676187',false),
  ('FR300159',68,'160871',false),
  ('FR300160',8,'119938',false),
  ('FR300160',22,'395522',false),
  ('FR300160',82,'395522',false),
  ('FR300161',31,'118275',false),
  ('FR300161',39,'128973',false),
  ('FR300161',52,'351772',false),
  ('FR300161',75,'118275',false),
  ('FR300162',4,'127179',false),
  ('FR300162',11,'265547',false),
  ('FR300162',35,'102958',false),
  ('FR300165',4,'528467',false),
  ('FR300165',65,'267778',false),
  ('FR300165',91,'314891',false),
  ('FR300167',33,'591541',false),
  ('FR300167',38,'591541',false),
  ('FR300167',40,'399553',false),
  ('FR300168',21,'250009',false),
  ('FR300168',63,'686454',false),
  ('FR300169',24,'301841',false),
  ('FR300169',64,'543051',false),
  ('FR300169',77,'543051',false),
  ('FR300169',81,'686454',false);
