/* File created by scraping https://www.transfermarkt.com using Antonio Cardin's program */

insert into Squadre values
  ('LB Châteauroux','Châteauroux','Chabert'),
  ('Red Star FC','Saint-Ouen','Bèye'),
  ('FC Chambly','Chambly','Luzi'),
  ('Annecy FC','Annecy','Guyot'),
  ('US Boulogne','Boulogne-sur-Mer','Jobard'),
  ('Le Mans FC','Mulsanne','null'),
  ('US Créteil-Lusitanos','Créteil','Da Costa'),
  ('Bourg-en-Bresse Péronnas 01','Péronnas','Pochat'),
  ('FC Sète 34','Sète','Guibal'),
  ('US Avranches','Avranches','Reculeau'),
  ('SO Cholet','Cholet','Déziré'),
  ('Stade Lavallois','Laval','Frapolli'),
  ('US Concarneau','Concarneau','Le Mignan'),
  ('FC Bastia-Borgo','','Rossi'),
  ('FC Villefranche-Beaujolais','Villefranche-sur-Saône','Della Maggiore'),
  ('CS Sedan-Ardennes','Bazeilles','Saragaglia'),
  ('US Orléans','Orléans','Collin'),
  ('Stade Briochin','Saint-Brieuc','Santini');

insert into Giocatori values
  ('081543','LB Châteauroux',1,'Paul','Delecroix','14-oct-1988','Portiere'),
  ('716728','LB Châteauroux',30,'Tommy','Plumain','12-jan-2001','Portiere'),
  ('353368','LB Châteauroux',16,'Killian','Le Roy','31-jan-1998','Portiere'),
  ('391375','LB Châteauroux',4,'Peter','Ouaneh','4-apr-1998','Difensore'),
  ('198474','LB Châteauroux',3,'Yannick','M''Bone','16-apr-1993','Difensore'),
  ('182823','LB Châteauroux',8,'Jonathan','Mexique','10-mar-1995','Difensore'),
  ('352448','LB Châteauroux',19,'Opa','Sangante','1-feb-1991','Difensore'),
  ('593322','LB Châteauroux',17,'Issa','Marega','20-apr-1998','Difensore'),
  ('691354','LB Châteauroux',6,'Leandro','Morante','18-apr-1997','Difensore'),
  ('230066','LB Châteauroux',13,'Adama','Mbengue','1-dec-1993','Difensore'),
  ('641438','LB Châteauroux',23,'Romain','Sans','19-mar-1999','Difensore'),
  ('342208','LB Châteauroux',39,'Mehdi','Beneddine','26-feb-1996','Difensore'),
  ('627463','LB Châteauroux',2,'Thibaut','Vargas','22-may-2000','Difensore'),
  ('315075','LB Châteauroux',27,'Benjaloud','Youssouf','11-feb-1994','Difensore'),
  ('316748','LB Châteauroux',12,'Nama','Fofana','12-jun-1990','Difensore'),
  ('409147','LB Châteauroux',36,'Romain','Basque','30-jun-1995','Centrocampista'),
  ('648971','LB Châteauroux',5,'Aldom','Deuro','20-dec-2000','Centrocampista'),
  ('891786','LB Châteauroux',32,'Kenan','Toibibou','9-dec-2004','Centrocampista'),
  ('127192','LB Châteauroux',18,'Ferris','N''Goma','15-jun-1993','Centrocampista'),
  ('290604','LB Châteauroux',14,'Sofiane','Daham','15-jan-1996','Centrocampista'),
  ('556579','LB Châteauroux',7,'Amir','Nouri','10-jul-1994','Centrocampista'),
  ('855127','LB Châteauroux',31,'Tarek','Baich','1-feb-2002','Centrocampista'),
  ('105400','LB Châteauroux',15,'Romain','Grange','21-jul-1988','Centrocampista'),
  ('054933','LB Châteauroux',10,'Gilles','Sunu','30-mar-1991','Centrocampista'),
  ('639058','LB Châteauroux',25,'Ilyas','Chouaref','12-dec-2000','Attaccante'),
  ('693358','LB Châteauroux',22,'Natanaël','Ntolla','1-jul-1999','Attaccante'),
  ('038536','LB Châteauroux',11,'Razak','Boukari','25-apr-1987','Attaccante'),
  ('693359','LB Châteauroux',28,'Ayoub','Ezzaytouni','12-sep-2001','Attaccante'),
  ('290615','LB Châteauroux',9,'Thomas','Robinet','18-aug-1996','Attaccante'),
  ('411439','LB Châteauroux',24,'Kévin','Fortuné','6-aug-1989','Attaccante'),
  ('081460','LB Châteauroux',26,'Nolan','Roux','1-mar-1988','Attaccante'),
  ('802747','LB Châteauroux',29,'Siriné','Doucouré','8-apr-2002','Attaccante'),
  ('693361','LB Châteauroux',20,'François','Mendy','5-apr-2000','Attaccante'),
  ('170968','Red Star FC',30,'Paul','Charruau','12-jul-1993','Portiere'),
  ('012029','Red Star FC',1,'Ludovic','Butelle','3-apr-1983','Portiere'),
  ('691340','Red Star FC',16,'William','Avognan','16-may-1995','Portiere'),
  ('491781','Red Star FC',20,'Nathanaël','Dieng','13-apr-1997','Difensore'),
  ('410061','Red Star FC',28,'Loïc','Kouagba','9-jun-1994','Difensore'),
  ('525110','Red Star FC',3,'Edouard','Daillet','21-oct-1992','Difensore'),
  ('289216','Red Star FC',4,'Stéphane','Sparagna','17-feb-1995','Difensore'),
  ('655143','Red Star FC',24,'Josué','Homawoo','12-nov-1997','Difensore'),
  ('863891','Red Star FC',2,'Blondon','Meyapya','10-feb-2001','Difensore'),
  ('233858','Red Star FC',21,'Aniss','El Hriti','28-jul-1989','Difensore'),
  ('804714','Red Star FC',15,'Younès','Ghabaoui','30-may-1997','Difensore'),
  ('798925','Red Star FC',13,'Fodé','Doucouré','3-feb-2001','Difensore'),
  ('693912','Red Star FC',27,'Jason','Tré','18-mar-1998','Difensore'),
  ('691958','Red Star FC',6,'Noah','Cadiou','26-oct-1998','Centrocampista'),
  ('204195','Red Star FC',17,'Mayoro','N''Doye','18-dec-1991','Centrocampista'),
  ('282058','Red Star FC',25,'Cheikh','N''Doye','29-mar-1986','Centrocampista'),
  ('707227','Red Star FC',26,'Joël','Ngoya','3-jan-2002','Centrocampista'),
  ('556371','Red Star FC',22,'Moussa','Guel','23-jun-1999','Centrocampista'),
  ('593286','Red Star FC',11,'Owen','Maës','24-sep-1998','Centrocampista'),
  ('365881','Red Star FC',8,'Thibault','Vialla','7-jan-1996','Centrocampista'),
  ('792328','Red Star FC',7,'Damien','Durand','16-sep-1995','Attaccante'),
  ('921852','Red Star FC',null,'Jovany','Ikanga','2-oct-2002','Attaccante'),
  ('481721','Red Star FC',23,'Guillaume','Bosca','23-oct-1989','Attaccante'),
  ('676187','Red Star FC',29,'Hacène','Benali','14-oct-1999','Attaccante'),
  ('693637','Red Star FC',5,'Pape Meïssa','Ba','4-jul-1997','Attaccante'),
  ('655414','Red Star FC',19,'Darell','Tokpa','2-jun-2001','Attaccante'),
  ('540660','Red Star FC',9,'Michaël','Nilor','16-apr-1998','Attaccante'),
  ('126705','FC Chambly',16,'Martin','Sourzac','25-mar-1992','Portiere'),
  ('111749','FC Chambly',1,'Xavier','Pinoteau','12-feb-1983','Portiere'),
  ('917147','FC Chambly',30,'Mamadou','Diop','3-jan-2000','Portiere'),
  ('858921','FC Chambly',40,'Victor','Gassmann','10-may-2002','Portiere'),
  ('353205','FC Chambly',18,'Hamadou','Karamoko','31-oct-1995','Difensore'),
  ('684065','FC Chambly',17,'Axel','Dauchy','25-jun-1995','Difensore'),
  ('603545','FC Chambly',4,'Lucas','Camelo','7-feb-1999','Difensore'),
  ('811399','FC Chambly',5,'Maël','Zogba','4-aug-2000','Difensore'),
  ('534492','FC Chambly',19,'Anthony','Civet','1-apr-1997','Difensore'),
  ('265547','FC Chambly',26,'Jordan','Pierre-Charles','26-nov-1993','Difensore'),
  ('704158','FC Chambly',12,'Aloys','Fouda','1-may-2000','Difensore'),
  ('565084','FC Chambly',22,'Melvyn','Doremus','29-oct-1996','Difensore'),
  ('643990','FC Chambly',2,'Jérémi','Santini','18-may-1998','Difensore'),
  ('674285','FC Chambly',23,'Lassana','Diako','13-nov-1998','Difensore'),
  ('600868','FC Chambly',20,'Isaak','Umbdenstock','18-feb-1999','Centrocampista'),
  ('362344','FC Chambly',8,'Lorenzo','Callegari','27-feb-1998','Centrocampista'),
  ('170982','FC Chambly',6,'Jonathan','Beaulieu','11-mar-1993','Centrocampista'),
  ('170916','FC Chambly',7,'Loïc','Puyo','19-dec-1988','Centrocampista'),
  ('229008','FC Chambly',28,'Samed','Kilic','28-jan-1996','Centrocampista'),
  ('215676','FC Chambly',15,'Grégory','Berthier','11-nov-1995','Centrocampista'),
  ('470491','FC Chambly',9,'Jorris','Romil','27-dec-1994','Centrocampista'),
  ('343016','FC Chambly',25,'Alexandre','Vincent','25-apr-1994','Centrocampista'),
  ('418594','FC Chambly',10,'Guillaume','Heinry','3-dec-1989','Centrocampista'),
  ('683768','FC Chambly',11,'Tony','Lesueur','19-aug-2000','Centrocampista'),
  ('552160','FC Chambly',21,'Nikola','Petkovic','23-sep-1996','Attaccante'),
  ('591197','FC Chambly',null,'Bastian','Badu','2-feb-2000','Attaccante'),
  ('735676','FC Chambly',29,'Johanne','Akassou','27-mar-1996','Attaccante'),
  ('595169','FC Chambly',27,'Ansou','Sow','9-may-2000','Attaccante'),
  ('548785','FC Chambly',13,'Kévin','Tabué','7-apr-1993','Attaccante'),
  ('222636','Annecy FC',1,'Florian','Escales','3-feb-1996','Portiere'),
  ('838947','Annecy FC',40,'Alexandre','Pierre','25-feb-2001','Portiere'),
  ('164919','Annecy FC',30,'Mickaël','Salamone','27-may-1992','Portiere'),
  ('742629','Annecy FC',3,'Arnold','Temanfo','3-jun-1993','Difensore'),
  ('781775','Annecy FC',4,'Bissenty','Mendy','15-aug-1991','Difensore'),
  ('780944','Annecy FC',8,'Jonathan','Gonçalves','25-jan-1989','Difensore'),
  ('629637','Annecy FC',14,'Kévin','Mouanga','24-jul-2000','Difensore'),
  ('111511','Annecy FC',24,'Matthieu','Sans','16-jun-1988','Difensore'),
  ('847487','Annecy FC',29,'Maxime','Bastian','9-may-2001','Difensore'),
  ('780945','Annecy FC',20,'Nicolas','Garby','31-oct-1992','Difensore'),
  ('780942','Annecy FC',25,'Jonathan','Ruque','22-may-2000','Difensore'),
  ('780946','Annecy FC',19,'Alexandre','Fillon','6-feb-1995','Centrocampista'),
  ('073120','Annecy FC',5,'Ahmed','Kashi','18-nov-1988','Centrocampista'),
  ('689089','Annecy FC',28,'Melvin','Sitti','14-feb-2000','Centrocampista'),
  ('057204','Annecy FC',6,'Steven','Pinto-Borges','26-mar-1986','Centrocampista'),
  ('653483','Annecy FC',18,'Madyen','El Jaouhari','16-mar-1999','Centrocampista'),
  ('415863','Annecy FC',12,'Kévin','Testud','12-apr-1992','Attaccante'),
  ('386046','Annecy FC',10,'Ahmed','Mogni','10-oct-1991','Attaccante'),
  ('108021','Annecy FC',11,'Jean-Jacques','Rocchi','1-jun-1989','Attaccante'),
  ('651973','Annecy FC',17,'Godson','Kyeremeh','14-jun-2000','Attaccante'),
  ('591195','Annecy FC',27,'Yahya','Soumaré','23-jun-2000','Attaccante'),
  ('290588','Annecy FC',9,'Romain','Spano','31-oct-1994','Attaccante'),
  ('212937','Annecy FC',23,'Alexy','Bosetti','23-apr-1993','Attaccante'),
  ('804933','Annecy FC',21,'Jacques','Siwe','29-jul-2001','Attaccante'),
  ('045106','US Boulogne',30,'Simon','Pontdemé','4-may-1988','Portiere'),
  ('785868','US Boulogne',1,'Léopold','Dufaut','8-oct-2001','Portiere'),
  ('331574','US Boulogne',null,'Valentin','Baume','25-jan-1997','Portiere'),
  ('594109','US Boulogne',5,'Boris','Moltenis','8-may-1999','Difensore'),
  ('345067','US Boulogne',21,'Jean','Ruiz','6-apr-1998','Difensore'),
  ('189882','US Boulogne',25,'Rayan','Frikeche','9-oct-1991','Difensore'),
  ('203759','US Boulogne',26,'Mamadou','Kamissoko','15-apr-1993','Difensore'),
  ('127191','US Boulogne',19,'Formose','Mendy','8-oct-1993','Difensore'),
  ('324839','US Boulogne',28,'Abdoulkader','Thiam','3-oct-1998','Difensore'),
  ('786425','US Boulogne',18,'Ousmane','Badji','14-dec-1994','Difensore'),
  ('418652','US Boulogne',3,'Leroy','Abanda','7-jun-2000','Difensore'),
  ('704436','US Boulogne',17,'Youssouf','Assogba','21-aug-2001','Difensore'),
  ('412088','US Boulogne',13,'Junior','Senneville','31-jan-1991','Difensore'),
  ('917376','US Boulogne',35,'Jérémy','Oyono','12-apr-2001','Difensore'),
  ('456434','US Boulogne',15,'Guillaume','Beghin','26-apr-1997','Centrocampista'),
  ('917375','US Boulogne',6,'Antoine','Hainaut','18-feb-2002','Centrocampista'),
  ('203497','US Boulogne',4,'Sébastien','Flochon','19-jan-1993','Centrocampista'),
  ('626592','US Boulogne',8,'Jean','Vercruysse','3-jul-2000','Centrocampista'),
  ('747385','US Boulogne',21,'Joël','Mawungu','1-jan-2002','Attaccante'),
  ('164937','US Boulogne',27,'Clarck','N''Sikulu','10-jul-1992','Attaccante'),
  ('181376','US Boulogne',10,'Wesley','Jobello','23-jan-1994','Attaccante'),
  ('210332','US Boulogne',null,'Said','Id Azza','25-apr-1989','Attaccante'),
  ('566371','US Boulogne',22,'Benjamin','Gomel','14-may-1998','Attaccante'),
  ('270646','US Boulogne',24,'Alexis','Busin','7-sep-1995','Attaccante'),
  ('540653','US Boulogne',7,'Malhory','Noc','9-jan-1998','Attaccante'),
  ('593319','US Boulogne',14,'Herman','Moussaki','10-feb-1999','Attaccante'),
  ('058818','US Boulogne',12,'Claudio','Beauvue','16-apr-1988','Attaccante'),
  ('810608','US Boulogne',23,'Ibrahim','Fofana','3-sep-1994','Attaccante'),
  ('534491','Le Mans FC',1,'Pierre','Patron','20-aug-1997','Portiere'),
  ('855004','Le Mans FC',30,'Mickaël','Bod','18-mar-2002','Portiere'),
  ('725963','Le Mans FC',40,'Ewan','Hatfout','1-apr-2000','Portiere'),
  ('696598','Le Mans FC',25,'Ibrahim','Cissé','11-jan-1999','Difensore'),
  ('205525','Le Mans FC',6,'Maxence','Derrien','3-sep-1993','Difensore'),
  ('666744','Le Mans FC',21,'Alexandre','Lauray','18-mar-1997','Difensore'),
  ('807822','Le Mans FC',33,'Ryan','Ebene Talla','21-oct-1999','Difensore'),
  ('914726','Le Mans FC',null,'Dorian','Chailleux','14-jul-2000','Difensore'),
  ('855021','Le Mans FC',null,'Djamal','Moussadek','3-apr-2002','Difensore'),
  ('281926','Le Mans FC',20,'Hugo','Vargas-Ríos','2-nov-1994','Difensore'),
  ('170980','Le Mans FC',2,'Alexandre','Vardin','18-sep-1989','Difensore'),
  ('315040','Le Mans FC',24,'Ibréhima','Coulibaly','30-aug-1989','Centrocampista'),
  ('222319','Le Mans FC',10,'Hamza','Hafidi','9-feb-1993','Centrocampista'),
  ('416168','Le Mans FC',15,'Durel','Avounou','25-sep-1997','Centrocampista'),
  ('081190','Le Mans FC',18,'Loïc','Damour','8-jan-1991','Centrocampista'),
  ('640488','Le Mans FC',8,'Félix','Tomi','31-aug-2000','Centrocampista'),
  ('745938','Le Mans FC',35,'Alexis','Gouletquer','13-jul-1999','Attaccante'),
  ('813152','Le Mans FC',11,'Makan','Aïko','7-jan-2001','Attaccante'),
  ('734736','Le Mans FC',17,'Hassimi','Fadiga','19-apr-1997','Attaccante'),
  ('800272','Le Mans FC',19,'Boubakar','Camara','27-mar-2001','Attaccante'),
  ('194533','Le Mans FC',9,'Armand','Gnanduillet','13-feb-1992','Attaccante'),
  ('798972','Le Mans FC',29,'Issouf','Macalou','27-dec-1998','Attaccante'),
  ('301841','Le Mans FC',7,'Julien','Bègue','8-aug-1993','Attaccante'),
  ('524242','Le Mans FC',27,'Julio','Donisa','15-jan-1994','Attaccante'),
  ('568695','Le Mans FC',23,'Amadou','Ndiaye','2-jan-2000','Attaccante'),
  ('130531','US Créteil-Lusitanos',1,'Riffi','Mandanda','11-oct-1992','Portiere'),
  ('272619','US Créteil-Lusitanos',16,'Romain','Cagnon','12-may-1997','Portiere'),
  ('344652','US Créteil-Lusitanos',30,'Léonard','Aggoune','18-dec-1997','Portiere'),
  ('933511','US Créteil-Lusitanos',40,'Allan','Rakotovazaha','3-oct-1999','Portiere'),
  ('456447','US Créteil-Lusitanos',4,'Madi','Soaré','28-jul-1994','Difensore'),
  ('377394','US Créteil-Lusitanos',20,'Elhadj','Dabo','20-nov-1995','Difensore'),
  ('222255','US Créteil-Lusitanos',5,'Zakaria','Belkouche','8-jul-1992','Difensore'),
  ('351989','US Créteil-Lusitanos',22,'Yamadou','Fofana','30-jul-1991','Difensore'),
  ('160910','US Créteil-Lusitanos',26,'Mahamadou','N''Diaye','21-jul-1990','Difensore'),
  ('342216','US Créteil-Lusitanos',12,'Julien','Serrano','13-feb-1998','Difensore'),
  ('524244','US Créteil-Lusitanos',3,'Kelly','Irep','1-sep-1995','Difensore'),
  ('342204','US Créteil-Lusitanos',2,'Pierre-Daniel','Nguinda','18-jun-1996','Difensore'),
  ('639711','US Créteil-Lusitanos',18,'Richecard','Richard','18-mar-2002','Difensore'),
  ('401121','US Créteil-Lusitanos',18,'Kassim','Ahamada','18-apr-1992','Difensore'),
  ('856887','US Créteil-Lusitanos',33,'Thomas','Nemouthe','16-jan-2001','Centrocampista'),
  ('352757','US Créteil-Lusitanos',27,'Fábio','Pereira','27-jul-1990','Centrocampista'),
  ('802823','US Créteil-Lusitanos',24,'Baptiste','Canelhas','9-may-2000','Centrocampista'),
  ('794711','US Créteil-Lusitanos',13,'Abdessalem','Boujenfa','5-mar-2002','Centrocampista'),
  ('456448','US Créteil-Lusitanos',10,'Christopher','Baptista','28-jan-1993','Centrocampista'),
  ('399546','US Créteil-Lusitanos',19,'Youness','Aouladzian','14-jan-1998','Centrocampista'),
  ('277268','US Créteil-Lusitanos',7,'Alexis','Araujo','7-dec-1996','Centrocampista'),
  ('044724','US Créteil-Lusitanos',8,'Abdelmalek','Mokdad','5-may-1986','Centrocampista'),
  ('203749','US Créteil-Lusitanos',17,'Kamel','Chergui','16-apr-1993','Attaccante'),
  ('785579','US Créteil-Lusitanos',21,'Axel','Urie','14-apr-1999','Attaccante'),
  ('798893','US Créteil-Lusitanos',25,'Andy','Pembélé','4-jul-2000','Attaccante'),
  ('179408','US Créteil-Lusitanos',29,'Cheick','Diarra','11-feb-1992','Attaccante'),
  ('394330','US Créteil-Lusitanos',14,'Ervin','Taha','14-mar-1999','Attaccante'),
  ('289437','US Créteil-Lusitanos',9,'Kévin','Farade','1-sep-1995','Attaccante'),
  ('590127','US Créteil-Lusitanos',23,'Victor','Glaentzlin','23-apr-1998','Attaccante'),
  ('324829','Bourg-en-Bresse Péronnas 01',30,'Anthony','Maisonnial','23-mar-1998','Portiere'),
  ('764683','Bourg-en-Bresse Péronnas 01',40,'Charly','Jan','27-may-1999','Portiere'),
  ('353958','Bourg-en-Bresse Péronnas 01',1,'Gaëtan','Blaichet','3-feb-1994','Portiere'),
  ('174361','Bourg-en-Bresse Péronnas 01',15,'Thibault','Jaques','29-mar-1988','Difensore'),
  ('297124','Bourg-en-Bresse Péronnas 01',5,'Quentin','Lacour','27-aug-1993','Difensore'),
  ('110154','Bourg-en-Bresse Péronnas 01',7,'Anthony','Soubervie','24-apr-1984','Difensore'),
  ('799936','Bourg-en-Bresse Péronnas 01',23,'Loris','Mouyokolo','22-may-2001','Difensore'),
  ('644576','Bourg-en-Bresse Péronnas 01',4,'Malick','Lopy','21-may-1997','Difensore'),
  ('680325','Bourg-en-Bresse Péronnas 01',21,'Théo','Braillon','9-may-2000','Difensore'),
  ('345065','Bourg-en-Bresse Péronnas 01',3,'Mathias','Fischer','11-jul-1998','Difensore'),
  ('017976','Bourg-en-Bresse Péronnas 01',13,'Anthony','Scaramozzino','30-apr-1985','Difensore'),
  ('281605','Bourg-en-Bresse Péronnas 01',28,'Brandon','Agounon','19-oct-1994','Difensore'),
  ('603051','Bourg-en-Bresse Péronnas 01',20,'Romain','Fleurier','17-mar-1997','Difensore'),
  ('271390','Bourg-en-Bresse Péronnas 01',8,'Joachim','Eickmayer','11-jan-1993','Centrocampista'),
  ('807653','Bourg-en-Bresse Péronnas 01',17,'Antoine','Mille','14-aug-1997','Centrocampista'),
  ('118275','Bourg-en-Bresse Péronnas 01',10,'Maxime','Blanc','23-jan-1992','Centrocampista'),
  ('334006','Bourg-en-Bresse Péronnas 01',6,'Anthony','Ribelin','8-apr-1996','Centrocampista'),
  ('282877','Bourg-en-Bresse Péronnas 01',2,'Aliou','Dembelé','1-feb-1988','Centrocampista'),
  ('467394','Bourg-en-Bresse Péronnas 01',22,'Matthieu','Ezikian','25-oct-1991','Centrocampista'),
  ('154171','Bourg-en-Bresse Péronnas 01',26,'Benjamin','Corgnet','6-apr-1987','Centrocampista'),
  ('252661','Bourg-en-Bresse Péronnas 01',14,'Arnold','Garita','18-jun-1995','Attaccante'),
  ('398509','Bourg-en-Bresse Péronnas 01',9,'Romain','Montiel','22-apr-1995','Attaccante'),
  ('740775','Bourg-en-Bresse Péronnas 01',25,'Jeffrey','Quarshie','11-jul-1991','Attaccante'),
  ('735051','Bourg-en-Bresse Péronnas 01',11,'Amine','El Ouazzani','15-jul-2001','Attaccante'),
  ('267778','Bourg-en-Bresse Péronnas 01',27,'Jonathan','Rivas-Marouani','25-jan-1992','Attaccante'),
  ('592990','FC Sète 34',1,'Vincent','Pappalardo','7-jun-1991','Portiere'),
  ('285894','FC Sète 34',16,'Anthony','Cianni','21-feb-1990','Portiere'),
  ('874949','FC Sète 34',40,'Téva','Gardies','1-apr-2001','Portiere'),
  ('780990','FC Sète 34',3,'Steve','Solvet','20-mar-1996','Difensore'),
  ('654411','FC Sète 34',2,'Jason','Ngouabi Lougagui','16-jan-2003','Difensore'),
  ('776892','FC Sète 34',5,'Mamadou','Sylla','28-jun-1995','Difensore'),
  ('562429','FC Sète 34',25,'Amadou','Seydi','12-nov-1997','Difensore'),
  ('780095','FC Sète 34',19,'Yacouba','Seydi','13-aug-1993','Difensore'),
  ('004811','FC Sète 34',null,'Hilton','null','13-sep-1977','Difensore'),
  ('796897','FC Sète 34',18,'Sandro','Trémoulet','18-nov-1999','Difensore'),
  ('832865','FC Sète 34',4,'Mohamed','Kharrazi','19-jan-2001','Difensore'),
  ('704157','FC Sète 34',21,'Tony','Villeray','14-apr-2000','Difensore'),
  ('776819','FC Sète 34',14,'Elyes','Hakkar','18-nov-1997','Centrocampista'),
  ('855034','FC Sète 34',33,'Aboubacar','Camara',null,'Centrocampista'),
  ('585951','FC Sète 34',6,'Alexandre','Phliponeau','26-jan-2000','Centrocampista'),
  ('272633','FC Sète 34',8,'Alexis','Mané','30-apr-1997','Centrocampista'),
  ('611674','FC Sète 34',20,'Nassim','Ahmed','9-oct-2000','Centrocampista'),
  ('615026','FC Sète 34',12,'Jean-Christophe','Koffi','5-jan-1998','Centrocampista'),
  ('851220','FC Sète 34',27,'Amine','Sbaï','5-nov-2000','Centrocampista'),
  ('593320','FC Sète 34',22,'Evens','Joseph','16-jul-1999','Attaccante'),
  ('460658','FC Sète 34',28,'Christian','Koffi','28-aug-2000','Attaccante'),
  ('198619','FC Sète 34',7,'Nadjib','Baouia','25-feb-1992','Attaccante'),
  ('103677','FC Sète 34',10,'Rafik','Bouderbal','19-sep-1987','Attaccante'),
  ('561566','FC Sète 34',26,'Enzo','Robise','22-may-2001','Attaccante'),
  ('395699','FC Sète 34',23,'Alan','Dzabana','25-mar-1997','Attaccante'),
  ('174089','FC Sète 34',11,'Santy','Ngom','7-mar-1993','Attaccante'),
  ('654352','FC Sète 34',17,'Enzo','Célestine','24-jul-1997','Attaccante'),
  ('789533','FC Sète 34',9,'Walid','Jarmouni','20-may-2000','Attaccante'),
  ('561891','FC Sète 34',24,'Amadou','Konaté','1-jan-1997','Attaccante'),
  ('748071','FC Sète 34',22,'Lyvann','Obissa','4-aug-1995','Attaccante'),
  ('782571','US Avranches',16,'Brice','Cognard','26-apr-1990','Portiere'),
  ('103061','US Avranches',1,'Anthony','Beuve','24-jun-1988','Portiere'),
  ('509137','US Avranches',30,'Florian','Lebreton','24-apr-1998','Portiere'),
  ('344382','US Avranches',15,'Harold','Voyer','26-mar-1997','Difensore'),
  ('468512','US Avranches',12,'Kassim','M''Dahoma','26-jan-1997','Difensore'),
  ('468895','US Avranches',5,'Yohan','Baret','16-may-2001','Difensore'),
  ('889835','US Avranches',4,'Mathis','Lemeray','25-sep-2001','Difensore'),
  ('804885','US Avranches',23,'Martin','Expérience','9-mar-1999','Difensore'),
  ('599829','US Avranches',3,'Oussama','Falouh','12-jul-1999','Difensore'),
  ('692061','US Avranches',2,'Bastien','Launay','8-jan-1999','Difensore'),
  ('463606','US Avranches',19,'Yann','Godart','19-sep-2001','Difensore'),
  ('889070','US Avranches',null,'Falaye','Soumaré','10-jan-2001','Centrocampista'),
  ('066785','US Avranches',8,'Charles','Boateng','14-dec-1989','Centrocampista'),
  ('518860','US Avranches',10,'Madih','Talal','17-aug-1997','Centrocampista'),
  ('434226','US Avranches',20,'Darly','N''Landu','14-jul-2000','Centrocampista'),
  ('428953','US Avranches',28,'Pierre','Magnon','9-may-1996','Centrocampista'),
  ('504350','US Avranches',11,'Virgile','Piechocki','12-jan-1997','Centrocampista'),
  ('306193','US Avranches',25,'Mehdi','Boussaïd','25-dec-1995','Centrocampista'),
  ('735162','US Avranches',7,'Reda','Lamrabette','30-mar-1993','Attaccante'),
  ('650105','US Avranches',6,'Jaly','Mouaddib','18-nov-2000','Attaccante'),
  ('715923','US Avranches',14,'Florian','Bianchini','25-jun-2001','Attaccante'),
  ('618416','US Avranches',17,'Kenny','Nagera','21-feb-2002','Attaccante'),
  ('395246','US Avranches',26,'Arnaud','Tattevin','26-feb-2000','Attaccante'),
  ('056811','US Avranches',9,'David','Pollet','12-aug-1988','Attaccante'),
  ('657326','US Avranches',18,'Jordan','Kassa','26-mar-1994','Attaccante'),
  ('357069','SO Cholet',16,'Nicolas','Kocik','4-aug-1998','Portiere'),
  ('804723','SO Cholet',40,'Emyl','Leclercq','6-dec-2002','Portiere'),
  ('746646','SO Cholet',30,'Yannick','Etile','8-mar-2001','Portiere'),
  ('717421','SO Cholet',1,'Valentin','Rabouille','15-apr-2000','Portiere'),
  ('593279','SO Cholet',26,'Younn','Zahary','8-oct-1998','Difensore'),
  ('739076','SO Cholet',28,'Ababacar','Lô','2-jan-2000','Difensore'),
  ('353396','SO Cholet',3,'Dylan','Mboumbouni','20-feb-1996','Difensore'),
  ('796883','SO Cholet',20,'Ryad','Hachem','26-may-1998','Difensore'),
  ('456436','SO Cholet',19,'Moussa','Sylla','15-mar-1999','Difensore'),
  ('696597','SO Cholet',17,'Alexandre','Gameiro','18-jan-1999','Difensore'),
  ('742226','SO Cholet',24,'Tony','Njiké','29-jan-1998','Centrocampista'),
  ('695643','SO Cholet',29,'Tom','Renaud','19-nov-2000','Centrocampista'),
  ('306224','SO Cholet',8,'Pierre','Ruffaut','17-jun-1987','Centrocampista'),
  ('806292','SO Cholet',22,'Adama','Diop','7-feb-2002','Centrocampista'),
  ('730573','SO Cholet',18,'Faiz','Mattoir','12-jul-2000','Centrocampista'),
  ('806303','SO Cholet',7,'Makan','Sidibé','19-jul-1999','Centrocampista'),
  ('353377','SO Cholet',10,'Yoann','Le Méhauté','3-jan-1995','Centrocampista'),
  ('371143','SO Cholet',11,'Milan','Robin','24-nov-1999','Centrocampista'),
  ('650001','SO Cholet',null,'Marwane','Elaz','17-jun-1996','Attaccante'),
  ('342878','SO Cholet',21,'Yassin','Fortuné','30-jan-1999','Attaccante'),
  ('366047','SO Cholet',12,'Yankuba','Jarju','20-aug-1996','Attaccante'),
  ('111485','SO Cholet',9,'Vincent','Créhin','21-jan-1989','Attaccante'),
  ('437543','SO Cholet',23,'Mamadou','Guirassy','13-oct-1995','Attaccante'),
  ('191188','Stade Lavallois',16,'Alexis','Sauvage','30-oct-1991','Portiere'),
  ('141364','Stade Lavallois',1,'Maxime','Hautbois','3-jan-1991','Portiere'),
  ('682503','Stade Lavallois',40,'Théo','Chatelain','22-oct-1999','Portiere'),
  ('791692','Stade Lavallois',19,'Yazid','Aït Moujane','19-jan-2001','Difensore'),
  ('198394','Stade Lavallois',3,'Marvin','Baudry','26-jan-1990','Difensore'),
  ('340487','Stade Lavallois',7,'Bryan','Goncalves','19-jul-1996','Difensore'),
  ('491784','Stade Lavallois',12,'Yasser','Baldé','12-jan-1993','Difensore'),
  ('135748','Stade Lavallois',22,'Pierrick','Cros','17-mar-1992','Difensore'),
  ('291187','Stade Lavallois',18,'Rémy','Duterte','19-apr-1994','Difensore'),
  ('126164','Stade Lavallois',25,'Edson','Seidou','6-oct-1991','Difensore'),
  ('512754','Stade Lavallois',13,'Maxence','Carlier','15-mar-1997','Difensore'),
  ('487757','Stade Lavallois',17,'Baptiste','Etcheverria','9-apr-1997','Difensore'),
  ('154295','Stade Lavallois',2,'Kévin','Perrot','13-jun-1989','Difensore'),
  ('448633','Stade Lavallois',21,'Randi','Goteni','7-may-1995','Centrocampista'),
  ('228891','Stade Lavallois',27,'Jordan','Adéoti','12-mar-1989','Centrocampista'),
  ('816504','Stade Lavallois',8,'Átila','Fontinha','29-apr-1999','Centrocampista'),
  ('781808','Stade Lavallois',5,'Julien','Maggiotti','9-sep-1995','Centrocampista'),
  ('102998','Stade Lavallois',4,'Jimmy','Roye','8-sep-1988','Centrocampista'),
  ('592999','Stade Lavallois',6,'Ryan','Ferhaoui','31-may-1997','Centrocampista'),
  ('324891','Stade Lavallois',14,'Francois-Xavier','Fumu Tamuzo','3-apr-1995','Attaccante'),
  ('469046','Stade Lavallois',24,'Ambroise','Gboho','6-aug-1994','Attaccante'),
  ('314891','Stade Lavallois',9,'Geoffray','Durbant','19-may-1992','Attaccante'),
  ('739073','Stade Lavallois',11,'Kader','N''Chobi','17-nov-1995','Attaccante'),
  ('126883','Stade Lavallois',20,'Sébastien','da Silva','8-apr-1991','Attaccante'),
  ('750502','Stade Lavallois',23,'Ludéric','Etonde','30-aug-2000','Attaccante'),
  ('191529','US Concarneau',1,'Vincent','Viot','17-may-1994','Portiere'),
  ('395669','US Concarneau',16,'Léopold','Maitre','7-may-1998','Portiere'),
  ('860689','US Concarneau',30,'Théo','Cozzi-Buet','25-feb-2001','Portiere'),
  ('562576','US Concarneau',6,'Donatien','Gomis','7-nov-1994','Difensore'),
  ('272628','US Concarneau',5,'Corentin','Jacob','7-jan-1997','Difensore'),
  ('102958','US Concarneau',4,'Guillaume','Jannez','19-feb-1989','Difensore'),
  ('912668','US Concarneau',28,'Vincent','Kervroëdan','1-oct-1999','Difensore'),
  ('039913','US Concarneau',24,'Ludovic','Baal','24-may-1986','Difensore'),
  ('291120','US Concarneau',3,'Adrien','Julloux','5-oct-1996','Difensore'),
  ('232621','US Concarneau',8,'Tristan','Boubaya','2-oct-1989','Centrocampista'),
  ('352336','US Concarneau',26,'Thibault','Sinquin','26-may-1992','Centrocampista'),
  ('288236','US Concarneau',17,'Maxime','Etuin','15-aug-1995','Centrocampista'),
  ('177781','US Concarneau',19,'Georges','Gope-Fenepej','23-oct-1988','Centrocampista'),
  ('804886','US Concarneau',21,'Félix','Ley','10-jan-2001','Centrocampista'),
  ('407156','US Concarneau',7,'Faissal','Mannai','3-feb-1996','Centrocampista'),
  ('651977','US Concarneau',12,'Amine','Boutrah','26-oct-2000','Centrocampista'),
  ('740909','US Concarneau',27,'Maxence','Renoud','8-feb-2000','Centrocampista'),
  ('562578','US Concarneau',11,'Landry','Nomel','3-sep-1997','Attaccante'),
  ('589689','US Concarneau',10,'Fahd','El Khoumisti','1-jun-1993','Attaccante'),
  ('146373','US Concarneau',22,'Antoine','Rabillard','22-sep-1995','Attaccante'),
  ('241325','US Concarneau',9,'Edwin','Maanane','3-feb-1995','Attaccante'),
  ('029277','FC Bastia-Borgo',1,'Arnaud','Balijon','17-jun-1983','Portiere'),
  ('399382','FC Bastia-Borgo',16,'Paul-André','Guerin','26-sep-1997','Portiere'),
  ('643991','FC Bastia-Borgo',30,'Jean-Louis','Carlotti','26-dec-1998','Portiere'),
  ('870116','FC Bastia-Borgo',40,'Pierre-François','Albertini','17-nov-1993','Portiere'),
  ('093751','FC Bastia-Borgo',2,'Kévin','Rimane','23-feb-1991','Difensore'),
  ('170454','FC Bastia-Borgo',5,'Mohamed','Hamdi','8-may-1993','Difensore'),
  ('469043','FC Bastia-Borgo',13,'Samuel','Guibert','22-jan-1989','Difensore'),
  ('481166','FC Bastia-Borgo',18,'Hakim','Ouro-Sama','28-dec-1997','Difensore'),
  ('290557','FC Bastia-Borgo',28,'Jordan','Machado','28-jan-1995','Difensore'),
  ('887567','FC Bastia-Borgo',6,'Moustakim','Assoumani','12-jan-2000','Difensore'),
  ('804662','FC Bastia-Borgo',25,'Yohan','Marmot','22-jul-1999','Difensore'),
  ('800360','FC Bastia-Borgo',3,'Hugo','Mahieu','8-mar-2000','Difensore'),
  ('353400','FC Bastia-Borgo',7,'Isaac','Hemans Arday','26-dec-1996','Difensore'),
  ('460646','FC Bastia-Borgo',null,'Abdoulaye','Koté','5-jan-1999','Difensore'),
  ('436170','FC Bastia-Borgo',14,'Saïd','Arab','23-jul-2000','Centrocampista'),
  ('520819','FC Bastia-Borgo',17,'Julien','Anziani','23-jun-1999','Centrocampista'),
  ('374039','FC Bastia-Borgo',19,'François','Lajugie','31-jan-1996','Centrocampista'),
  ('603575','FC Bastia-Borgo',29,'Mamadou','Magassouba','29-nov-1994','Centrocampista'),
  ('184938','FC Bastia-Borgo',8,'Cherif','Doumbia','19-aug-1991','Centrocampista'),
  ('807373','FC Bastia-Borgo',21,'Joseph','Vittori','8-oct-2002','Centrocampista'),
  ('205398','FC Bastia-Borgo',10,'Alexandre','Cropanese','18-oct-1993','Centrocampista'),
  ('413111','FC Bastia-Borgo',24,'Jules','Gaudin','9-may-2000','Centrocampista'),
  ('395511','FC Bastia-Borgo',12,'Alexis','Giacomini','9-aug-1998','Centrocampista'),
  ('126798','FC Bastia-Borgo',22,'Anthony','Schuster','22-mar-1990','Attaccante'),
  ('391377','FC Bastia-Borgo',11,'Mons','Bassouamina','28-may-1998','Attaccante'),
  ('315996','FC Bastia-Borgo',23,'Idrissa','Ba','11-nov-1990','Attaccante'),
  ('189940','FC Bastia-Borgo',27,'Florian','Raspentino','6-jun-1989','Attaccante'),
  ('539062','FC Bastia-Borgo',9,'Kévin','Mbala','17-jan-2001','Attaccante'),
  ('324820','FC Villefranche-Beaujolais',16,'Lucas','Caruso','4-nov-1998','Portiere'),
  ('110116','FC Villefranche-Beaujolais',1,'Jean-Christophe','Bouet','21-jul-1983','Portiere'),
  ('589615','FC Villefranche-Beaujolais',30,'Tao','Jian','22-jun-2001','Portiere'),
  ('467392','FC Villefranche-Beaujolais',6,'Jérémy','Romany','20-apr-1990','Difensore'),
  ('171793','FC Villefranche-Beaujolais',23,'Kévin','Renaut','28-apr-1991','Difensore'),
  ('647787','FC Villefranche-Beaujolais',25,'Malcom','Bokele','12-feb-2000','Difensore'),
  ('110129','FC Villefranche-Beaujolais',29,'Nicolas','Flégeau','9-jun-1985','Difensore'),
  ('333184','FC Villefranche-Beaujolais',12,'Adrien','Pagerie','8-may-1992','Difensore'),
  ('415861','FC Villefranche-Beaujolais',28,'Quentin','Martin','7-mar-1996','Difensore'),
  ('172148','FC Villefranche-Beaujolais',5,'Rémi','Bonenfant','24-feb-1989','Difensore'),
  ('888627','FC Villefranche-Beaujolais',18,'Erwan','Norde','11-jun-2003','Centrocampista'),
  ('527732','FC Villefranche-Beaujolais',7,'Frédéric','Injaï','9-nov-1995','Centrocampista'),
  ('060575','FC Villefranche-Beaujolais',15,'Jimmy','Nirlo','23-aug-1988','Centrocampista'),
  ('051930','FC Villefranche-Beaujolais',20,'Rémi','Sergio','1-dec-1987','Centrocampista'),
  ('792267','FC Villefranche-Beaujolais',24,'Romain','Antunes','19-jul-2000','Centrocampista'),
  ('607225','FC Villefranche-Beaujolais',27,'Florent','Da Silva','2-apr-2003','Centrocampista'),
  ('392276','FC Villefranche-Beaujolais',8,'Timothée','Taufflieb','1-dec-1992','Centrocampista'),
  ('258161','FC Villefranche-Beaujolais',10,'Guillaume','Khous','18-aug-1992','Centrocampista'),
  ('631603','FC Villefranche-Beaujolais',11,'Kamil','Manseri','12-jun-2001','Centrocampista'),
  ('804661','FC Villefranche-Beaujolais',22,'Simon','Elisor','22-jul-1999','Attaccante'),
  ('198410','FC Villefranche-Beaujolais',17,'Adrian','Dabasse','27-jul-1993','Attaccante'),
  ('364853','FC Villefranche-Beaujolais',9,'Mohamed','Guilavogui','14-nov-1996','Attaccante'),
  ('127038','FC Villefranche-Beaujolais',26,'Medhy','Guezoui','30-mar-1989','Attaccante'),
  ('585960','FC Villefranche-Beaujolais',19,'Eli','Wissa','22-sep-2002','Attaccante'),
  ('072414','CS Sedan-Ardennes',40,'Geoffrey','Lembet','23-sep-1988','Portiere'),
  ('334045','CS Sedan-Ardennes',30,'Xavier','Lenogue','27-dec-1996','Portiere'),
  ('681435','CS Sedan-Ardennes',5,'Glen','Matondo','27-feb-1998','Difensore'),
  ('386049','CS Sedan-Ardennes',17,'Vincent','Pirès','17-nov-1995','Difensore'),
  ('277845','CS Sedan-Ardennes',2,'Diaranké','Fofana','14-jul-1989','Difensore'),
  ('603576','CS Sedan-Ardennes',4,'Djessy','Basimba','14-may-1995','Difensore'),
  ('807656','CS Sedan-Ardennes',3,'Axel','Benoît','10-jan-2000','Difensore'),
  ('468234','CS Sedan-Ardennes',12,'Ibrahima','Savane','10-sep-1993','Difensore'),
  ('380534','CS Sedan-Ardennes',23,'Alexandre','Harvey','2-sep-1994','Difensore'),
  ('468233','CS Sedan-Ardennes',25,'Robin','Taillan','27-may-1992','Difensore'),
  ('798930','CS Sedan-Ardennes',26,'Antar','Yalaoui','8-jan-2000','Difensore'),
  ('157485','CS Sedan-Ardennes',19,'Raphaël','Calvet','7-feb-1994','Centrocampista'),
  ('462940','CS Sedan-Ardennes',6,'Stacy','Misiatu','17-jul-1997','Centrocampista'),
  ('107703','CS Sedan-Ardennes',22,'Hamadi','Ayari','8-jan-1991','Centrocampista'),
  ('381231','CS Sedan-Ardennes',15,'Mohamed','Fadhloun','16-feb-1994','Centrocampista'),
  ('127044','CS Sedan-Ardennes',27,'Anthony','Rogie','2-jun-1991','Centrocampista'),
  ('214433','CS Sedan-Ardennes',8,'François','Borgniet','2-aug-1990','Centrocampista'),
  ('185440','CS Sedan-Ardennes',7,'Aziz','Dahchour','21-apr-1985','Centrocampista'),
  ('523755','CS Sedan-Ardennes',20,'Kévin','Colin','15-nov-1992','Centrocampista'),
  ('352060','CS Sedan-Ardennes',11,'Mathieu','Géran','13-oct-1991','Attaccante'),
  ('352366','CS Sedan-Ardennes',10,'Jérémy','Bekhechi','31-jul-1992','Attaccante'),
  ('450051','CS Sedan-Ardennes',9,'Alexandre','Ramalingom','17-mar-1993','Attaccante'),
  ('928758','CS Sedan-Ardennes',14,'Charly','Keita','23-aug-1999','Attaccante'),
  ('741153','CS Sedan-Ardennes',21,'Mamadou','Thioune','29-may-1993','Attaccante'),
  ('122881','US Orléans',30,'Franck','L''Hostis','3-apr-1990','Portiere'),
  ('620912','US Orléans',1,'Théo','Vermot','27-jan-1997','Portiere'),
  ('591911','US Orléans',4,'Stone','Mambo','25-mar-1999','Difensore'),
  ('291140','US Orléans',18,'Cédric','Yambéré','6-nov-1990','Difensore'),
  ('170962','US Orléans',14,'Nicolas','Saint-Ruf','24-oct-1992','Difensore'),
  ('190386','US Orléans',5,'Djessine','Seba','8-aug-1994','Difensore'),
  ('857482','US Orléans',24,'Baïla','Diallo','24-jun-2001','Difensore'),
  ('468232','US Orléans',23,'Florian','Lapis','8-aug-1993','Difensore'),
  ('808828','US Orléans',22,'Jimmy','Halby Touré','7-feb-1997','Difensore'),
  ('450389','US Orléans',15,'Loïc','Goujon','9-jan-1996','Centrocampista'),
  ('126013','US Orléans',8,'Ismaël','Keïta','8-jul-1990','Centrocampista'),
  ('724446','US Orléans',13,'Ayman','Ouhatti','15-jan-2001','Centrocampista'),
  ('563614','US Orléans',11,'Tidiane','Keita','18-sep-1996','Centrocampista'),
  ('467571','US Orléans',6,'Fred','Dembi','21-feb-1995','Centrocampista'),
  ('720989','US Orléans',20,'Liamine','Mokdad','21-may-2000','Centrocampista'),
  ('740425','US Orléans',17,'Karl','Fabien','1-aug-2000','Attaccante'),
  ('216263','US Orléans',19,'Aymen','Souda','28-feb-1993','Attaccante'),
  ('160871','US Orléans',27,'Ibrahim','Sangaré','15-mar-1994','Attaccante'),
  ('800246','US Orléans',7,'Mohamed','Cissé','26-apr-2001','Attaccante'),
  ('522788','US Orléans',9,'Timothé','Nkada','20-jul-1999','Attaccante'),
  ('415856','US Orléans',26,'Hicham','Benkaid','26-apr-1990','Attaccante'),
  ('461607','US Orléans',28,'Esteban','Lepaul','18-apr-2000','Attaccante'),
  ('288247','Stade Briochin',1,'Maxime','Pattier','12-feb-1996','Portiere'),
  ('034053','Stade Briochin',16,'Cheick','N''Diaye','15-feb-1985','Portiere'),
  ('821376','Stade Briochin',30,'Kévin','Le Corvaisier','14-sep-1999','Portiere'),
  ('563610','Stade Briochin',5,'Hugo','Boudin','8-jun-1992','Difensore'),
  ('138049','Stade Briochin',2,'Christophe','Kerbrat','2-aug-1986','Difensore'),
  ('185459','Stade Briochin',4,'Kévin','Simon','4-dec-1991','Difensore'),
  ('055046','Stade Briochin',22,'Benjamin','Angoua','28-nov-1986','Difensore'),
  ('356481','Stade Briochin',3,'Morgan','Jean-Pierre','30-oct-1992','Difensore'),
  ('562451','Stade Briochin',29,'Thibault','Bouedec','7-may-1993','Difensore'),
  ('562564','Stade Briochin',15,'James','Le Marer','1-jan-1991','Difensore'),
  ('562566','Stade Briochin',14,'Théo','Bloudeau','12-mar-1992','Centrocampista'),
  ('288218','Stade Briochin',17,'Ahmad','Allée','29-apr-1996','Centrocampista'),
  ('353932','Stade Briochin',25,'Julien','Benhaim','25-oct-1996','Centrocampista'),
  ('121072','Stade Briochin',6,'Maël','Illien','30-aug-1990','Centrocampista'),
  ('593290','Stade Briochin',11,'Mathéo','Remars','1-oct-1999','Centrocampista'),
  ('676525','Stade Briochin',21,'Adam','Oudjani','29-aug-2001','Centrocampista'),
  ('203470','Stade Briochin',10,'Zana','Allée','1-mar-1994','Attaccante'),
  ('289438','Stade Briochin',7,'Devon','Romil','12-jun-1996','Attaccante'),
  ('916708','Stade Briochin',28,'Walid','Nassi','15-jul-2000','Attaccante'),
  ('463621','Stade Briochin',18,'Franck','Rivollier','20-apr-2001','Attaccante'),
  ('236414','Stade Briochin',27,'Valentin','Lavigne','4-jun-1994','Attaccante'),
  ('649025','Stade Briochin',20,'Amadou','Sagna','10-jun-1999','Attaccante'),
  ('804737','Stade Briochin',9,'Aimeric','Gomis-Maillard','14-jul-1999','Attaccante');

insert into Partite values
  ('FR300000',1,'Stade Lavallois','US Orléans',1,2),
  ('FR300001',3,'Stade Lavallois','FC Villefranche-Beaujolais',0,0),
  ('FR300002',5,'Stade Lavallois','SO Cholet',2,1),
  ('FR300003',7,'Stade Lavallois','Le Mans FC',2,1),
  ('FR300004',9,'Stade Lavallois','LB Châteauroux',1,2),
  ('FR300005',11,'Stade Lavallois','Bourg-en-Bresse Péronnas 01',1,2),
  ('FR300006',13,'Stade Lavallois','Stade Briochin',2,0),
  ('FR300007',14,'Stade Lavallois','US Concarneau',0,1),
  ('FR300008',16,'Stade Lavallois','FC Chambly',2,1),
  ('FR300009',18,'Stade Lavallois','Annecy FC',1,0),
  ('FR300010',1,'US Concarneau','Red Star FC',2,0),
  ('FR300011',3,'US Concarneau','Annecy FC',2,1),
  ('FR300012',5,'US Concarneau','FC Bastia-Borgo',2,1),
  ('FR300013',7,'US Concarneau','US Avranches',1,3),
  ('FR300014',9,'US Concarneau','US Créteil-Lusitanos',1,0),
  ('FR300015',11,'US Concarneau','FC Sète 34',2,0),
  ('FR300016',13,'US Concarneau','CS Sedan-Ardennes',1,1),
  ('FR300017',15,'US Concarneau','Stade Briochin',3,0),
  ('FR300018',16,'US Concarneau','US Boulogne',1,0),
  ('FR300019',18,'US Concarneau','US Orléans',0,1),
  ('FR300020',1,'Bourg-en-Bresse Péronnas 01','FC Villefranche-Beaujolais',1,1),
  ('FR300021',3,'Bourg-en-Bresse Péronnas 01','SO Cholet',4,0),
  ('FR300022',5,'Bourg-en-Bresse Péronnas 01','Le Mans FC',1,1),
  ('FR300023',7,'Bourg-en-Bresse Péronnas 01','LB Châteauroux',1,0),
  ('FR300024',9,'Bourg-en-Bresse Péronnas 01','Stade Briochin',2,0),
  ('FR300025',10,'Bourg-en-Bresse Péronnas 01','CS Sedan-Ardennes',0,0),
  ('FR300026',12,'Bourg-en-Bresse Péronnas 01','US Concarneau',0,2),
  ('FR300027',14,'Bourg-en-Bresse Péronnas 01','FC Chambly',3,1),
  ('FR300028',16,'Bourg-en-Bresse Péronnas 01','US Orléans',0,1),
  ('FR300029',18,'Bourg-en-Bresse Péronnas 01','FC Bastia-Borgo',0,0),
  ('FR300030',2,'FC Villefranche-Beaujolais','CS Sedan-Ardennes',1,0),
  ('FR300031',4,'FC Villefranche-Beaujolais','US Concarneau',1,1),
  ('FR300032',6,'FC Villefranche-Beaujolais','FC Chambly',3,0),
  ('FR300033',8,'FC Villefranche-Beaujolais','US Orléans',1,0),
  ('FR300034',11,'FC Villefranche-Beaujolais','FC Bastia-Borgo',1,1),
  ('FR300035',13,'FC Villefranche-Beaujolais','US Avranches',3,0),
  ('FR300036',15,'FC Villefranche-Beaujolais','US Créteil-Lusitanos',1,0),
  ('FR300037',17,'FC Villefranche-Beaujolais','FC Sète 34',0,2),
  ('FR300038',19,'FC Villefranche-Beaujolais','Stade Lavallois',1,2),
  ('FR300039',2,'Annecy FC','Stade Lavallois',1,0),
  ('FR300040',4,'Annecy FC','US Boulogne',2,0),
  ('FR300041',6,'Annecy FC','Red Star FC',6,0),
  ('FR300042',9,'Annecy FC','FC Villefranche-Beaujolais',2,0),
  ('FR300043',11,'Annecy FC','SO Cholet',3,0),
  ('FR300044',13,'Annecy FC','Le Mans FC',1,1),
  ('FR300045',15,'Annecy FC','LB Châteauroux',0,0),
  ('FR300046',17,'Annecy FC','Bourg-en-Bresse Péronnas 01',2,0),
  ('FR300047',19,'Annecy FC','US Concarneau',0,0),
  ('FR300048',1,'LB Châteauroux','SO Cholet',2,0),
  ('FR300049',3,'LB Châteauroux','Le Mans FC',2,1),
  ('FR300050',5,'LB Châteauroux','Stade Briochin',0,0),
  ('FR300051',6,'LB Châteauroux','FC Sète 34',1,0),
  ('FR300052',8,'LB Châteauroux','CS Sedan-Ardennes',1,1),
  ('FR300053',10,'LB Châteauroux','US Concarneau',0,2),
  ('FR300054',12,'LB Châteauroux','FC Chambly',2,1),
  ('FR300055',14,'LB Châteauroux','US Orléans',4,1),
  ('FR300056',16,'LB Châteauroux','FC Villefranche-Beaujolais',0,0),
  ('FR300057',18,'LB Châteauroux','US Avranches',3,0),
  ('FR300058',1,'Le Mans FC','Stade Briochin',1,0),
  ('FR300059',2,'Le Mans FC','US Créteil-Lusitanos',2,1),
  ('FR300060',4,'Le Mans FC','FC Sète 34',3,0),
  ('FR300061',6,'Le Mans FC','CS Sedan-Ardennes',0,2),
  ('FR300062',8,'Le Mans FC','US Concarneau',1,1),
  ('FR300063',10,'Le Mans FC','FC Chambly',2,0),
  ('FR300064',12,'Le Mans FC','US Orléans',0,0),
  ('FR300065',14,'Le Mans FC','FC Villefranche-Beaujolais',0,2),
  ('FR300066',16,'Le Mans FC','SO Cholet',1,0),
  ('FR300067',19,'Le Mans FC','LB Châteauroux',1,0),
  ('FR300068',1,'CS Sedan-Ardennes','Annecy FC',1,1),
  ('FR300069',3,'CS Sedan-Ardennes','FC Bastia-Borgo',1,0),
  ('FR300070',5,'CS Sedan-Ardennes','US Avranches',2,0),
  ('FR300071',7,'CS Sedan-Ardennes','US Créteil-Lusitanos',0,0),
  ('FR300072',9,'CS Sedan-Ardennes','FC Sète 34',1,0),
  ('FR300073',11,'CS Sedan-Ardennes','Stade Briochin',2,1),
  ('FR300074',12,'CS Sedan-Ardennes','Stade Lavallois',0,1),
  ('FR300075',14,'CS Sedan-Ardennes','US Boulogne',0,0),
  ('FR300076',16,'CS Sedan-Ardennes','Red Star FC',1,3),
  ('FR300077',18,'CS Sedan-Ardennes','FC Villefranche-Beaujolais',2,1),
  ('FR300078',2,'US Orléans','US Concarneau',0,0),
  ('FR300079',4,'US Orléans','FC Chambly',0,1),
  ('FR300080',7,'US Orléans','Annecy FC',2,2),
  ('FR300081',9,'US Orléans','FC Bastia-Borgo',4,0),
  ('FR300082',11,'US Orléans','US Avranches',0,0),
  ('FR300083',13,'US Orléans','US Créteil-Lusitanos',2,1),
  ('FR300084',15,'US Orléans','FC Sète 34',0,1),
  ('FR300085',17,'US Orléans','CS Sedan-Ardennes',4,2),
  ('FR300086',19,'US Orléans','US Boulogne',2,1),
  ('FR300087',2,'Stade Briochin','FC Chambly',0,1),
  ('FR300088',4,'Stade Briochin','Red Star FC',2,1),
  ('FR300089',6,'Stade Briochin','US Orléans',2,1),
  ('FR300090',8,'Stade Briochin','Annecy FC',1,2),
  ('FR300091',10,'Stade Briochin','FC Villefranche-Beaujolais',0,0),
  ('FR300092',12,'Stade Briochin','FC Bastia-Borgo',3,0),
  ('FR300093',14,'Stade Briochin','SO Cholet',1,1),
  ('FR300094',16,'Stade Briochin','US Avranches',2,1),
  ('FR300095',17,'Stade Briochin','US Boulogne',1,0),
  ('FR300096',19,'Stade Briochin','US Créteil-Lusitanos',0,1),
  ('FR300097',2,'SO Cholet','FC Sète 34',3,1),
  ('FR300098',4,'SO Cholet','CS Sedan-Ardennes',1,1),
  ('FR300099',6,'SO Cholet','US Concarneau',4,2),
  ('FR300100',8,'SO Cholet','FC Chambly',2,0),
  ('FR300101',10,'SO Cholet','US Orléans',3,1),
  ('FR300102',12,'SO Cholet','FC Villefranche-Beaujolais',3,4),
  ('FR300103',15,'SO Cholet','US Avranches',1,1),
  ('FR300104',17,'SO Cholet','US Créteil-Lusitanos',3,2),
  ('FR300105',19,'SO Cholet','Bourg-en-Bresse Péronnas 01',2,1),
  ('FR300106',2,'Red Star FC','US Boulogne',1,3),
  ('FR300107',5,'Red Star FC','US Orléans',1,0),
  ('FR300108',7,'Red Star FC','FC Villefranche-Beaujolais',0,1),
  ('FR300109',9,'Red Star FC','SO Cholet',4,2),
  ('FR300110',11,'Red Star FC','Le Mans FC',1,2),
  ('FR300111',13,'Red Star FC','LB Châteauroux',0,2),
  ('FR300112',15,'Red Star FC','Bourg-en-Bresse Péronnas 01',2,1),
  ('FR300113',17,'Red Star FC','Stade Lavallois',1,2),
  ('FR300114',19,'Red Star FC','FC Chambly',1,2),
  ('FR300115',2,'US Avranches','LB Châteauroux',3,1),
  ('FR300116',4,'US Avranches','Bourg-en-Bresse Péronnas 01',0,3),
  ('FR300117',6,'US Avranches','Stade Lavallois',0,1),
  ('FR300118',8,'US Avranches','US Boulogne',1,0),
  ('FR300119',10,'US Avranches','Red Star FC',0,6),
  ('FR300120',12,'US Avranches','Annecy FC',2,0),
  ('FR300121',14,'US Avranches','FC Bastia-Borgo',3,2),
  ('FR300122',17,'US Avranches','Le Mans FC',0,1),
  ('FR300123',19,'US Avranches','FC Sète 34',2,1),
  ('FR300124',1,'FC Sète 34','FC Bastia-Borgo',2,0),
  ('FR300125',3,'FC Sète 34','US Avranches',1,2),
  ('FR300126',5,'FC Sète 34','US Créteil-Lusitanos',3,1),
  ('FR300127',7,'FC Sète 34','Stade Briochin',0,0),
  ('FR300128',8,'FC Sète 34','Bourg-en-Bresse Péronnas 01',2,5),
  ('FR300129',10,'FC Sète 34','Stade Lavallois',0,1),
  ('FR300130',12,'FC Sète 34','US Boulogne',4,0),
  ('FR300131',14,'FC Sète 34','Red Star FC',2,1),
  ('FR300132',16,'FC Sète 34','Annecy FC',0,0),
  ('FR300133',18,'FC Sète 34','SO Cholet',0,1),
  ('FR300134',3,'FC Chambly','Red Star FC',1,2),
  ('FR300135',5,'FC Chambly','Annecy FC',0,1),
  ('FR300136',7,'FC Chambly','FC Bastia-Borgo',2,2),
  ('FR300137',9,'FC Chambly','US Avranches',4,2),
  ('FR300138',11,'FC Chambly','US Créteil-Lusitanos',4,0),
  ('FR300139',13,'FC Chambly','FC Sète 34',1,4),
  ('FR300140',15,'FC Chambly','CS Sedan-Ardennes',2,2),
  ('FR300141',17,'FC Chambly','US Concarneau',0,2),
  ('FR300142',18,'FC Chambly','Stade Briochin',1,1),
  ('FR300143',2,'FC Bastia-Borgo','Bourg-en-Bresse Péronnas 01',2,2),
  ('FR300144',4,'FC Bastia-Borgo','Stade Lavallois',2,2),
  ('FR300145',6,'FC Bastia-Borgo','US Boulogne',0,3),
  ('FR300146',8,'FC Bastia-Borgo','Red Star FC',2,2),
  ('FR300147',10,'FC Bastia-Borgo','Annecy FC',1,2),
  ('FR300148',13,'FC Bastia-Borgo','SO Cholet',1,2),
  ('FR300149',15,'FC Bastia-Borgo','Le Mans FC',1,0),
  ('FR300150',17,'FC Bastia-Borgo','LB Châteauroux',2,0),
  ('FR300151',19,'FC Bastia-Borgo','CS Sedan-Ardennes',3,1),
  ('FR300152',1,'US Créteil-Lusitanos','US Avranches',0,0),
  ('FR300153',3,'US Créteil-Lusitanos','Stade Briochin',0,0),
  ('FR300154',4,'US Créteil-Lusitanos','LB Châteauroux',1,1),
  ('FR300155',6,'US Créteil-Lusitanos','Bourg-en-Bresse Péronnas 01',1,6),
  ('FR300156',8,'US Créteil-Lusitanos','Stade Lavallois',0,1),
  ('FR300157',10,'US Créteil-Lusitanos','US Boulogne',3,2),
  ('FR300158',12,'US Créteil-Lusitanos','Red Star FC',1,0),
  ('FR300159',14,'US Créteil-Lusitanos','Annecy FC',0,1),
  ('FR300160',16,'US Créteil-Lusitanos','FC Bastia-Borgo',3,0),
  ('FR300161',18,'US Créteil-Lusitanos','Le Mans FC',2,3),
  ('FR300162',1,'US Boulogne','FC Chambly',1,1),
  ('FR300163',3,'US Boulogne','US Orléans',1,1),
  ('FR300164',5,'US Boulogne','FC Villefranche-Beaujolais',0,1),
  ('FR300165',7,'US Boulogne','SO Cholet',2,3),
  ('FR300166',9,'US Boulogne','Le Mans FC',0,0),
  ('FR300167',11,'US Boulogne','LB Châteauroux',1,1),
  ('FR300168',13,'US Boulogne','Bourg-en-Bresse Péronnas 01',1,2),
  ('FR300169',15,'US Boulogne','Stade Lavallois',1,2),
  ('FR300170',18,'US Boulogne','Red Star FC',0,4);

insert into Gol values
  ('FR300000',49,'126883',false),
  ('FR300000',53,'415856',false),
  ('FR300002',30,'102998',false),
  ('FR300002',43,'314891',false),
  ('FR300002',51,'342878',false),
  ('FR300003',45,'800272',false),
  ('FR300003',48,'314891',false),
  ('FR300003',86,'314891',false),
  ('FR300004',27,'290615',false),
  ('FR300004',68,'081460',false),
  ('FR300004',93,'739073',false),
  ('FR300005',23,'345065',false),
  ('FR300005',36,'398509',false),
  ('FR300005',47,'781808',false),
  ('FR300006',13,'314891',false),
  ('FR300006',60,'781808',false),
  ('FR300007',51,'102958',false),
  ('FR300008',27,'215676',false),
  ('FR300008',35,'340487',false),
  ('FR300008',52,'314891',false),
  ('FR300009',56,'781808',false),
  ('FR300010',36,'589689',false),
  ('FR300010',78,'804886',false),
  ('FR300011',29,'562578',false),
  ('FR300011',74,'651973',false),
  ('FR300011',82,'589689',false),
  ('FR300012',59,'589689',false),
  ('FR300012',77,'315996',false),
  ('FR300012',79,'146373',false),
  ('FR300013',34,'504350',false),
  ('FR300013',64,'468512',true),
  ('FR300013',90,'056811',false),
  ('FR300014',24,'288236',false),
  ('FR300015',46,'589689',false),
  ('FR300015',77,'562578',false),
  ('FR300016',12,'386049',false),
  ('FR300016',29,'232621',false),
  ('FR300017',23,'291120',false),
  ('FR300017',42,'804886',false),
  ('FR300017',51,'589689',false),
  ('FR300018',77,'146373',false),
  ('FR300019',25,'415856',false),
  ('FR300020',52,'735051',false),
  ('FR300020',72,'060575',false),
  ('FR300021',18,'740775',false),
  ('FR300021',29,'271390',false),
  ('FR300021',38,'271390',false),
  ('FR300021',88,'252661',false),
  ('FR300022',29,'798972',false),
  ('FR300022',84,'252661',false),
  ('FR300023',68,'174361',false),
  ('FR300024',46,'252661',false),
  ('FR300024',81,'740775',false),
  ('FR300026',3,'589689',false),
  ('FR300026',35,'589689',false),
  ('FR300027',42,'252661',false),
  ('FR300027',55,'154171',false),
  ('FR300027',66,'398509',false),
  ('FR300027',69,'215676',false),
  ('FR300028',84,'461607',false),
  ('FR300030',67,'804661',false),
  ('FR300031',51,'804661',false),
  ('FR300031',71,'651977',false),
  ('FR300032',43,'804661',false),
  ('FR300032',51,'198410',false),
  ('FR300032',82,'415861',false),
  ('FR300033',21,'198410',false),
  ('FR300034',19,'391377',false),
  ('FR300034',34,'172148',false),
  ('FR300035',16,'172148',false),
  ('FR300035',41,'344382',true),
  ('FR300035',78,'527732',false),
  ('FR300036',16,'198410',false),
  ('FR300037',63,'174089',false),
  ('FR300037',82,'789533',false),
  ('FR300038',9,'739073',false),
  ('FR300038',51,'392276',false),
  ('FR300038',60,'739073',false),
  ('FR300039',71,'290588',false),
  ('FR300040',22,'415863',false),
  ('FR300040',37,'290588',false),
  ('FR300041',13,'290588',false),
  ('FR300041',16,'290588',false),
  ('FR300041',32,'290588',false),
  ('FR300041',54,'415863',false),
  ('FR300041',63,'780944',false),
  ('FR300041',78,'804933',false),
  ('FR300042',17,'651973',false),
  ('FR300042',43,'415863',false),
  ('FR300043',17,'212937',false),
  ('FR300043',38,'651973',false),
  ('FR300043',86,'629637',false),
  ('FR300044',57,'301841',false),
  ('FR300046',36,'212937',false),
  ('FR300046',69,'212937',false),
  ('FR300048',9,'290615',false),
  ('FR300048',61,'290615',false),
  ('FR300049',44,'693358',false),
  ('FR300049',58,'693358',false),
  ('FR300049',84,'590127',false),
  ('FR300051',49,'290615',false),
  ('FR300052',25,'290615',false),
  ('FR300052',94,'352366',false),
  ('FR300053',33,'589689',false),
  ('FR300053',64,'589689',false),
  ('FR300054',76,'343016',false),
  ('FR300054',90,'081460',false),
  ('FR300054',94,'290615',false),
  ('FR300055',20,'216263',false),
  ('FR300055',48,'290615',false),
  ('FR300055',68,'081460',false),
  ('FR300055',86,'290615',false),
  ('FR300055',94,'230066',false),
  ('FR300057',29,'290615',false),
  ('FR300057',50,'290615',false),
  ('FR300057',89,'411439',false),
  ('FR300058',37,'568695',false),
  ('FR300059',20,'800272',false),
  ('FR300059',40,'800272',false),
  ('FR300059',65,'289437',false),
  ('FR300060',9,'568695',false),
  ('FR300060',11,'800272',false),
  ('FR300060',16,'798972',false),
  ('FR300061',53,'666744',true),
  ('FR300061',66,'462940',false),
  ('FR300062',31,'301841',false),
  ('FR300062',47,'589689',false),
  ('FR300063',14,'301841',false),
  ('FR300063',49,'568695',false),
  ('FR300065',19,'060575',false),
  ('FR300065',69,'051930',false),
  ('FR300066',55,'194533',false),
  ('FR300067',60,'524242',false),
  ('FR300068',36,'352366',false),
  ('FR300068',82,'742629',false),
  ('FR300069',23,'352366',false),
  ('FR300070',19,'807656',false),
  ('FR300070',91,'352060',false),
  ('FR300072',68,'450051',false),
  ('FR300073',11,'807656',false),
  ('FR300073',79,'450051',false),
  ('FR300073',94,'562566',false),
  ('FR300074',76,'314891',false),
  ('FR300076',12,'693637',false),
  ('FR300076',17,'450051',false),
  ('FR300076',62,'693637',false),
  ('FR300076',83,'693637',false),
  ('FR300077',7,'450051',false),
  ('FR300077',43,'172148',false),
  ('FR300077',62,'450051',false),
  ('FR300079',55,'265547',false),
  ('FR300080',13,'651973',false),
  ('FR300080',17,'415863',false),
  ('FR300080',31,'160871',false),
  ('FR300080',60,'170962',false),
  ('FR300081',47,'808828',false),
  ('FR300081',52,'467571',false),
  ('FR300081',62,'216263',false),
  ('FR300083',16,'415856',false),
  ('FR300083',56,'179408',false),
  ('FR300083',88,'170962',false),
  ('FR300084',33,'654352',false),
  ('FR300085',8,'681435',false),
  ('FR300085',36,'126013',false),
  ('FR300085',44,'461607',false),
  ('FR300085',73,'591911',false),
  ('FR300085',79,'386049',false),
  ('FR300085',89,'415856',false),
  ('FR300086',7,'810608',false),
  ('FR300086',54,'808828',false),
  ('FR300086',76,'170962',false),
  ('FR300087',85,'595169',false),
  ('FR300088',43,'792328',false),
  ('FR300089',36,'138049',false),
  ('FR300089',49,'808828',false),
  ('FR300089',61,'356481',false),
  ('FR300090',3,'236414',false),
  ('FR300090',5,'290588',false),
  ('FR300090',88,'073120',false),
  ('FR300092',43,'236414',false),
  ('FR300092',85,'916708',false),
  ('FR300092',95,'562564',false),
  ('FR300093',51,'282877',false),
  ('FR300093',66,'111485',false),
  ('FR300094',54,'288218',false),
  ('FR300094',64,'562564',false),
  ('FR300094',70,'650105',false),
  ('FR300095',59,'562566',false),
  ('FR300096',48,'044724',false),
  ('FR300097',37,'111485',false),
  ('FR300097',44,'730573',false),
  ('FR300097',69,'366047',false),
  ('FR300098',3,'730573',false),
  ('FR300098',58,'107703',false),
  ('FR300099',15,'342878',false),
  ('FR300099',18,'562578',false),
  ('FR300099',47,'742226',false),
  ('FR300099',46,'695643',true),
  ('FR300099',77,'366047',false),
  ('FR300099',91,'366047',false),
  ('FR300100',15,'306224',false),
  ('FR300100',55,'730573',false),
  ('FR300101',10,'739076',false),
  ('FR300101',16,'353377',false),
  ('FR300101',53,'306224',false),
  ('FR300102',35,'631603',false),
  ('FR300102',61,'353377',false),
  ('FR300102',64,'258161',false),
  ('FR300102',70,'804661',false),
  ('FR300102',72,'258161',false),
  ('FR300102',75,'437543',false),
  ('FR300102',85,'739076',false),
  ('FR300103',15,'366047',false),
  ('FR300103',26,'518860',false),
  ('FR300104',6,'289437',false),
  ('FR300104',25,'306224',false),
  ('FR300104',32,'203749',false),
  ('FR300104',36,'742226',false),
  ('FR300104',42,'739076',false),
  ('FR300105',23,'740775',false),
  ('FR300105',25,'806303',false),
  ('FR300105',88,'342878',false),
  ('FR300106',20,'917375',false),
  ('FR300106',35,'626592',false),
  ('FR300106',60,'540653',false),
  ('FR300107',27,'282058',false),
  ('FR300108',42,'258161',false),
  ('FR300109',8,'695643',false),
  ('FR300109',41,'204195',false),
  ('FR300109',60,'282058',false),
  ('FR300109',83,'437543',false),
  ('FR300109',87,'204195',false),
  ('FR300109',91,'693637',false),
  ('FR300110',12,'524242',false),
  ('FR300110',16,'798972',false),
  ('FR300110',25,'792328',false),
  ('FR300111',20,'230066',false),
  ('FR300111',88,'198474',false),
  ('FR300112',22,'540660',false),
  ('FR300112',29,'271390',false),
  ('FR300112',66,'792328',false),
  ('FR300113',44,'314891',false),
  ('FR300113',78,'693637',false),
  ('FR300113',92,'340487',false),
  ('FR300114',6,'684065',false),
  ('FR300114',61,'593286',false),
  ('FR300114',65,'735676',false),
  ('FR300115',34,'056811',false),
  ('FR300115',43,'198474',false),
  ('FR300115',45,'056811',false),
  ('FR300115',80,'715923',false),
  ('FR300116',37,'271390',false),
  ('FR300116',82,'740775',false),
  ('FR300116',89,'735051',false),
  ('FR300117',35,'314891',false),
  ('FR300118',5,'468512',false),
  ('FR300119',15,'556371',false),
  ('FR300119',44,'792328',false),
  ('FR300119',47,'792328',false),
  ('FR300119',55,'792328',false),
  ('FR300119',63,'693637',false),
  ('FR300119',81,'655414',false),
  ('FR300120',35,'428953',false),
  ('FR300120',90,'066785',false),
  ('FR300121',9,'066785',false),
  ('FR300121',42,'650105',false),
  ('FR300121',72,'518860',false),
  ('FR300121',81,'539062',false),
  ('FR300121',92,'807373',false),
  ('FR300122',1,'194533',false),
  ('FR300123',21,'056811',false),
  ('FR300123',67,'851220',false),
  ('FR300123',69,'066785',false),
  ('FR300124',45,'407156',false),
  ('FR300124',92,'789533',false),
  ('FR300125',22,'066785',false),
  ('FR300125',32,'056811',false),
  ('FR300125',87,'789533',false),
  ('FR300126',20,'377394',false),
  ('FR300126',53,'776819',false),
  ('FR300126',74,'585951',false),
  ('FR300126',87,'395699',false),
  ('FR300128',19,'174361',false),
  ('FR300128',26,'174361',false),
  ('FR300128',38,'789533',false),
  ('FR300128',47,'118275',false),
  ('FR300128',79,'281605',false),
  ('FR300128',82,'460658',false),
  ('FR300128',84,'334006',false),
  ('FR300129',32,'739073',false),
  ('FR300130',20,'851220',false),
  ('FR300130',43,'654352',false),
  ('FR300130',72,'654352',false),
  ('FR300130',89,'776819',false),
  ('FR300131',22,'282058',false),
  ('FR300131',56,'851220',false),
  ('FR300131',81,'789533',false),
  ('FR300133',2,'739076',false),
  ('FR300134',23,'282058',false),
  ('FR300134',67,'693637',false),
  ('FR300134',95,'265547',false),
  ('FR300135',60,'073120',false),
  ('FR300136',13,'418594',false),
  ('FR300136',50,'189940',false),
  ('FR300136',64,'205398',false),
  ('FR300136',88,'215676',false),
  ('FR300137',3,'056811',false),
  ('FR300137',6,'518860',false),
  ('FR300137',9,'470491',false),
  ('FR300137',54,'215676',false),
  ('FR300137',95,'469046',false),
  ('FR300138',30,'215676',false),
  ('FR300138',37,'600868',false),
  ('FR300138',55,'215676',false),
  ('FR300138',83,'469046',false),
  ('FR300139',24,'343016',false),
  ('FR300139',30,'654352',false),
  ('FR300139',36,'407156',false),
  ('FR300139',68,'407156',false),
  ('FR300139',74,'395699',false),
  ('FR300140',14,'681435',false),
  ('FR300140',37,'735676',false),
  ('FR300140',53,'681435',false),
  ('FR300140',69,'265547',false),
  ('FR300141',11,'589689',false),
  ('FR300141',54,'589689',false),
  ('FR300142',33,'562566',false),
  ('FR300142',85,'418594',false),
  ('FR300143',29,'205398',false),
  ('FR300143',45,'735051',false),
  ('FR300143',61,'740775',false),
  ('FR300143',69,'391377',false),
  ('FR300144',14,'314891',false),
  ('FR300144',18,'374039',false),
  ('FR300144',64,'314891',false),
  ('FR300144',86,'205398',false),
  ('FR300145',17,'593319',false),
  ('FR300145',49,'540653',false),
  ('FR300145',92,'810608',false),
  ('FR300146',23,'693637',false),
  ('FR300146',29,'189940',false),
  ('FR300146',50,'205398',false),
  ('FR300146',67,'693637',false),
  ('FR300147',25,'780942',false),
  ('FR300147',42,'315996',false),
  ('FR300148',7,'374039',false),
  ('FR300148',85,'695643',false),
  ('FR300148',93,'366047',false),
  ('FR300149',59,'315996',false),
  ('FR300150',10,'205398',false),
  ('FR300150',90,'184938',false),
  ('FR300151',31,'395511',false),
  ('FR300151',57,'315996',false),
  ('FR300151',76,'093751',true),
  ('FR300151',94,'189940',false),
  ('FR300154',3,'785579',false),
  ('FR300154',52,'411439',false),
  ('FR300155',6,'154171',false),
  ('FR300155',25,'252661',false),
  ('FR300155',36,'154171',false),
  ('FR300155',46,'118275',false),
  ('FR300155',54,'398509',false),
  ('FR300155',70,'289437',false),
  ('FR300155',72,'603051',false),
  ('FR300156',39,'314891',false),
  ('FR300157',23,'594109',false),
  ('FR300157',37,'179408',false),
  ('FR300157',48,'179408',false),
  ('FR300157',67,'189882',false),
  ('FR300157',72,'203749',false),
  ('FR300158',13,'456448',false),
  ('FR300159',43,'073120',false),
  ('FR300160',32,'179408',false),
  ('FR300160',65,'179408',false),
  ('FR300160',78,'289437',false),
  ('FR300161',8,'205525',false),
  ('FR300161',49,'277268',false),
  ('FR300161',53,'301841',false),
  ('FR300161',69,'277268',false),
  ('FR300161',94,'301841',false),
  ('FR300162',59,'540653',false),
  ('FR300162',96,'469046',false),
  ('FR300163',10,'415856',false),
  ('FR300163',82,'594109',false),
  ('FR300164',43,'060575',false),
  ('FR300165',15,'366047',false),
  ('FR300165',47,'164937',false),
  ('FR300165',69,'593319',false),
  ('FR300165',76,'353377',false),
  ('FR300165',87,'742226',false),
  ('FR300167',52,'566371',false),
  ('FR300167',59,'315075',false),
  ('FR300168',4,'118275',false),
  ('FR300168',45,'164937',false),
  ('FR300168',79,'740775',false),
  ('FR300169',39,'164937',false),
  ('FR300169',59,'314891',false),
  ('FR300169',83,'781808',false),
  ('FR300170',16,'792328',false),
  ('FR300170',47,'556371',false),
  ('FR300170',71,'693637',false),
  ('FR300170',73,'792328',false);
