/* File created by scraping https://www.transfermarkt.com using Antonio Cardin's program */

insert into Squadre values
  ('Manchester City','3FF Manchester','Guardiola'),
  ('Liverpool FC','OTH Liverpool','Klopp'),
  ('Chelsea FC','1HS London','Tuchel'),
  ('Manchester United','1AA Gibraltar','Solskjaer'),
  ('Tottenham Hotspur','0AP London','Mason'),
  ('Arsenal FC','1BU London','Arteta'),
  ('Everton FC','4EL Liverpool','Ancelotti'),
  ('Leicester City','7FL Leicester','Rodgers'),
  ('Wolverhampton Wanderers','Wolverhampton','Espírito Santo'),
  ('Aston Villa','6HE Birmingham','Smith'),
  ('West Ham United','2ST London','Moyes'),
  ('Brighton & Hove Albion','9BL Brighton','Potter'),
  ('Southampton FC','5FP Southampton','Hasenhüttl'),
  ('Newcastle United','4ST Newcastle upon Tyne','Bruce'),
  ('Fulham FC','6HH London','Parker'),
  ('Leeds United','0ES Leeds','Bielsa'),
  ('Crystal Palace','6PU London','Hodgson'),
  ('Sheffield United','4SU Sheffield','Wilder'),
  ('West Bromwich Albion','4LF West Bromwich, West Mids.','Allardyce'),
  ('Burnley FC','4BX Burnley','Dyche');

insert into Giocatori values
  ('238223','Manchester City',31,'Ederson','null','17-aug-1993','Portiere'),
  ('221624','Manchester City',13,'Zack','Steffen','2-apr-1995','Portiere'),
  ('014555','Manchester City',null,'Scott','Carson','3-sep-1985','Portiere'),
  ('566799','Manchester City',null,'James','Trafford','10-oct-2002','Portiere'),
  ('258004','Manchester City',3,'Rúben','Dias','14-may-1997','Difensore'),
  ('176553','Manchester City',14,'Aymeric','Laporte','27-may-1994','Difensore'),
  ('177476','Manchester City',6,'Nathan','Aké','18-feb-1995','Difensore'),
  ('186590','Manchester City',5,'John','Stones','28-may-1994','Difensore'),
  ('466794','Manchester City',50,'Eric','García','9-jan-2001','Difensore'),
  ('054781','Manchester City',null,'Nicolás','Otamendi','12-feb-1988','Difensore'),
  ('503977','Manchester City',null,'Taylor','Harwood-Bellis','30-jan-2002','Difensore'),
  ('340460','Manchester City',34,'Philippe','Sandler','10-feb-1997','Difensore'),
  ('609883','Manchester City',null,'Luke','Mbete','18-sep-2003','Difensore'),
  ('203853','Manchester City',11,'Oleksandr','Zinchenko','15-dec-1996','Difensore'),
  ('157495','Manchester City',22,'Benjamin','Mendy','17-jul-1994','Difensore'),
  ('182712','Manchester City',27,'João','Cancelo','27-may-1994','Difensore'),
  ('095424','Manchester City',2,'Kyle','Walker','28-may-1990','Difensore'),
  ('357565','Manchester City',16,'Rodri','null','22-jun-1996','Centrocampista'),
  ('026267','Manchester City',25,'Fernandinho','null','4-may-1985','Centrocampista'),
  ('395239','Manchester City',null,'Claudio','Gomes','23-jul-2000','Centrocampista'),
  ('406635','Manchester City',47,'Phil','Foden','28-may-2000','Centrocampista'),
  ('053622','Manchester City',8,'Ilkay','Gündogan','24-oct-1990','Centrocampista'),
  ('466802','Manchester City',null,'Adrián','Bernabé','26-may-2001','Centrocampista'),
  ('433183','Manchester City',null,'Tommy','Doyle','17-oct-2001','Centrocampista'),
  ('088755','Manchester City',17,'Kevin','De Bruyne','28-jun-1991','Centrocampista'),
  ('241641','Manchester City',20,'Bernardo','Silva','10-aug-1994','Centrocampista'),
  ('568177','Manchester City',null,'Cole','Palmer','6-may-2002','Centrocampista'),
  ('406640','Manchester City',null,'Felix','Nmecha','10-oct-2000','Centrocampista'),
  ('134425','Manchester City',7,'Raheem','Sterling','8-dec-1994','Attaccante'),
  ('417346','Manchester City',null,'Jack','Harrison','20-nov-1996','Attaccante'),
  ('398184','Manchester City',21,'Ferran','Torres','29-feb-2000','Attaccante'),
  ('171424','Manchester City',26,'Riyad','Mahrez','21-feb-1991','Attaccante'),
  ('225452','Manchester City',null,'Patrick','Roberts','5-feb-1997','Attaccante'),
  ('363205','Manchester City',9,'Gabriel','Jesus','3-apr-1997','Attaccante'),
  ('026399','Manchester City',10,'Sergio','Agüero','2-jun-1988','Attaccante'),
  ('610849','Manchester City',null,'Liam','Delap','8-feb-2003','Attaccante'),
  ('105470','Liverpool FC',1,'Alisson','null','2-oct-1992','Portiere'),
  ('340918','Liverpool FC',62,'Caoimhin','Kelleher','23-nov-1998','Portiere'),
  ('071271','Liverpool FC',13,'Adrián','null','3-jan-1987','Portiere'),
  ('486604','Liverpool FC',null,'Vitezslav','Jaros','23-jul-2001','Portiere'),
  ('494284','Liverpool FC',null,'Liam','Hughes','19-aug-2001','Portiere'),
  ('540630','Liverpool FC',null,'Jakub','Ojrzynski','19-feb-2003','Portiere'),
  ('706815','Liverpool FC',null,'Harvey','Davies','3-sep-2003','Portiere'),
  ('139208','Liverpool FC',4,'Virgil','van Dijk','8-jul-1991','Difensore'),
  ('256178','Liverpool FC',12,'Joe','Gomez','23-may-1997','Difensore'),
  ('361260','Liverpool FC',19,'Ozan','Kabak','25-mar-2000','Difensore'),
  ('082105','Liverpool FC',32,'Joel','Matip','8-aug-1991','Difensore'),
  ('371814','Liverpool FC',47,'Nathaniel','Phillips','21-mar-1997','Difensore'),
  ('503679','Liverpool FC',46,'Rhys','Williams','3-feb-2001','Difensore'),
  ('257097','Liverpool FC',28,'Ben','Davies','11-aug-1995','Difensore'),
  ('541231','Liverpool FC',null,'Sepp','van den Berg','20-dec-2001','Difensore'),
  ('696324','Liverpool FC',null,'Billy','Koumetio','14-nov-2002','Difensore'),
  ('234803','Liverpool FC',26,'Andrew','Robertson','11-mar-1994','Difensore'),
  ('338070','Liverpool FC',21,'Konstantinos','Tsimikas','12-may-1996','Difensore'),
  ('314353','Liverpool FC',66,'Trent','Alexander-Arnold','7-oct-1998','Difensore'),
  ('503680','Liverpool FC',76,'Neco','Williams','13-apr-2001','Difensore'),
  ('225693','Liverpool FC',3,'Fabinho','null','23-oct-1993','Centrocampista'),
  ('222813','Liverpool FC',null,'Marko','Grujic','13-apr-1996','Centrocampista'),
  ('470606','Liverpool FC',null,'Leighton','Clarkson','19-oct-2001','Centrocampista'),
  ('302215','Liverpool FC',8,'Naby','Keïta','10-feb-1995','Centrocampista'),
  ('049499','Liverpool FC',5,'Georginio','Wijnaldum','11-nov-1990','Centrocampista'),
  ('060444','Liverpool FC',6,'Thiago','null','11-apr-1991','Centrocampista'),
  ('433188','Liverpool FC',17,'Curtis','Jones','30-jan-2001','Centrocampista'),
  ('061651','Liverpool FC',14,'Jordan','Henderson','17-jun-1990','Centrocampista'),
  ('143424','Liverpool FC',15,'Alex','Oxlade-Chamberlain','15-aug-1993','Centrocampista'),
  ('003333','Liverpool FC',7,'James','Milner','4-jan-1986','Centrocampista'),
  ('565420','Liverpool FC',null,'Jake','Cain','2-sep-2001','Centrocampista'),
  ('200512','Liverpool FC',10,'Sadio','Mané','10-apr-1992','Attaccante'),
  ('165793','Liverpool FC',null,'Takumi','Minamino','16-jan-1995','Attaccante'),
  ('236510','Liverpool FC',null,'Sheyi','Ojo','19-jun-1997','Attaccante'),
  ('344015','Liverpool FC',58,'Ben','Woodburn','15-oct-1999','Attaccante'),
  ('148455','Liverpool FC',11,'Mohamed Salah','null','15-jun-1992','Attaccante'),
  ('279455','Liverpool FC',null,'Harry','Wilson','22-mar-1997','Attaccante'),
  ('565822','Liverpool FC',null,'Harvey','Elliott','4-apr-2003','Attaccante'),
  ('086792','Liverpool FC',23,'Xherdan','Shaqiri','10-oct-1991','Attaccante'),
  ('131789','Liverpool FC',9,'Roberto Firmino','null','2-oct-1991','Attaccante'),
  ('340950','Liverpool FC',20,'Diogo Jota','null','4-dec-1996','Attaccante'),
  ('406560','Liverpool FC',null,'Rhian','Brewster','1-apr-2000','Attaccante'),
  ('148368','Liverpool FC',27,'Divock','Origi','18-apr-1995','Attaccante'),
  ('442531','Chelsea FC',16,'Edouard','Mendy','1-mar-1992','Portiere'),
  ('192279','Chelsea FC',1,'Kepa','Arrizabalaga','3-oct-1994','Portiere'),
  ('128898','Chelsea FC',null,'Jamal','Blackman','27-oct-1993','Portiere'),
  ('342050','Chelsea FC',null,'Nathan','Baxter','8-nov-1998','Portiere'),
  ('019948','Chelsea FC',13,'Willy','Caballero','28-sep-1981','Portiere'),
  ('526258','Chelsea FC',null,'Karlo','Ziger','11-may-2001','Portiere'),
  ('157509','Chelsea FC',15,'Kurt','Zouma','27-oct-1994','Difensore'),
  ('196948','Chelsea FC',4,'Andreas','Christensen','10-apr-1996','Difensore'),
  ('303254','Chelsea FC',null,'Fikayo','Tomori','19-dec-1997','Difensore'),
  ('086202','Chelsea FC',2,'Antonio','Rüdiger','3-mar-1993','Difensore'),
  ('392771','Chelsea FC',null,'Ethan','Ampadu','14-sep-2000','Difensore'),
  ('029241','Chelsea FC',6,'Thiago','Silva','22-sep-1984','Difensore'),
  ('316551','Chelsea FC',null,'Jake','Clarke-Salter','22-sep-1997','Difensore'),
  ('316125','Chelsea FC',21,'Ben','Chilwell','21-dec-1996','Difensore'),
  ('112515','Chelsea FC',3,'Marcos','Alonso','28-dec-1990','Difensore'),
  ('181778','Chelsea FC',33,'Emerson','null','3-aug-1994','Difensore'),
  ('472423','Chelsea FC',24,'Reece','James','8-dec-1999','Difensore'),
  ('057500','Chelsea FC',28,'César','Azpilicueta','28-aug-1989','Difensore'),
  ('503981','Chelsea FC',null,'Tino','Livramento','12-nov-2002','Difensore'),
  ('225083','Chelsea FC',7,'N''Golo','Kanté','29-mar-1991','Centrocampista'),
  ('102017','Chelsea FC',5,'Jorginho','null','20-dec-1991','Centrocampista'),
  ('051471','Chelsea FC',17,'Mateo','Kovacic','6-may-1994','Centrocampista'),
  ('131978','Chelsea FC',8,'Ross','Barkley','5-dec-1993','Centrocampista'),
  ('202886','Chelsea FC',12,'Ruben','Loftus-Cheek','23-jan-1996','Centrocampista'),
  ('488362','Chelsea FC',null,'Conor','Gallagher','6-feb-2000','Centrocampista'),
  ('423744','Chelsea FC',23,'Billy','Gilmour','11-jun-2001','Centrocampista'),
  ('587003','Chelsea FC',null,'Lewis','Bate','28-oct-2002','Centrocampista'),
  ('346483','Chelsea FC',19,'Mason','Mount','10-jan-1999','Centrocampista'),
  ('309400','Chelsea FC',29,'Kai','Havertz','11-jun-1999','Centrocampista'),
  ('217111','Chelsea FC',22,'Hakim','Ziyech','19-mar-1993','Centrocampista'),
  ('433181','Chelsea FC',null,'Tino','Anjorin','23-nov-2001','Centrocampista'),
  ('177862','Chelsea FC',null,'Charly','Musonda Jr.','15-oct-1996','Centrocampista'),
  ('315779','Chelsea FC',10,'Christian','Pulisic','18-sep-1998','Attaccante'),
  ('392768','Chelsea FC',20,'Callum','Hudson-Odoi','7-nov-2000','Attaccante'),
  ('245805','Chelsea FC',null,'Izzy','Brown','7-jan-1997','Attaccante'),
  ('170527','Chelsea FC',11,'Timo','Werner','6-mar-1996','Attaccante'),
  ('331726','Chelsea FC',9,'Tammy','Abraham','2-oct-1997','Attaccante'),
  ('179184','Chelsea FC',null,'Michy','Batshuayi','2-oct-1993','Attaccante'),
  ('082442','Chelsea FC',18,'Olivier','Giroud','30-sep-1986','Attaccante'),
  ('258919','Manchester United',26,'Dean','Henderson','12-mar-1997','Portiere'),
  ('059377','Manchester United',1,'David','de Gea','7-nov-1990','Portiere'),
  ('030690','Manchester United',22,'Sergio','Romero','22-feb-1987','Portiere'),
  ('192611','Manchester United',null,'Joel','Pereira','28-jun-1996','Portiere'),
  ('495033','Manchester United',null,'Nathan','Bishop','15-oct-1999','Portiere'),
  ('013460','Manchester United',13,'Lee','Grant','27-jan-1983','Portiere'),
  ('177907','Manchester United',5,'Harry','Maguire','5-mar-1993','Difensore'),
  ('184573','Manchester United',2,'Victor','Lindelöf','17-jul-1994','Difensore'),
  ('286384','Manchester United',3,'Eric','Bailly','12-apr-1994','Difensore'),
  ('342046','Manchester United',38,'Axel','Tuanzebe','14-nov-1997','Difensore'),
  ('117996','Manchester United',4,'Phil','Jones','21-feb-1992','Difensore'),
  ('548470','Manchester United',null,'Teden','Mengi','30-apr-2002','Difensore'),
  ('640245','Manchester United',null,'Will','Fish','17-feb-2003','Difensore'),
  ('183288','Manchester United',23,'Luke','Shaw','12-jul-1995','Difensore'),
  ('255755','Manchester United',27,'Alex','Telles','15-dec-1992','Difensore'),
  ('507700','Manchester United',33,'Brandon','Williams','3-sep-2000','Difensore'),
  ('477758','Manchester United',29,'Aaron','Wan-Bissaka','26-nov-1997','Difensore'),
  ('357147','Manchester United',null,'Diogo','Dalot','18-mar-1999','Difensore'),
  ('315131','Manchester United',null,'Timothy','Fosu-Mensah','2-jan-1998','Difensore'),
  ('315969','Manchester United',39,'Scott','McTominay','8-dec-1996','Centrocampista'),
  ('074683','Manchester United',31,'Nemanja','Matic','1-aug-1988','Centrocampista'),
  ('122153','Manchester United',6,'Paul','Pogba','15-mar-1993','Centrocampista'),
  ('288255','Manchester United',34,'Donny','van de Beek','18-apr-1997','Centrocampista'),
  ('191614','Manchester United',17,'Fred','null','5-mar-1993','Centrocampista'),
  ('433991','Manchester United',null,'Ethan','Galbraith','11-may-2001','Centrocampista'),
  ('240306','Manchester United',18,'Bruno','Fernandes','8-sep-1994','Centrocampista'),
  ('141660','Manchester United',null,'Jesse','Lingard','15-dec-1992','Centrocampista'),
  ('044068','Manchester United',8,'Juan','Mata','28-apr-1988','Centrocampista'),
  ('607224','Manchester United',null,'Hannibal','Mejbri','21-jan-2003','Centrocampista'),
  ('258923','Manchester United',10,'Marcus','Rashford','31-oct-1997','Attaccante'),
  ('319301','Manchester United',21,'Daniel','James','10-nov-1997','Attaccante'),
  ('583189','Manchester United',null,'Anthony','Elanga','27-apr-2002','Attaccante'),
  ('532826','Manchester United',11,'Mason','Greenwood','1-oct-2001','Attaccante'),
  ('536835','Manchester United',19,'Amad','Diallo','11-jul-2002','Attaccante'),
  ('676318','Manchester United',null,'Facundo','Pellistri','20-dec-2001','Attaccante'),
  ('640026','Manchester United',null,'Shola','Shoretire','2-feb-2004','Attaccante'),
  ('182877','Manchester United',9,'Anthony','Martial','5-dec-1995','Attaccante'),
  ('048280','Manchester United',7,'Edinson','Cavani','14-feb-1987','Attaccante'),
  ('062121','Manchester United',null,'Odion','Ighalo','16-jun-1989','Attaccante'),
  ('017965','Tottenham Hotspur',1,'Hugo','Lloris','26-dec-1986','Portiere'),
  ('195488','Tottenham Hotspur',null,'Paulo','Gazzaniga','2-jan-1992','Portiere'),
  ('040204','Tottenham Hotspur',12,'Joe','Hart','19-apr-1987','Portiere'),
  ('282823','Tottenham Hotspur',41,'Alfie','Whiteman','2-oct-1998','Portiere'),
  ('428016','Tottenham Hotspur',null,'Brandon','Austin','8-jan-1999','Portiere'),
  ('341429','Tottenham Hotspur',6,'Davinson','Sánchez','12-jun-1996','Difensore'),
  ('175722','Tottenham Hotspur',15,'Eric','Dier','15-jan-1994','Difensore'),
  ('042710','Tottenham Hotspur',4,'Toby','Alderweireld','2-mar-1989','Difensore'),
  ('297212','Tottenham Hotspur',14,'Joe','Rodon','22-oct-1997','Difensore'),
  ('346478','Tottenham Hotspur',25,'Japhet','Tanganga','31-mar-1999','Difensore'),
  ('341049','Tottenham Hotspur',null,'Cameron','Carter-Vickers','31-dec-1997','Difensore'),
  ('282429','Tottenham Hotspur',3,'Sergio','Reguilón','16-dec-1996','Difensore'),
  ('192765','Tottenham Hotspur',33,'Ben','Davies','24-apr-1993','Difensore'),
  ('050174','Tottenham Hotspur',null,'Danny','Rose','2-jul-1990','Difensore'),
  ('568006','Tottenham Hotspur',null,'Dennis','Cirkin','6-apr-2002','Difensore'),
  ('127032','Tottenham Hotspur',24,'Serge','Aurier','24-dec-1992','Difensore'),
  ('171679','Tottenham Hotspur',2,'Matt','Doherty','16-jan-1992','Difensore'),
  ('392772','Tottenham Hotspur',null,'Marcel','Lavinier','16-dec-2000','Difensore'),
  ('249126','Tottenham Hotspur',8,'Harry','Winks','2-feb-1996','Centrocampista'),
  ('406638','Tottenham Hotspur',null,'Oliver','Skipp','16-sep-2000','Centrocampista'),
  ('581598','Tottenham Hotspur',null,'Harvey','White','19-sep-2001','Centrocampista'),
  ('504051','Tottenham Hotspur',null,'Jamie','Bowden','9-jul-2001','Centrocampista'),
  ('450936','Tottenham Hotspur',28,'Tanguy','Ndombélé','28-dec-1996','Centrocampista'),
  ('167799','Tottenham Hotspur',5,'Pierre-Emile','Höjbjerg','5-aug-1995','Centrocampista'),
  ('348795','Tottenham Hotspur',18,'Giovani','Lo Celso','9-apr-1996','Centrocampista'),
  ('337800','Tottenham Hotspur',null,'Gedson','Fernandes','9-jan-1999','Centrocampista'),
  ('046001','Tottenham Hotspur',17,'Moussa','Sissoko','16-aug-1989','Centrocampista'),
  ('581683','Tottenham Hotspur',null,'Nile','John','6-mar-2003','Centrocampista'),
  ('392775','Tottenham Hotspur',null,'Ryan','Sessegnon','18-may-2000','Centrocampista'),
  ('207929','Tottenham Hotspur',20,'Dele','Alli','11-apr-1996','Centrocampista'),
  ('728734','Tottenham Hotspur',null,'Alfie','Devine','1-aug-2004','Centrocampista'),
  ('091845','Tottenham Hotspur',7,'Heung-min','Son','8-jul-1992','Attaccante'),
  ('284165','Tottenham Hotspur',23,'Steven','Bergwijn','8-oct-1997','Attaccante'),
  ('077100','Tottenham Hotspur',27,'Lucas Moura','null','13-aug-1992','Attaccante'),
  ('039381','Tottenham Hotspur',9,'Gareth','Bale','16-jul-1989','Attaccante'),
  ('111630','Tottenham Hotspur',11,'Erik','Lamela','4-mar-1992','Attaccante'),
  ('559794','Tottenham Hotspur',null,'Jack','Clarke','23-nov-2000','Attaccante'),
  ('530807','Tottenham Hotspur',null,'Dilan','Markanday','20-aug-2001','Attaccante'),
  ('132098','Tottenham Hotspur',10,'Harry','Kane','28-jul-1993','Attaccante'),
  ('525287','Tottenham Hotspur',45,'Carlos Vinícius','null','25-mar-1995','Attaccante'),
  ('670883','Tottenham Hotspur',null,'Dane','Scarlett','24-mar-2004','Attaccante'),
  ('111873','Arsenal FC',null,'Emiliano','Martínez','2-sep-1992','Portiere'),
  ('072476','Arsenal FC',1,'Bernd','Leno','4-mar-1992','Portiere'),
  ('128969','Arsenal FC',33,'Mathew','Ryan','8-apr-1992','Portiere'),
  ('205657','Arsenal FC',13,'Rúnar Alex','Rúnarsson','18-feb-1995','Portiere'),
  ('493513','Arsenal FC',null,'Karl','Hein','13-apr-2002','Portiere'),
  ('220491','Arsenal FC',null,'Matt','Macey','9-sep-1994','Portiere'),
  ('205757','Arsenal FC',46,'Dejan','Iliev','25-feb-1995','Portiere'),
  ('503765','Arsenal FC',null,'James','Hillson','14-jan-2001','Portiere'),
  ('503769','Arsenal FC',null,'Arthur','Okonkwo','9-sep-2001','Portiere'),
  ('435338','Arsenal FC',6,'Gabriel','null','19-dec-1997','Difensore'),
  ('495666','Arsenal FC',null,'William','Saliba','24-mar-2001','Difensore'),
  ('253341','Arsenal FC',16,'Rob','Holding','20-sep-1995','Difensore'),
  ('215118','Arsenal FC',21,'Calum','Chambers','20-jan-1995','Difensore'),
  ('210178','Arsenal FC',22,'Pablo','Marí','31-aug-1993','Difensore'),
  ('046741','Arsenal FC',23,'David Luiz','null','22-apr-1987','Difensore'),
  ('088590','Arsenal FC',null,'Shkodran','Mustafi','17-apr-1992','Difensore'),
  ('300716','Arsenal FC',3,'Kieran','Tierney','5-jun-1997','Difensore'),
  ('094005','Arsenal FC',null,'Sead','Kolasinac','20-jun-1993','Difensore'),
  ('586736','Arsenal FC',null,'Joel','López','31-mar-2002','Difensore'),
  ('191217','Arsenal FC',2,'Héctor','Bellerín','19-mar-1995','Difensore'),
  ('112988','Arsenal FC',17,'Cédric','Soares','31-aug-1991','Difensore'),
  ('230784','Arsenal FC',18,'Thomas','Partey','13-jun-1993','Centrocampista'),
  ('111455','Arsenal FC',34,'Granit','Xhaka','27-sep-1992','Centrocampista'),
  ('160438','Arsenal FC',25,'Mohamed Elneny','null','11-jul-1992','Centrocampista'),
  ('319745','Arsenal FC',8,'Dani','Ceballos','7-aug-1996','Centrocampista'),
  ('340329','Arsenal FC',null,'Joe','Willock','20-aug-1999','Centrocampista'),
  ('547533','Arsenal FC',null,'Miguel','Azeez','20-sep-2002','Centrocampista'),
  ('470597','Arsenal FC',null,'Ben','Cottrell','31-oct-2001','Centrocampista'),
  ('506965','Arsenal FC',null,'James','Olayinka','5-oct-2000','Centrocampista'),
  ('433177','Arsenal FC',7,'Bukayo','Saka','5-sep-2001','Centrocampista'),
  ('285845','Arsenal FC',null,'Ainsley','Maitland-Niles','29-aug-1997','Centrocampista'),
  ('316264','Arsenal FC',11,'Martin','Ødegaard','17-dec-1998','Centrocampista'),
  ('392765','Arsenal FC',32,'Emile','Smith Rowe','28-jul-2000','Centrocampista'),
  ('655488','Arsenal FC',35,'Gabriel','Martinelli','18-jun-2001','Attaccante'),
  ('340325','Arsenal FC',24,'Reiss','Nelson','10-dec-1999','Attaccante'),
  ('343052','Arsenal FC',19,'Nicolas','Pépé','29-may-1995','Attaccante'),
  ('052769','Arsenal FC',12,'Willian','null','9-aug-1988','Attaccante'),
  ('093720','Arsenal FC',9,'Alexandre','Lacazette','28-may-1991','Attaccante'),
  ('058864','Arsenal FC',14,'Pierre-Emerick','Aubameyang','18-jun-1989','Attaccante'),
  ('340324','Arsenal FC',30,'Eddie','Nketiah','30-may-1999','Attaccante'),
  ('503770','Arsenal FC',null,'Folarin','Balogun','3-jul-2001','Attaccante'),
  ('503768','Arsenal FC',null,'Tyreece','John-Jules','14-feb-2001','Attaccante'),
  ('130164','Everton FC',1,'Jordan','Pickford','7-mar-1994','Portiere'),
  ('075458','Everton FC',33,'Robin','Olsen','8-jan-1990','Portiere'),
  ('048870','Everton FC',null,'Jonas','Lössl','1-feb-1989','Portiere'),
  ('329813','Everton FC',31,'João','Virgínia','10-oct-1999','Portiere'),
  ('574448','Everton FC',null,'Harry','Tyrer','6-dec-2001','Portiere'),
  ('605757','Everton FC',null,'Zan Luk','Leban','15-dec-2002','Portiere'),
  ('118534','Everton FC',5,'Michael','Keane','11-jan-1993','Difensore'),
  ('343475','Everton FC',22,'Ben','Godfrey','15-jan-1998','Difensore'),
  ('348623','Everton FC',4,'Mason','Holgate','22-oct-1996','Difensore'),
  ('289446','Everton FC',13,'Yerry','Mina','23-sep-1994','Difensore'),
  ('661053','Everton FC',null,'Jarrad','Branthwaite','27-jun-2002','Difensore'),
  ('220755','Everton FC',null,'Matthew','Pennington','6-oct-1994','Difensore'),
  ('511552','Everton FC',null,'Ryan','Astley','4-oct-2001','Difensore'),
  ('655986','Everton FC',null,'Reece','Welch','19-sep-2003','Difensore'),
  ('126664','Everton FC',12,'Lucas','Digne','20-jul-1993','Difensore'),
  ('591193','Everton FC',18,'Niels','Nkounkou','1-nov-2000','Difensore'),
  ('746554','Everton FC',null,'Thierry','Small','1-aug-2004','Difensore'),
  ('258883','Everton FC',null,'Jonjoe','Kenny','15-mar-1997','Difensore'),
  ('068390','Everton FC',23,'Seamus','Coleman','11-oct-1988','Difensore'),
  ('504507','Everton FC',null,'Kyle','John','13-feb-2001','Difensore'),
  ('126422','Everton FC',6,'Allan','null','8-jan-1991','Centrocampista'),
  ('182894','Everton FC',25,'Jean-Philippe','Gbamin','25-sep-1995','Centrocampista'),
  ('093905','Everton FC',30,'Muhamed','Besic','10-sep-1992','Centrocampista'),
  ('127187','Everton FC',16,'Abdoulaye','Doucouré','1-jan-1993','Centrocampista'),
  ('221025','Everton FC',21,'André','Gomes','30-jul-1993','Centrocampista'),
  ('314210','Everton FC',26,'Tom','Davies','30-jun-1998','Centrocampista'),
  ('050362','Everton FC',8,'Fabian','Delph','21-nov-1989','Centrocampista'),
  ('399369','Everton FC',null,'Beni','Baningime','9-sep-1998','Centrocampista'),
  ('663225','Everton FC',null,'Tyler','Onyango','4-mar-2003','Centrocampista'),
  ('612749','Everton FC',null,'Isaac','Price','26-sep-2003','Centrocampista'),
  ('088103','Everton FC',19,'James','Rodríguez','12-jul-1991','Centrocampista'),
  ('090466','Everton FC',10,'Gylfi','Sigurdsson','8-sep-1989','Centrocampista'),
  ('242631','Everton FC',17,'Alex','Iwobi','3-may-1996','Attaccante'),
  ('175169','Everton FC',20,'Bernard','null','8-sep-1992','Attaccante'),
  ('503733','Everton FC',null,'Anthony','Gordon','24-feb-2001','Attaccante'),
  ('075471','Everton FC',null,'Yannick','Bolasie','24-may-1989','Attaccante'),
  ('033713','Everton FC',null,'Theo','Walcott','16-mar-1989','Attaccante'),
  ('091059','Everton FC',11,'Joshua','King','15-jan-1992','Attaccante'),
  ('378710','Everton FC',7,'Richarlison','null','10-may-1997','Attaccante'),
  ('306024','Everton FC',9,'Dominic','Calvert-Lewin','16-mar-1997','Attaccante'),
  ('364135','Everton FC',null,'Moise','Kean','28-feb-2000','Attaccante'),
  ('045671','Everton FC',null,'Cenk','Tosun','7-jun-1991','Attaccante'),
  ('344009','Everton FC',null,'Nathan','Broadhead','5-apr-1998','Attaccante'),
  ('511550','Everton FC',null,'Ellis','Simms','5-jan-2001','Attaccante'),
  ('016911','Leicester City',1,'Kasper','Schmeichel','5-nov-1986','Portiere'),
  ('203026','Leicester City',12,'Danny','Ward','22-jun-1993','Portiere'),
  ('002857','Leicester City',35,'Eldin','Jakupovic','2-oct-1984','Portiere'),
  ('486144','Leicester City',null,'Jakub','Stolarczyk','19-dec-2000','Portiere'),
  ('320141','Leicester City',4,'Caglar','Söyüncü','23-may-1996','Difensore'),
  ('475411','Leicester City',3,'Wesley','Fofana','17-dec-2000','Difensore'),
  ('042412','Leicester City',6,'Jonny','Evans','3-jan-1988','Difensore'),
  ('214056','Leicester City',18,'Daniel','Amartey','21-dec-1994','Difensore'),
  ('425026','Leicester City',null,'Josh','Knight','7-sep-1997','Difensore'),
  ('010003','Leicester City',5,'Wes','Morgan','21-jan-1984','Difensore'),
  ('714458','Leicester City',null,'Ben','Nelson','18-mar-2004','Difensore'),
  ('395797','Leicester City',41,'Sam','Hughes','15-apr-1997','Difensore'),
  ('505194','Leicester City',33,'Luke','Thomas','10-jun-2001','Difensore'),
  ('006636','Leicester City',28,'Christian','Fuchs','7-apr-1986','Difensore'),
  ('583258','Leicester City',null,'Shane','Flynn','14-oct-2001','Difensore'),
  ('215876','Leicester City',21,'Ricardo','Pereira','6-oct-1993','Difensore'),
  ('262226','Leicester City',27,'Timothy','Castagne','5-dec-1995','Difensore'),
  ('413220','Leicester City',2,'James','Justin','23-feb-1998','Difensore'),
  ('530732','Leicester City',null,'Vontae','Daley-Campbell','2-apr-2001','Difensore'),
  ('274839','Leicester City',25,'Wilfred','Ndidi','16-dec-1996','Centrocampista'),
  ('111051','Leicester City',24,'Nampalys','Mendy','23-jun-1992','Centrocampista'),
  ('249565','Leicester City',8,'Youri','Tielemans','7-may-1997','Centrocampista'),
  ('129588','Leicester City',26,'Dennis','Praet','14-may-1994','Centrocampista'),
  ('341501','Leicester City',20,'Hamza','Choudhury','1-oct-1997','Centrocampista'),
  ('475188','Leicester City',null,'Kiernan','Dewsbury-Hall','6-sep-1998','Centrocampista'),
  ('073522','Leicester City',null,'Matty','James','22-jul-1991','Centrocampista'),
  ('511813','Leicester City',null,'Sidnei','Tavares','29-sep-2001','Centrocampista'),
  ('461882','Leicester City',null,'Khanya','Leshabela','18-sep-1999','Centrocampista'),
  ('061560','Leicester City',11,'Marc','Albrighton','18-nov-1989','Centrocampista'),
  ('398065','Leicester City',15,'Harvey','Barnes','9-dec-1997','Centrocampista'),
  ('294057','Leicester City',10,'James','Maddison','23-nov-1996','Centrocampista'),
  ('427691','Leicester City',null,'Thanawat','Suengchitthawon','8-jan-2000','Centrocampista'),
  ('610653','Leicester City',null,'Ethan','Fitzhugh','27-nov-2002','Centrocampista'),
  ('292417','Leicester City',null,'Demarai','Gray','28-jun-1996','Attaccante'),
  ('670987','Leicester City',null,'Tawanda','Maswanhise','20-nov-2002','Attaccante'),
  ('341647','Leicester City',19,'Cengiz','Ünder','14-jul-1997','Attaccante'),
  ('246968','Leicester City',17,'Ayoze','Pérez','29-jul-1993','Attaccante'),
  ('295330','Leicester City',14,'Kelechi','Iheanacho','3-oct-1996','Attaccante'),
  ('197838','Leicester City',9,'Jamie','Vardy','11-jan-1987','Attaccante'),
  ('174915','Leicester City',null,'Islam','Slimani','18-jun-1988','Attaccante'),
  ('045026','Wolverhampton Wanderers',11,'Rui','Patrício','15-feb-1988','Portiere'),
  ('029712','Wolverhampton Wanderers',21,'John','Ruddy','24-oct-1986','Portiere'),
  ('462820','Wolverhampton Wanderers',62,'Andreas','Söndergaard','17-jan-2001','Portiere'),
  ('293257','Wolverhampton Wanderers',null,'Matija','Sarkic','23-jul-1997','Portiere'),
  ('128901','Wolverhampton Wanderers',16,'Conor','Coady','25-feb-1993','Difensore'),
  ('142310','Wolverhampton Wanderers',15,'Willy','Boly','3-feb-1991','Difensore'),
  ('204198','Wolverhampton Wanderers',27,'Romain','Saïss','26-mar-1990','Difensore'),
  ('525247','Wolverhampton Wanderers',49,'Max','Kilman','23-may-1997','Difensore'),
  ('539807','Wolverhampton Wanderers',null,'Christian','Marques','15-jan-2003','Difensore'),
  ('566043','Wolverhampton Wanderers',null,'Nigel','Lonwijk','27-oct-2002','Difensore'),
  ('571827','Wolverhampton Wanderers',null,'Lewis','Richards','15-oct-2001','Difensore'),
  ('578391','Wolverhampton Wanderers',3,'Rayan','Aït-Nouri','6-jun-2001','Difensore'),
  ('175446','Wolverhampton Wanderers',19,'Jonny','Otto','3-mar-1994','Difensore'),
  ('357158','Wolverhampton Wanderers',null,'Rúben','Vinagre','9-apr-1999','Difensore'),
  ('137745','Wolverhampton Wanderers',5,'Marçal','null','19-feb-1989','Difensore'),
  ('698678','Wolverhampton Wanderers',null,'Hugo','Bueno','18-sep-2002','Difensore'),
  ('231572','Wolverhampton Wanderers',22,'Nélson','Semedo','16-nov-1993','Difensore'),
  ('485583','Wolverhampton Wanderers',2,'Ki-Jana','Hoever','18-jan-2002','Difensore'),
  ('293283','Wolverhampton Wanderers',null,'Oskar','Buur','31-mar-1998','Difensore'),
  ('225161','Wolverhampton Wanderers',8,'Rúben','Neves','13-mar-1997','Centrocampista'),
  ('168157','Wolverhampton Wanderers',32,'Leander','Dendoncker','15-apr-1995','Centrocampista'),
  ('511815','Wolverhampton Wanderers',54,'Owen','Otasowie','6-jan-2001','Centrocampista'),
  ('429014','Wolverhampton Wanderers',18,'Morgan','Gibbs-White','27-jan-2000','Centrocampista'),
  ('487469','Wolverhampton Wanderers',20,'Vitinha','null','13-feb-2000','Centrocampista'),
  ('029364','Wolverhampton Wanderers',28,'João','Moutinho','8-sep-1986','Centrocampista'),
  ('502073','Wolverhampton Wanderers',null,'Taylor','Perry','15-jul-2001','Centrocampista'),
  ('532541','Wolverhampton Wanderers',null,'Luke','Cundle','26-apr-2002','Centrocampista'),
  ('379980','Wolverhampton Wanderers',null,'Meritan','Shabani','15-mar-1999','Centrocampista'),
  ('487465','Wolverhampton Wanderers',7,'Pedro','Neto','9-mar-2000','Attaccante'),
  ('204103','Wolverhampton Wanderers',37,'Adama','Traoré','25-jan-1996','Attaccante'),
  ('256977','Wolverhampton Wanderers',10,'Daniel','Podence','21-oct-1995','Attaccante'),
  ('206040','Wolverhampton Wanderers',9,'Raúl','Jiménez','5-may-1991','Attaccante'),
  ('505653','Wolverhampton Wanderers',17,'Fábio','Silva','19-jul-2002','Attaccante'),
  ('122155','Wolverhampton Wanderers',12,'Willian José','null','23-nov-1991','Attaccante'),
  ('265078','Wolverhampton Wanderers',null,'Patrick','Cutrone','3-jan-1998','Attaccante'),
  ('568535','Wolverhampton Wanderers',null,'Theo','Corbeanu','17-may-2002','Attaccante'),
  ('335461','Wolverhampton Wanderers',null,'Renat','Dadashov','17-may-1999','Attaccante'),
  ('046405','Aston Villa',null,'Lovre','Kalinic','3-apr-1990','Portiere'),
  ('073517','Aston Villa',null,'Örjan','Nyland','10-sep-1990','Portiere'),
  ('034130','Aston Villa',1,'Tom','Heaton','15-apr-1986','Portiere'),
  ('110867','Aston Villa',12,'Jed','Steer','23-sep-1992','Portiere'),
  ('501156','Aston Villa',null,'Ákos','Onódi','2-sep-2001','Portiere'),
  ('555074','Aston Villa',null,'Oliwier','Zych','28-jun-2004','Portiere'),
  ('253677','Aston Villa',5,'Tyrone','Mings','13-mar-1993','Difensore'),
  ('413403','Aston Villa',4,'Ezri','Konsa','23-oct-1997','Difensore'),
  ('233124','Aston Villa',30,'Kortney','Hause','16-jul-1995','Difensore'),
  ('193469','Aston Villa',22,'Björn','Engels','15-sep-1994','Difensore'),
  ('645686','Aston Villa',null,'Lamare','Bogarde','5-jan-2004','Difensore'),
  ('503750','Aston Villa',null,'Dominic','Revan','19-sep-2000','Difensore'),
  ('530223','Aston Villa',null,'Mungo','Bridge','12-sep-2000','Difensore'),
  ('646710','Aston Villa',null,'Sil','Swinkels','6-jan-2004','Difensore'),
  ('250478','Aston Villa',18,'Matt','Targett','18-sep-1995','Difensore'),
  ('067416','Aston Villa',3,'Neil','Taylor','7-feb-1989','Difensore'),
  ('459322','Aston Villa',null,'Callum','Rowe','2-sep-1999','Difensore'),
  ('670846','Aston Villa',null,'Ben','Chrisene','12-jan-2004','Difensore'),
  ('425334','Aston Villa',2,'Matty','Cash','7-aug-1997','Difensore'),
  ('354352','Aston Villa',null,'Frédéric','Guilbert','24-dec-1994','Difensore'),
  ('066333','Aston Villa',27,'Ahmed','Elmohamady','9-sep-1987','Difensore'),
  ('626888','Aston Villa',null,'Kaine','Kesler','23-oct-2002','Difensore'),
  ('486100','Aston Villa',null,'Jake','Walker','3-nov-2000','Difensore'),
  ('741700','Aston Villa',null,'Frankie','Ealing','14-jul-2004','Difensore'),
  ('447661','Aston Villa',6,'Douglas Luiz','null','9-may-1998','Centrocampista'),
  ('324882','Aston Villa',19,'Marvelous','Nakamba','19-jan-1994','Centrocampista'),
  ('654177','Aston Villa',null,'Mamadou','Sylla','26-jan-2003','Centrocampista'),
  ('698097','Aston Villa',null,'Hayden','Lindley','2-sep-2002','Centrocampista'),
  ('814522','Aston Villa',null,'Taylor-Jay','Hart','18-dec-2003','Centrocampista'),
  ('193116','Aston Villa',7,'John','McGinn','18-oct-1994','Centrocampista'),
  ('174094','Aston Villa',25,'Morgan','Sanson','18-aug-1994','Centrocampista'),
  ('503749','Aston Villa',41,'Jacob','Ramsey','28-may-2001','Centrocampista'),
  ('061653','Aston Villa',null,'Conor','Hourihane','2-feb-1991','Centrocampista'),
  ('044794','Aston Villa',null,'Henri','Lansbury','12-oct-1990','Centrocampista'),
  ('659459','Aston Villa',null,'Carney','Chukwuemeka','20-oct-2003','Centrocampista'),
  ('575210','Aston Villa',null,'Harrison','Sohna','1-jul-2002','Centrocampista'),
  ('698637','Aston Villa',null,'Arjan','Raikhy','20-oct-2002','Centrocampista'),
  ('731738','Aston Villa',null,'Edward','Rowe','17-oct-2003','Centrocampista'),
  ('203460','Aston Villa',10,'Jack','Grealish','10-sep-1995','Attaccante'),
  ('234189','Aston Villa',17,'Trezeguet','null','1-oct-1994','Attaccante'),
  ('665390','Aston Villa',null,'Jaden','Philogene-Bidace','8-feb-2002','Attaccante'),
  ('131996','Aston Villa',15,'Bertrand','Traoré','6-sep-1995','Attaccante'),
  ('183720','Aston Villa',21,'Anwar','El Ghazi','3-may-1995','Attaccante'),
  ('176591','Aston Villa',null,'Jota','Peleteiro','16-jun-1991','Attaccante'),
  ('324358','Aston Villa',11,'Ollie','Watkins','30-dec-1995','Attaccante'),
  ('381362','Aston Villa',9,'Wesley','null','24-nov-1996','Attaccante'),
  ('182201','Aston Villa',null,'Ally','Samatta','23-dec-1992','Attaccante'),
  ('412660','Aston Villa',39,'Keinan','Davis','13-feb-1998','Attaccante'),
  ('581670','Aston Villa',null,'Louie','Barry','21-jun-2003','Attaccante'),
  ('654173','Aston Villa',null,'Brad','Young','6-jan-2003','Attaccante'),
  ('530222','Aston Villa',null,'Michael','Tait','29-jan-2001','Attaccante'),
  ('029692','West Ham United',1,'Lukasz','Fabianski','18-apr-1985','Portiere'),
  ('051321','West Ham United',35,'Darren','Randolph','12-may-1987','Portiere'),
  ('431422','West Ham United',null,'Nathan','Trott','21-nov-1998','Portiere'),
  ('015930','West Ham United',25,'David','Martin','22-jan-1986','Portiere'),
  ('272622','West Ham United',23,'Issa','Diop','9-jan-1997','Difensore'),
  ('285548','West Ham United',4,'Fabián','Balbuena','23-aug-1991','Difensore'),
  ('121477','West Ham United',null,'Craig','Dawson','6-may-1990','Difensore'),
  ('048002','West Ham United',21,'Angelo','Ogbonna','23-may-1988','Difensore'),
  ('037526','West Ham United',null,'Winston','Reid','3-jul-1988','Difensore'),
  ('542690','West Ham United',14,'Frederik','Alves','8-nov-1999','Difensore'),
  ('610706','West Ham United',null,'Jamal','Baptiste','11-nov-2003','Difensore'),
  ('502065','West Ham United',null,'Aji','Alese','17-jan-2001','Difensore'),
  ('181380','West Ham United',26,'Arthur','Masuaku','7-nov-1993','Difensore'),
  ('092571','West Ham United',3,'Aaron','Cresswell','15-dec-1989','Difensore'),
  ('504386','West Ham United',null,'Emmanuel','Longelo','27-dec-2000','Difensore'),
  ('157672','West Ham United',5,'Vladimir','Coufal','22-aug-1992','Difensore'),
  ('468002','West Ham United',31,'Ben','Johnson','24-jan-2000','Difensore'),
  ('140191','West Ham United',24,'Ryan','Fredericks','10-oct-1992','Difensore'),
  ('559130','West Ham United',null,'Harrison','Ashby','14-nov-2001','Difensore'),
  ('357662','West Ham United',41,'Declan','Rice','14-jan-1999','Centrocampista'),
  ('283628','West Ham United',28,'Tomas','Soucek','27-feb-1995','Centrocampista'),
  ('419025','West Ham United',null,'Conor','Coventry','25-mar-2000','Centrocampista'),
  ('242606','West Ham United',null,'Josh','Cullen','7-apr-1996','Centrocampista'),
  ('074223','West Ham United',null,'Jack','Wilshere','1-jan-1992','Centrocampista'),
  ('031835','West Ham United',16,'Mark','Noble','8-may-1987','Centrocampista'),
  ('357885','West Ham United',18,'Pablo','Fornals','22-feb-1996','Centrocampista'),
  ('135853','West Ham United',10,'Manuel','Lanzini','15-feb-1993','Centrocampista'),
  ('290532','West Ham United',9,'Saïd','Benrahma','10-aug-1995','Attaccante'),
  ('337321','West Ham United',null,'Nathan','Holland','19-jun-1998','Attaccante'),
  ('487850','West Ham United',40,'Oladapo','Afolayan','11-sep-1997','Attaccante'),
  ('314875','West Ham United',20,'Jarrod','Bowen','20-dec-1996','Attaccante'),
  ('159372','West Ham United',null,'Felipe Anderson','null','15-apr-1993','Attaccante'),
  ('069015','West Ham United',7,'Andriy','Yarmolenko','23-oct-1989','Attaccante'),
  ('022614','West Ham United',null,'Robert','Snodgrass','7-sep-1987','Attaccante'),
  ('258011','West Ham United',null,'Xande Silva','null','16-mar-1997','Attaccante'),
  ('181375','West Ham United',null,'Sébastien','Haller','22-jun-1994','Attaccante'),
  ('104124','West Ham United',30,'Michail','Antonio','28-mar-1990','Attaccante'),
  ('655880','West Ham United',null,'Mipo','Odubeko','21-oct-2002','Attaccante'),
  ('403151','Brighton & Hove Albion',26,'Robert','Sánchez','18-nov-1997','Portiere'),
  ('073564','Brighton & Hove Albion',23,'Jason','Steele','18-aug-1990','Portiere'),
  ('208379','Brighton & Hove Albion',31,'Christian','Walton','9-nov-1995','Portiere'),
  ('406556','Brighton & Hove Albion',null,'Tom','McGill','25-mar-2000','Portiere'),
  ('335721','Brighton & Hove Albion',3,'Ben','White','8-oct-1997','Difensore'),
  ('148153','Brighton & Hove Albion',5,'Lewis','Dunk','21-nov-1991','Difensore'),
  ('212847','Brighton & Hove Albion',4,'Adam','Webster','4-jan-1995','Difensore'),
  ('119269','Brighton & Hove Albion',null,'Shane','Duffy','1-jan-1992','Difensore'),
  ('134270','Brighton & Hove Albion',33,'Dan','Burn','9-may-1992','Difensore'),
  ('307497','Brighton & Hove Albion',null,'Matt','Clarke','22-sep-1996','Difensore'),
  ('367284','Brighton & Hove Albion',null,'Leo','Östigard','28-nov-1999','Difensore'),
  ('533523','Brighton & Hove Albion',null,'Haydon','Roberts','10-may-2002','Difensore'),
  ('369098','Brighton & Hove Albion',null,'Lars','Dendoncker','3-apr-2001','Difensore'),
  ('401604','Brighton & Hove Albion',6,'Michal','Karbownik','13-mar-2001','Difensore'),
  ('364258','Brighton & Hove Albion',null,'Bernardo','null','14-may-1995','Difensore'),
  ('392773','Brighton & Hove Albion',null,'Alex','Cochrane','21-apr-2000','Difensore'),
  ('504148','Brighton & Hove Albion',2,'Tariq','Lamptey','30-sep-2000','Difensore'),
  ('111195','Brighton & Hove Albion',34,'Joël','Veltman','15-jan-1992','Difensore'),
  ('536521','Brighton & Hove Albion',null,'Romaric','Yapi','13-jul-2000','Difensore'),
  ('520651','Brighton & Hove Albion',null,'Jensen','Weir','31-jan-2002','Centrocampista'),
  ('410425','Brighton & Hove Albion',8,'Yves','Bissouma','30-aug-1996','Centrocampista'),
  ('384461','Brighton & Hove Albion',15,'Jakub','Moder','7-apr-1999','Centrocampista'),
  ('079027','Brighton & Hove Albion',24,'Davy','Pröpper','2-sep-1991','Centrocampista'),
  ('082873','Brighton & Hove Albion',13,'Pascal','Groß','15-jun-1991','Centrocampista'),
  ('476237','Brighton & Hove Albion',17,'Steven','Alzate','8-sep-1998','Centrocampista'),
  ('687626','Brighton & Hove Albion',25,'Moisés','Caicedo','2-nov-2001','Centrocampista'),
  ('049755','Brighton & Hove Albion',null,'Dale','Stephens','12-jun-1989','Centrocampista'),
  ('357656','Brighton & Hove Albion',null,'Jayson','Molumby','6-aug-1999','Centrocampista'),
  ('411495','Brighton & Hove Albion',null,'Max','Sanders','4-jan-1999','Centrocampista'),
  ('530915','Brighton & Hove Albion',null,'Teddy','Jenks','12-mar-2002','Centrocampista'),
  ('209212','Brighton & Hove Albion',20,'Solly','March','20-jul-1994','Centrocampista'),
  ('534033','Brighton & Hove Albion',10,'Alexis','Mac Allister','24-dec-1998','Centrocampista'),
  ('043530','Brighton & Hove Albion',14,'Adam','Lallana','10-may-1988','Centrocampista'),
  ('144028','Brighton & Hove Albion',11,'Leandro','Trossard','4-dec-1994','Attaccante'),
  ('147094','Brighton & Hove Albion',19,'José','Izquierdo','7-jul-1992','Attaccante'),
  ('430824','Brighton & Hove Albion',null,'Peter','Gwargis','4-sep-2000','Attaccante'),
  ('213268','Brighton & Hove Albion',16,'Alireza','Jahanbakhsh','11-aug-1993','Attaccante'),
  ('312239','Brighton & Hove Albion',22,'Percy','Tau','13-may-1994','Attaccante'),
  ('405686','Brighton & Hove Albion',null,'Reda','Khadra','4-jul-2001','Attaccante'),
  ('217115','Brighton & Hove Albion',9,'Neal','Maupay','14-aug-1996','Attaccante'),
  ('434207','Brighton & Hove Albion',7,'Aaron','Connolly','28-jan-2000','Attaccante'),
  ('067063','Brighton & Hove Albion',18,'Danny','Welbeck','26-nov-1990','Attaccante'),
  ('345468','Brighton & Hove Albion',29,'Andi','Zeqiri','22-jun-1999','Attaccante'),
  ('177065','Brighton & Hove Albion',21,'Florin','Andone','11-apr-1993','Attaccante'),
  ('325443','Brighton & Hove Albion',null,'Viktor','Gyökeres','4-jun-1998','Attaccante'),
  ('095976','Southampton FC',1,'Alex','McCarthy','3-dec-1989','Portiere'),
  ('201574','Southampton FC',28,'Angus','Gunn','22-jan-1996','Portiere'),
  ('052570','Southampton FC',44,'Fraser','Forster','17-mar-1988','Portiere'),
  ('341043','Southampton FC',41,'Harry','Lewis','20-dec-1997','Portiere'),
  ('243028','Southampton FC',35,'Jan','Bednarek','12-apr-1996','Difensore'),
  ('099331','Southampton FC',4,'Jannik','Vestergaard','3-aug-1992','Difensore'),
  ('563963','Southampton FC',22,'Mohammed','Salisu','17-apr-1999','Difensore'),
  ('163744','Southampton FC',5,'Jack','Stephens','27-jan-1994','Difensore'),
  ('465294','Southampton FC',null,'Allan','Tchaptchet','21-dec-2001','Difensore'),
  ('040611','Southampton FC',3,'Ryan','Bertrand','5-aug-1989','Difensore'),
  ('226968','Southampton FC',45,'Sam','McQueen','6-feb-1995','Difensore'),
  ('421424','Southampton FC',null,'Jake','Vokins','17-mar-2000','Difensore'),
  ('341051','Southampton FC',2,'Kyle','Walker-Peters','13-apr-1997','Difensore'),
  ('406008','Southampton FC',18,'Yan','Valery','22-feb-1999','Difensore'),
  ('530879','Southampton FC',null,'Kayne','Ramsay','10-oct-2000','Difensore'),
  ('413032','Southampton FC',27,'Ibrahima','Diallo','8-mar-1999','Centrocampista'),
  ('170934','Southampton FC',null,'Mario','Lemina','1-sep-1993','Centrocampista'),
  ('066100','Southampton FC',6,'Oriol','Romeu','24-sep-1991','Centrocampista'),
  ('181579','Southampton FC',8,'James','Ward-Prowse','1-nov-1994','Centrocampista'),
  ('130765','Southampton FC',17,'Stuart','Armstrong','30-mar-1992','Centrocampista'),
  ('444211','Southampton FC',20,'Will','Smallbone','21-feb-2000','Centrocampista'),
  ('507472','Southampton FC',null,'Alexandre','Jankewitz','25-dec-2001','Centrocampista'),
  ('610665','Southampton FC',null,'Caleb','Watts','16-jan-2002','Centrocampista'),
  ('703577','Southampton FC',null,'Kgaogelo','Chauke','8-jan-2003','Centrocampista'),
  ('807318','Southampton FC',null,'Ryan','Finnigan','23-sep-2003','Centrocampista'),
  ('504856','Southampton FC',null,'Will','Ferry','7-dec-2000','Centrocampista'),
  ('315185','Southampton FC',42,'Jake','Hesketh','27-mar-1996','Centrocampista'),
  ('129078','Southampton FC',11,'Nathan','Redmond','6-mar-1994','Attaccante'),
  ('485424','Southampton FC',12,'Moussa','Djenepo','15-jun-1998','Attaccante'),
  ('186644','Southampton FC',null,'Mohamed','Elyounoussi','4-aug-1994','Attaccante'),
  ('340322','Southampton FC',23,'Nathan','Tella','5-jul-1999','Attaccante'),
  ('286919','Southampton FC',39,'Josh','Sims','28-mar-1997','Attaccante'),
  ('134294','Southampton FC',9,'Danny','Ings','23-jul-1992','Attaccante'),
  ('346779','Southampton FC',10,'Ché','Adams','13-jul-1996','Attaccante'),
  ('444208','Southampton FC',14,'Michael','Obafemi','6-jul-2000','Attaccante'),
  ('346482','Southampton FC',40,'Dan','N''Lundulu','5-feb-1999','Attaccante'),
  ('037304','Southampton FC',7,'Shane','Long','22-jan-1987','Attaccante'),
  ('226049','Newcastle United',null,'Freddie','Woodman','4-mar-1997','Portiere'),
  ('074960','Newcastle United',1,'Martin','Dubravka','15-jan-1989','Portiere'),
  ('099397','Newcastle United',26,'Karl','Darlow','8-oct-1990','Portiere'),
  ('142389','Newcastle United',29,'Mark','Gillespie','27-mar-1992','Portiere'),
  ('532824','Newcastle United',null,'Dan','Langley','28-dec-2000','Portiere'),
  ('183318','Newcastle United',6,'Jamaal','Lascelles','11-nov-1993','Difensore'),
  ('135343','Newcastle United',5,'Fabian','Schär','20-dec-1991','Difensore'),
  ('098240','Newcastle United',2,'Ciaran','Clark','26-sep-1989','Difensore'),
  ('085475','Newcastle United',18,'Federico','Fernández','21-feb-1989','Difensore'),
  ('346018','Newcastle United',15,'Jamal','Lewis','25-jan-1998','Difensore'),
  ('170321','Newcastle United',3,'Paul','Dummett','26-sep-1991','Difensore'),
  ('092469','Newcastle United',11,'Matt','Ritchie','10-sep-1989','Difensore'),
  ('255916','Newcastle United',null,'DeAndre','Yedlin','9-jul-1993','Difensore'),
  ('184528','Newcastle United',17,'Emil','Krafth','2-aug-1994','Difensore'),
  ('162029','Newcastle United',19,'Javier','Manquillo','5-may-1994','Difensore'),
  ('206225','Newcastle United',14,'Isaac','Hayden','22-mar-1995','Centrocampista'),
  ('346707','Newcastle United',36,'Sean','Longstaff','30-oct-1997','Centrocampista'),
  ('071292','Newcastle United',8,'Jonjo','Shelvey','27-feb-1992','Centrocampista'),
  ('148262','Newcastle United',16,'Jeff','Hendrick','31-jan-1992','Centrocampista'),
  ('484387','Newcastle United',4,'Matty','Longstaff','21-mar-2000','Centrocampista'),
  ('256773','Newcastle United',null,'Dan','Barlaser','18-jan-1997','Centrocampista'),
  ('333241','Newcastle United',9,'Joelinton','null','14-aug-1996','Centrocampista'),
  ('272999','Newcastle United',24,'Miguel','Almirón','10-feb-1994','Centrocampista'),
  ('051540','Newcastle United',null,'Henri','Saivet','26-oct-1990','Centrocampista'),
  ('567576','Newcastle United',null,'Elliot','Anderson','6-nov-2002','Centrocampista'),
  ('272642','Newcastle United',10,'Allan','Saint-Maximin','12-mar-1997','Attaccante'),
  ('146795','Newcastle United',21,'Ryan','Fraser','24-feb-1994','Attaccante'),
  ('186997','Newcastle United',30,'Christian','Atsu','10-jan-1992','Attaccante'),
  ('199527','Newcastle United',23,'Jacob','Murphy','24-feb-1995','Attaccante'),
  ('123682','Newcastle United',13,'Callum','Wilson','27-feb-1992','Attaccante'),
  ('196522','Newcastle United',12,'Dwight','Gayle','17-oct-1989','Attaccante'),
  ('048066','Newcastle United',7,'Andy','Carroll','6-jan-1989','Attaccante'),
  ('120629','Fulham FC',1,'Alphonse','Areola','27-feb-1993','Portiere'),
  ('186901','Fulham FC',12,'Marek','Rodak','13-dec-1996','Portiere'),
  ('116648','Fulham FC',null,'Marcus','Bettinelli','24-may-1992','Portiere'),
  ('045882','Fulham FC',31,'Fabri','null','31-dec-1987','Portiere'),
  ('260827','Fulham FC',5,'Joachim','Andersen','31-may-1996','Difensore'),
  ('258878','Fulham FC',16,'Tosin','Adarabioyo','24-sep-1997','Difensore'),
  ('287431','Fulham FC',null,'Alfie','Mawson','19-jan-1994','Difensore'),
  ('157490','Fulham FC',3,'Michael','Hector','19-jul-1992','Difensore'),
  ('152651','Fulham FC',30,'Terence','Kongolo','14-feb-1994','Difensore'),
  ('060558','Fulham FC',null,'Maxime','Le Marchand','11-oct-1989','Difensore'),
  ('145466','Fulham FC',13,'Tim','Ream','5-oct-1987','Difensore'),
  ('349701','Fulham FC',33,'Antonee','Robinson','8-aug-1997','Difensore'),
  ('194460','Fulham FC',23,'Joe','Bryan','17-sep-1993','Difensore'),
  ('236490','Fulham FC',34,'Ola','Aina','8-oct-1996','Difensore'),
  ('206746','Fulham FC',2,'Kenny','Tete','9-oct-1995','Difensore'),
  ('406558','Fulham FC',null,'Steven','Sessegnon','18-may-2000','Difensore'),
  ('158623','Fulham FC',null,'Cyrus','Christie','30-sep-1992','Difensore'),
  ('059641','Fulham FC',4,'Denis','Odoi','27-may-1988','Difensore'),
  ('354361','Fulham FC',29,'André Zambo','Anguissa','16-nov-1995','Centrocampista'),
  ('036529','Fulham FC',6,'Kevin','McDonald','4-nov-1988','Centrocampista'),
  ('226973','Fulham FC',21,'Harrison','Reed','27-jan-1995','Centrocampista'),
  ('123275','Fulham FC',10,'Tom','Cairney','20-jan-1991','Centrocampista'),
  ('178614','Fulham FC',null,'Jean Michaël','Seri','19-jul-1991','Centrocampista'),
  ('062008','Fulham FC',null,'Stefan','Johansen','8-jan-1991','Centrocampista'),
  ('528888','Fulham FC',null,'Tyrese','Francois','16-jul-2000','Centrocampista'),
  ('186186','Fulham FC',14,'Bobby','Reid','2-feb-1993','Centrocampista'),
  ('243589','Fulham FC',25,'Josh','Onomah','27-apr-1997','Centrocampista'),
  ('559263','Fulham FC',null,'Fábio','Carvalho','30-aug-2002','Centrocampista'),
  ('406040','Fulham FC',19,'Ademola','Lookman','20-oct-1997','Attaccante'),
  ('149716','Fulham FC',17,'Ivan','Cavaleiro','18-oct-1993','Attaccante'),
  ('111422','Fulham FC',null,'Neeskens','Kebano','10-mar-1992','Attaccante'),
  ('502074','Fulham FC',null,'Sylvester','Jasper','13-sep-2001','Attaccante'),
  ('149237','Fulham FC',null,'Anthony','Knockaert','20-nov-1991','Attaccante'),
  ('051152','Fulham FC',9,'Aleksandar','Mitrovic','16-sep-1994','Attaccante'),
  ('453824','Fulham FC',27,'Josh','Maja','27-dec-1998','Attaccante'),
  ('290951','Fulham FC',null,'Aboubakar','Kamara','7-mar-1995','Attaccante'),
  ('542586','Leeds United',1,'Illan','Meslier','2-mar-2000','Portiere'),
  ('027486','Leeds United',13,'Kiko','Casilla','2-oct-1986','Portiere'),
  ('421873','Leeds United',25,'Elia','Caprile','25-aug-2001','Portiere'),
  ('246291','Leeds United',14,'Diego','Llorente','16-aug-1993','Difensore'),
  ('328784','Leeds United',5,'Robin','Koch','17-jul-1996','Difensore'),
  ('410708','Leeds United',21,'Pascal','Struijk','11-aug-1999','Difensore'),
  ('075067','Leeds United',6,'Liam','Cooper','30-aug-1991','Difensore'),
  ('559800','Leeds United',null,'Oliver','Casey','19-dec-2000','Difensore'),
  ('597659','Leeds United',null,'Charlie','Cresswell','17-aug-2002','Difensore'),
  ('129604','Leeds United',10,'Ezgjan','Alioski','12-feb-1992','Difensore'),
  ('091854','Leeds United',null,'Barry','Douglas','4-sep-1989','Difensore'),
  ('596446','Leeds United',24,'Leif','Davis','31-dec-1999','Difensore'),
  ('067420','Leeds United',2,'Luke','Ayling','25-aug-1991','Difensore'),
  ('158764','Leeds United',15,'Stuart','Dallas','19-apr-1991','Difensore'),
  ('043084','Leeds United',28,'Gaetano','Berardi','21-aug-1988','Difensore'),
  ('559801','Leeds United',null,'Niall','Huggins','18-dec-2000','Difensore'),
  ('531957','Leeds United',null,'Cody','Drameh','8-dec-2001','Difensore'),
  ('351749','Leeds United',23,'Kalvin','Phillips','2-dec-1995','Centrocampista'),
  ('126412','Leeds United',null,'Ouasim','Bouy','11-jun-1993','Centrocampista'),
  ('734375','Leeds United',null,'Jack','Jenkins','23-mar-2002','Centrocampista'),
  ('092738','Leeds United',43,'Mateusz','Klich','13-jun-1990','Centrocampista'),
  ('534700','Leeds United',46,'Jamie','Shackleton','8-oct-1999','Centrocampista'),
  ('121257','Leeds United',4,'Adam','Forshaw','8-oct-1991','Centrocampista'),
  ('534698','Leeds United',null,'Robbie','Gotts','9-nov-1999','Centrocampista'),
  ('061583','Leeds United',null,'Eunan','O''Kane','10-jul-1990','Centrocampista'),
  ('471368','Leeds United',null,'Alfie','McCalmont','25-mar-2000','Centrocampista'),
  ('533913','Leeds United',null,'Jordan','Stevens','25-mar-2000','Centrocampista'),
  ('431475','Leeds United',null,'Mateusz','Bogusz','22-aug-2001','Centrocampista'),
  ('046220','Leeds United',19,'Pablo','Hernández','11-apr-1985','Centrocampista'),
  ('411295','Leeds United',18,'Raphinha','null','14-dec-1996','Attaccante'),
  ('173900','Leeds United',17,'Hélder','Costa','12-jan-1994','Attaccante'),
  ('474701','Leeds United',null,'Crysencio','Summerville','30-oct-2001','Attaccante'),
  ('392763','Leeds United',7,'Ian','Poveda','9-feb-2000','Attaccante'),
  ('131505','Leeds United',20,'Rodrigo','null','6-mar-1991','Attaccante'),
  ('296986','Leeds United',11,'Tyler','Roberts','12-jan-1999','Attaccante'),
  ('183334','Leeds United',9,'Patrick','Bamford','5-sep-1993','Attaccante'),
  ('503980','Leeds United',30,'Joe','Gelhardt','4-may-2002','Attaccante'),
  ('532178','Leeds United',null,'Sam','Greenwood','26-jan-2002','Attaccante'),
  ('128899','Crystal Palace',1,'Jack','Butland','10-mar-1993','Portiere'),
  ('064399','Crystal Palace',31,'Vicente','Guaita','10-jan-1987','Portiere'),
  ('045494','Crystal Palace',13,'Wayne','Hennessey','24-jan-1987','Portiere'),
  ('052191','Crystal Palace',19,'Stephen','Henderson','2-may-1988','Portiere'),
  ('047713','Crystal Palace',12,'Mamadou','Sakho','13-feb-1990','Difensore'),
  ('507254','Crystal Palace',36,'Nathan','Ferguson','6-oct-2000','Difensore'),
  ('061592','Crystal Palace',5,'James','Tomkins','29-mar-1989','Difensore'),
  ('062688','Crystal Palace',6,'Scott','Dann','14-feb-1987','Difensore'),
  ('027511','Crystal Palace',24,'Gary','Cahill','19-dec-1985','Difensore'),
  ('327755','Crystal Palace',null,'Jaroslaw','Jach','17-feb-1994','Difensore'),
  ('611650','Crystal Palace',35,'Sam','Woods','11-sep-1998','Difensore'),
  ('183284','Crystal Palace',null,'Ryan','Inniss','5-jun-1995','Difensore'),
  ('052119','Crystal Palace',3,'Patrick','van Aanholt','29-aug-1990','Difensore'),
  ('730893','Crystal Palace',27,'Tyrick','Mitchell','1-sep-1999','Difensore'),
  ('503241','Crystal Palace',null,'Reece','Hannam','11-sep-2000','Difensore'),
  ('085177','Crystal Palace',17,'Nathaniel','Clyne','5-apr-1991','Difensore'),
  ('092572','Crystal Palace',2,'Joel','Ward','29-oct-1989','Difensore'),
  ('078959','Crystal Palace',34,'Martin','Kelly','27-apr-1990','Difensore'),
  ('074300','Crystal Palace',4,'Luka','Milivojevic','7-apr-1991','Centrocampista'),
  ('241481','Crystal Palace',44,'Jairo','Riedewald','9-sep-1996','Centrocampista'),
  ('066934','Crystal Palace',8,'Cheikhou','Kouyaté','21-dec-1989','Centrocampista'),
  ('045333','Crystal Palace',22,'James','McCarthy','12-nov-1990','Centrocampista'),
  ('041416','Crystal Palace',18,'James','McArthur','7-oct-1987','Centrocampista'),
  ('146164','Crystal Palace',null,'Max','Meyer','18-sep-1995','Centrocampista'),
  ('406633','Crystal Palace',null,'Nya','Kirby','31-jan-2000','Centrocampista'),
  ('157506','Crystal Palace',15,'Jeffrey','Schlupp','23-dec-1992','Centrocampista'),
  ('479999','Crystal Palace',25,'Eberechi','Eze','29-jun-1998','Centrocampista'),
  ('145988','Crystal Palace',11,'Wilfried','Zaha','10-nov-1992','Attaccante'),
  ('703470','Crystal Palace',null,'Brandon','Pierrick','10-dec-2001','Attaccante'),
  ('586834','Crystal Palace',null,'Jesurun','Rak-Sakyi','5-oct-2002','Attaccante'),
  ('061842','Crystal Palace',10,'Andros','Townsend','16-jul-1991','Attaccante'),
  ('420002','Crystal Palace',14,'Jean-Philippe','Mateta','28-jun-1997','Attaccante'),
  ('050201','Crystal Palace',20,'Christian','Benteke','3-dec-1990','Attaccante'),
  ('108354','Crystal Palace',9,'Jordan','Ayew','11-sep-1991','Attaccante'),
  ('095435','Crystal Palace',21,'Connor','Wickham','31-mar-1993','Attaccante'),
  ('427568','Sheffield United',1,'Aaron','Ramsdale','14-may-1998','Portiere'),
  ('288259','Sheffield United',null,'Michael','Verrips','3-dec-1996','Portiere'),
  ('061697','Sheffield United',18,'Wes','Foderingham','14-jan-1991','Portiere'),
  ('123536','Sheffield United',25,'Simon','Moore','19-may-1990','Portiere'),
  ('526873','Sheffield United',null,'Jake','Eastwood','3-oct-1996','Portiere'),
  ('121324','Sheffield United',12,'John','Egan','20-oct-1992','Difensore'),
  ('212829','Sheffield United',5,'Jack','O''Connell','29-mar-1994','Difensore'),
  ('052495','Sheffield United',6,'Chris','Basham','20-jul-1988','Difensore'),
  ('214928','Sheffield United',29,'Kean','Bryan','1-nov-1996','Difensore'),
  ('746734','Sheffield United',null,'Kyron','Gordon','24-may-2002','Difensore'),
  ('013520','Sheffield United',15,'Phil','Jagielka','17-aug-1982','Difensore'),
  ('085706','Sheffield United',3,'Enda','Stevens','9-jul-1990','Difensore'),
  ('258885','Sheffield United',13,'Max','Lowe','11-may-1997','Difensore'),
  ('128909','Sheffield United',19,'Jack','Robinson','1-sep-1993','Difensore'),
  ('543164','Sheffield United',null,'Rhys','Norrington-Davies','22-apr-1999','Difensore'),
  ('746778','Sheffield United',null,'Harry','Boyes','2-nov-2001','Difensore'),
  ('465717','Sheffield United',20,'Jayden','Bogle','27-jul-2000','Difensore'),
  ('146690','Sheffield United',2,'George','Baldock','9-mar-1993','Difensore'),
  ('638649','Sheffield United',null,'Femi','Seriki','28-apr-2002','Difensore'),
  ('333014','Sheffield United',8,'Sander','Berge','14-feb-1998','Centrocampista'),
  ('057079','Sheffield United',26,'Jack','Rodwell','11-mar-1991','Centrocampista'),
  ('473080','Sheffield United',null,'Regan','Slater','11-sep-1999','Centrocampista'),
  ('156941','Sheffield United',7,'John','Lundstram','18-feb-1994','Centrocampista'),
  ('054383','Sheffield United',4,'John','Fleck','24-aug-1991','Centrocampista'),
  ('073547','Sheffield United',16,'Oliver','Norwood','12-apr-1991','Centrocampista'),
  ('746777','Sheffield United',null,'Zak','Brunt','17-nov-2001','Centrocampista'),
  ('746753','Sheffield United',null,'Frankie','Maguire','29-jul-2003','Centrocampista'),
  ('218087','Sheffield United',23,'Ben','Osborn','5-aug-1994','Centrocampista'),
  ('066923','Sheffield United',null,'Luke','Freeman','22-mar-1992','Centrocampista'),
  ('623570','Sheffield United',null,'Iliman','Ndiaye','6-mar-2000','Centrocampista'),
  ('609556','Sheffield United',null,'William','Osula','4-aug-2003','Attaccante'),
  ('298477','Sheffield United',9,'Oliver','McBurnie','4-jun-1996','Attaccante'),
  ('291422','Sheffield United',11,'Lys','Mousset','8-feb-1996','Attaccante'),
  ('341317','Sheffield United',14,'Oliver','Burke','7-apr-1997','Attaccante'),
  ('035416','Sheffield United',17,'David','McGoldrick','29-nov-1987','Attaccante'),
  ('746740','Sheffield United',38,'Daniel','Jebbison','11-jul-2003','Attaccante'),
  ('049542','Sheffield United',10,'Billy','Sharp','5-feb-1986','Attaccante'),
  ('670859','Sheffield United',null,'Antwoine','Hackford','20-mar-2004','Attaccante'),
  ('110864','West Bromwich Albion',1,'Sam','Johnstone','25-mar-1993','Portiere'),
  ('061814','West Bromwich Albion',25,'David','Button','27-feb-1989','Portiere'),
  ('245625','West Bromwich Albion',null,'Alex','Palmer','10-aug-1996','Portiere'),
  ('130768','West Bromwich Albion',null,'Jonathan','Bond','19-may-1993','Portiere'),
  ('014044','West Bromwich Albion',31,'Andy','Lonergan','19-oct-1983','Portiere'),
  ('251912','West Bromwich Albion',6,'Semi','Ajayi','9-nov-1993','Difensore'),
  ('111524','West Bromwich Albion',null,'Ahmed','Hegazy','25-jan-1991','Difensore'),
  ('401320','West Bromwich Albion',27,'Dara','O''Shea','4-mar-1999','Difensore'),
  ('067421','West Bromwich Albion',5,'Kyle','Bartley','22-may-1991','Difensore'),
  ('364827','West Bromwich Albion',null,'Cédric','Kipré','9-dec-1996','Difensore'),
  ('036827','West Bromwich Albion',20,'Branislav','Ivanovic','22-feb-1984','Difensore'),
  ('671074','West Bromwich Albion',null,'Caleb','Taylor','14-jan-2003','Difensore'),
  ('044792','West Bromwich Albion',3,'Kieran','Gibbs','26-sep-1989','Difensore'),
  ('146509','West Bromwich Albion',14,'Conor','Townsend','4-mar-1993','Difensore'),
  ('504543','West Bromwich Albion',null,'George','Harmon','8-dec-2000','Difensore'),
  ('351755','West Bromwich Albion',2,'Darnell','Furlong','31-oct-1995','Difensore'),
  ('038094','West Bromwich Albion',22,'Lee','Peltier','11-dec-1986','Difensore'),
  ('546944','West Bromwich Albion',null,'Taylor','Gardner-Hickman','30-dec-2001','Difensore'),
  ('137616','West Bromwich Albion',35,'Okay','Yokuslu','9-mar-1994','Centrocampista'),
  ('061832','West Bromwich Albion',8,'Jake','Livermore','14-nov-1989','Centrocampista'),
  ('456877','West Bromwich Albion',null,'Rekeem','Harper','8-mar-2000','Centrocampista'),
  ('387331','West Bromwich Albion',null,'Sam','Field','8-may-1998','Centrocampista'),
  ('614826','West Bromwich Albion',null,'Toby','King','4-jan-2002','Centrocampista'),
  ('696589','West Bromwich Albion',null,'Tim','Iroegbunam','12-aug-2002','Centrocampista'),
  ('314366','West Bromwich Albion',21,'Kyle','Edwards','17-feb-1998','Centrocampista'),
  ('225984','West Bromwich Albion',12,'Matheus','Pereira','5-may-1996','Centrocampista'),
  ('261988','West Bromwich Albion',null,'Filip','Krovinovic','29-aug-1995','Centrocampista'),
  ('113036','West Bromwich Albion',19,'Romaine','Sawyers','2-nov-1991','Centrocampista'),
  ('612748','West Bromwich Albion',null,'Rico','Richards','27-sep-2003','Centrocampista'),
  ('183299','West Bromwich Albion',7,'Callum','Robinson','2-feb-1995','Attaccante'),
  ('037920','West Bromwich Albion',13,'Kamil','Grosicki','8-jun-1988','Attaccante'),
  ('342048','West Bromwich Albion',11,'Grady','Diangana','19-apr-1998','Attaccante'),
  ('077274','West Bromwich Albion',10,'Matt','Phillips','13-mar-1991','Attaccante'),
  ('314183','West Bromwich Albion',29,'Karlan','Grant','18-sep-1997','Attaccante'),
  ('271966','West Bromwich Albion',17,'Mbaye','Diagne','28-oct-1991','Attaccante'),
  ('129627','West Bromwich Albion',null,'Charlie','Austin','5-jul-1989','Attaccante'),
  ('135213','West Bromwich Albion',null,'Kenneth','Zohore','31-jan-1994','Attaccante'),
  ('065976','West Bromwich Albion',4,'Hal','Robson-Kanu','21-may-1989','Attaccante'),
  ('406636','West Bromwich Albion',null,'Jamie','Soule','26-nov-2000','Attaccante'),
  ('592988','West Bromwich Albion',null,'Cheikh','Diaby','7-mar-2000','Attaccante'),
  ('192080','Burnley FC',1,'Nick','Pope','19-apr-1992','Portiere'),
  ('410436','Burnley FC',15,'Bailey','Peacock-Farrell','29-oct-1996','Portiere'),
  ('285033','Burnley FC',25,'Will','Norris','12-aug-1993','Portiere'),
  ('173504','Burnley FC',5,'James','Tarkowski','19-nov-1992','Difensore'),
  ('128904','Burnley FC',null,'Ben','Gibson','15-jan-1993','Difensore'),
  ('074810','Burnley FC',6,'Ben','Mee','21-sep-1989','Difensore'),
  ('111114','Burnley FC',28,'Kevin','Long','18-aug-1990','Difensore'),
  ('396174','Burnley FC',34,'Jimmy','Dunne','19-oct-1997','Difensore'),
  ('396861','Burnley FC',null,'Richard','Nartey','6-sep-1998','Difensore'),
  ('788283','Burnley FC',null,'Bobby','Thomas','30-jan-2001','Difensore'),
  ('195633','Burnley FC',3,'Charlie','Taylor','18-sep-1993','Difensore'),
  ('043763','Burnley FC',23,'Erik','Pieters','7-aug-1988','Difensore'),
  ('503683','Burnley FC',null,'Anthony','Driscoll-Glennon','26-nov-1999','Difensore'),
  ('102258','Burnley FC',2,'Matthew','Lowton','9-jun-1989','Difensore'),
  ('015773','Burnley FC',26,'Phil','Bardsley','28-jun-1985','Difensore'),
  ('040613','Burnley FC',4,'Jack','Cork','25-jun-1989','Centrocampista'),
  ('091317','Burnley FC',18,'Ashley','Westwood','1-apr-1990','Centrocampista'),
  ('293569','Burnley FC',8,'Josh','Brownhill','19-dec-1995','Centrocampista'),
  ('397102','Burnley FC',41,'Josh','Benson','5-dec-1999','Centrocampista'),
  ('677311','Burnley FC',null,'Anthony','Gomez Mancini','6-apr-2001','Centrocampista'),
  ('382552','Burnley FC',null,'Mace','Goodridge','13-sep-1999','Centrocampista'),
  ('128229','Burnley FC',12,'Robbie','Brady','14-jan-1992','Centrocampista'),
  ('657863','Burnley FC',null,'Lewis','Richardson','7-feb-2003','Centrocampista'),
  ('584769','Burnley FC',11,'Dwight','McNeil','22-nov-1999','Attaccante'),
  ('089231','Burnley FC',7,'Jóhann Berg','Gudmundsson','27-oct-1990','Attaccante'),
  ('598958','Burnley FC',null,'Max','Thompson','9-feb-2002','Attaccante'),
  ('108725','Burnley FC',9,'Chris','Wood','7-dec-1991','Attaccante'),
  ('053360','Burnley FC',19,'Jay','Rodríguez','29-jul-1989','Attaccante'),
  ('063200','Burnley FC',10,'Ashley','Barnes','30-oct-1989','Attaccante'),
  ('101500','Burnley FC',27,'Matej','Vydra','1-may-1992','Attaccante'),
  ('381156','Burnley FC',46,'Joel','Mumbongo','9-jan-1999','Attaccante');

insert into Partite values
  ('GB100000',1,'Manchester City','Aston Villa',2,0),
  ('GB100001',3,'Manchester City','Leicester City',2,5),
  ('GB100002',5,'Manchester City','Arsenal FC',1,0),
  ('GB100003',8,'Manchester City','Liverpool FC',1,1),
  ('GB100004',10,'Manchester City','Burnley FC',5,0),
  ('GB100005',11,'Manchester City','Fulham FC',2,0),
  ('GB100006',13,'Manchester City','West Bromwich Albion',1,1),
  ('GB100007',15,'Manchester City','Newcastle United',2,0),
  ('GB100008',18,'Manchester City','Brighton & Hove Albion',1,0),
  ('GB100009',19,'Manchester City','Crystal Palace',4,0),
  ('GB100010',2,'Manchester United','Crystal Palace',1,3),
  ('GB100011',4,'Manchester United','Tottenham Hotspur',1,6),
  ('GB100012',6,'Manchester United','Chelsea FC',0,0),
  ('GB100013',7,'Manchester United','Arsenal FC',0,1),
  ('GB100014',9,'Manchester United','West Bromwich Albion',1,0),
  ('GB100015',12,'Manchester United','Manchester City',0,0),
  ('GB100016',14,'Manchester United','Leeds United',6,2),
  ('GB100017',16,'Manchester United','Wolverhampton Wanderers',1,0),
  ('GB100018',17,'Manchester United','Aston Villa',2,1),
  ('GB100019',1,'Liverpool FC','Leeds United',4,3),
  ('GB100020',3,'Liverpool FC','Arsenal FC',3,1),
  ('GB100021',6,'Liverpool FC','Sheffield United',2,1),
  ('GB100022',7,'Liverpool FC','West Ham United',2,1),
  ('GB100023',9,'Liverpool FC','Leicester City',3,0),
  ('GB100024',11,'Liverpool FC','Wolverhampton Wanderers',4,0),
  ('GB100025',13,'Liverpool FC','Tottenham Hotspur',2,1),
  ('GB100026',15,'Liverpool FC','West Bromwich Albion',1,1),
  ('GB100027',18,'Liverpool FC','Burnley FC',0,1),
  ('GB100028',19,'Liverpool FC','Manchester United',0,0),
  ('GB100029',2,'Chelsea FC','Liverpool FC',0,2),
  ('GB100030',4,'Chelsea FC','Crystal Palace',4,0),
  ('GB100031',5,'Chelsea FC','Southampton FC',3,3),
  ('GB100032',8,'Chelsea FC','Sheffield United',4,1),
  ('GB100033',10,'Chelsea FC','Tottenham Hotspur',0,0),
  ('GB100034',11,'Chelsea FC','Leeds United',3,1),
  ('GB100035',14,'Chelsea FC','West Ham United',3,0),
  ('GB100036',16,'Chelsea FC','Aston Villa',1,1),
  ('GB100037',17,'Chelsea FC','Manchester City',1,3),
  ('GB100038',2,'Leicester City','Burnley FC',4,2),
  ('GB100039',4,'Leicester City','West Ham United',0,3),
  ('GB100040',5,'Leicester City','Aston Villa',0,1),
  ('GB100041',8,'Leicester City','Wolverhampton Wanderers',1,0),
  ('GB100042',10,'Leicester City','Fulham FC',1,2),
  ('GB100043',12,'Leicester City','Brighton & Hove Albion',3,0),
  ('GB100044',13,'Leicester City','Everton FC',0,2),
  ('GB100045',15,'Leicester City','Manchester United',2,2),
  ('GB100046',18,'Leicester City','Chelsea FC',2,0),
  ('GB100047',19,'Leicester City','Southampton FC',2,0),
  ('GB100048',1,'West Ham United','Newcastle United',0,2),
  ('GB100049',3,'West Ham United','Wolverhampton Wanderers',4,0),
  ('GB100050',6,'West Ham United','Manchester City',1,1),
  ('GB100051',8,'West Ham United','Fulham FC',1,0),
  ('GB100052',10,'West Ham United','Aston Villa',2,1),
  ('GB100053',11,'West Ham United','Manchester United',1,3),
  ('GB100054',13,'West Ham United','Crystal Palace',1,1),
  ('GB100055',15,'West Ham United','Brighton & Hove Albion',2,2),
  ('GB100056',18,'West Ham United','West Bromwich Albion',2,1),
  ('GB100057',19,'West Ham United','Burnley FC',1,0),
  ('GB100058',1,'Tottenham Hotspur','Everton FC',0,1),
  ('GB100059',3,'Tottenham Hotspur','Newcastle United',1,1),
  ('GB100060',5,'Tottenham Hotspur','West Ham United',3,3),
  ('GB100061',7,'Tottenham Hotspur','Brighton & Hove Albion',2,1),
  ('GB100062',9,'Tottenham Hotspur','Manchester City',2,0),
  ('GB100063',11,'Tottenham Hotspur','Arsenal FC',2,0),
  ('GB100064',14,'Tottenham Hotspur','Leicester City',0,2),
  ('GB100065',16,'Tottenham Hotspur','Fulham FC',1,1),
  ('GB100066',17,'Tottenham Hotspur','Leeds United',3,0),
  ('GB100067',2,'Arsenal FC','West Ham United',2,1),
  ('GB100068',4,'Arsenal FC','Sheffield United',2,1),
  ('GB100069',6,'Arsenal FC','Leicester City',0,1),
  ('GB100070',8,'Arsenal FC','Aston Villa',0,3),
  ('GB100071',10,'Arsenal FC','Wolverhampton Wanderers',1,2),
  ('GB100072',12,'Arsenal FC','Burnley FC',0,1),
  ('GB100073',13,'Arsenal FC','Southampton FC',1,1),
  ('GB100074',15,'Arsenal FC','Chelsea FC',3,1),
  ('GB100075',18,'Arsenal FC','Crystal Palace',0,0),
  ('GB100076',19,'Arsenal FC','Newcastle United',3,0),
  ('GB100077',2,'Leeds United','Fulham FC',4,3),
  ('GB100078',4,'Leeds United','Manchester City',1,1),
  ('GB100079',5,'Leeds United','Wolverhampton Wanderers',0,1),
  ('GB100080',7,'Leeds United','Leicester City',1,4),
  ('GB100081',9,'Leeds United','Arsenal FC',0,0),
  ('GB100082',12,'Leeds United','West Ham United',1,2),
  ('GB100083',13,'Leeds United','Newcastle United',5,2),
  ('GB100084',15,'Leeds United','Burnley FC',1,0),
  ('GB100085',18,'Leeds United','Southampton FC',3,0),
  ('GB100086',19,'Leeds United','Brighton & Hove Albion',0,1),
  ('GB100087',2,'Everton FC','West Bromwich Albion',5,2),
  ('GB100088',4,'Everton FC','Brighton & Hove Albion',4,2),
  ('GB100089',5,'Everton FC','Liverpool FC',2,2),
  ('GB100090',8,'Everton FC','Manchester United',1,3),
  ('GB100091',10,'Everton FC','Leeds United',0,1),
  ('GB100092',12,'Everton FC','Chelsea FC',1,0),
  ('GB100093',14,'Everton FC','Arsenal FC',2,1),
  ('GB100094',16,'Everton FC','Manchester City',1,3),
  ('GB100095',17,'Everton FC','West Ham United',0,1),
  ('GB100096',2,'Aston Villa','Sheffield United',1,0),
  ('GB100097',4,'Aston Villa','Liverpool FC',7,2),
  ('GB100098',6,'Aston Villa','Leeds United',0,3),
  ('GB100099',7,'Aston Villa','Southampton FC',3,4),
  ('GB100100',9,'Aston Villa','Brighton & Hove Albion',1,2),
  ('GB100101',11,'Aston Villa','Newcastle United',2,0),
  ('GB100102',13,'Aston Villa','Burnley FC',0,0),
  ('GB100103',15,'Aston Villa','Crystal Palace',3,0),
  ('GB100104',18,'Aston Villa','Tottenham Hotspur',0,2),
  ('GB100105',19,'Aston Villa','Everton FC',0,0),
  ('GB100106',2,'Newcastle United','Brighton & Hove Albion',0,3),
  ('GB100107',4,'Newcastle United','Burnley FC',3,1),
  ('GB100108',5,'Newcastle United','Manchester United',1,4),
  ('GB100109',7,'Newcastle United','Everton FC',2,1),
  ('GB100110',9,'Newcastle United','Chelsea FC',0,2),
  ('GB100111',12,'Newcastle United','West Bromwich Albion',2,1),
  ('GB100112',14,'Newcastle United','Fulham FC',1,1),
  ('GB100113',16,'Newcastle United','Liverpool FC',0,0),
  ('GB100114',17,'Newcastle United','Leicester City',1,2),
  ('GB100115',2,'Wolverhampton Wanderers','Manchester City',1,3),
  ('GB100116',4,'Wolverhampton Wanderers','Fulham FC',1,0),
  ('GB100117',6,'Wolverhampton Wanderers','Newcastle United',1,1),
  ('GB100118',7,'Wolverhampton Wanderers','Crystal Palace',2,0),
  ('GB100119',9,'Wolverhampton Wanderers','Southampton FC',1,1),
  ('GB100120',12,'Wolverhampton Wanderers','Aston Villa',0,1),
  ('GB100121',13,'Wolverhampton Wanderers','Chelsea FC',2,1),
  ('GB100122',15,'Wolverhampton Wanderers','Tottenham Hotspur',1,1),
  ('GB100123',18,'Wolverhampton Wanderers','Everton FC',1,2),
  ('GB100124',19,'Wolverhampton Wanderers','West Bromwich Albion',2,3),
  ('GB100125',1,'Crystal Palace','Southampton FC',1,0),
  ('GB100126',3,'Crystal Palace','Everton FC',1,2),
  ('GB100127',5,'Crystal Palace','Brighton & Hove Albion',1,1),
  ('GB100128',8,'Crystal Palace','Leeds United',4,1),
  ('GB100129',10,'Crystal Palace','Newcastle United',0,2),
  ('GB100130',12,'Crystal Palace','Tottenham Hotspur',1,1),
  ('GB100131',14,'Crystal Palace','Liverpool FC',0,7),
  ('GB100132',16,'Crystal Palace','Leicester City',1,1),
  ('GB100133',17,'Crystal Palace','Sheffield United',2,0),
  ('GB100134',2,'Southampton FC','Tottenham Hotspur',2,5),
  ('GB100135',4,'Southampton FC','West Bromwich Albion',2,0),
  ('GB100136',6,'Southampton FC','Everton FC',2,0),
  ('GB100137',8,'Southampton FC','Newcastle United',2,0),
  ('GB100138',10,'Southampton FC','Manchester United',2,3),
  ('GB100139',12,'Southampton FC','Sheffield United',3,0),
  ('GB100140',14,'Southampton FC','Manchester City',0,1),
  ('GB100141',16,'Southampton FC','West Ham United',0,0),
  ('GB100142',17,'Southampton FC','Liverpool FC',1,0),
  ('GB100143',1,'Brighton & Hove Albion','Chelsea FC',1,3),
  ('GB100144',3,'Brighton & Hove Albion','Manchester United',2,3),
  ('GB100145',6,'Brighton & Hove Albion','West Bromwich Albion',1,1),
  ('GB100146',8,'Brighton & Hove Albion','Burnley FC',0,0),
  ('GB100147',10,'Brighton & Hove Albion','Liverpool FC',1,1),
  ('GB100148',11,'Brighton & Hove Albion','Southampton FC',1,2),
  ('GB100149',14,'Brighton & Hove Albion','Sheffield United',1,1),
  ('GB100150',16,'Brighton & Hove Albion','Arsenal FC',0,1),
  ('GB100151',17,'Brighton & Hove Albion','Wolverhampton Wanderers',3,3),
  ('GB100152',1,'Burnley FC','Manchester United',0,1),
  ('GB100153',3,'Burnley FC','Southampton FC',0,1),
  ('GB100154',6,'Burnley FC','Tottenham Hotspur',0,1),
  ('GB100155',7,'Burnley FC','Chelsea FC',0,3),
  ('GB100156',9,'Burnley FC','Crystal Palace',1,0),
  ('GB100157',11,'Burnley FC','Everton FC',1,1),
  ('GB100158',14,'Burnley FC','Wolverhampton Wanderers',2,1),
  ('GB100159',16,'Burnley FC','Sheffield United',1,0),
  ('GB100160',17,'Burnley FC','Fulham FC',1,1),
  ('GB100161',1,'Fulham FC','Arsenal FC',0,3),
  ('GB100162',3,'Fulham FC','Aston Villa',0,3),
  ('GB100163',6,'Fulham FC','Crystal Palace',1,2),
  ('GB100164',7,'Fulham FC','West Bromwich Albion',2,0),
  ('GB100165',9,'Fulham FC','Everton FC',2,3),
  ('GB100166',12,'Fulham FC','Liverpool FC',1,1),
  ('GB100167',13,'Fulham FC','Brighton & Hove Albion',0,0),
  ('GB100168',15,'Fulham FC','Southampton FC',0,0),
  ('GB100169',18,'Fulham FC','Manchester United',1,2),
  ('GB100170',19,'Fulham FC','Chelsea FC',0,1),
  ('GB100171',1,'West Bromwich Albion','Leicester City',0,3),
  ('GB100172',3,'West Bromwich Albion','Chelsea FC',3,3),
  ('GB100173',5,'West Bromwich Albion','Burnley FC',0,0),
  ('GB100174',8,'West Bromwich Albion','Tottenham Hotspur',0,1),
  ('GB100175',10,'West Bromwich Albion','Sheffield United',1,0),
  ('GB100176',11,'West Bromwich Albion','Crystal Palace',1,5),
  ('GB100177',14,'West Bromwich Albion','Aston Villa',0,3),
  ('GB100178',16,'West Bromwich Albion','Leeds United',0,5),
  ('GB100179',17,'West Bromwich Albion','Arsenal FC',0,4),
  ('GB100180',1,'Sheffield United','Wolverhampton Wanderers',0,2),
  ('GB100181',3,'Sheffield United','Leeds United',0,1),
  ('GB100182',5,'Sheffield United','Fulham FC',1,1),
  ('GB100183',7,'Sheffield United','Manchester City',0,1),
  ('GB100184',9,'Sheffield United','West Ham United',0,1),
  ('GB100185',11,'Sheffield United','Leicester City',1,2),
  ('GB100186',13,'Sheffield United','Manchester United',2,3),
  ('GB100187',15,'Sheffield United','Everton FC',0,1),
  ('GB100188',18,'Sheffield United','Newcastle United',1,0),
  ('GB100189',19,'Sheffield United','Tottenham Hotspur',1,3);

insert into Gol values
  ('GB100000',79,'241641',false),
  ('GB100000',90,'053622',false),
  ('GB100001',4,'171424',false),
  ('GB100001',37,'197838',false),
  ('GB100001',54,'197838',false),
  ('GB100001',58,'197838',false),
  ('GB100001',77,'294057',false),
  ('GB100001',84,'177476',false),
  ('GB100001',88,'249565',false),
  ('GB100002',23,'134425',false),
  ('GB100003',31,'363205',false),
  ('GB100004',6,'171424',false),
  ('GB100004',22,'171424',false),
  ('GB100004',41,'157495',false),
  ('GB100004',66,'398184',false),
  ('GB100004',69,'171424',false),
  ('GB100005',5,'134425',false),
  ('GB100005',26,'088755',false),
  ('GB100006',30,'053622',false),
  ('GB100006',43,'258004',true),
  ('GB100007',14,'053622',false),
  ('GB100007',55,'398184',false),
  ('GB100008',44,'406635',false),
  ('GB100009',26,'186590',false),
  ('GB100009',56,'053622',false),
  ('GB100009',68,'186590',false),
  ('GB100009',88,'134425',false),
  ('GB100010',7,'061842',false),
  ('GB100010',74,'145988',false),
  ('GB100010',80,'288255',false),
  ('GB100010',85,'145988',false),
  ('GB100011',2,'240306',false),
  ('GB100011',4,'450936',false),
  ('GB100011',7,'091845',false),
  ('GB100011',30,'132098',false),
  ('GB100011',37,'091845',false),
  ('GB100011',51,'127032',false),
  ('GB100011',79,'132098',false),
  ('GB100013',69,'058864',false),
  ('GB100014',56,'240306',false),
  ('GB100016',2,'315969',false),
  ('GB100016',3,'315969',false),
  ('GB100016',20,'240306',false),
  ('GB100016',37,'184573',false),
  ('GB100016',41,'075067',false),
  ('GB100016',66,'319301',false),
  ('GB100016',70,'240306',false),
  ('GB100016',73,'158764',false),
  ('GB100017',93,'258923',false),
  ('GB100018',40,'182877',false),
  ('GB100018',58,'131996',false),
  ('GB100018',61,'240306',false),
  ('GB100019',12,'417346',false),
  ('GB100019',20,'139208',false),
  ('GB100019',30,'183334',false),
  ('GB100019',66,'092738',false),
  ('GB100020',25,'093720',false),
  ('GB100020',28,'200512',false),
  ('GB100020',34,'234803',false),
  ('GB100021',13,'333014',false),
  ('GB100022',10,'357885',false),
  ('GB100023',21,'042412',true),
  ('GB100024',58,'049499',false),
  ('GB100024',67,'082105',false),
  ('GB100024',78,'231572',true),
  ('GB100025',33,'091845',false),
  ('GB100026',12,'200512',false),
  ('GB100026',82,'251912',false),
  ('GB100027',83,'063200',false),
  ('GB100029',50,'200512',false),
  ('GB100029',54,'200512',false),
  ('GB100030',50,'316125',false),
  ('GB100030',66,'157509',false),
  ('GB100031',15,'170527',false),
  ('GB100031',28,'170527',false),
  ('GB100031',43,'134294',false),
  ('GB100031',57,'346779',false),
  ('GB100031',59,'309400',false),
  ('GB100031',92,'099331',false),
  ('GB100032',9,'035416',false),
  ('GB100032',23,'331726',false),
  ('GB100032',34,'316125',false),
  ('GB100032',77,'029241',false),
  ('GB100032',80,'170527',false),
  ('GB100034',4,'183334',false),
  ('GB100034',27,'082442',false),
  ('GB100034',61,'157509',false),
  ('GB100034',93,'315779',false),
  ('GB100035',10,'029241',false),
  ('GB100035',78,'331726',false),
  ('GB100035',80,'331726',false),
  ('GB100036',34,'082442',false),
  ('GB100036',50,'183720',false),
  ('GB100037',18,'053622',false),
  ('GB100037',21,'406635',false),
  ('GB100037',34,'088755',false),
  ('GB100037',92,'392768',false),
  ('GB100038',10,'108725',false),
  ('GB100038',20,'398065',false),
  ('GB100038',50,'043763',true),
  ('GB100038',61,'413220',false),
  ('GB100038',73,'396174',false),
  ('GB100038',79,'129588',false),
  ('GB100039',14,'104124',false),
  ('GB100039',34,'357885',false),
  ('GB100039',83,'314875',false),
  ('GB100040',91,'131978',false),
  ('GB100041',15,'197838',false),
  ('GB100042',30,'406040',false),
  ('GB100042',38,'149716',false),
  ('GB100042',86,'398065',false),
  ('GB100043',27,'294057',false),
  ('GB100043',41,'197838',false),
  ('GB100043',44,'294057',false),
  ('GB100044',72,'348623',false),
  ('GB100045',23,'258923',false),
  ('GB100045',31,'398065',false),
  ('GB100045',79,'240306',false),
  ('GB100045',85,'342046',true),
  ('GB100046',6,'274839',false),
  ('GB100046',41,'294057',false),
  ('GB100047',37,'294057',false),
  ('GB100047',95,'398065',false),
  ('GB100048',56,'123682',false),
  ('GB100048',87,'148262',false),
  ('GB100049',17,'314875',false),
  ('GB100049',57,'314875',false),
  ('GB100049',66,'206040',true),
  ('GB100049',93,'181375',false),
  ('GB100050',18,'104124',false),
  ('GB100050',51,'406635',false),
  ('GB100051',91,'283628',false),
  ('GB100052',2,'048002',false),
  ('GB100052',25,'203460',false),
  ('GB100052',46,'314875',false),
  ('GB100053',38,'283628',false),
  ('GB100053',65,'122153',false),
  ('GB100053',68,'532826',false),
  ('GB100053',78,'258923',false),
  ('GB100054',34,'050201',false),
  ('GB100054',55,'181375',false),
  ('GB100055',44,'217115',false),
  ('GB100055',60,'468002',false),
  ('GB100055',70,'148153',false),
  ('GB100055',82,'283628',false),
  ('GB100056',46,'314875',false),
  ('GB100056',51,'225984',false),
  ('GB100056',66,'104124',false),
  ('GB100057',9,'104124',false),
  ('GB100058',55,'306024',false),
  ('GB100059',97,'123682',false),
  ('GB100060',1,'091845',false),
  ('GB100060',8,'132098',false),
  ('GB100060',16,'132098',false),
  ('GB100060',82,'285548',false),
  ('GB100060',85,'341429',true),
  ('GB100060',94,'135853',false),
  ('GB100061',13,'132098',false),
  ('GB100061',56,'504148',false),
  ('GB100061',73,'039381',false),
  ('GB100062',5,'091845',false),
  ('GB100062',65,'348795',false),
  ('GB100063',13,'091845',false),
  ('GB100063',46,'132098',false),
  ('GB100064',49,'197838',false),
  ('GB100064',59,'042710',true),
  ('GB100065',25,'132098',false),
  ('GB100065',74,'149716',false),
  ('GB100066',29,'132098',false),
  ('GB100066',43,'091845',false),
  ('GB100066',50,'042710',false),
  ('GB100067',25,'093720',false),
  ('GB100067',45,'104124',false),
  ('GB100067',85,'340324',false),
  ('GB100068',61,'433177',false),
  ('GB100068',64,'343052',false),
  ('GB100068',83,'035416',false),
  ('GB100069',80,'197838',false),
  ('GB100070',25,'433177',true),
  ('GB100070',72,'324358',false),
  ('GB100070',75,'324358',false),
  ('GB100071',27,'487465',false),
  ('GB100071',42,'256977',false),
  ('GB100072',73,'058864',true),
  ('GB100073',18,'033713',false),
  ('GB100073',52,'058864',false),
  ('GB100074',34,'093720',false),
  ('GB100074',44,'111455',false),
  ('GB100074',56,'433177',false),
  ('GB100074',85,'331726',false),
  ('GB100076',50,'058864',false),
  ('GB100076',60,'433177',false),
  ('GB100076',77,'058864',false),
  ('GB100077',5,'173900',false),
  ('GB100077',34,'051152',false),
  ('GB100077',41,'092738',false),
  ('GB100077',50,'183334',false),
  ('GB100077',57,'173900',false),
  ('GB100077',62,'186186',false),
  ('GB100077',67,'051152',false),
  ('GB100078',17,'134425',false),
  ('GB100079',70,'206040',false),
  ('GB100080',2,'398065',false),
  ('GB100080',21,'249565',false),
  ('GB100080',48,'158764',false),
  ('GB100080',76,'197838',false),
  ('GB100080',91,'249565',false),
  ('GB100082',6,'092738',false),
  ('GB100082',25,'283628',false),
  ('GB100082',80,'048002',false),
  ('GB100083',26,'148262',false),
  ('GB100083',35,'183334',false),
  ('GB100083',65,'098240',false),
  ('GB100083',77,'158764',false),
  ('GB100083',85,'129604',false),
  ('GB100083',88,'417346',false),
  ('GB100084',5,'183334',false),
  ('GB100085',47,'183334',false),
  ('GB100085',78,'158764',false),
  ('GB100086',17,'217115',false),
  ('GB100087',10,'342048',false),
  ('GB100087',31,'306024',false),
  ('GB100087',45,'088103',false),
  ('GB100087',47,'225984',false),
  ('GB100087',54,'118534',false),
  ('GB100087',62,'306024',false),
  ('GB100087',66,'306024',false),
  ('GB100088',16,'306024',false),
  ('GB100088',41,'217115',false),
  ('GB100088',47,'289446',false),
  ('GB100088',52,'088103',false),
  ('GB100088',70,'088103',false),
  ('GB100088',92,'410425',false),
  ('GB100089',3,'200512',false),
  ('GB100089',19,'118534',false),
  ('GB100089',81,'306024',false),
  ('GB100090',25,'240306',false),
  ('GB100090',32,'240306',false),
  ('GB100090',95,'048280',false),
  ('GB100092',22,'090466',false),
  ('GB100093',22,'253341',true),
  ('GB100093',35,'343052',false),
  ('GB100093',45,'289446',false),
  ('GB100094',32,'406635',false),
  ('GB100094',63,'171424',false),
  ('GB100094',77,'241641',false),
  ('GB100095',86,'283628',false),
  ('GB100096',63,'413403',false),
  ('GB100097',4,'324358',false),
  ('GB100097',22,'324358',false),
  ('GB100097',35,'193116',false),
  ('GB100097',39,'324358',false),
  ('GB100097',55,'131978',false),
  ('GB100097',66,'203460',false),
  ('GB100097',75,'203460',false),
  ('GB100098',55,'183334',false),
  ('GB100098',67,'183334',false),
  ('GB100098',74,'183334',false),
  ('GB100099',20,'099331',false),
  ('GB100099',33,'181579',false),
  ('GB100099',45,'181579',false),
  ('GB100099',58,'134294',false),
  ('GB100099',62,'253677',false),
  ('GB100099',93,'324358',false),
  ('GB100099',97,'203460',false),
  ('GB100100',12,'067063',false),
  ('GB100100',47,'413403',false),
  ('GB100100',56,'209212',false),
  ('GB100101',13,'324358',false),
  ('GB100101',42,'131996',false),
  ('GB100103',5,'131996',false),
  ('GB100103',66,'233124',false),
  ('GB100103',76,'183720',false),
  ('GB100104',68,'132098',false),
  ('GB100106',4,'217115',false),
  ('GB100106',7,'217115',false),
  ('GB100106',83,'434207',false),
  ('GB100107',14,'272642',false),
  ('GB100107',61,'091317',false),
  ('GB100107',65,'123682',false),
  ('GB100107',77,'123682',false),
  ('GB100108',2,'183288',true),
  ('GB100108',23,'177907',false),
  ('GB100108',86,'240306',false),
  ('GB100108',90,'477758',false),
  ('GB100108',96,'258923',false),
  ('GB100109',56,'123682',false),
  ('GB100109',84,'123682',false),
  ('GB100109',91,'306024',false),
  ('GB100110',10,'085475',true),
  ('GB100110',65,'331726',false),
  ('GB100111',1,'272999',false),
  ('GB100111',50,'351755',false),
  ('GB100111',82,'196522',false),
  ('GB100112',42,'092469',true),
  ('GB100112',64,'123682',false),
  ('GB100114',55,'294057',false),
  ('GB100114',72,'249565',false),
  ('GB100114',82,'048066',false),
  ('GB100115',20,'088755',false),
  ('GB100115',32,'406635',false),
  ('GB100115',78,'206040',false),
  ('GB100115',95,'363205',false),
  ('GB100116',56,'487465',false),
  ('GB100117',80,'206040',false),
  ('GB100117',89,'199527',false),
  ('GB100118',18,'578391',false),
  ('GB100118',27,'256977',false),
  ('GB100119',58,'033713',false),
  ('GB100119',75,'487465',false),
  ('GB100120',94,'183720',false),
  ('GB100121',49,'082442',false),
  ('GB100121',66,'256977',false),
  ('GB100121',95,'487465',false),
  ('GB100122',1,'450936',false),
  ('GB100122',86,'204198',false),
  ('GB100123',6,'242631',false),
  ('GB100123',14,'225161',false),
  ('GB100123',77,'118534',false),
  ('GB100124',8,'225984',false),
  ('GB100124',38,'505653',false),
  ('GB100124',43,'142310',false),
  ('GB100124',52,'251912',false),
  ('GB100124',56,'225984',false),
  ('GB100125',13,'145988',false),
  ('GB100126',10,'306024',false),
  ('GB100126',26,'066934',false),
  ('GB100127',19,'145988',false),
  ('GB100127',90,'534033',false),
  ('GB100128',12,'062688',false),
  ('GB100128',22,'479999',false),
  ('GB100128',27,'183334',false),
  ('GB100128',42,'173900',true),
  ('GB100128',70,'108354',false),
  ('GB100129',88,'123682',false),
  ('GB100130',23,'132098',false),
  ('GB100130',81,'157506',false),
  ('GB100131',3,'165793',false),
  ('GB100131',35,'200512',false),
  ('GB100131',52,'061651',false),
  ('GB100132',58,'145988',false),
  ('GB100132',83,'398065',false),
  ('GB100133',4,'157506',false),
  ('GB100133',51,'479999',false),
  ('GB100134',32,'134294',false),
  ('GB100134',47,'091845',false),
  ('GB100134',48,'091845',false),
  ('GB100134',64,'091845',false),
  ('GB100134',73,'091845',false),
  ('GB100134',82,'132098',false),
  ('GB100134',90,'134294',false),
  ('GB100135',41,'485424',false),
  ('GB100135',69,'066100',false),
  ('GB100136',27,'181579',false),
  ('GB100136',35,'346779',false),
  ('GB100137',7,'346779',false),
  ('GB100137',82,'130765',false),
  ('GB100138',23,'243028',false),
  ('GB100138',33,'181579',false),
  ('GB100138',59,'240306',false),
  ('GB100138',74,'048280',false),
  ('GB100138',92,'048280',false),
  ('GB100139',34,'346779',false),
  ('GB100139',62,'130765',false),
  ('GB100139',83,'129078',false),
  ('GB100140',16,'134425',false),
  ('GB100142',2,'134294',false),
  ('GB100143',54,'144028',false),
  ('GB100143',56,'472423',false),
  ('GB100143',66,'157509',false),
  ('GB100144',40,'217115',false),
  ('GB100144',43,'148153',true),
  ('GB100144',55,'258923',false),
  ('GB100144',95,'209212',false),
  ('GB100144',100,'240306',false),
  ('GB100145',40,'061832',true),
  ('GB100145',83,'314183',false),
  ('GB100147',93,'082873',false),
  ('GB100148',26,'082873',false),
  ('GB100148',45,'099331',false),
  ('GB100148',81,'134294',false),
  ('GB100149',63,'465717',false),
  ('GB100149',87,'067063',false),
  ('GB100150',66,'093720',false),
  ('GB100151',13,'434207',false),
  ('GB100151',19,'204198',false),
  ('GB100151',34,'134270',true),
  ('GB100151',44,'225161',false),
  ('GB100151',46,'217115',false),
  ('GB100151',70,'148153',false),
  ('GB100152',71,'122153',false),
  ('GB100153',5,'134294',false),
  ('GB100154',76,'091845',false),
  ('GB100155',26,'217111',false),
  ('GB100155',63,'157509',false),
  ('GB100155',70,'170527',false),
  ('GB100156',8,'108725',false),
  ('GB100157',3,'128229',false),
  ('GB100157',48,'306024',false),
  ('GB100158',35,'063200',false),
  ('GB100158',51,'108725',false),
  ('GB100158',89,'505653',false),
  ('GB100159',32,'074810',false),
  ('GB100160',49,'236490',false),
  ('GB100160',52,'063200',false),
  ('GB100161',8,'093720',false),
  ('GB100161',57,'058864',false),
  ('GB100162',4,'203460',false),
  ('GB100162',15,'061653',false),
  ('GB100162',48,'253677',false),
  ('GB100163',8,'241481',false),
  ('GB100163',64,'145988',false),
  ('GB100163',95,'123275',false),
  ('GB100164',26,'186186',false),
  ('GB100164',30,'236490',false),
  ('GB100165',1,'306024',false),
  ('GB100165',15,'186186',false),
  ('GB100165',29,'306024',false),
  ('GB100165',35,'127187',false),
  ('GB100165',70,'202886',false),
  ('GB100166',25,'186186',false),
  ('GB100169',5,'406040',false),
  ('GB100169',21,'048280',false),
  ('GB100169',65,'122153',false),
  ('GB100170',78,'346483',false),
  ('GB100171',56,'262226',false),
  ('GB100171',74,'197838',false),
  ('GB100171',84,'197838',false),
  ('GB100172',4,'183299',false),
  ('GB100172',25,'183299',false),
  ('GB100172',27,'067421',false),
  ('GB100172',55,'346483',false),
  ('GB100172',70,'392768',false),
  ('GB100172',93,'331726',false),
  ('GB100174',88,'132098',false),
  ('GB100175',13,'488362',false),
  ('GB100176',8,'351755',true),
  ('GB100176',30,'488362',false),
  ('GB100176',55,'145988',false),
  ('GB100176',59,'050201',false),
  ('GB100176',68,'145988',false),
  ('GB100176',82,'050201',false),
  ('GB100177',5,'183720',false),
  ('GB100177',84,'131996',false),
  ('GB100177',88,'183720',false),
  ('GB100178',9,'113036',true),
  ('GB100178',31,'129604',false),
  ('GB100178',36,'417346',false),
  ('GB100179',23,'300716',false),
  ('GB100179',28,'433177',false),
  ('GB100179',60,'093720',false),
  ('GB100179',64,'093720',false),
  ('GB100180',4,'206040',false),
  ('GB100180',7,'204198',false),
  ('GB100181',88,'183334',false),
  ('GB100182',77,'406040',false),
  ('GB100182',85,'049542',false),
  ('GB100183',28,'095424',false),
  ('GB100184',56,'181375',false),
  ('GB100185',24,'246968',false),
  ('GB100185',26,'298477',false),
  ('GB100185',90,'197838',false),
  ('GB100186',5,'035416',false),
  ('GB100186',26,'258923',false),
  ('GB100186',33,'182877',false),
  ('GB100186',51,'258923',false),
  ('GB100186',87,'035416',false),
  ('GB100187',80,'090466',false),
  ('GB100188',73,'049542',false),
  ('GB100189',5,'127032',false),
  ('GB100189',40,'132098',false),
  ('GB100189',59,'035416',false),
  ('GB100189',62,'450936',false);
