/* File created by scraping https://www.transfermarkt.com using Antonio Cardin's program */

insert into Squadre values
  ('Manchester City','3FF Manchester','Guardiola'),
  ('Liverpool FC','OTH Liverpool','Klopp'),
  ('Chelsea FC','1HS London','Tuchel'),
  ('Manchester United','1AA Gibraltar','Rangnick'),
  ('Tottenham Hotspur','0AP London','Conte'),
  ('Leicester City','7FL Leicester','Rodgers'),
  ('Arsenal FC','1BU London','Arteta'),
  ('Everton FC','4EL Liverpool','Lampard'),
  ('Aston Villa','6HE Birmingham','Gerrard'),
  ('West Ham United','2ST London','Moyes'),
  ('Wolverhampton Wanderers','Wolverhampton','null'),
  ('Newcastle United','4ST Newcastle upon Tyne','Howe'),
  ('Leeds United','0ES Leeds','Marsch'),
  ('Southampton FC','5FP Southampton','Hasenhüttl'),
  ('Crystal Palace','6PU London','Vieira'),
  ('Brighton & Hove Albion','9BL Brighton','Potter'),
  ('Brentford FC','0NT','Frank'),
  ('Norwich City','1JE Norwich','Smith'),
  ('Burnley FC','4BX Burnley','Dyche'),
  ('Watford FC','0ER Watford','Hodgson');

insert into Giocatori values
  ('238223','Manchester City',31,'Ederson','null','17-aug-1993','Portiere'),
  ('221624','Manchester City',13,'Zack','Steffen','2-apr-1995','Portiere'),
  ('014555','Manchester City',33,'Scott','Carson','3-sep-1985','Portiere'),
  ('258004','Manchester City',3,'Rúben','Dias','14-may-1997','Difensore'),
  ('176553','Manchester City',14,'Aymeric','Laporte','27-may-1994','Difensore'),
  ('186590','Manchester City',5,'John','Stones','28-may-1994','Difensore'),
  ('177476','Manchester City',6,'Nathan','Aké','18-feb-1995','Difensore'),
  ('203853','Manchester City',11,'Oleksandr','Zinchenko','15-dec-1996','Difensore'),
  ('157495','Manchester City',22,'Benjamin','Mendy','17-jul-1994','Difensore'),
  ('182712','Manchester City',27,'João','Cancelo','27-may-1994','Difensore'),
  ('095424','Manchester City',2,'Kyle','Walker','28-may-1990','Difensore'),
  ('357565','Manchester City',16,'Rodri','null','22-jun-1996','Centrocampista'),
  ('026267','Manchester City',25,'Fernandinho','null','4-may-1985','Centrocampista'),
  ('406635','Manchester City',47,'Phil','Foden','28-may-2000','Centrocampista'),
  ('053622','Manchester City',8,'Ilkay','Gündogan','24-oct-1990','Centrocampista'),
  ('088755','Manchester City',17,'Kevin','De Bruyne','28-jun-1991','Centrocampista'),
  ('241641','Manchester City',20,'Bernardo','Silva','10-aug-1994','Centrocampista'),
  ('568177','Manchester City',80,'Cole','Palmer','6-may-2002','Centrocampista'),
  ('134425','Manchester City',7,'Raheem','Sterling','8-dec-1994','Attaccante'),
  ('203460','Manchester City',10,'Jack','Grealish','10-sep-1995','Attaccante'),
  ('171424','Manchester City',26,'Riyad','Mahrez','21-feb-1991','Attaccante'),
  ('668265','Manchester City',37,'Kayky','null','11-jun-2003','Attaccante'),
  ('363205','Manchester City',9,'Gabriel','Jesus','3-apr-1997','Attaccante'),
  ('105470','Liverpool FC',1,'Alisson','null','2-oct-1992','Portiere'),
  ('340918','Liverpool FC',62,'Caoimhin','Kelleher','23-nov-1998','Portiere'),
  ('085864','Liverpool FC',22,'Loris','Karius','22-jun-1993','Portiere'),
  ('071271','Liverpool FC',13,'Adrián','null','3-jan-1987','Portiere'),
  ('139208','Liverpool FC',4,'Virgil','van Dijk','8-jul-1991','Difensore'),
  ('357119','Liverpool FC',5,'Ibrahima','Konaté','25-may-1999','Difensore'),
  ('256178','Liverpool FC',12,'Joe','Gomez','23-may-1997','Difensore'),
  ('082105','Liverpool FC',32,'Joel','Matip','8-aug-1991','Difensore'),
  ('503679','Liverpool FC',46,'Rhys','Williams','3-feb-2001','Difensore'),
  ('234803','Liverpool FC',26,'Andrew','Robertson','11-mar-1994','Difensore'),
  ('338070','Liverpool FC',21,'Konstantinos','Tsimikas','12-may-1996','Difensore'),
  ('314353','Liverpool FC',66,'Trent','Alexander-Arnold','7-oct-1998','Difensore'),
  ('225693','Liverpool FC',3,'Fabinho','null','23-oct-1993','Centrocampista'),
  ('302215','Liverpool FC',8,'Naby','Keïta','10-feb-1995','Centrocampista'),
  ('433188','Liverpool FC',17,'Curtis','Jones','30-jan-2001','Centrocampista'),
  ('060444','Liverpool FC',6,'Thiago','null','11-apr-1991','Centrocampista'),
  ('061651','Liverpool FC',14,'Jordan','Henderson','17-jun-1990','Centrocampista'),
  ('143424','Liverpool FC',15,'Alex','Oxlade-Chamberlain','15-aug-1993','Centrocampista'),
  ('003333','Liverpool FC',7,'James','Milner','4-jan-1986','Centrocampista'),
  ('200512','Liverpool FC',10,'Sadio','Mané','10-apr-1992','Attaccante'),
  ('480692','Liverpool FC',23,'Luis','Díaz','13-jan-1997','Attaccante'),
  ('165793','Liverpool FC',18,'Takumi','Minamino','16-jan-1995','Attaccante'),
  ('148455','Liverpool FC',11,'Mohamed Salah','null','15-jun-1992','Attaccante'),
  ('565822','Liverpool FC',67,'Harvey','Elliott','4-apr-2003','Attaccante'),
  ('340950','Liverpool FC',20,'Diogo Jota','null','4-dec-1996','Attaccante'),
  ('131789','Liverpool FC',9,'Roberto Firmino','null','2-oct-1991','Attaccante'),
  ('148368','Liverpool FC',27,'Divock','Origi','18-apr-1995','Attaccante'),
  ('442531','Chelsea FC',16,'Edouard','Mendy','1-mar-1992','Portiere'),
  ('192279','Chelsea FC',1,'Kepa','Arrizabalaga','3-oct-1994','Portiere'),
  ('116648','Chelsea FC',13,'Marcus','Bettinelli','24-may-1992','Portiere'),
  ('086202','Chelsea FC',2,'Antonio','Rüdiger','3-mar-1993','Difensore'),
  ('196948','Chelsea FC',4,'Andreas','Christensen','10-apr-1996','Difensore'),
  ('346314','Chelsea FC',14,'Trevoh','Chalobah','5-jul-1999','Difensore'),
  ('344596','Chelsea FC',31,'Malang','Sarr','23-jan-1999','Difensore'),
  ('029241','Chelsea FC',6,'Thiago','Silva','22-sep-1984','Difensore'),
  ('316125','Chelsea FC',21,'Ben','Chilwell','21-dec-1996','Difensore'),
  ('112515','Chelsea FC',3,'Marcos','Alonso','28-dec-1990','Difensore'),
  ('472423','Chelsea FC',24,'Reece','James','8-dec-1999','Difensore'),
  ('057500','Chelsea FC',28,'César','Azpilicueta','28-aug-1989','Difensore'),
  ('225083','Chelsea FC',7,'N''Golo','Kanté','29-mar-1991','Centrocampista'),
  ('102017','Chelsea FC',5,'Jorginho','null','20-dec-1991','Centrocampista'),
  ('051471','Chelsea FC',8,'Mateo','Kovacic','6-may-1994','Centrocampista'),
  ('148928','Chelsea FC',17,'Saúl','Ñíguez','21-nov-1994','Centrocampista'),
  ('202886','Chelsea FC',12,'Ruben','Loftus-Cheek','23-jan-1996','Centrocampista'),
  ('131978','Chelsea FC',18,'Ross','Barkley','5-dec-1993','Centrocampista'),
  ('281404','Chelsea FC',23,'Kenedy','null','8-feb-1996','Centrocampista'),
  ('346483','Chelsea FC',19,'Mason','Mount','10-jan-1999','Centrocampista'),
  ('309400','Chelsea FC',29,'Kai','Havertz','11-jun-1999','Centrocampista'),
  ('217111','Chelsea FC',22,'Hakim','Ziyech','19-mar-1993','Centrocampista'),
  ('177862','Chelsea FC',null,'Charly','Musonda Jr.','15-oct-1996','Centrocampista'),
  ('315779','Chelsea FC',10,'Christian','Pulisic','18-sep-1998','Attaccante'),
  ('392768','Chelsea FC',20,'Callum','Hudson-Odoi','7-nov-2000','Attaccante'),
  ('096341','Chelsea FC',9,'Romelu','Lukaku','13-may-1993','Attaccante'),
  ('170527','Chelsea FC',11,'Timo','Werner','6-mar-1996','Attaccante'),
  ('059377','Manchester United',1,'David','de Gea','7-nov-1990','Portiere'),
  ('258919','Manchester United',26,'Dean','Henderson','12-mar-1997','Portiere'),
  ('034130','Manchester United',22,'Tom','Heaton','15-apr-1986','Portiere'),
  ('013460','Manchester United',13,'Lee','Grant','27-jan-1983','Portiere'),
  ('164770','Manchester United',19,'Raphaël','Varane','25-apr-1993','Difensore'),
  ('177907','Manchester United',5,'Harry','Maguire','5-mar-1993','Difensore'),
  ('184573','Manchester United',2,'Victor','Lindelöf','17-jul-1994','Difensore'),
  ('286384','Manchester United',3,'Eric','Bailly','12-apr-1994','Difensore'),
  ('117996','Manchester United',4,'Phil','Jones','21-feb-1992','Difensore'),
  ('183288','Manchester United',23,'Luke','Shaw','12-jul-1995','Difensore'),
  ('255755','Manchester United',27,'Alex','Telles','15-dec-1992','Difensore'),
  ('477758','Manchester United',29,'Aaron','Wan-Bissaka','26-nov-1997','Difensore'),
  ('357147','Manchester United',20,'Diogo','Dalot','18-mar-1999','Difensore'),
  ('315969','Manchester United',39,'Scott','McTominay','8-dec-1996','Centrocampista'),
  ('074683','Manchester United',31,'Nemanja','Matic','1-aug-1988','Centrocampista'),
  ('122153','Manchester United',6,'Paul','Pogba','15-mar-1993','Centrocampista'),
  ('191614','Manchester United',17,'Fred','null','5-mar-1993','Centrocampista'),
  ('240306','Manchester United',18,'Bruno','Fernandes','8-sep-1994','Centrocampista'),
  ('141660','Manchester United',14,'Jesse','Lingard','15-dec-1992','Centrocampista'),
  ('044068','Manchester United',8,'Juan','Mata','28-apr-1988','Centrocampista'),
  ('258923','Manchester United',10,'Marcus','Rashford','31-oct-1997','Attaccante'),
  ('401173','Manchester United',25,'Jadon','Sancho','25-mar-2000','Attaccante'),
  ('583189','Manchester United',36,'Anthony','Elanga','27-apr-2002','Attaccante'),
  ('532826','Manchester United',11,'Mason','Greenwood','1-oct-2001','Attaccante'),
  ('008198','Manchester United',7,'Cristiano Ronaldo','null','5-feb-1985','Attaccante'),
  ('048280','Manchester United',21,'Edinson','Cavani','14-feb-1987','Attaccante'),
  ('244192','Tottenham Hotspur',22,'Pierluigi','Gollini','18-mar-1995','Portiere'),
  ('017965','Tottenham Hotspur',1,'Hugo','Lloris','26-dec-1986','Portiere'),
  ('428016','Tottenham Hotspur',40,'Brandon','Austin','8-jan-1999','Portiere'),
  ('355915','Tottenham Hotspur',4,'Cristian','Romero','27-apr-1998','Difensore'),
  ('341429','Tottenham Hotspur',6,'Davinson','Sánchez','12-jun-1996','Difensore'),
  ('175722','Tottenham Hotspur',15,'Eric','Dier','15-jan-1994','Difensore'),
  ('346478','Tottenham Hotspur',25,'Japhet','Tanganga','31-mar-1999','Difensore'),
  ('297212','Tottenham Hotspur',14,'Joe','Rodon','22-oct-1997','Difensore'),
  ('282429','Tottenham Hotspur',3,'Sergio','Reguilón','16-dec-1996','Difensore'),
  ('192765','Tottenham Hotspur',33,'Ben','Davies','24-apr-1993','Difensore'),
  ('476344','Tottenham Hotspur',12,'Emerson Royal','null','14-jan-1999','Difensore'),
  ('171679','Tottenham Hotspur',2,'Matt','Doherty','16-jan-1992','Difensore'),
  ('406638','Tottenham Hotspur',29,'Oliver','Skipp','16-sep-2000','Centrocampista'),
  ('249126','Tottenham Hotspur',8,'Harry','Winks','2-feb-1996','Centrocampista'),
  ('167799','Tottenham Hotspur',5,'Pierre-Emile','Höjbjerg','5-aug-1995','Centrocampista'),
  ('354362','Tottenham Hotspur',30,'Rodrigo','Bentancur','25-jun-1997','Centrocampista'),
  ('392775','Tottenham Hotspur',19,'Ryan','Sessegnon','18-may-2000','Centrocampista'),
  ('091845','Tottenham Hotspur',7,'Heung-min','Son','8-jul-1992','Attaccante'),
  ('284165','Tottenham Hotspur',23,'Steven','Bergwijn','8-oct-1997','Attaccante'),
  ('431755','Tottenham Hotspur',21,'Dejan','Kulusevski','25-apr-2000','Attaccante'),
  ('077100','Tottenham Hotspur',27,'Lucas Moura','null','13-aug-1992','Attaccante'),
  ('132098','Tottenham Hotspur',10,'Harry','Kane','28-jul-1993','Attaccante'),
  ('203026','Leicester City',12,'Danny','Ward','22-jun-1993','Portiere'),
  ('016911','Leicester City',1,'Kasper','Schmeichel','5-nov-1986','Portiere'),
  ('002857','Leicester City',35,'Eldin','Jakupovic','2-oct-1984','Portiere'),
  ('320141','Leicester City',4,'Caglar','Söyüncü','23-may-1996','Difensore'),
  ('475411','Leicester City',3,'Wesley','Fofana','17-dec-2000','Difensore'),
  ('099331','Leicester City',23,'Jannik','Vestergaard','3-aug-1992','Difensore'),
  ('042412','Leicester City',6,'Jonny','Evans','3-jan-1988','Difensore'),
  ('214056','Leicester City',18,'Daniel','Amartey','21-dec-1994','Difensore'),
  ('505194','Leicester City',33,'Luke','Thomas','10-jun-2001','Difensore'),
  ('040611','Leicester City',5,'Ryan','Bertrand','5-aug-1989','Difensore'),
  ('262226','Leicester City',27,'Timothy','Castagne','5-dec-1995','Difensore'),
  ('215876','Leicester City',21,'Ricardo','Pereira','6-oct-1993','Difensore'),
  ('413220','Leicester City',2,'James','Justin','23-feb-1998','Difensore'),
  ('274839','Leicester City',25,'Wilfred','Ndidi','16-dec-1996','Centrocampista'),
  ('344605','Leicester City',42,'Boubakary','Soumaré','27-feb-1999','Centrocampista'),
  ('111051','Leicester City',24,'Nampalys','Mendy','23-jun-1992','Centrocampista'),
  ('249565','Leicester City',8,'Youri','Tielemans','7-may-1997','Centrocampista'),
  ('341501','Leicester City',20,'Hamza','Choudhury','1-oct-1997','Centrocampista'),
  ('475188','Leicester City',22,'Kiernan','Dewsbury-Hall','6-sep-1998','Centrocampista'),
  ('061560','Leicester City',11,'Marc','Albrighton','18-nov-1989','Centrocampista'),
  ('398065','Leicester City',7,'Harvey','Barnes','9-dec-1997','Centrocampista'),
  ('294057','Leicester City',10,'James','Maddison','23-nov-1996','Centrocampista'),
  ('406040','Leicester City',37,'Ademola','Lookman','20-oct-1997','Attaccante'),
  ('246968','Leicester City',17,'Ayoze','Pérez','29-jul-1993','Attaccante'),
  ('365172','Leicester City',29,'Patson','Daka','9-oct-1998','Attaccante'),
  ('295330','Leicester City',14,'Kelechi','Iheanacho','3-oct-1996','Attaccante'),
  ('197838','Leicester City',9,'Jamie','Vardy','11-jan-1987','Attaccante'),
  ('427568','Arsenal FC',32,'Aaron','Ramsdale','14-may-1998','Portiere'),
  ('072476','Arsenal FC',1,'Bernd','Leno','4-mar-1992','Portiere'),
  ('503769','Arsenal FC',33,'Arthur','Okonkwo','9-sep-2001','Portiere'),
  ('335721','Arsenal FC',4,'Ben','White','8-oct-1997','Difensore'),
  ('435338','Arsenal FC',6,'Gabriel','null','19-dec-1997','Difensore'),
  ('253341','Arsenal FC',16,'Rob','Holding','20-sep-1995','Difensore'),
  ('300716','Arsenal FC',3,'Kieran','Tierney','5-jun-1997','Difensore'),
  ('535955','Arsenal FC',20,'Nuno','Tavares','26-jan-2000','Difensore'),
  ('331560','Arsenal FC',18,'Takehiro','Tomiyasu','5-nov-1998','Difensore'),
  ('112988','Arsenal FC',17,'Cédric','Soares','31-aug-1991','Difensore'),
  ('230784','Arsenal FC',5,'Thomas','Partey','13-jun-1993','Centrocampista'),
  ('111455','Arsenal FC',34,'Granit','Xhaka','27-sep-1992','Centrocampista'),
  ('160438','Arsenal FC',25,'Mohamed Elneny','null','11-jul-1992','Centrocampista'),
  ('381967','Arsenal FC',23,'Albert Sambi','Lokonga','22-oct-1999','Centrocampista'),
  ('433177','Arsenal FC',7,'Bukayo','Saka','5-sep-2001','Centrocampista'),
  ('316264','Arsenal FC',8,'Martin','Ødegaard','17-dec-1998','Centrocampista'),
  ('392765','Arsenal FC',10,'Emile','Smith Rowe','28-jul-2000','Centrocampista'),
  ('655488','Arsenal FC',35,'Gabriel','Martinelli','18-jun-2001','Attaccante'),
  ('343052','Arsenal FC',19,'Nicolas','Pépé','29-may-1995','Attaccante'),
  ('093720','Arsenal FC',9,'Alexandre','Lacazette','28-may-1991','Attaccante'),
  ('340324','Arsenal FC',30,'Eddie','Nketiah','30-may-1999','Attaccante'),
  ('130164','Everton FC',1,'Jordan','Pickford','7-mar-1994','Portiere'),
  ('033873','Everton FC',15,'Asmir','Begovic','20-jun-1987','Portiere'),
  ('014044','Everton FC',31,'Andy','Lonergan','19-oct-1983','Portiere'),
  ('118534','Everton FC',5,'Michael','Keane','11-jan-1993','Difensore'),
  ('343475','Everton FC',22,'Ben','Godfrey','15-jan-1998','Difensore'),
  ('289446','Everton FC',13,'Yerry','Mina','23-sep-1994','Difensore'),
  ('348623','Everton FC',4,'Mason','Holgate','22-oct-1996','Difensore'),
  ('661053','Everton FC',32,'Jarrad','Branthwaite','27-jun-2002','Difensore'),
  ('404842','Everton FC',19,'Vitaliy','Mykolenko','29-may-1999','Difensore'),
  ('258883','Everton FC',2,'Jonjoe','Kenny','15-mar-1997','Difensore'),
  ('068390','Everton FC',23,'Seamus','Coleman','11-oct-1988','Difensore'),
  ('424015','Everton FC',3,'Nathan','Patterson','16-oct-2001','Difensore'),
  ('126422','Everton FC',6,'Allan','null','8-jan-1991','Centrocampista'),
  ('127187','Everton FC',16,'Abdoulaye','Doucouré','1-jan-1993','Centrocampista'),
  ('288255','Everton FC',30,'Donny','van de Beek','18-apr-1997','Centrocampista'),
  ('221025','Everton FC',21,'André','Gomes','30-jul-1993','Centrocampista'),
  ('314210','Everton FC',26,'Tom','Davies','30-jun-1998','Centrocampista'),
  ('050362','Everton FC',8,'Fabian','Delph','21-nov-1989','Centrocampista'),
  ('207929','Everton FC',36,'Dele','Alli','11-apr-1996','Centrocampista'),
  ('090466','Everton FC',10,'Gylfi','Sigurdsson','8-sep-1989','Centrocampista'),
  ('292417','Everton FC',11,'Demarai','Gray','28-jun-1996','Attaccante'),
  ('242631','Everton FC',17,'Alex','Iwobi','3-may-1996','Attaccante'),
  ('503733','Everton FC',24,'Anthony','Gordon','24-feb-2001','Attaccante'),
  ('183720','Everton FC',34,'Anwar','El Ghazi','3-may-1995','Attaccante'),
  ('061842','Everton FC',14,'Andros','Townsend','16-jul-1991','Attaccante'),
  ('378710','Everton FC',7,'Richarlison','null','10-may-1997','Attaccante'),
  ('306024','Everton FC',9,'Dominic','Calvert-Lewin','16-mar-1997','Attaccante'),
  ('080197','Everton FC',33,'Salomón','Rondón','16-sep-1989','Attaccante'),
  ('045671','Everton FC',28,'Cenk','Tosun','7-jun-1991','Attaccante'),
  ('111873','Aston Villa',1,'Emiliano','Martínez','2-sep-1992','Portiere'),
  ('075458','Aston Villa',25,'Robin','Olsen','8-jan-1990','Portiere'),
  ('253677','Aston Villa',5,'Tyrone','Mings','13-mar-1993','Difensore'),
  ('413403','Aston Villa',4,'Ezri','Konsa','23-oct-1997','Difensore'),
  ('215118','Aston Villa',16,'Calum','Chambers','20-jan-1995','Difensore'),
  ('233124','Aston Villa',30,'Kortney','Hause','16-jul-1995','Difensore'),
  ('126664','Aston Villa',27,'Lucas','Digne','20-jul-1993','Difensore'),
  ('014086','Aston Villa',18,'Ashley','Young','9-jul-1985','Difensore'),
  ('425334','Aston Villa',2,'Matty','Cash','7-aug-1997','Difensore'),
  ('447661','Aston Villa',6,'Douglas Luiz','null','9-may-1998','Centrocampista'),
  ('324882','Aston Villa',19,'Marvelous','Nakamba','19-jan-1994','Centrocampista'),
  ('193116','Aston Villa',7,'John','McGinn','18-oct-1994','Centrocampista'),
  ('503749','Aston Villa',41,'Jacob','Ramsey','28-may-2001','Centrocampista'),
  ('174094','Aston Villa',8,'Morgan','Sanson','18-aug-1994','Centrocampista'),
  ('659459','Aston Villa',33,'Carney','Chukwuemeka','20-oct-2003','Centrocampista'),
  ('387626','Aston Villa',31,'Leon','Bailey','9-aug-1997','Attaccante'),
  ('080444','Aston Villa',23,'Philippe','Coutinho','12-jun-1992','Attaccante'),
  ('321247','Aston Villa',10,'Emiliano','Buendía','25-dec-1996','Attaccante'),
  ('131996','Aston Villa',15,'Bertrand','Traoré','6-sep-1995','Attaccante'),
  ('324358','Aston Villa',11,'Ollie','Watkins','30-dec-1995','Attaccante'),
  ('134294','Aston Villa',20,'Danny','Ings','23-jul-1992','Attaccante'),
  ('120629','West Ham United',13,'Alphonse','Areola','27-feb-1993','Portiere'),
  ('029692','West Ham United',1,'Lukasz','Fabianski','18-apr-1985','Portiere'),
  ('051321','West Ham United',35,'Darren','Randolph','12-may-1987','Portiere'),
  ('015930','West Ham United',25,'David','Martin','22-jan-1986','Portiere'),
  ('157509','West Ham United',4,'Kurt','Zouma','27-oct-1994','Difensore'),
  ('272622','West Ham United',23,'Issa','Diop','9-jan-1997','Difensore'),
  ('121477','West Ham United',15,'Craig','Dawson','6-may-1990','Difensore'),
  ('048002','West Ham United',21,'Angelo','Ogbonna','23-may-1988','Difensore'),
  ('181380','West Ham United',26,'Arthur','Masuaku','7-nov-1993','Difensore'),
  ('092571','West Ham United',3,'Aaron','Cresswell','15-dec-1989','Difensore'),
  ('157672','West Ham United',5,'Vladimir','Coufal','22-aug-1992','Difensore'),
  ('468002','West Ham United',31,'Ben','Johnson','24-jan-2000','Difensore'),
  ('140191','West Ham United',24,'Ryan','Fredericks','10-oct-1992','Difensore'),
  ('357662','West Ham United',41,'Declan','Rice','14-jan-1999','Centrocampista'),
  ('283628','West Ham United',28,'Tomas','Soucek','27-feb-1995','Centrocampista'),
  ('337333','West Ham United',33,'Alex','Kral','19-may-1998','Centrocampista'),
  ('031835','West Ham United',16,'Mark','Noble','8-may-1987','Centrocampista'),
  ('293200','West Ham United',11,'Nikola','Vlasic','4-oct-1997','Centrocampista'),
  ('357885','West Ham United',8,'Pablo','Fornals','22-feb-1996','Centrocampista'),
  ('135853','West Ham United',10,'Manuel','Lanzini','15-feb-1993','Centrocampista'),
  ('290532','West Ham United',22,'Saïd','Benrahma','10-aug-1995','Attaccante'),
  ('314875','West Ham United',20,'Jarrod','Bowen','20-dec-1996','Attaccante'),
  ('069015','West Ham United',7,'Andriy','Yarmolenko','23-oct-1989','Attaccante'),
  ('104124','West Ham United',9,'Michail','Antonio','28-mar-1990','Attaccante'),
  ('249994','Wolverhampton Wanderers',1,'José','Sá','17-jan-1993','Portiere'),
  ('293257','Wolverhampton Wanderers',null,'Matija','Sarkic','23-jul-1997','Portiere'),
  ('029712','Wolverhampton Wanderers',21,'John','Ruddy','24-oct-1986','Portiere'),
  ('128901','Wolverhampton Wanderers',16,'Conor','Coady','25-feb-1993','Difensore'),
  ('525247','Wolverhampton Wanderers',23,'Max','Kilman','23-may-1997','Difensore'),
  ('204198','Wolverhampton Wanderers',27,'Romain','Saïss','26-mar-1990','Difensore'),
  ('142310','Wolverhampton Wanderers',15,'Willy','Boly','3-feb-1991','Difensore'),
  ('716276','Wolverhampton Wanderers',14,'Yerson','Mosquera','2-may-2001','Difensore'),
  ('606718','Wolverhampton Wanderers',24,'Toti','Gomes','16-jan-1999','Difensore'),
  ('578391','Wolverhampton Wanderers',3,'Rayan','Aït-Nouri','6-jun-2001','Difensore'),
  ('175446','Wolverhampton Wanderers',19,'Jonny','Otto','3-mar-1994','Difensore'),
  ('137745','Wolverhampton Wanderers',5,'Marçal','null','19-feb-1989','Difensore'),
  ('231572','Wolverhampton Wanderers',22,'Nélson','Semedo','16-nov-1993','Difensore'),
  ('485583','Wolverhampton Wanderers',2,'Ki-Jana','Hoever','18-jan-2002','Difensore'),
  ('225161','Wolverhampton Wanderers',8,'Rúben','Neves','13-mar-1997','Centrocampista'),
  ('168157','Wolverhampton Wanderers',32,'Leander','Dendoncker','15-apr-1995','Centrocampista'),
  ('029364','Wolverhampton Wanderers',28,'João','Moutinho','8-sep-1986','Centrocampista'),
  ('532541','Wolverhampton Wanderers',39,'Luke','Cundle','26-apr-2002','Centrocampista'),
  ('487465','Wolverhampton Wanderers',7,'Pedro','Neto','9-mar-2000','Attaccante'),
  ('695454','Wolverhampton Wanderers',20,'Chiquinho','null','5-feb-2000','Attaccante'),
  ('256977','Wolverhampton Wanderers',10,'Daniel','Podence','21-oct-1995','Attaccante'),
  ('412669','Wolverhampton Wanderers',11,'Francisco','Trincão','29-dec-1999','Attaccante'),
  ('206040','Wolverhampton Wanderers',9,'Raúl','Jiménez','5-may-1991','Attaccante'),
  ('505653','Wolverhampton Wanderers',17,'Fábio','Silva','19-jul-2002','Attaccante'),
  ('292246','Wolverhampton Wanderers',26,'Hee-chan','Hwang','26-jan-1996','Attaccante'),
  ('074960','Newcastle United',1,'Martin','Dubravka','15-jan-1989','Portiere'),
  ('099397','Newcastle United',26,'Karl','Darlow','8-oct-1990','Portiere'),
  ('142389','Newcastle United',29,'Mark','Gillespie','27-mar-1992','Portiere'),
  ('183318','Newcastle United',6,'Jamaal','Lascelles','11-nov-1993','Difensore'),
  ('135343','Newcastle United',5,'Fabian','Schär','20-dec-1991','Difensore'),
  ('134270','Newcastle United',33,'Dan','Burn','9-may-1992','Difensore'),
  ('098240','Newcastle United',2,'Ciaran','Clark','26-sep-1989','Difensore'),
  ('085475','Newcastle United',18,'Federico','Fernández','21-feb-1989','Difensore'),
  ('250478','Newcastle United',13,'Matt','Targett','18-sep-1995','Difensore'),
  ('346018','Newcastle United',12,'Jamal','Lewis','25-jan-1998','Difensore'),
  ('170321','Newcastle United',3,'Paul','Dummett','26-sep-1991','Difensore'),
  ('092469','Newcastle United',11,'Matt','Ritchie','10-sep-1989','Difensore'),
  ('095810','Newcastle United',15,'Kieran','Trippier','19-sep-1990','Difensore'),
  ('184528','Newcastle United',17,'Emil','Krafth','2-aug-1994','Difensore'),
  ('162029','Newcastle United',19,'Javier','Manquillo','5-may-1994','Difensore'),
  ('520624','Newcastle United',39,'Bruno','Guimarães','16-nov-1997','Centrocampista'),
  ('206225','Newcastle United',14,'Isaac','Hayden','22-mar-1995','Centrocampista'),
  ('340329','Newcastle United',28,'Joe','Willock','20-aug-1999','Centrocampista'),
  ('346707','Newcastle United',36,'Sean','Longstaff','30-oct-1997','Centrocampista'),
  ('071292','Newcastle United',8,'Jonjo','Shelvey','27-feb-1992','Centrocampista'),
  ('272999','Newcastle United',24,'Miguel','Almirón','10-feb-1994','Centrocampista'),
  ('333241','Newcastle United',7,'Joelinton','null','14-aug-1996','Centrocampista'),
  ('272642','Newcastle United',10,'Allan','Saint-Maximin','12-mar-1997','Attaccante'),
  ('146795','Newcastle United',21,'Ryan','Fraser','24-feb-1994','Attaccante'),
  ('199527','Newcastle United',23,'Jacob','Murphy','24-feb-1995','Attaccante'),
  ('123682','Newcastle United',9,'Callum','Wilson','27-feb-1992','Attaccante'),
  ('108725','Newcastle United',20,'Chris','Wood','7-dec-1991','Attaccante'),
  ('196522','Newcastle United',34,'Dwight','Gayle','17-oct-1989','Attaccante'),
  ('542586','Leeds United',1,'Illan','Meslier','2-mar-2000','Portiere'),
  ('418561','Leeds United',13,'Kristoffer','Klaesson','27-nov-2000','Portiere'),
  ('246291','Leeds United',14,'Diego','Llorente','16-aug-1993','Difensore'),
  ('328784','Leeds United',5,'Robin','Koch','17-jul-1996','Difensore'),
  ('410708','Leeds United',21,'Pascal','Struijk','11-aug-1999','Difensore'),
  ('075067','Leeds United',6,'Liam','Cooper','30-aug-1991','Difensore'),
  ('597659','Leeds United',35,'Charlie','Cresswell','17-aug-2002','Difensore'),
  ('374139','Leeds United',3,'Junior','Firpo','22-aug-1996','Difensore'),
  ('614082','Leeds United',45,'Liam','McCarron','7-mar-2001','Difensore'),
  ('067420','Leeds United',2,'Luke','Ayling','25-aug-1991','Difensore'),
  ('158764','Leeds United',15,'Stuart','Dallas','19-apr-1991','Difensore'),
  ('351749','Leeds United',23,'Kalvin','Phillips','2-dec-1995','Centrocampista'),
  ('092738','Leeds United',43,'Mateusz','Klich','13-jun-1990','Centrocampista'),
  ('534700','Leeds United',46,'Jamie','Shackleton','8-oct-1999','Centrocampista'),
  ('121257','Leeds United',4,'Adam','Forshaw','8-oct-1991','Centrocampista'),
  ('319301','Leeds United',20,'Daniel','James','10-nov-1997','Attaccante'),
  ('417346','Leeds United',22,'Jack','Harrison','20-nov-1996','Attaccante'),
  ('411295','Leeds United',10,'Raphinha','null','14-dec-1996','Attaccante'),
  ('474701','Leeds United',38,'Crysencio','Summerville','30-oct-2001','Attaccante'),
  ('131505','Leeds United',19,'Rodrigo','null','6-mar-1991','Attaccante'),
  ('296986','Leeds United',11,'Tyler','Roberts','12-jan-1999','Attaccante'),
  ('183334','Leeds United',9,'Patrick','Bamford','5-sep-1993','Attaccante'),
  ('503980','Leeds United',30,'Joe','Gelhardt','4-may-2002','Attaccante'),
  ('532178','Leeds United',42,'Sam','Greenwood','26-jan-2002','Attaccante'),
  ('095976','Southampton FC',1,'Alex','McCarthy','3-dec-1989','Portiere'),
  ('052570','Southampton FC',44,'Fraser','Forster','17-mar-1988','Portiere'),
  ('019948','Southampton FC',13,'Willy','Caballero','28-sep-1981','Portiere'),
  ('341043','Southampton FC',41,'Harry','Lewis','20-dec-1997','Portiere'),
  ('243028','Southampton FC',35,'Jan','Bednarek','12-apr-1996','Difensore'),
  ('563963','Southampton FC',22,'Mohammed','Salisu','17-apr-1999','Difensore'),
  ('163744','Southampton FC',5,'Jack','Stephens','27-jan-1994','Difensore'),
  ('379807','Southampton FC',4,'Lyanco','null','1-feb-1997','Difensore'),
  ('318523','Southampton FC',15,'Romain','Perraud','22-sep-1997','Difensore'),
  ('341051','Southampton FC',2,'Kyle','Walker-Peters','13-apr-1997','Difensore'),
  ('503981','Southampton FC',21,'Tino','Livramento','12-nov-2002','Difensore'),
  ('406008','Southampton FC',43,'Yan','Valery','22-feb-1999','Difensore'),
  ('413032','Southampton FC',27,'Ibrahima','Diallo','8-mar-1999','Centrocampista'),
  ('066100','Southampton FC',6,'Oriol','Romeu','24-sep-1991','Centrocampista'),
  ('181579','Southampton FC',8,'James','Ward-Prowse','1-nov-1994','Centrocampista'),
  ('130765','Southampton FC',17,'Stuart','Armstrong','30-mar-1992','Centrocampista'),
  ('444211','Southampton FC',20,'Will','Smallbone','21-feb-2000','Centrocampista'),
  ('129078','Southampton FC',11,'Nathan','Redmond','6-mar-1994','Attaccante'),
  ('485424','Southampton FC',19,'Moussa','Djenepo','15-jun-1998','Attaccante'),
  ('186644','Southampton FC',24,'Mohamed','Elyounoussi','4-aug-1994','Attaccante'),
  ('033713','Southampton FC',32,'Theo','Walcott','16-mar-1989','Attaccante'),
  ('340322','Southampton FC',23,'Nathan','Tella','5-jul-1999','Attaccante'),
  ('346779','Southampton FC',10,'Ché','Adams','13-jul-1996','Attaccante'),
  ('250426','Southampton FC',9,'Adam','Armstrong','10-feb-1997','Attaccante'),
  ('571743','Southampton FC',18,'Armando','Broja','10-sep-2001','Attaccante'),
  ('037304','Southampton FC',7,'Shane','Long','22-jan-1987','Attaccante'),
  ('128899','Crystal Palace',1,'Jack','Butland','10-mar-1993','Portiere'),
  ('064399','Crystal Palace',13,'Vicente','Guaita','10-jan-1987','Portiere'),
  ('196722','Crystal Palace',19,'Remi','Matthews','10-feb-1994','Portiere'),
  ('392757','Crystal Palace',6,'Marc','Guehi','13-jul-2000','Difensore'),
  ('260827','Crystal Palace',16,'Joachim','Andersen','31-may-1996','Difensore'),
  ('507254','Crystal Palace',36,'Nathan','Ferguson','6-oct-2000','Difensore'),
  ('061592','Crystal Palace',5,'James','Tomkins','29-mar-1989','Difensore'),
  ('327755','Crystal Palace',33,'Jaroslaw','Jach','17-feb-1994','Difensore'),
  ('730893','Crystal Palace',3,'Tyrick','Mitchell','1-sep-1999','Difensore'),
  ('092572','Crystal Palace',2,'Joel','Ward','29-oct-1989','Difensore'),
  ('085177','Crystal Palace',17,'Nathaniel','Clyne','5-apr-1991','Difensore'),
  ('078959','Crystal Palace',34,'Martin','Kelly','27-apr-1990','Difensore'),
  ('074300','Crystal Palace',4,'Luka','Milivojevic','7-apr-1991','Centrocampista'),
  ('241481','Crystal Palace',44,'Jairo','Riedewald','9-sep-1996','Centrocampista'),
  ('066934','Crystal Palace',8,'Cheikhou','Kouyaté','21-dec-1989','Centrocampista'),
  ('488362','Crystal Palace',23,'Conor','Gallagher','6-feb-2000','Centrocampista'),
  ('207014','Crystal Palace',12,'Will','Hughes','17-apr-1995','Centrocampista'),
  ('041416','Crystal Palace',18,'James','McArthur','7-oct-1987','Centrocampista'),
  ('566723','Crystal Palace',7,'Michael','Olise','12-dec-2001','Centrocampista'),
  ('157506','Crystal Palace',15,'Jeffrey','Schlupp','23-dec-1992','Centrocampista'),
  ('479999','Crystal Palace',10,'Eberechi','Eze','29-jun-1998','Centrocampista'),
  ('145988','Crystal Palace',11,'Wilfried','Zaha','10-nov-1992','Attaccante'),
  ('344152','Crystal Palace',22,'Odsonne','Edouard','16-jan-1998','Attaccante'),
  ('050201','Crystal Palace',20,'Christian','Benteke','3-dec-1990','Attaccante'),
  ('108354','Crystal Palace',9,'Jordan','Ayew','11-sep-1991','Attaccante'),
  ('420002','Crystal Palace',14,'Jean-Philippe','Mateta','28-jun-1997','Attaccante'),
  ('403151','Brighton & Hove Albion',1,'Robert','Sánchez','18-nov-1997','Portiere'),
  ('073564','Brighton & Hove Albion',23,'Jason','Steele','18-aug-1990','Portiere'),
  ('148153','Brighton & Hove Albion',5,'Lewis','Dunk','21-nov-1991','Difensore'),
  ('212847','Brighton & Hove Albion',4,'Adam','Webster','4-jan-1995','Difensore'),
  ('119269','Brighton & Hove Albion',24,'Shane','Duffy','1-jan-1992','Difensore'),
  ('533523','Brighton & Hove Albion',28,'Haydon','Roberts','10-may-2002','Difensore'),
  ('284857','Brighton & Hove Albion',3,'Marc','Cucurella','22-jul-1998','Difensore'),
  ('504148','Brighton & Hove Albion',2,'Tariq','Lamptey','30-sep-2000','Difensore'),
  ('111195','Brighton & Hove Albion',34,'Joël','Veltman','15-jan-1992','Difensore'),
  ('433976','Brighton & Hove Albion',35,'Tudor','Baluta','27-mar-1999','Centrocampista'),
  ('410425','Brighton & Hove Albion',8,'Yves','Bissouma','30-aug-1996','Centrocampista'),
  ('490307','Brighton & Hove Albion',12,'Enock','Mwepu','1-jan-1998','Centrocampista'),
  ('384461','Brighton & Hove Albion',15,'Jakub','Moder','7-apr-1999','Centrocampista'),
  ('082873','Brighton & Hove Albion',13,'Pascal','Groß','15-jun-1991','Centrocampista'),
  ('476237','Brighton & Hove Albion',17,'Steven','Alzate','8-sep-1998','Centrocampista'),
  ('687626','Brighton & Hove Albion',25,'Moisés','Caicedo','2-nov-2001','Centrocampista'),
  ('209212','Brighton & Hove Albion',20,'Solly','March','20-jul-1994','Centrocampista'),
  ('534033','Brighton & Hove Albion',10,'Alexis','Mac Allister','24-dec-1998','Centrocampista'),
  ('043530','Brighton & Hove Albion',14,'Adam','Lallana','10-may-1988','Centrocampista'),
  ('144028','Brighton & Hove Albion',11,'Leandro','Trossard','4-dec-1994','Attaccante'),
  ('217115','Brighton & Hove Albion',9,'Neal','Maupay','14-aug-1996','Attaccante'),
  ('067063','Brighton & Hove Albion',18,'Danny','Welbeck','26-nov-1990','Attaccante'),
  ('262749','Brentford FC',1,'David','Raya','15-sep-1995','Portiere'),
  ('453704','Brentford FC',40,'Álvaro','Fernández','13-apr-1998','Portiere'),
  ('048870','Brentford FC',49,'Jonas','Lössl','1-feb-1989','Portiere'),
  ('328658','Brentford FC',20,'Kristoffer','Ajer','17-apr-1998','Difensore'),
  ('442248','Brentford FC',5,'Ethan','Pinnock','29-may-1993','Difensore'),
  ('125314','Brentford FC',18,'Pontus','Jansson','13-feb-1991','Difensore'),
  ('372240','Brentford FC',29,'Mads','Bech Sörensen','7-jan-1999','Difensore'),
  ('052059','Brentford FC',22,'Zanka','null','23-apr-1990','Difensore'),
  ('134277','Brentford FC',23,'Julian','Jeanvier','31-mar-1992','Difensore'),
  ('339556','Brentford FC',3,'Rico','Henry','8-jul-1997','Difensore'),
  ('391005','Brentford FC',30,'Mads','Roerslev Rasmussen','24-jun-1999','Difensore'),
  ('587019','Brentford FC',36,'Fin','Stevens','10-apr-2003','Difensore'),
  ('340321','Brentford FC',10,'Josh','Dasilva','23-oct-1998','Centrocampista'),
  ('270171','Brentford FC',27,'Vitaly','Janelt','10-may-1998','Centrocampista'),
  ('148367','Brentford FC',6,'Christian','Nörgaard','10-mar-1994','Centrocampista'),
  ('421637','Brentford FC',15,'Frank','Onyeka','1-jan-1998','Centrocampista'),
  ('319859','Brentford FC',8,'Mathias','Jensen','1-jan-1996','Centrocampista'),
  ('533916','Brentford FC',26,'Shandon','Baptiste','8-apr-1998','Centrocampista'),
  ('069633','Brentford FC',21,'Christian','Eriksen','14-feb-1992','Centrocampista'),
  ('204294','Brentford FC',14,'Saman','Ghoddos','6-sep-1993','Centrocampista'),
  ('388165','Brentford FC',11,'Yoane','Wissa','3-sep-1996','Attaccante'),
  ('249873','Brentford FC',24,'Tariqe','Fosu','5-nov-1995','Attaccante'),
  ('413039','Brentford FC',19,'Bryan','Mbeumo','7-aug-1999','Attaccante'),
  ('251845','Brentford FC',7,'Sergi','Canós','2-feb-1997','Attaccante'),
  ('251664','Brentford FC',17,'Ivan','Toney','16-mar-1996','Attaccante'),
  ('201574','Norwich City',28,'Angus','Gunn','22-jan-1996','Portiere'),
  ('033027','Norwich City',1,'Tim','Krul','3-apr-1988','Portiere'),
  ('029391','Norwich City',33,'Michael','McGovern','12-jul-1984','Portiere'),
  ('361260','Norwich City',15,'Ozan','Kabak','25-mar-2000','Difensore'),
  ('128904','Norwich City',4,'Ben','Gibson','15-jan-1993','Difensore'),
  ('121385','Norwich City',5,'Grant','Hanley','20-nov-1991','Difensore'),
  ('077812','Norwich City',6,'Christoph','Zimmermann','12-jan-1993','Difensore'),
  ('621993','Norwich City',44,'Andrew','Omobamidele','23-jun-2002','Difensore'),
  ('507700','Norwich City',21,'Brandon','Williams','3-sep-2000','Difensore'),
  ('295630','Norwich City',30,'Dimitrios','Giannoulis','17-oct-1995','Difensore'),
  ('471690','Norwich City',2,'Max','Aarons','4-jan-2000','Difensore'),
  ('236953','Norwich City',3,'Sam','Byram','16-sep-1993','Difensore'),
  ('257805','Norwich City',16,'Mathias','Normann','28-may-1996','Centrocampista'),
  ('390664','Norwich City',19,'Jacob','Lungi Sörensen','3-mar-1998','Centrocampista'),
  ('423744','Norwich City',8,'Billy','Gilmour','11-jun-2001','Centrocampista'),
  ('377393','Norwich City',20,'Pierre','Lees-Melou','25-may-1993','Centrocampista'),
  ('126600','Norwich City',23,'Kenny','McLean','8-jan-1992','Centrocampista'),
  ('082863','Norwich City',7,'Lukas','Rupp','8-jan-1991','Centrocampista'),
  ('258916','Norwich City',10,'Kieran','Dowell','10-oct-1997','Centrocampista'),
  ('451677','Norwich City',18,'Christos','Tzolis','30-jan-2002','Attaccante'),
  ('383109','Norwich City',11,'Przemyslaw','Placheta','23-mar-1998','Attaccante'),
  ('672381','Norwich City',46,'Jonathan','Rowe','30-apr-2003','Attaccante'),
  ('291739','Norwich City',17,'Milot','Rashica','28-jun-1996','Attaccante'),
  ('393325','Norwich City',24,'Josh','Sargent','20-feb-2000','Attaccante'),
  ('046972','Norwich City',22,'Teemu','Pukki','29-mar-1990','Attaccante'),
  ('434223','Norwich City',35,'Adam','Idah','11-feb-2001','Attaccante'),
  ('192080','Burnley FC',1,'Nick','Pope','19-apr-1992','Portiere'),
  ('045494','Burnley FC',13,'Wayne','Hennessey','24-jan-1987','Portiere'),
  ('285033','Burnley FC',25,'Will','Norris','12-aug-1993','Portiere'),
  ('173504','Burnley FC',5,'James','Tarkowski','19-nov-1992','Difensore'),
  ('469050','Burnley FC',22,'Nathan','Collins','30-apr-2001','Difensore'),
  ('074810','Burnley FC',6,'Ben','Mee','21-sep-1989','Difensore'),
  ('111114','Burnley FC',28,'Kevin','Long','18-aug-1990','Difensore'),
  ('195633','Burnley FC',3,'Charlie','Taylor','18-sep-1993','Difensore'),
  ('043763','Burnley FC',23,'Erik','Pieters','7-aug-1988','Difensore'),
  ('214666','Burnley FC',14,'Connor','Roberts','23-sep-1995','Difensore'),
  ('102258','Burnley FC',2,'Matthew','Lowton','9-jun-1989','Difensore'),
  ('015773','Burnley FC',26,'Phil','Bardsley','28-jun-1985','Difensore'),
  ('091317','Burnley FC',18,'Ashley','Westwood','1-apr-1990','Centrocampista'),
  ('040613','Burnley FC',4,'Jack','Cork','25-jun-1989','Centrocampista'),
  ('293569','Burnley FC',8,'Josh','Brownhill','19-dec-1995','Centrocampista'),
  ('049755','Burnley FC',16,'Dale','Stephens','12-jun-1989','Centrocampista'),
  ('584769','Burnley FC',11,'Dwight','McNeil','22-nov-1999','Attaccante'),
  ('234781','Burnley FC',20,'Maxwel','Cornet','27-sep-1996','Attaccante'),
  ('089231','Burnley FC',7,'Jóhann Berg','Gudmundsson','27-oct-1990','Attaccante'),
  ('014221','Burnley FC',17,'Aaron','Lennon','16-apr-1987','Attaccante'),
  ('228645','Burnley FC',9,'Wout','Weghorst','7-aug-1992','Attaccante'),
  ('053360','Burnley FC',19,'Jay','Rodríguez','29-jul-1989','Attaccante'),
  ('101500','Burnley FC',27,'Matej','Vydra','1-may-1992','Attaccante'),
  ('063200','Burnley FC',10,'Ashley','Barnes','30-oct-1989','Attaccante'),
  ('120186','Watford FC',26,'Daniel','Bachmann','9-jul-1994','Portiere'),
  ('013572','Watford FC',1,'Ben','Foster','3-apr-1983','Portiere'),
  ('039037','Watford FC',35,'Rob','Elliot','30-apr-1986','Portiere'),
  ('192875','Watford FC',5,'William','Troost-Ekong','1-sep-1993','Difensore'),
  ('255744','Watford FC',22,'Samir','null','5-dec-1994','Difensore'),
  ('060577','Watford FC',13,'Nicolas','N''Koulou','27-mar-1990','Difensore'),
  ('081512','Watford FC',27,'Christian','Kabasele','24-feb-1991','Difensore'),
  ('059606','Watford FC',15,'Craig','Cathcart','6-feb-1989','Difensore'),
  ('371436','Watford FC',31,'Francisco','Sierralta','6-may-1997','Difensore'),
  ('290017','Watford FC',14,'Hassane','Kamara','5-mar-1994','Difensore'),
  ('286949','Watford FC',11,'Adam','Masina','2-jan-1994','Difensore'),
  ('050174','Watford FC',3,'Danny','Rose','2-jul-1990','Difensore'),
  ('503795','Watford FC',2,'Jeremy','Ngakia','7-sep-2000','Difensore'),
  ('076467','Watford FC',21,'Kiko','Femenía','2-feb-1991','Difensore'),
  ('486477','Watford FC',39,'Edo','Kayembe','3-jun-1998','Centrocampista'),
  ('635336','Watford FC',6,'Imrân','Louza','1-may-1999','Centrocampista'),
  ('046001','Watford FC',19,'Moussa','Sissoko','16-aug-1989','Centrocampista'),
  ('409106','Watford FC',4,'Peter','Etebo','9-nov-1995','Centrocampista'),
  ('073484','Watford FC',8,'Tom','Cleverley','12-aug-1989','Centrocampista'),
  ('074943','Watford FC',33,'Juraj','Kucka','26-feb-1987','Centrocampista'),
  ('044983','Watford FC',16,'Dan','Gosling','1-feb-1990','Centrocampista'),
  ('252345','Watford FC',12,'Ken','Sema','30-sep-1993','Centrocampista'),
  ('711247','Watford FC',34,'Kwadwo','Baah','27-jan-2003','Attaccante'),
  ('410225','Watford FC',23,'Ismaïla','Sarr','25-feb-1998','Attaccante'),
  ('424051','Watford FC',28,'Samuel','Kalu','26-aug-1997','Attaccante'),
  ('091059','Watford FC',7,'Joshua','King','15-jan-1992','Attaccante'),
  ('626724','Watford FC',10,'João Pedro','null','26-sep-2001','Attaccante'),
  ('459463','Watford FC',29,'Cucho','Hernández','20-apr-1999','Attaccante'),
  ('448854','Watford FC',25,'Emmanuel','Dennis','15-nov-1997','Attaccante');

insert into Partite values
  ('GB100000',2,'Manchester City','Norwich City',5,0),
  ('GB100001',3,'Manchester City','Arsenal FC',5,0),
  ('GB100002',5,'Manchester City','Southampton FC',0,0),
  ('GB100003',8,'Manchester City','Burnley FC',2,0),
  ('GB100004',10,'Manchester City','Crystal Palace',0,2),
  ('GB100005',12,'Manchester City','Everton FC',3,0),
  ('GB100006',13,'Manchester City','West Ham United',2,1),
  ('GB100007',16,'Manchester City','Wolverhampton Wanderers',1,0),
  ('GB100008',17,'Manchester City','Leeds United',7,0),
  ('GB100009',19,'Manchester City','Leicester City',6,3),
  ('GB100010',2,'Liverpool FC','Burnley FC',2,0),
  ('GB100011',3,'Liverpool FC','Chelsea FC',1,1),
  ('GB100012',5,'Liverpool FC','Crystal Palace',3,0),
  ('GB100013',7,'Liverpool FC','Manchester City',2,2),
  ('GB100014',10,'Liverpool FC','Brighton & Hove Albion',2,2),
  ('GB100015',12,'Liverpool FC','Arsenal FC',4,0),
  ('GB100016',13,'Liverpool FC','Southampton FC',4,0),
  ('GB100017',16,'Liverpool FC','Aston Villa',1,0),
  ('GB100018',17,'Liverpool FC','Newcastle United',3,1),
  ('GB100019',19,'Liverpool FC','Leeds United',6,0),
  ('GB100020',1,'Chelsea FC','Crystal Palace',3,0),
  ('GB100021',4,'Chelsea FC','Aston Villa',3,0),
  ('GB100022',6,'Chelsea FC','Manchester City',0,1),
  ('GB100023',7,'Chelsea FC','Southampton FC',3,1),
  ('GB100024',9,'Chelsea FC','Norwich City',7,0),
  ('GB100025',11,'Chelsea FC','Burnley FC',1,1),
  ('GB100026',13,'Chelsea FC','Manchester United',1,1),
  ('GB100027',16,'Chelsea FC','Leeds United',3,2),
  ('GB100028',17,'Chelsea FC','Everton FC',1,1),
  ('GB100029',2,'Arsenal FC','Chelsea FC',0,2),
  ('GB100030',4,'Arsenal FC','Norwich City',1,0),
  ('GB100031',6,'Arsenal FC','Tottenham Hotspur',3,1),
  ('GB100032',8,'Arsenal FC','Crystal Palace',2,2),
  ('GB100033',9,'Arsenal FC','Aston Villa',3,1),
  ('GB100034',11,'Arsenal FC','Watford FC',1,0),
  ('GB100035',13,'Arsenal FC','Newcastle United',2,0),
  ('GB100036',16,'Arsenal FC','Southampton FC',3,0),
  ('GB100037',17,'Arsenal FC','West Ham United',2,0),
  ('GB100038',1,'Manchester United','Leeds United',5,1),
  ('GB100039',4,'Manchester United','Newcastle United',4,1),
  ('GB100040',6,'Manchester United','Aston Villa',0,1),
  ('GB100041',7,'Manchester United','Everton FC',1,1),
  ('GB100042',9,'Manchester United','Liverpool FC',0,5),
  ('GB100043',11,'Manchester United','Manchester City',0,2),
  ('GB100044',14,'Manchester United','Arsenal FC',3,2),
  ('GB100045',15,'Manchester United','Crystal Palace',1,0),
  ('GB100046',18,'Manchester United','Brighton & Hove Albion',2,0),
  ('GB100047',1,'Tottenham Hotspur','Manchester City',1,0),
  ('GB100048',3,'Tottenham Hotspur','Watford FC',1,0),
  ('GB100049',5,'Tottenham Hotspur','Chelsea FC',0,3),
  ('GB100050',7,'Tottenham Hotspur','Aston Villa',2,1),
  ('GB100051',10,'Tottenham Hotspur','Manchester United',0,3),
  ('GB100052',12,'Tottenham Hotspur','Leeds United',2,1),
  ('GB100053',14,'Tottenham Hotspur','Brentford FC',2,0),
  ('GB100054',15,'Tottenham Hotspur','Norwich City',3,0),
  ('GB100055',18,'Tottenham Hotspur','Liverpool FC',2,2),
  ('GB100056',19,'Tottenham Hotspur','Crystal Palace',3,0),
  ('GB100057',2,'West Ham United','Leicester City',4,1),
  ('GB100058',3,'West Ham United','Crystal Palace',2,2),
  ('GB100059',5,'West Ham United','Manchester United',1,2),
  ('GB100060',7,'West Ham United','Brentford FC',1,2),
  ('GB100061',9,'West Ham United','Tottenham Hotspur',1,0),
  ('GB100062',11,'West Ham United','Liverpool FC',3,2),
  ('GB100063',14,'West Ham United','Brighton & Hove Albion',1,1),
  ('GB100064',15,'West Ham United','Chelsea FC',3,2),
  ('GB100065',18,'West Ham United','Norwich City',2,0),
  ('GB100066',19,'West Ham United','Southampton FC',2,3),
  ('GB100067',2,'Wolverhampton Wanderers','Tottenham Hotspur',0,1),
  ('GB100068',3,'Wolverhampton Wanderers','Manchester United',0,1),
  ('GB100069',5,'Wolverhampton Wanderers','Brentford FC',0,2),
  ('GB100070',7,'Wolverhampton Wanderers','Newcastle United',2,1),
  ('GB100071',10,'Wolverhampton Wanderers','Everton FC',2,1),
  ('GB100072',12,'Wolverhampton Wanderers','West Ham United',1,0),
  ('GB100073',14,'Wolverhampton Wanderers','Burnley FC',0,0),
  ('GB100074',15,'Wolverhampton Wanderers','Liverpool FC',0,1),
  ('GB100075',18,'Wolverhampton Wanderers','Chelsea FC',0,0),
  ('GB100076',1,'Leicester City','Wolverhampton Wanderers',1,0),
  ('GB100077',4,'Leicester City','Manchester City',0,1),
  ('GB100078',6,'Leicester City','Burnley FC',2,2),
  ('GB100079',8,'Leicester City','Manchester United',4,2),
  ('GB100080',10,'Leicester City','Arsenal FC',0,2),
  ('GB100081',12,'Leicester City','Chelsea FC',0,3),
  ('GB100082',13,'Leicester City','Watford FC',4,2),
  ('GB100083',16,'Leicester City','Newcastle United',4,0),
  ('GB100084',17,'Leicester City','Tottenham Hotspur',2,3),
  ('GB100085',2,'Southampton FC','Manchester United',1,1),
  ('GB100086',4,'Southampton FC','West Ham United',0,0),
  ('GB100087',6,'Southampton FC','Wolverhampton Wanderers',0,1),
  ('GB100088',8,'Southampton FC','Leeds United',1,0),
  ('GB100089',9,'Southampton FC','Burnley FC',2,2),
  ('GB100090',11,'Southampton FC','Aston Villa',1,0),
  ('GB100091',14,'Southampton FC','Leicester City',2,2),
  ('GB100092',15,'Southampton FC','Brighton & Hove Albion',1,1),
  ('GB100093',18,'Southampton FC','Brentford FC',4,1),
  ('GB100094',2,'Aston Villa','Newcastle United',2,0),
  ('GB100095',3,'Aston Villa','Brentford FC',1,1),
  ('GB100096',5,'Aston Villa','Everton FC',3,0),
  ('GB100097',8,'Aston Villa','Wolverhampton Wanderers',2,3),
  ('GB100098',10,'Aston Villa','West Ham United',1,4),
  ('GB100099',12,'Aston Villa','Brighton & Hove Albion',2,0),
  ('GB100100',14,'Aston Villa','Manchester City',1,2),
  ('GB100101',15,'Aston Villa','Leicester City',2,1),
  ('GB100102',18,'Aston Villa','Burnley FC',0,0),
  ('GB100103',19,'Aston Villa','Chelsea FC',1,3),
  ('GB100104',2,'Crystal Palace','Brentford FC',0,0),
  ('GB100105',4,'Crystal Palace','Tottenham Hotspur',3,0),
  ('GB100106',6,'Crystal Palace','Brighton & Hove Albion',1,1),
  ('GB100107',7,'Crystal Palace','Leicester City',2,2),
  ('GB100108',9,'Crystal Palace','Newcastle United',1,1),
  ('GB100109',11,'Crystal Palace','Wolverhampton Wanderers',2,0),
  ('GB100110',13,'Crystal Palace','Aston Villa',1,2),
  ('GB100111',16,'Crystal Palace','Everton FC',3,1),
  ('GB100112',17,'Crystal Palace','Southampton FC',2,2),
  ('GB100113',2,'Brighton & Hove Albion','Watford FC',2,0),
  ('GB100114',3,'Brighton & Hove Albion','Everton FC',0,2),
  ('GB100115',5,'Brighton & Hove Albion','Leicester City',2,1),
  ('GB100116',7,'Brighton & Hove Albion','Arsenal FC',0,0),
  ('GB100117',9,'Brighton & Hove Albion','Manchester City',1,4),
  ('GB100118',11,'Brighton & Hove Albion','Newcastle United',1,1),
  ('GB100119',13,'Brighton & Hove Albion','Leeds United',0,0),
  ('GB100120',17,'Brighton & Hove Albion','Wolverhampton Wanderers',0,1),
  ('GB100121',19,'Brighton & Hove Albion','Brentford FC',2,0),
  ('GB100122',1,'Newcastle United','West Ham United',2,4),
  ('GB100123',3,'Newcastle United','Southampton FC',2,2),
  ('GB100124',5,'Newcastle United','Leeds United',1,1),
  ('GB100125',8,'Newcastle United','Tottenham Hotspur',2,3),
  ('GB100126',10,'Newcastle United','Chelsea FC',0,3),
  ('GB100127',12,'Newcastle United','Brentford FC',3,3),
  ('GB100128',14,'Newcastle United','Norwich City',1,1),
  ('GB100129',15,'Newcastle United','Burnley FC',1,0),
  ('GB100130',18,'Newcastle United','Manchester City',0,4),
  ('GB100131',19,'Newcastle United','Manchester United',1,1),
  ('GB100132',1,'Brentford FC','Arsenal FC',2,0),
  ('GB100133',4,'Brentford FC','Brighton & Hove Albion',0,1),
  ('GB100134',6,'Brentford FC','Liverpool FC',3,3),
  ('GB100135',8,'Brentford FC','Chelsea FC',0,1),
  ('GB100136',9,'Brentford FC','Leicester City',1,2),
  ('GB100137',11,'Brentford FC','Norwich City',1,2),
  ('GB100138',13,'Brentford FC','Everton FC',1,0),
  ('GB100139',16,'Brentford FC','Watford FC',2,1),
  ('GB100140',17,'Brentford FC','Manchester United',1,3),
  ('GB100141',1,'Everton FC','Southampton FC',3,1),
  ('GB100142',4,'Everton FC','Burnley FC',3,1),
  ('GB100143',6,'Everton FC','Norwich City',2,0),
  ('GB100144',8,'Everton FC','West Ham United',0,1),
  ('GB100145',9,'Everton FC','Watford FC',2,5),
  ('GB100146',11,'Everton FC','Tottenham Hotspur',0,0),
  ('GB100147',14,'Everton FC','Liverpool FC',1,4),
  ('GB100148',15,'Everton FC','Arsenal FC',2,1),
  ('GB100149',18,'Everton FC','Leicester City',0,0),
  ('GB100150',1,'Burnley FC','Brighton & Hove Albion',1,2),
  ('GB100151',3,'Burnley FC','Leeds United',1,1),
  ('GB100152',5,'Burnley FC','Arsenal FC',0,1),
  ('GB100153',7,'Burnley FC','Norwich City',0,0),
  ('GB100154',10,'Burnley FC','Brentford FC',3,1),
  ('GB100155',12,'Burnley FC','Crystal Palace',3,3),
  ('GB100156',13,'Burnley FC','Tottenham Hotspur',1,0),
  ('GB100157',16,'Burnley FC','West Ham United',0,0),
  ('GB100158',17,'Burnley FC','Watford FC',0,0),
  ('GB100159',19,'Burnley FC','Everton FC',0,0),
  ('GB100160',2,'Leeds United','Everton FC',2,2),
  ('GB100161',4,'Leeds United','Liverpool FC',0,3),
  ('GB100162',6,'Leeds United','West Ham United',1,2),
  ('GB100163',7,'Leeds United','Watford FC',1,0),
  ('GB100164',9,'Leeds United','Wolverhampton Wanderers',1,1),
  ('GB100165',11,'Leeds United','Leicester City',1,1),
  ('GB100166',14,'Leeds United','Crystal Palace',1,0),
  ('GB100167',15,'Leeds United','Brentford FC',2,2),
  ('GB100168',18,'Leeds United','Arsenal FC',1,4),
  ('GB100169',1,'Watford FC','Aston Villa',3,2),
  ('GB100170',4,'Watford FC','Wolverhampton Wanderers',0,2),
  ('GB100171',6,'Watford FC','Newcastle United',1,1),
  ('GB100172',8,'Watford FC','Liverpool FC',0,5),
  ('GB100173',10,'Watford FC','Southampton FC',0,1),
  ('GB100174',12,'Watford FC','Manchester United',4,1),
  ('GB100175',14,'Watford FC','Chelsea FC',1,2),
  ('GB100176',15,'Watford FC','Manchester City',1,3),
  ('GB100177',18,'Watford FC','Crystal Palace',1,4),
  ('GB100178',1,'Norwich City','Liverpool FC',0,3),
  ('GB100179',3,'Norwich City','Leicester City',1,2),
  ('GB100180',5,'Norwich City','Watford FC',1,3),
  ('GB100181',8,'Norwich City','Brighton & Hove Albion',0,0),
  ('GB100182',10,'Norwich City','Leeds United',1,2),
  ('GB100183',12,'Norwich City','Southampton FC',2,1),
  ('GB100184',13,'Norwich City','Wolverhampton Wanderers',0,0),
  ('GB100185',16,'Norwich City','Manchester United',0,1),
  ('GB100186',17,'Norwich City','Aston Villa',0,2),
  ('GB100187',19,'Norwich City','Arsenal FC',0,5);

insert into Gol values
  ('GB100000',7,'033027',true),
  ('GB100000',22,'203460',false),
  ('GB100000',64,'176553',false),
  ('GB100000',71,'134425',false),
  ('GB100000',84,'171424',false),
  ('GB100001',7,'053622',false),
  ('GB100001',43,'363205',false),
  ('GB100003',12,'241641',false),
  ('GB100003',70,'088755',false),
  ('GB100004',6,'145988',false),
  ('GB100004',88,'488362',false),
  ('GB100005',44,'134425',false),
  ('GB100005',86,'241641',false),
  ('GB100006',33,'053622',false),
  ('GB100006',94,'135853',false),
  ('GB100007',66,'134425',false),
  ('GB100008',8,'406635',false),
  ('GB100008',13,'203460',false),
  ('GB100008',32,'088755',false),
  ('GB100008',49,'171424',false),
  ('GB100008',62,'088755',false),
  ('GB100008',74,'186590',false),
  ('GB100008',78,'177476',false),
  ('GB100009',5,'088755',false),
  ('GB100009',14,'171424',false),
  ('GB100009',21,'053622',false),
  ('GB100009',25,'134425',false),
  ('GB100009',55,'294057',false),
  ('GB100009',59,'406040',false),
  ('GB100009',65,'295330',false),
  ('GB100009',69,'176553',false),
  ('GB100009',87,'134425',false),
  ('GB100010',69,'200512',false),
  ('GB100011',22,'309400',false),
  ('GB100012',43,'200512',false),
  ('GB100012',89,'302215',false),
  ('GB100013',59,'200512',false),
  ('GB100013',69,'406635',false),
  ('GB100013',81,'088755',false),
  ('GB100014',4,'061651',false),
  ('GB100014',24,'200512',false),
  ('GB100014',41,'490307',false),
  ('GB100014',65,'144028',false),
  ('GB100015',39,'200512',false),
  ('GB100015',77,'165793',false),
  ('GB100016',52,'139208',false),
  ('GB100018',7,'071292',false),
  ('GB100018',87,'314353',false),
  ('GB100019',30,'082105',false),
  ('GB100019',80,'200512',false),
  ('GB100019',90,'200512',false),
  ('GB100019',93,'139208',false),
  ('GB100020',27,'112515',false),
  ('GB100020',40,'315779',false),
  ('GB100020',58,'346314',false),
  ('GB100021',15,'096341',false),
  ('GB100021',49,'051471',false),
  ('GB100021',93,'096341',false),
  ('GB100022',53,'363205',false),
  ('GB100023',9,'346314',false),
  ('GB100023',61,'181579',false),
  ('GB100023',84,'170527',false),
  ('GB100023',89,'316125',false),
  ('GB100024',8,'346483',false),
  ('GB100024',18,'392768',false),
  ('GB100024',42,'472423',false),
  ('GB100024',57,'316125',false),
  ('GB100024',62,'471690',true),
  ('GB100024',85,'346483',false),
  ('GB100024',91,'346483',false),
  ('GB100025',33,'309400',false),
  ('GB100025',79,'101500',false),
  ('GB100026',50,'401173',false),
  ('GB100027',42,'346483',false),
  ('GB100027',83,'503980',false),
  ('GB100028',70,'346483',false),
  ('GB100028',74,'661053',false),
  ('GB100029',15,'096341',false),
  ('GB100029',35,'472423',false),
  ('GB100031',12,'392765',false),
  ('GB100031',34,'433177',false),
  ('GB100031',79,'091845',false),
  ('GB100032',50,'050201',false),
  ('GB100032',73,'344152',false),
  ('GB100032',95,'093720',false),
  ('GB100033',23,'230784',false),
  ('GB100033',56,'392765',false),
  ('GB100033',82,'503749',false),
  ('GB100034',56,'392765',false),
  ('GB100035',56,'433177',false),
  ('GB100035',66,'655488',false),
  ('GB100036',21,'093720',false),
  ('GB100036',27,'316264',false),
  ('GB100037',48,'655488',false),
  ('GB100037',87,'392765',false),
  ('GB100038',30,'240306',false),
  ('GB100038',48,'067420',false),
  ('GB100038',52,'532826',false),
  ('GB100038',54,'240306',false),
  ('GB100038',60,'240306',false),
  ('GB100039',56,'162029',false),
  ('GB100039',80,'240306',false),
  ('GB100039',92,'141660',false),
  ('GB100040',88,'233124',false),
  ('GB100041',65,'061842',false),
  ('GB100042',5,'302215',false),
  ('GB100043',7,'286384',true),
  ('GB100043',45,'241641',false),
  ('GB100044',13,'392765',false),
  ('GB100044',44,'240306',false),
  ('GB100044',54,'316264',false),
  ('GB100046',97,'240306',false),
  ('GB100047',55,'091845',false),
  ('GB100048',42,'091845',false),
  ('GB100049',49,'029241',false),
  ('GB100049',57,'225083',false),
  ('GB100049',92,'086202',false),
  ('GB100050',27,'167799',false),
  ('GB100050',67,'324358',false),
  ('GB100050',71,'250478',true),
  ('GB100051',64,'048280',false),
  ('GB100051',86,'258923',false),
  ('GB100052',44,'319301',false),
  ('GB100052',58,'167799',false),
  ('GB100052',69,'282429',false),
  ('GB100053',12,'251845',true),
  ('GB100053',65,'091845',false),
  ('GB100054',67,'341429',false),
  ('GB100054',77,'091845',false),
  ('GB100055',13,'132098',false),
  ('GB100055',69,'234803',false),
  ('GB100055',74,'091845',false),
  ('GB100056',32,'132098',false),
  ('GB100056',74,'091845',false),
  ('GB100057',26,'357885',false),
  ('GB100057',56,'290532',false),
  ('GB100057',69,'249565',false),
  ('GB100057',80,'104124',false),
  ('GB100057',84,'104124',false),
  ('GB100058',39,'357885',false),
  ('GB100058',58,'488362',false),
  ('GB100058',68,'104124',false),
  ('GB100058',70,'488362',false),
  ('GB100059',30,'290532',false),
  ('GB100059',89,'141660',false),
  ('GB100060',20,'413039',false),
  ('GB100060',80,'314875',false),
  ('GB100060',94,'388165',false),
  ('GB100061',72,'104124',false),
  ('GB100062',41,'314353',false),
  ('GB100062',67,'357885',false),
  ('GB100062',74,'157509',false),
  ('GB100062',83,'148368',false),
  ('GB100063',5,'283628',false),
  ('GB100063',89,'217115',false),
  ('GB100064',28,'029241',false),
  ('GB100064',40,'135853',false),
  ('GB100064',44,'346483',false),
  ('GB100064',56,'314875',false),
  ('GB100064',87,'181380',false),
  ('GB100065',42,'314875',false),
  ('GB100065',83,'314875',false),
  ('GB100066',8,'186644',false),
  ('GB100066',49,'104124',false),
  ('GB100066',61,'181579',false),
  ('GB100066',64,'290532',false),
  ('GB100066',70,'243028',false),
  ('GB100067',10,'207929',false),
  ('GB100068',80,'532826',false),
  ('GB100069',28,'251664',false),
  ('GB100069',34,'413039',false),
  ('GB100070',20,'292246',false),
  ('GB100070',58,'292246',false),
  ('GB100071',28,'525247',false),
  ('GB100071',32,'206040',false),
  ('GB100071',66,'242631',false),
  ('GB100072',58,'206040',false),
  ('GB100074',94,'148368',false),
  ('GB100076',41,'197838',false),
  ('GB100077',62,'241641',false),
  ('GB100078',12,'197838',true),
  ('GB100078',37,'197838',false),
  ('GB100078',40,'234781',false),
  ('GB100078',85,'197838',false),
  ('GB100079',19,'532826',false),
  ('GB100079',31,'249565',false),
  ('GB100079',78,'320141',false),
  ('GB100079',82,'258923',false),
  ('GB100079',83,'197838',false),
  ('GB100079',91,'365172',false),
  ('GB100080',18,'392765',false),
  ('GB100081',14,'086202',false),
  ('GB100081',28,'225083',false),
  ('GB100081',71,'315779',false),
  ('GB100082',16,'294057',false),
  ('GB100082',30,'091059',false),
  ('GB100082',34,'197838',false),
  ('GB100082',42,'197838',false),
  ('GB100082',61,'448854',false),
  ('GB100082',68,'406040',false),
  ('GB100083',38,'249565',false),
  ('GB100083',57,'365172',false),
  ('GB100083',81,'249565',false),
  ('GB100083',85,'294057',false),
  ('GB100084',24,'365172',false),
  ('GB100084',38,'132098',false),
  ('GB100084',76,'294057',false),
  ('GB100084',95,'284165',false),
  ('GB100084',97,'284165',false),
  ('GB100085',55,'532826',false),
  ('GB100087',61,'206040',false),
  ('GB100088',53,'571743',false),
  ('GB100089',13,'234781',false),
  ('GB100089',41,'503981',false),
  ('GB100089',50,'571743',false),
  ('GB100089',57,'234781',false),
  ('GB100090',3,'250426',false),
  ('GB100091',3,'243028',false),
  ('GB100091',22,'042412',false),
  ('GB100091',34,'346779',false),
  ('GB100091',49,'294057',false),
  ('GB100092',29,'571743',false),
  ('GB100092',98,'217115',false),
  ('GB100093',5,'243028',false),
  ('GB100093',23,'270171',false),
  ('GB100093',37,'453704',true),
  ('GB100093',49,'571743',false),
  ('GB100093',70,'346779',false),
  ('GB100094',48,'134294',false),
  ('GB100094',62,'183720',false),
  ('GB100095',7,'251664',false),
  ('GB100095',13,'321247',false),
  ('GB100096',66,'425334',false),
  ('GB100096',69,'126664',true),
  ('GB100096',75,'387626',false),
  ('GB100097',48,'134294',false),
  ('GB100097',68,'193116',false),
  ('GB100097',80,'204198',false),
  ('GB100097',85,'128901',false),
  ('GB100097',95,'225161',false),
  ('GB100098',7,'468002',false),
  ('GB100098',34,'324358',false),
  ('GB100098',38,'357662',false),
  ('GB100098',80,'357885',false),
  ('GB100098',84,'314875',false),
  ('GB100099',84,'324358',false),
  ('GB100099',89,'253677',false),
  ('GB100100',27,'258004',false),
  ('GB100100',43,'241641',false),
  ('GB100100',47,'324358',false),
  ('GB100101',14,'398065',false),
  ('GB100101',17,'413403',false),
  ('GB100101',54,'413403',false),
  ('GB100103',28,'472423',true),
  ('GB100103',56,'096341',false),
  ('GB100105',76,'145988',false),
  ('GB100105',84,'344152',false),
  ('GB100105',92,'344152',false),
  ('GB100106',47,'145988',false),
  ('GB100106',95,'217115',false),
  ('GB100107',31,'295330',false),
  ('GB100107',37,'197838',false),
  ('GB100107',61,'566723',false),
  ('GB100107',72,'157506',false),
  ('GB100108',56,'050201',false),
  ('GB100108',65,'123682',false),
  ('GB100109',61,'145988',false),
  ('GB100109',78,'488362',false),
  ('GB100110',15,'250478',false),
  ('GB100110',86,'193116',false),
  ('GB100110',95,'392757',false),
  ('GB100111',41,'488362',false),
  ('GB100111',62,'061592',false),
  ('GB100111',70,'080197',false),
  ('GB100111',93,'488362',false),
  ('GB100112',2,'145988',false),
  ('GB100112',32,'181579',false),
  ('GB100112',36,'571743',false),
  ('GB100112',65,'108354',false),
  ('GB100113',10,'119269',false),
  ('GB100113',41,'217115',false),
  ('GB100114',41,'292417',false),
  ('GB100114',58,'306024',false),
  ('GB100115',35,'217115',false),
  ('GB100115',50,'067063',false),
  ('GB100115',61,'197838',false),
  ('GB100117',13,'053622',false),
  ('GB100117',28,'406635',false),
  ('GB100117',31,'406635',false),
  ('GB100117',81,'534033',false),
  ('GB100117',95,'171424',false),
  ('GB100118',24,'144028',false),
  ('GB100118',66,'206225',false),
  ('GB100120',46,'204198',false),
  ('GB100121',34,'144028',false),
  ('GB100121',42,'217115',false),
  ('GB100122',5,'123682',false),
  ('GB100122',18,'092571',false),
  ('GB100122',40,'199527',false),
  ('GB100122',53,'290532',false),
  ('GB100122',63,'283628',false),
  ('GB100122',66,'104124',false),
  ('GB100123',55,'123682',false),
  ('GB100123',74,'186644',false),
  ('GB100123',90,'272642',false),
  ('GB100123',96,'181579',false),
  ('GB100124',44,'272642',false),
  ('GB100125',2,'123682',false),
  ('GB100125',22,'132098',false),
  ('GB100125',49,'091845',false),
  ('GB100125',89,'175722',true),
  ('GB100126',65,'472423',false),
  ('GB100126',77,'472423',false),
  ('GB100127',10,'183318',false),
  ('GB100127',11,'251664',false),
  ('GB100127',31,'339556',false),
  ('GB100127',61,'183318',true),
  ('GB100127',75,'272642',false),
  ('GB100128',61,'123682',false),
  ('GB100128',79,'046972',false),
  ('GB100129',40,'123682',false),
  ('GB100130',5,'258004',false),
  ('GB100130',27,'182712',false),
  ('GB100130',63,'171424',false),
  ('GB100130',86,'134425',false),
  ('GB100131',7,'272642',false),
  ('GB100131',71,'048280',false),
  ('GB100132',22,'251845',false),
  ('GB100132',73,'148367',false),
  ('GB100133',90,'144028',false),
  ('GB100134',27,'442248',false),
  ('GB100134',63,'270171',false),
  ('GB100134',67,'433188',false),
  ('GB100134',82,'388165',false),
  ('GB100135',45,'316125',false),
  ('GB100136',14,'249565',false),
  ('GB100136',73,'294057',false),
  ('GB100137',6,'257805',false),
  ('GB100137',29,'046972',false),
  ('GB100137',60,'339556',false),
  ('GB100138',24,'251664',false),
  ('GB100139',24,'448854',false),
  ('GB100139',84,'125314',false),
  ('GB100139',96,'413039',false),
  ('GB100140',55,'583189',false),
  ('GB100140',62,'532826',false),
  ('GB100140',77,'258923',false),
  ('GB100140',85,'251664',false),
  ('GB100141',22,'250426',false),
  ('GB100141',76,'127187',false),
  ('GB100141',81,'306024',false),
  ('GB100142',53,'074810',false),
  ('GB100142',60,'118534',false),
  ('GB100142',65,'061842',false),
  ('GB100142',66,'292417',false),
  ('GB100143',29,'061842',false),
  ('GB100143',77,'127187',false),
  ('GB100144',74,'048002',false),
  ('GB100145',3,'314210',false),
  ('GB100145',13,'091059',false),
  ('GB100145',78,'074943',false),
  ('GB100145',80,'091059',false),
  ('GB100145',86,'091059',false),
  ('GB100145',91,'448854',false),
  ('GB100147',9,'061651',false),
  ('GB100147',38,'292417',false),
  ('GB100148',47,'316264',false),
  ('GB100148',92,'292417',false),
  ('GB100150',2,'173504',false),
  ('GB100150',73,'217115',false),
  ('GB100150',78,'534033',false),
  ('GB100151',61,'108725',false),
  ('GB100151',86,'183334',false),
  ('GB100152',30,'316264',false),
  ('GB100154',4,'108725',false),
  ('GB100154',32,'102258',false),
  ('GB100154',36,'234781',false),
  ('GB100154',79,'204294',false),
  ('GB100155',8,'050201',false),
  ('GB100155',19,'074810',false),
  ('GB100155',27,'108725',false),
  ('GB100155',36,'050201',false),
  ('GB100155',41,'392757',false),
  ('GB100155',49,'234781',false),
  ('GB100156',71,'074810',false),
  ('GB100160',30,'306024',false),
  ('GB100160',41,'092738',false),
  ('GB100160',50,'292417',false),
  ('GB100161',92,'200512',false),
  ('GB100162',67,'374139',true),
  ('GB100162',90,'104124',false),
  ('GB100163',18,'246291',false),
  ('GB100164',10,'292246',false),
  ('GB100165',28,'398065',false),
  ('GB100167',27,'296986',false),
  ('GB100167',54,'533916',false),
  ('GB100167',61,'251845',false),
  ('GB100167',95,'183334',false),
  ('GB100168',16,'655488',false),
  ('GB100168',28,'655488',false),
  ('GB100168',42,'433177',false),
  ('GB100168',84,'392765',false),
  ('GB100169',10,'448854',false),
  ('GB100169',42,'410225',false),
  ('GB100169',67,'459463',false),
  ('GB100169',70,'193116',false),
  ('GB100169',97,'134294',false),
  ('GB100170',74,'371436',true),
  ('GB100170',83,'292246',false),
  ('GB100171',23,'346707',false),
  ('GB100171',72,'410225',false),
  ('GB100172',8,'200512',false),
  ('GB100173',20,'346779',false),
  ('GB100174',28,'091059',false),
  ('GB100174',44,'410225',false),
  ('GB100174',50,'288255',false),
  ('GB100174',96,'448854',false),
  ('GB100175',29,'346483',false),
  ('GB100175',43,'448854',false),
  ('GB100175',72,'217111',false),
  ('GB100176',4,'134425',false),
  ('GB100176',31,'241641',false),
  ('GB100176',63,'241641',false),
  ('GB100176',74,'459463',false),
  ('GB100177',15,'420002',false),
  ('GB100177',18,'046001',false),
  ('GB100177',42,'488362',false),
  ('GB100177',85,'145988',false),
  ('GB100177',90,'145988',false),
  ('GB100179',8,'197838',false),
  ('GB100179',44,'046972',false),
  ('GB100179',76,'061560',false),
  ('GB100180',17,'448854',false),
  ('GB100180',35,'046972',false),
  ('GB100180',63,'410225',false),
  ('GB100180',80,'410225',false),
  ('GB100182',58,'621993',false),
  ('GB100183',4,'346779',false),
  ('GB100183',7,'046972',false),
  ('GB100183',79,'121385',false),
  ('GB100186',34,'503749',false),
  ('GB100186',87,'324358',false),
  ('GB100187',6,'433177',false),
  ('GB100187',44,'300716',false),
  ('GB100187',67,'433177',false),
  ('GB100187',84,'093720',false),
  ('GB100187',91,'392765',false);
