/* File created by scraping https://www.transfermarkt.com using Antonio Cardin's program */

insert into Squadre values
  ('Norwich City','1JE Norwich','Farke'),
  ('Brentford FC','0NT','Frank'),
  ('AFC Bournemouth','7AF Bournemouth','Tindall'),
  ('Watford FC','0ER Watford','Muñoz'),
  ('Swansea City','2FA Swansea','Cooper'),
  ('Blackburn Rovers','4JF Blackburn, Lancashire','Mowbray'),
  ('Stoke City','4EG Stoke-on-Trent','O''Neill'),
  ('Cardiff City','8SX Cardiff','Harris'),
  ('Reading FC','0FL Reading','Paunovic'),
  ('Derby County','8XL Derby','Rooney'),
  ('Middlesbrough FC','6RS','Warnock'),
  ('Bristol City','2EJ','Holden'),
  ('Nottingham Forest','2 5FJ Nottingham','Lamouchi'),
  ('Barnsley FC','1ET Barnsley','Struber'),
  ('Preston North End','6RU Preston','McAvoy'),
  ('Huddersfield Town','6PX Huddersfield','Corberán'),
  ('Birmingham City','9EJ Birmingham','Karanka'),
  ('Millwall FC','3LN London','Rowett'),
  ('Queens Park Rangers','7PJ London','Warburton'),
  ('Sheffield Wednesday','1SW Sheffield','Monk'),
  ('Luton Town','8AW Luton','Jones'),
  ('Coventry City','6GE','Robins'),
  ('Rotherham United','4RJ Rotherham','Warne'),
  ('Wycombe Wanderers','4HJ Sands,','Ainsworth');

insert into Giocatori values
  ('033027','Norwich City',1,'Tim','Krul','3-apr-1988','Portiere'),
  ('073517','Norwich City',12,'Örjan','Nyland','10-sep-1990','Portiere'),
  ('029391','Norwich City',33,'Michael','McGovern','12-jul-1984','Portiere'),
  ('504042','Norwich City',50,'Daniel','Barden','2-jan-2001','Portiere'),
  ('403564','Norwich City',null,'Jon','McCracken','24-may-2000','Portiere'),
  ('288948','Norwich City',38,'Aston','Oxborough','9-may-1998','Portiere'),
  ('343475','Norwich City',null,'Ben','Godfrey','15-jan-1998','Difensore'),
  ('128904','Norwich City',null,'Ben','Gibson','15-jan-1993','Difensore'),
  ('121385','Norwich City',5,'Grant','Hanley','20-nov-1991','Difensore'),
  ('077812','Norwich City',6,'Christoph','Zimmermann','12-jan-1993','Difensore'),
  ('621993','Norwich City',44,'Andrew','Omobamidele','23-jun-2002','Difensore'),
  ('065255','Norwich City',null,'Timm','Klose','9-may-1988','Difensore'),
  ('425713','Norwich City',null,'Akin','Famewo','9-nov-1998','Difensore'),
  ('295630','Norwich City',30,'Dimitrios','Giannoulis','17-oct-1995','Difensore'),
  ('618901','Norwich City',null,'Sam','McCallum','2-sep-2000','Difensore'),
  ('204102','Norwich City',16,'Xavi','Quintillà','23-aug-1996','Difensore'),
  ('471690','Norwich City',2,'Max','Aarons','4-jan-2000','Difensore'),
  ('236953','Norwich City',3,'Sam','Byram','16-sep-1993','Difensore'),
  ('433186','Norwich City',26,'Bali','Mumba','8-oct-2001','Difensore'),
  ('406638','Norwich City',null,'Oliver','Skipp','16-sep-2000','Centrocampista'),
  ('093831','Norwich City',null,'Tom','Trybull','9-mar-1993','Centrocampista'),
  ('390664','Norwich City',19,'Jacob','Lungi Sörensen','3-mar-1998','Centrocampista'),
  ('012384','Norwich City',null,'Alexander','Tettey','4-apr-1986','Centrocampista'),
  ('207771','Norwich City',null,'Louis','Thompson','19-dec-1994','Centrocampista'),
  ('126600','Norwich City',23,'Kenny','McLean','8-jan-1992','Centrocampista'),
  ('082863','Norwich City',7,'Lukas','Rupp','8-jan-1991','Centrocampista'),
  ('039372','Norwich City',8,'Mario','Vrancic','23-may-1989','Centrocampista'),
  ('082243','Norwich City',null,'Moritz','Leitner','8-dec-1992','Centrocampista'),
  ('689089','Norwich City',28,'Melvin','Sitti','14-feb-2000','Centrocampista'),
  ('567117','Norwich City',null,'Reece','McAlear','12-feb-2002','Centrocampista'),
  ('586059','Norwich City',null,'William','Hondermarck','21-nov-2000','Centrocampista'),
  ('332341','Norwich City',14,'Todd','Cantwell','27-feb-1998','Centrocampista'),
  ('258916','Norwich City',10,'Kieran','Dowell','10-oct-1997','Centrocampista'),
  ('045760','Norwich City',18,'Marco','Stiepermann','9-feb-1991','Centrocampista'),
  ('383109','Norwich City',11,'Przemyslaw','Placheta','23-mar-1998','Attaccante'),
  ('109751','Norwich City',25,'Onel','Hernández','1-feb-1993','Attaccante'),
  ('547534','Norwich City',24,'Josh','Martin','9-sep-2001','Attaccante'),
  ('321247','Norwich City',17,'Emiliano','Buendía','25-dec-1996','Attaccante'),
  ('046972','Norwich City',22,'Teemu','Pukki','29-mar-1990','Attaccante'),
  ('434223','Norwich City',35,'Adam','Idah','11-feb-2001','Attaccante'),
  ('291544','Norwich City',9,'Jordan','Hugill','4-jun-1992','Attaccante'),
  ('605498','Norwich City',null,'Sebastian','Soto','28-jul-2000','Attaccante'),
  ('566888','Norwich City',null,'Thomas','Dickson-Peters','16-sep-2002','Attaccante'),
  ('551309','Norwich City',null,'Tyrese','Omotoye','23-sep-2002','Attaccante'),
  ('262749','Brentford FC',1,'David','Raya','15-sep-1995','Portiere'),
  ('045921','Brentford FC',28,'Luke','Daniels','5-jan-1988','Portiere'),
  ('456292','Brentford FC',null,'Ellery','Balcombe','15-oct-1999','Portiere'),
  ('505040','Brentford FC',null,'Nathan','Sheppard','10-sep-2000','Portiere'),
  ('442248','Brentford FC',5,'Ethan','Pinnock','29-may-1993','Difensore'),
  ('125314','Brentford FC',18,'Pontus','Jansson','13-feb-1991','Difensore'),
  ('372240','Brentford FC',29,'Mads','Bech Sörensen','7-jan-1999','Difensore'),
  ('037526','Brentford FC',null,'Winston','Reid','3-jul-1988','Difensore'),
  ('376856','Brentford FC',4,'Charlie','Goode','3-aug-1995','Difensore'),
  ('345587','Brentford FC',32,'Luka','Racic','8-may-1999','Difensore'),
  ('461480','Brentford FC',null,'Kane','O''Connor','17-jan-2001','Difensore'),
  ('339556','Brentford FC',3,'Rico','Henry','8-jul-1997','Difensore'),
  ('503688','Brentford FC',null,'Dominic','Thompson','26-jul-2000','Difensore'),
  ('563754','Brentford FC',null,'Lewis','Gordon','12-feb-2001','Difensore'),
  ('093315','Brentford FC',22,'Henrik','Dalsgaard','27-jul-1989','Difensore'),
  ('391005','Brentford FC',30,'Mads','Roerslev Rasmussen','24-jun-1999','Difensore'),
  ('587019','Brentford FC',36,'Fin','Stevens','10-apr-2003','Difensore'),
  ('340321','Brentford FC',14,'Josh','Dasilva','23-oct-1998','Centrocampista'),
  ('270171','Brentford FC',27,'Vitaly','Janelt','10-may-1998','Centrocampista'),
  ('148367','Brentford FC',6,'Christian','Nörgaard','10-mar-1994','Centrocampista'),
  ('319859','Brentford FC',8,'Mathias','Jensen','1-jan-1996','Centrocampista'),
  ('462832','Brentford FC',null,'Mads','Bidstrup','25-feb-2001','Centrocampista'),
  ('533916','Brentford FC',26,'Shandon','Baptiste','8-apr-1998','Centrocampista'),
  ('487924','Brentford FC',31,'Jan','Zamburek','13-feb-2001','Centrocampista'),
  ('433893','Brentford FC',null,'Jaakko','Oksanen','7-nov-2000','Centrocampista'),
  ('470596','Brentford FC',null,'Paris','Maghoma','8-may-2001','Centrocampista'),
  ('204294','Brentford FC',20,'Saman','Ghoddos','6-sep-1993','Centrocampista'),
  ('232964','Brentford FC',9,'Emiliano','Marcondes','9-mar-1995','Centrocampista'),
  ('504245','Brentford FC',null,'Fredrik','Hammar','26-feb-2001','Centrocampista'),
  ('596216','Brentford FC',null,'Max','Haygarth','21-jan-2002','Attaccante'),
  ('290532','Brentford FC',null,'Saïd','Benrahma','10-aug-1995','Attaccante'),
  ('249873','Brentford FC',24,'Tariqe','Fosu','5-nov-1995','Attaccante'),
  ('175451','Brentford FC',null,'Joel','Valencia','16-nov-1994','Attaccante'),
  ('542884','Brentford FC',null,'Alex','Gilbert','28-dec-2001','Attaccante'),
  ('413039','Brentford FC',19,'Bryan','Mbeumo','7-aug-1999','Attaccante'),
  ('251845','Brentford FC',7,'Sergi','Canós','2-feb-1997','Attaccante'),
  ('251664','Brentford FC',17,'Ivan','Toney','16-mar-1996','Attaccante'),
  ('404584','Brentford FC',15,'Marcus','Forss','18-jun-1999','Attaccante'),
  ('465606','Brentford FC',null,'Halil','Dervisoglu','8-dec-1999','Attaccante'),
  ('471003','Brentford FC',null,'Aaron','Pressley','7-nov-2001','Attaccante'),
  ('033873','AFC Bournemouth',1,'Asmir','Begovic','20-jun-1987','Portiere'),
  ('357658','AFC Bournemouth',23,'Mark','Travers','18-may-1999','Portiere'),
  ('582078','AFC Bournemouth',40,'Will','Dennis','10-jul-2000','Portiere'),
  ('480116','AFC Bournemouth',5,'Lloyd','Kelly','6-oct-1998','Difensore'),
  ('090836','AFC Bournemouth',3,'Steve','Cook','19-apr-1991','Difensore'),
  ('480987','AFC Bournemouth',6,'Chris','Mepham','5-nov-1997','Difensore'),
  ('341049','AFC Bournemouth',null,'Cameron','Carter-Vickers','31-dec-1997','Difensore'),
  ('419930','AFC Bournemouth',null,'Jack','Simpson','18-dec-1996','Difensore'),
  ('249513','AFC Bournemouth',21,'Diego','Rico','23-feb-1993','Difensore'),
  ('633530','AFC Bournemouth',33,'Jordan','Zemura','14-nov-1999','Difensore'),
  ('061841','AFC Bournemouth',15,'Adam','Smith','29-apr-1991','Difensore'),
  ('249356','AFC Bournemouth',17,'Jack','Stacey','6-apr-1996','Difensore'),
  ('648699','AFC Bournemouth',null,'Brennan','Camp','12-oct-2000','Difensore'),
  ('262980','AFC Bournemouth',8,'Jefferson','Lerma','25-oct-1994','Centrocampista'),
  ('320411','AFC Bournemouth',29,'Philip','Billing','11-jun-1996','Centrocampista'),
  ('249089','AFC Bournemouth',16,'Lewis','Cook','3-feb-1997','Centrocampista'),
  ('183302','AFC Bournemouth',22,'Ben','Pearson','4-jan-1995','Centrocampista'),
  ('074223','AFC Bournemouth',11,'Jack','Wilshere','1-jan-1992','Centrocampista'),
  ('055742','AFC Bournemouth',null,'Harry','Arter','28-dec-1989','Centrocampista'),
  ('044983','AFC Bournemouth',null,'Dan','Gosling','1-feb-1990','Centrocampista'),
  ('611906','AFC Bournemouth',null,'Nnamdi','Ofoborh','7-nov-1999','Centrocampista'),
  ('469064','AFC Bournemouth',26,'Gavin','Kilkenny','1-feb-2000','Centrocampista'),
  ('655139','AFC Bournemouth',null,'Nathan','Moriah-Welsh','18-mar-2002','Centrocampista'),
  ('355861','AFC Bournemouth',10,'Arnaut','Danjuma','31-jan-1997','Attaccante'),
  ('087672','AFC Bournemouth',19,'Junior','Stanislas','26-nov-1989','Attaccante'),
  ('684210','AFC Bournemouth',32,'Jaidon','Anthony','1-dec-1999','Attaccante'),
  ('277033','AFC Bournemouth',7,'David','Brooks','8-jul-1997','Attaccante'),
  ('461617','AFC Bournemouth',20,'Rodrigo','Riquelme','2-apr-2000','Attaccante'),
  ('844361','AFC Bournemouth',null,'Ajani','Burchall','5-nov-2004','Attaccante'),
  ('091059','AFC Bournemouth',null,'Joshua','King','15-jan-1992','Attaccante'),
  ('258889','AFC Bournemouth',9,'Dominic','Solanke','14-sep-1997','Attaccante'),
  ('398402','AFC Bournemouth',14,'Sam','Surridge','28-jul-1998','Attaccante'),
  ('037304','AFC Bournemouth',null,'Shane','Long','22-jan-1987','Attaccante'),
  ('655835','AFC Bournemouth',null,'Christian','Saydee','10-may-2002','Attaccante'),
  ('120186','Watford FC',26,'Daniel','Bachmann','9-jul-1994','Portiere'),
  ('013572','Watford FC',1,'Ben','Foster','3-apr-1983','Portiere'),
  ('039037','Watford FC',33,'Rob','Elliot','30-apr-1986','Portiere'),
  ('412596','Watford FC',null,'Adam','Parkes','30-nov-1999','Portiere'),
  ('192875','Watford FC',5,'William','Troost-Ekong','1-sep-1993','Difensore'),
  ('081512','Watford FC',27,'Christian','Kabasele','24-feb-1991','Difensore'),
  ('121477','Watford FC',null,'Craig','Dawson','6-may-1990','Difensore'),
  ('467599','Watford FC',6,'Ben','Wilmot','4-nov-1999','Difensore'),
  ('059606','Watford FC',15,'Craig','Cathcart','6-feb-1989','Difensore'),
  ('371436','Watford FC',31,'Francisco','Sierralta','6-may-1997','Difensore'),
  ('591360','Watford FC',null,'Derek','Agyakwa','19-dec-2001','Difensore'),
  ('504966','Watford FC',null,'Mason','Barrett','24-sep-1999','Difensore'),
  ('286949','Watford FC',11,'Adam','Masina','2-jan-1994','Difensore'),
  ('139173','Watford FC',17,'Achraf','Lazaar','22-jan-1992','Difensore'),
  ('608179','Watford FC',null,'Toby','Stevenson','22-nov-1999','Difensore'),
  ('076467','Watford FC',21,'Kiko','Femenía','2-feb-1991','Difensore'),
  ('503795','Watford FC',3,'Jeremy','Ngakia','7-sep-2000','Difensore'),
  ('335245','Watford FC',32,'Marc','Navarro','2-jul-1995','Difensore'),
  ('128900','Watford FC',14,'Nathaniel','Chalobah','12-dec-1994','Centrocampista'),
  ('505219','Watford FC',null,'James','Garner','13-mar-2001','Centrocampista'),
  ('063494','Watford FC',null,'Étienne','Capoue','11-jul-1988','Centrocampista'),
  ('051226','Watford FC',28,'Carlos','Sánchez','6-feb-1986','Centrocampista'),
  ('207014','Watford FC',19,'Will','Hughes','17-apr-1995','Centrocampista'),
  ('391719','Watford FC',null,'Domingos','Quina','18-nov-1999','Centrocampista'),
  ('073484','Watford FC',8,'Tom','Cleverley','12-aug-1989','Centrocampista'),
  ('346472','Watford FC',24,'Tom','Dele-Bashiru','17-sep-1999','Centrocampista'),
  ('574806','Watford FC',null,'Kane','Crichlow','21-aug-2000','Centrocampista'),
  ('646996','Watford FC',null,'Daniel','Phillips','18-jan-2001','Centrocampista'),
  ('252345','Watford FC',12,'Ken','Sema','30-sep-1993','Centrocampista'),
  ('308801','Watford FC',null,'Adalberto','Peñaranda','31-may-1997','Attaccante'),
  ('410225','Watford FC',23,'Ismaïla','Sarr','25-feb-1998','Attaccante'),
  ('271098','Watford FC',7,'Philip','Zinckernagel','16-dec-1994','Attaccante'),
  ('537366','Watford FC',null,'Maurizio','Pochettino','30-mar-2001','Attaccante'),
  ('725703','Watford FC',null,'Joseph','Hungbo','15-jan-2000','Attaccante'),
  ('626724','Watford FC',10,'João Pedro','null','26-sep-2001','Attaccante'),
  ('283528','Watford FC',null,'Ignacio','Pussetto','21-dec-1995','Attaccante'),
  ('120565','Watford FC',18,'Andre','Gray','26-jun-1991','Attaccante'),
  ('065477','Watford FC',9,'Troy','Deeney','29-jun-1988','Attaccante'),
  ('295331','Watford FC',22,'Isaac','Success','7-jan-1996','Attaccante'),
  ('245072','Watford FC',25,'Stipe','Perica','7-jul-1995','Attaccante'),
  ('442337','Watford FC',null,'Filip','Stuparevic','30-aug-2000','Attaccante'),
  ('236513','Watford FC',null,'Jerome','Sinclair','20-sep-1996','Attaccante'),
  ('045693','Watford FC',null,'Glenn','Murray','25-sep-1983','Attaccante'),
  ('470128','Watford FC',null,'Sam','Dalby','7-dec-1999','Attaccante'),
  ('226049','Swansea City',null,'Freddie','Woodman','4-mar-1997','Portiere'),
  ('067283','Swansea City',18,'Ben','Hamer','20-nov-1987','Portiere'),
  ('381469','Swansea City',13,'Steven','Benda','1-oct-1998','Portiere'),
  ('696749','Swansea City',null,'Lewis','Webb','12-sep-2001','Portiere'),
  ('609760','Swansea City',27,'Josh','Gould','27-mar-1997','Portiere'),
  ('297212','Swansea City',null,'Joe','Rodon','22-oct-1997','Difensore'),
  ('392757','Swansea City',null,'Marc','Guehi','13-jul-2000','Difensore'),
  ('496659','Swansea City',44,'Ben','Cabango','30-may-2000','Difensore'),
  ('067252','Swansea City',2,'Ryan','Bennett','6-mar-1990','Difensore'),
  ('412823','Swansea City',22,'Joel','Latibeaudiere','6-jan-2000','Difensore'),
  ('404381','Swansea City',36,'Brandon','Cooper','14-jan-2000','Difensore'),
  ('535485','Swansea City',null,'Cameron','Evans','23-feb-2001','Difensore'),
  ('121250','Swansea City',24,'Jake','Bidwell','21-mar-1993','Difensore'),
  ('262300','Swansea City',3,'Ryan','Manning','14-jun-1996','Difensore'),
  ('238585','Swansea City',null,'Declan','John','30-jun-1995','Difensore'),
  ('214666','Swansea City',23,'Connor','Roberts','23-sep-1995','Difensore'),
  ('066219','Swansea City',26,'Kyle','Naughton','17-nov-1988','Difensore'),
  ('158703','Swansea City',34,'Kieron','Freeman','21-mar-1992','Difensore'),
  ('580980','Swansea City',30,'Tivonge','Rushesha','24-jul-2002','Difensore'),
  ('429014','Swansea City',null,'Morgan','Gibbs-White','27-jan-2000','Centrocampista'),
  ('265471','Swansea City',8,'Matt','Grimes','15-jul-1995','Centrocampista'),
  ('061653','Swansea City',null,'Conor','Hourihane','2-feb-1991','Centrocampista'),
  ('171260','Swansea City',6,'Jay','Fulton','4-apr-1994','Centrocampista'),
  ('240083','Swansea City',28,'George','Byers','29-may-1996','Centrocampista'),
  ('080435','Swansea City',7,'Korey','Smith','31-jan-1991','Centrocampista'),
  ('525969','Swansea City',37,'Daniel','Williams','19-apr-2001','Centrocampista'),
  ('258216','Swansea City',null,'Kasey','Palmer','9-nov-1996','Centrocampista'),
  ('332340','Swansea City',21,'Yan','Dhanda','14-dec-1998','Centrocampista'),
  ('504617','Swansea City',31,'Oliver','Cooper','14-dec-1999','Centrocampista'),
  ('337807','Swansea City',null,'Jordan','Morris','26-oct-1994','Attaccante'),
  ('045403','Swansea City',10,'André','Ayew','17-dec-1989','Attaccante'),
  ('186704','Swansea City',null,'Kristoffer','Peterson','28-nov-1994','Attaccante'),
  ('208934','Swansea City',null,'Barrie','McKay','30-dec-1994','Attaccante'),
  ('014066','Swansea City',15,'Wayne','Routledge','7-jan-1985','Attaccante'),
  ('189876','Swansea City',null,'Paul','Arriola','5-feb-1995','Attaccante'),
  ('239949','Swansea City',9,'Jamal','Lowe','21-jul-1994','Attaccante'),
  ('502075','Swansea City',17,'Morgan','Whittaker','7-jan-2001','Attaccante'),
  ('461559','Swansea City',41,'Jordon','Garrick','15-jul-1998','Attaccante'),
  ('325443','Swansea City',null,'Viktor','Gyökeres','4-jun-1998','Attaccante'),
  ('375391','Swansea City',null,'Joel','Asoro','27-apr-1999','Attaccante'),
  ('296978','Swansea City',20,'Liam','Cullen','23-apr-1999','Attaccante'),
  ('077757','Blackburn Rovers',1,'Thomas','Kaminski','23-oct-1992','Portiere'),
  ('354456','Blackburn Rovers',13,'Aynsley','Pears','23-apr-1998','Portiere'),
  ('366217','Blackburn Rovers',41,'Antonis','Stergiakis','16-mar-1999','Portiere'),
  ('359199','Blackburn Rovers',null,'Andy','Fisher','12-feb-1998','Portiere'),
  ('531454','Blackburn Rovers',45,'Jordan','Eastham','8-sep-2001','Portiere'),
  ('503977','Blackburn Rovers',null,'Taylor','Harwood-Bellis','30-jan-2002','Difensore'),
  ('661053','Blackburn Rovers',null,'Jarrad','Branthwaite','27-jun-2002','Difensore'),
  ('183167','Blackburn Rovers',26,'Darragh','Lenihan','16-mar-1994','Difensore'),
  ('078966','Blackburn Rovers',5,'Daniel','Ayala','7-nov-1990','Difensore'),
  ('128287','Blackburn Rovers',null,'Derrick','Williams','17-jan-1993','Difensore'),
  ('364803','Blackburn Rovers',28,'Scott','Wharton','3-oct-1997','Difensore'),
  ('037428','Blackburn Rovers',null,'Charlie','Mulgrew','6-mar-1986','Difensore'),
  ('503780','Blackburn Rovers',null,'Hayden','Carter','17-dec-1999','Difensore'),
  ('387360','Blackburn Rovers',null,'Joe','Grayson','26-mar-1999','Difensore'),
  ('428041','Blackburn Rovers',null,'Tyler','Magloire','21-dec-1998','Difensore'),
  ('091854','Blackburn Rovers',null,'Barry','Douglas','4-sep-1989','Difensore'),
  ('278166','Blackburn Rovers',17,'Amari''i','Bell','5-may-1994','Difensore'),
  ('426412','Blackburn Rovers',null,'Harry','Pickering','29-dec-1998','Difensore'),
  ('348469','Blackburn Rovers',2,'Ryan','Nyambe','4-dec-1997','Difensore'),
  ('411229','Blackburn Rovers',24,'Joe','Rankin-Costello','26-jul-1999','Difensore'),
  ('503787','Blackburn Rovers',null,'Dan','Pike','9-jan-2002','Difensore'),
  ('372802','Blackburn Rovers',27,'Lewis','Travis','16-oct-1997','Centrocampista'),
  ('380914','Blackburn Rovers',18,'Jacob','Davenport','28-dec-1998','Centrocampista'),
  ('183293','Blackburn Rovers',8,'Joe','Rothwell','11-jan-1995','Centrocampista'),
  ('055508','Blackburn Rovers',10,'Lewis','Holtby','18-sep-1990','Centrocampista'),
  ('503781','Blackburn Rovers',21,'John','Buckley','13-oct-1999','Centrocampista'),
  ('073501','Blackburn Rovers',29,'Corry','Evans','30-jul-1990','Centrocampista'),
  ('049327','Blackburn Rovers',4,'Bradley','Johnson','28-apr-1987','Centrocampista'),
  ('334816','Blackburn Rovers',null,'Brad','Lyons','26-may-1997','Centrocampista'),
  ('043193','Blackburn Rovers',31,'Elliott','Bennett','18-dec-1988','Centrocampista'),
  ('004063','Blackburn Rovers',6,'Stewart','Downing','22-jul-1984','Centrocampista'),
  ('238556','Blackburn Rovers',23,'Bradley','Dack','31-dec-1993','Centrocampista'),
  ('511159','Blackburn Rovers',null,'Connor','McBride','20-mar-2001','Centrocampista'),
  ('503788','Blackburn Rovers',null,'Luke','Brennan','19-oct-2001','Attaccante'),
  ('565822','Blackburn Rovers',null,'Harvey','Elliott','4-apr-2003','Attaccante'),
  ('647435','Blackburn Rovers',39,'Tyrhys','Dolan','28-dec-2001','Attaccante'),
  ('348488','Blackburn Rovers',null,'Harry','Chapman','5-nov-1997','Attaccante'),
  ('250426','Blackburn Rovers',7,'Adam','Armstrong','10-feb-1997','Attaccante'),
  ('426192','Blackburn Rovers',20,'Ben','Brereton Díaz','18-apr-1999','Attaccante'),
  ('227183','Blackburn Rovers',9,'Sam','Gallagher','15-sep-1995','Attaccante'),
  ('478637','Blackburn Rovers',null,'Daniel','Butterworth','14-sep-1999','Attaccante'),
  ('201574','Stoke City',null,'Angus','Gunn','22-jan-1996','Portiere'),
  ('128899','Stoke City',null,'Jack','Butland','10-mar-1993','Portiere'),
  ('491737','Stoke City',32,'Josef','Bursik','12-jul-2000','Portiere'),
  ('121254','Stoke City',16,'Adam','Davies','17-jul-1992','Portiere'),
  ('014044','Stoke City',null,'Andy','Lonergan','19-oct-1983','Portiere'),
  ('696892','Stoke City',40,'Blondy','Nna Noukeu','17-sep-2001','Portiere'),
  ('469050','Stoke City',37,'Nathan','Collins','30-apr-2001','Difensore'),
  ('298091','Stoke City',36,'Harry','Souttar','22-oct-1998','Difensore'),
  ('112052','Stoke City',null,'Bruno','Martins Indi','8-feb-1992','Difensore'),
  ('129049','Stoke City',6,'Danny','Batth','21-sep-1990','Difensore'),
  ('045861','Stoke City',null,'Ryan','Shawcross','4-oct-1987','Difensore'),
  ('073482','Stoke City',12,'James','Chester','23-jan-1989','Difensore'),
  ('228912','Stoke City',null,'Liam','Lindsay','12-oct-1995','Difensore'),
  ('511561','Stoke City',null,'William','Forrester','29-jun-2001','Difensore'),
  ('546903','Stoke City',null,'Lewis','Macari','8-feb-2002','Difensore'),
  ('712106','Stoke City',null,'Connor','Taylor','25-oct-2001','Difensore'),
  ('543164','Stoke City',null,'Rhys','Norrington-Davies','22-apr-1999','Difensore'),
  ('419929','Stoke City',35,'Josh','Tymon','22-may-1999','Difensore'),
  ('250277','Stoke City',3,'Morgan','Fox','21-sep-1993','Difensore'),
  ('657259','Stoke City',null,'Edward','Jones','25-oct-2001','Difensore'),
  ('121398','Stoke City',14,'Tommy','Smith','14-apr-1992','Difensore'),
  ('508399','Stoke City',null,'Kieran','Coates','9-oct-2001','Difensore'),
  ('232897','Stoke City',null,'Ryan','Woods','13-dec-1993','Centrocampista'),
  ('030739','Stoke City',13,'John Mikel','Obi','22-apr-1987','Centrocampista'),
  ('550999','Stoke City',null,'Dan','Malone','9-may-2002','Centrocampista'),
  ('051452','Stoke City',4,'Joe','Allen','14-mar-1990','Centrocampista'),
  ('122223','Stoke City',22,'Sam','Clucas','25-sep-1990','Centrocampista'),
  ('321169','Stoke City',34,'Jordan','Thompson','3-jan-1997','Centrocampista'),
  ('406637','Stoke City',20,'Tashan','Oakley-Boothe','14-feb-2000','Centrocampista'),
  ('128902','Stoke City',24,'Jordan','Cousins','6-mar-1994','Centrocampista'),
  ('547537','Stoke City',null,'Adam','Porter','8-apr-2002','Centrocampista'),
  ('621365','Stoke City',null,'Tom','Sparrow','3-feb-2003','Centrocampista'),
  ('085935','Stoke City',11,'James','McClean','22-apr-1989','Centrocampista'),
  ('608175','Stoke City',23,'Alfie','Doughty','21-dec-1999','Centrocampista'),
  ('134424','Stoke City',25,'Nick','Powell','23-mar-1994','Centrocampista'),
  ('559794','Stoke City',null,'Jack','Clarke','23-nov-2000','Attaccante'),
  ('404384','Stoke City',49,'Rabbi','Matondo','9-sep-2000','Attaccante'),
  ('157368','Stoke City',null,'Tom','Ince','30-jan-1992','Attaccante'),
  ('338673','Stoke City',null,'Thibaud','Verlinden','9-jul-1999','Attaccante'),
  ('382554','Stoke City',26,'Tyrese','Campbell','28-dec-1999','Attaccante'),
  ('469958','Stoke City',18,'Jacob','Brown','10-apr-1998','Attaccante'),
  ('110858','Stoke City',null,'Benik','Afobe','12-feb-1993','Attaccante'),
  ('048078','Stoke City',9,'Sam','Vokes','21-oct-1989','Attaccante'),
  ('035099','Stoke City',21,'Steven','Fletcher','26-mar-1987','Attaccante'),
  ('208428','Stoke City',null,'Lee','Gregory','26-aug-1988','Attaccante'),
  ('504396','Stoke City',null,'Christian','Norton','21-may-2001','Attaccante'),
  ('061694','Cardiff City',null,'Neil','Etheridge','7-feb-1990','Portiere'),
  ('033754','Cardiff City',12,'Alex','Smithies','5-mar-1990','Portiere'),
  ('308431','Cardiff City',1,'Dillon','Phillips','11-jun-1995','Portiere'),
  ('104564','Cardiff City',null,'Joe','Day','13-aug-1990','Portiere'),
  ('496650','Cardiff City',null,'George','Ratcliffe','12-sep-2000','Portiere'),
  ('079723','Cardiff City',4,'Sean','Morrison','8-jan-1991','Difensore'),
  ('148299','Cardiff City',16,'Curtis','Nelson','21-may-1993','Difensore'),
  ('293168','Cardiff City',null,'Filip','Benkovic','13-jul-1997','Difensore'),
  ('105324','Cardiff City',5,'Aden','Flint','11-jul-1989','Difensore'),
  ('028984','Cardiff City',22,'Sol','Bamba','13-jan-1985','Difensore'),
  ('090964','Cardiff City',3,'Joe','Bennett','28-mar-1990','Difensore'),
  ('114093','Cardiff City',null,'Greg','Cunningham','31-jan-1991','Difensore'),
  ('611845','Cardiff City',30,'Ciaron','Brown','14-jan-1998','Difensore'),
  ('742163','Cardiff City',32,'Joel','Bagan','3-sep-2001','Difensore'),
  ('322677','Cardiff City',38,'Perry','Ng','27-apr-1996','Difensore'),
  ('397099','Cardiff City',null,'Jordi','Osei-Tutu','2-oct-1998','Difensore'),
  ('547006','Cardiff City',null,'Keenan','Patten','7-apr-2001','Centrocampista'),
  ('238427','Cardiff City',6,'Will','Vaulks','13-sep-1993','Centrocampista'),
  ('396176','Cardiff City',28,'Tom','Sang','29-jun-1999','Centrocampista'),
  ('701081','Cardiff City',null,'Tavio Kouakou','D''Almeida','11-dec-2000','Centrocampista'),
  ('126014','Cardiff City',7,'Leandro','Bacuna','21-aug-1991','Centrocampista'),
  ('195680','Cardiff City',8,'Joe','Ralls','12-oct-1993','Centrocampista'),
  ('118779','Cardiff City',21,'Marlon','Pack','25-mar-1991','Centrocampista'),
  ('547038','Cardiff City',null,'Sam','Bowen','14-jan-2001','Centrocampista'),
  ('170322','Cardiff City',15,'Jonathan','Williams','9-oct-1993','Centrocampista'),
  ('626474','Cardiff City',40,'Rubin','Colwill','27-apr-2002','Centrocampista'),
  ('702234','Cardiff City',null,'Kieron','Evans','19-dec-2001','Centrocampista'),
  ('236510','Cardiff City',null,'Sheyi','Ojo','19-jun-1997','Attaccante'),
  ('199528','Cardiff City',11,'Josh','Murphy','24-feb-1995','Attaccante'),
  ('058993','Cardiff City',33,'Junior','Hoilett','5-jun-1990','Attaccante'),
  ('279455','Cardiff City',null,'Harry','Wilson','22-mar-1997','Attaccante'),
  ('325588','Cardiff City',null,'Gavin','Whyte','31-jan-1996','Attaccante'),
  ('547039','Cardiff City',null,'Isaak','Davies','25-sep-2001','Attaccante'),
  ('104586','Cardiff City',17,'Lee','Tomlin','12-jan-1989','Attaccante'),
  ('275590','Cardiff City',10,'Kieffer','Moore','8-aug-1992','Attaccante'),
  ('196139','Cardiff City',null,'Robert','Glatzel','8-jan-1994','Attaccante'),
  ('169555','Cardiff City',null,'Callum','Paterson','13-oct-1994','Attaccante'),
  ('344012','Cardiff City',29,'Mark','Harris','29-dec-1998','Attaccante'),
  ('195481','Cardiff City',14,'Isaac','Vassell','9-sep-1993','Attaccante'),
  ('586023','Cardiff City',19,'Max','Watters','23-mar-1999','Attaccante'),
  ('568063','Cardiff City',null,'Chanka','Zimba','29-dec-2001','Attaccante'),
  ('103916','Reading FC',33,'Rafael','null','20-may-1990','Portiere'),
  ('129558','Reading FC',null,'Sam','Walker','2-oct-1991','Portiere'),
  ('398063','Reading FC',22,'Luke','Southwood','6-dec-1997','Portiere'),
  ('581673','Reading FC',null,'Coniah','Boyce-Clarke','1-mar-2003','Portiere'),
  ('566733','Reading FC',null,'Jökull','Andrésson','25-aug-2001','Portiere'),
  ('128906','Reading FC',6,'Liam','Moore','31-jan-1993','Difensore'),
  ('424900','Reading FC',29,'Tom','Holmes','12-mar-2000','Difensore'),
  ('339235','Reading FC',5,'Tom','McIntyre','6-nov-1998','Difensore'),
  ('419325','Reading FC',null,'Lewis','Gibson','19-jul-2000','Difensore'),
  ('066497','Reading FC',4,'Michael','Morrison','3-mar-1988','Difensore'),
  ('503989','Reading FC',null,'Jeriel','Dorsett','4-may-2002','Difensore'),
  ('566677','Reading FC',null,'Nelson','Abbey','28-aug-2003','Difensore'),
  ('424881','Reading FC',3,'Omar','Richards','15-feb-1998','Difensore'),
  ('565846','Reading FC',null,'Imari','Samuels','5-feb-2003','Difensore'),
  ('566676','Reading FC',null,'Ethan','Bristow','27-nov-2001','Difensore'),
  ('504085','Reading FC',2,'Tomás','Esteves','3-apr-2002','Difensore'),
  ('188256','Reading FC',17,'Andy','Yiadom','2-dec-1991','Difensore'),
  ('435484','Reading FC',20,'Felipe','Araruna','12-mar-1996','Difensore'),
  ('342018','Reading FC',null,'Tennai','Watson','4-mar-1997','Difensore'),
  ('609885','Reading FC',null,'Lynford','Sackey','18-feb-2003','Difensore'),
  ('359210','Reading FC',30,'Alfa Semedo','null','30-aug-1997','Centrocampista'),
  ('570312','Reading FC',34,'Dejan','Tetek','24-sep-2002','Centrocampista'),
  ('424884','Reading FC',null,'Ryan','East','7-aug-1998','Centrocampista'),
  ('503986','Reading FC',null,'Oliver','Pendlebury','19-jan-2002','Centrocampista'),
  ('530953','Reading FC',null,'Conor','Lawless','13-sep-2001','Centrocampista'),
  ('197693','Reading FC',10,'John','Swift','23-jun-1995','Centrocampista'),
  ('337284','Reading FC',14,'Ovie','Ejaria','18-nov-1997','Centrocampista'),
  ('368862','Reading FC',8,'Andy','Rinomhota','21-apr-1997','Centrocampista'),
  ('314241','Reading FC',28,'Josh','Laurent','6-may-1995','Centrocampista'),
  ('566723','Reading FC',7,'Michael','Olise','12-dec-2001','Centrocampista'),
  ('551427','Reading FC',null,'Jayden','Onen','17-feb-2001','Centrocampista'),
  ('845297','Reading FC',null,'Mamadi','Camará','31-dec-2003','Centrocampista'),
  ('289433','Reading FC',11,'Yakou','Méïté','11-feb-1996','Attaccante'),
  ('042198','Reading FC',24,'Sone','Aluko','19-feb-1989','Attaccante'),
  ('703408','Reading FC',null,'Femi','Azeez','5-jun-2001','Attaccante'),
  ('614812','Reading FC',null,'Joseph','Ajose','8-may-2002','Attaccante'),
  ('234787','Reading FC',18,'Lucas','João','4-sep-1993','Attaccante'),
  ('208690','Reading FC',47,'George','Puscas','8-apr-1996','Attaccante'),
  ('125850','Reading FC',12,'Marc','McNulty','14-sep-1992','Attaccante'),
  ('067211','Reading FC',9,'Sam','Baldock','15-mar-1989','Attaccante'),
  ('424885','Reading FC',null,'Sam','Smith','8-mar-1998','Attaccante'),
  ('646946','Reading FC',null,'Nahum','Melvin-Lambert','21-oct-2002','Attaccante'),
  ('123503','Derby County',21,'Kelle','Roos','31-may-1992','Portiere'),
  ('014555','Derby County',null,'Scott','Carson','3-sep-1985','Portiere'),
  ('205326','Derby County',null,'Jonathan','Mitchell','24-nov-1994','Portiere'),
  ('009500','Derby County',1,'David','Marshall','5-mar-1985','Portiere'),
  ('325896','Derby County',null,'Henrich','Ravas','16-aug-1997','Portiere'),
  ('391250','Derby County',null,'Matt','Yates','14-may-1999','Portiere'),
  ('541516','Derby County',null,'Bradley','Foster','5-oct-2001','Portiere'),
  ('412659','Derby County',30,'Emmanuel','Idem','6-dec-1998','Portiere'),
  ('560111','Derby County',null,'George','Sykes-Kenworthy','1-oct-1999','Portiere'),
  ('307497','Derby County',null,'Matt','Clarke','22-sep-1996','Difensore'),
  ('548470','Derby County',null,'Teden','Mengi','30-apr-2002','Difensore'),
  ('155806','Derby County',null,'Mike','te Wierik','8-jun-1992','Difensore'),
  ('385848','Derby County',null,'George','Edmundson','15-aug-1997','Difensore'),
  ('508398','Derby County',null,'Jordan','Brown','21-jun-2001','Difensore'),
  ('018227','Derby County',33,'Curtis','Davies','15-mar-1985','Difensore'),
  ('459859','Derby County',null,'Joe','Bateman','6-dec-1998','Difensore'),
  ('660874','Derby County',null,'Hugo','Jinkinson','10-dec-2002','Difensore'),
  ('665672','Derby County',null,'Harrison','Solomon','1-nov-2002','Difensore'),
  ('696836','Derby County',null,'Charlie','Rutt','1-dec-2003','Difensore'),
  ('732118','Derby County',null,'Eli','Christie','9-dec-2003','Difensore'),
  ('581330','Derby County',null,'Eiran','Cashin','9-nov-2001','Difensore'),
  ('532539','Derby County',26,'Lee','Buchanan','7-mar-2001','Difensore'),
  ('101682','Derby County',null,'Scott','Malone','25-mar-1991','Difensore'),
  ('045492','Derby County',3,'Craig','Forsyth','24-feb-1989','Difensore'),
  ('732117','Derby County',null,'Dylan','Williams','13-sep-2003','Difensore'),
  ('128912','Derby County',2,'Andre','Wisdom','9-may-1993','Difensore'),
  ('121276','Derby County',12,'Nathan','Byrne','5-jun-1992','Difensore'),
  ('552614','Derby County',null,'Kornell','McDonald','1-oct-2001','Difensore'),
  ('586756','Derby County',null,'Festy','Ebosele','2-aug-2002','Difensore'),
  ('696578','Derby County',null,'Max','Bardell','14-nov-2002','Difensore'),
  ('287247','Derby County',5,'Krystian','Bielik','4-jan-1998','Centrocampista'),
  ('486464','Derby County',8,'Max','Bird','18-sep-2000','Centrocampista'),
  ('095950','Derby County',4,'Graeme','Shinnie','4-aug-1991','Centrocampista'),
  ('181498','Derby County',null,'George','Evans','13-dec-1994','Centrocampista'),
  ('581331','Derby County',null,'Liam','Thompson','29-apr-2002','Centrocampista'),
  ('530780','Derby County',38,'Jason','Knight','13-feb-2001','Centrocampista'),
  ('537270','Derby County',17,'Louie','Sibley','13-sep-2001','Centrocampista'),
  ('399369','Derby County',null,'Beni','Baningime','9-sep-1998','Centrocampista'),
  ('583198','Derby County',null,'Osazee','Aghatise','12-nov-2002','Centrocampista'),
  ('798371','Derby County',null,'Olamide','Ibrahim','23-sep-2003','Centrocampista'),
  ('504974','Derby County',null,'Connor','Dixon','20-sep-2000','Centrocampista'),
  ('257095','Derby County',null,'Duane','Holmes','6-nov-1994','Centrocampista'),
  ('475455','Derby County',null,'Jayden','Mitchell-Lawson','17-sep-1999','Centrocampista'),
  ('505548','Derby County',null,'Louie','Watson','7-jun-2001','Centrocampista'),
  ('696580','Derby County',null,'Jack','Rogers','26-oct-2002','Centrocampista'),
  ('485996','Derby County',null,'Isaac','Hutchinson','10-apr-2000','Centrocampista'),
  ('289167','Derby County',7,'Kamil','Jozwiak','22-apr-1998','Attaccante'),
  ('229970','Derby County',10,'Tom','Lawrence','13-jan-1994','Attaccante'),
  ('453972','Derby County',null,'Cameron','Cresswell','12-sep-1999','Attaccante'),
  ('607381','Derby County',null,'Josh','Shonibare','29-may-1998','Attaccante'),
  ('537269','Derby County',null,'Tyree','Wilson','13-jun-2002','Attaccante'),
  ('225452','Derby County',null,'Patrick','Roberts','5-feb-1997','Attaccante'),
  ('124873','Derby County',null,'Florian','Jozefzoon','9-feb-1991','Attaccante'),
  ('195652','Derby County',11,'Jordon','Ibe','8-dec-1995','Attaccante'),
  ('580770','Derby County',null,'Seb','Thompson','9-oct-2002','Attaccante'),
  ('732119','Derby County',null,'Kaide','Gordon','5-oct-2004','Attaccante'),
  ('061674','Derby County',9,'Martyn','Waghorn','23-jan-1990','Attaccante'),
  ('268746','Derby County',null,'Jack','Marriott','9-sep-1994','Attaccante'),
  ('401543','Derby County',null,'Bobby','Duncan','26-jun-2001','Attaccante'),
  ('036802','Derby County',13,'Colin','Kazim-Richards','26-aug-1986','Attaccante'),
  ('530782','Derby County',null,'Jack','Stretton','6-sep-2001','Attaccante'),
  ('698707','Derby County',null,'Bartosz','Cybulski','15-oct-2002','Attaccante'),
  ('003332','Derby County',null,'Wayne','Rooney','24-oct-1985','Attaccante'),
  ('314371','Derby County',null,'Jahmal','Hector-Ingram','11-nov-1998','Attaccante'),
  ('116648','Middlesbrough FC',null,'Marcus','Bettinelli','24-may-1992','Portiere'),
  ('115989','Middlesbrough FC',null,'Dejan','Stojanovic','19-jul-1993','Portiere'),
  ('177952','Middlesbrough FC',13,'Jordan','Archer','12-apr-1993','Portiere'),
  ('465952','Middlesbrough FC',31,'Sol','Brynn','30-oct-2000','Portiere'),
  ('314140','Middlesbrough FC',6,'Dael','Fry','30-aug-1997','Difensore'),
  ('167268','Middlesbrough FC',17,'Paddy','McNair','27-apr-1995','Difensore'),
  ('124845','Middlesbrough FC',4,'Grant','Hall','29-oct-1991','Difensore'),
  ('503990','Middlesbrough FC',null,'Nathan','Wood','31-may-2002','Difensore'),
  ('425872','Middlesbrough FC',null,'Sam','Stubbs','20-nov-1998','Difensore'),
  ('340310','Middlesbrough FC',27,'Marc','Bola','9-dec-1997','Difensore'),
  ('314362','Middlesbrough FC',33,'Hayden','Coulson','17-jun-1998','Difensore'),
  ('510686','Middlesbrough FC',null,'William','Kokolo','9-jun-2000','Difensore'),
  ('533474','Middlesbrough FC',null,'Jack','Robinson','21-jun-2001','Difensore'),
  ('428302','Middlesbrough FC',2,'Anfernee','Dijksteel','27-oct-1996','Difensore'),
  ('483348','Middlesbrough FC',29,'Djed','Spence','9-aug-2000','Difensore'),
  ('223263','Middlesbrough FC',20,'Darnell','Fisher','4-apr-1994','Difensore'),
  ('533475','Middlesbrough FC',null,'Cain','Sykes','14-aug-2002','Centrocampista'),
  ('141573','Middlesbrough FC',22,'George','Saville','1-jun-1993','Centrocampista'),
  ('517286','Middlesbrough FC',null,'Lewis','Wing','23-jun-1995','Centrocampista'),
  ('123551','Middlesbrough FC',5,'Samy','Morsy','10-sep-1991','Centrocampista'),
  ('045395','Middlesbrough FC',16,'Jonathan','Howson','21-may-1988','Centrocampista'),
  ('538216','Middlesbrough FC',null,'Hayden','Hackney','26-jun-2002','Centrocampista'),
  ('575212','Middlesbrough FC',null,'Isaac','Fletcher','1-jun-2002','Centrocampista'),
  ('485998','Middlesbrough FC',null,'Connor','Malley','20-mar-2000','Centrocampista'),
  ('399434','Middlesbrough FC',7,'Marcus','Tavernier','22-mar-1999','Centrocampista'),
  ('216564','Middlesbrough FC',3,'Marvin','Johnson','1-dec-1990','Centrocampista'),
  ('391470','Middlesbrough FC',12,'Marcus','Browne','18-dec-1997','Centrocampista'),
  ('075471','Middlesbrough FC',null,'Yannick','Bolasie','24-may-1989','Attaccante'),
  ('111422','Middlesbrough FC',null,'Neeskens','Kebano','10-mar-1992','Attaccante'),
  ('248045','Middlesbrough FC',18,'Duncan','Watmore','8-mar-1994','Attaccante'),
  ('125409','Middlesbrough FC',19,'Nathaniel','Mendez-Laing','15-apr-1992','Attaccante'),
  ('670658','Middlesbrough FC',null,'Sam','Folarin','23-sep-2000','Attaccante'),
  ('696631','Middlesbrough FC',null,'Isaiah','Jones','26-jun-1999','Attaccante'),
  ('486001','Middlesbrough FC',null,'Stephen','Walker','11-oct-2000','Attaccante'),
  ('197642','Middlesbrough FC',10,'Chuba','Akpom','9-oct-1995','Attaccante'),
  ('186172','Middlesbrough FC',9,'Britt','Assombalonga','6-dec-1992','Attaccante'),
  ('289846','Middlesbrough FC',11,'Ashley','Fletcher','2-oct-1995','Attaccante'),
  ('624946','Middlesbrough FC',null,'Rumarn','Burrell','16-dec-2000','Attaccante'),
  ('646727','Middlesbrough FC',null,'Josh','Coburn','6-dec-2002','Attaccante'),
  ('136401','Bristol City',1,'Daniel','Bentley','13-jul-1993','Portiere'),
  ('296582','Bristol City',12,'Max','O''Leary','10-oct-1996','Portiere'),
  ('418144','Bristol City',13,'Joe','Wollacott','8-sep-1996','Portiere'),
  ('873975','Bristol City',41,'Harvey','Wiles-Richards','27-may-2002','Portiere'),
  ('148657','Bristol City',22,'Tomas','Kalas','15-may-1993','Difensore'),
  ('287431','Bristol City',5,'Alfie','Mawson','19-jan-1994','Difensore'),
  ('062638','Bristol City',6,'Nathan','Baker','23-apr-1991','Difensore'),
  ('314280','Bristol City',23,'Taylor','Moore','12-may-1997','Difensore'),
  ('038145','Bristol City',19,'Adrian','Mariappa','3-oct-1986','Difensore'),
  ('801422','Bristol City',34,'Ryley','Towler','6-may-2002','Difensore'),
  ('258915','Bristol City',3,'Jay','Dasilva','22-apr-1998','Difensore'),
  ('547382','Bristol City',16,'Cameron','Pring','22-jan-1998','Difensore'),
  ('417955','Bristol City',26,'Zak','Vyner','14-may-1997','Difensore'),
  ('406558','Bristol City',43,'Steven','Sessegnon','18-may-2000','Difensore'),
  ('135038','Bristol City',2,'Jack','Hunt','6-dec-1990','Difensore'),
  ('037442','Bristol City',29,'Danny','Simpson','4-jan-1987','Difensore'),
  ('547036','Bristol City',28,'Callum','Pearson','26-oct-2001','Difensore'),
  ('368559','Bristol City',4,'Ádám','Nagy','17-jun-1995','Centrocampista'),
  ('425716','Bristol City',30,'Tyreeq','Bakinson','10-oct-1998','Centrocampista'),
  ('682035','Bristol City',32,'James','Morton','22-apr-1999','Centrocampista'),
  ('536508','Bristol City',42,'Han-Noah','Massengo','7-jul-2001','Centrocampista'),
  ('044794','Bristol City',17,'Henri','Lansbury','12-oct-1990','Centrocampista'),
  ('268185','Bristol City',20,'Joe','Williams','8-dec-1996','Centrocampista'),
  ('314998','Bristol City',8,'Liam','Walsh','15-sep-1997','Centrocampista'),
  ('846440','Bristol City',24,'Zac','Smith','15-sep-2000','Centrocampista'),
  ('036814','Bristol City',29,'Chris','Brunt','14-dec-1984','Centrocampista'),
  ('742494','Bristol City',38,'Ayman','Benarous','27-jul-2003','Centrocampista'),
  ('801423','Bristol City',39,'Josh','Owers','16-mar-2002','Centrocampista'),
  ('251813','Bristol City',19,'Niclas','Eliasson','7-dec-1995','Centrocampista'),
  ('067331','Bristol City',25,'Tommy','Rowe','24-sep-1988','Centrocampista'),
  ('855256','Bristol City',36,'Alex','Scott','21-aug-2003','Centrocampista'),
  ('255679','Bristol City',11,'Callum','O''Dowda','23-apr-1995','Attaccante'),
  ('801427','Bristol City',44,'Marlee','Francois','29-dec-2002','Attaccante'),
  ('049693','Bristol City',14,'Andreas','Weimann','5-aug-1991','Attaccante'),
  ('091315','Bristol City',15,'Marley','Watkins','17-oct-1990','Attaccante'),
  ('255129','Bristol City',31,'Hakeeb','Adelakun','11-jun-1996','Attaccante'),
  ('644241','Bristol City',28,'Sam','Pearson','26-oct-2001','Attaccante'),
  ('560768','Bristol City',27,'Opi','Edwards','30-apr-1999','Attaccante'),
  ('809099','Bristol City',35,'Owura','Edwards','10-apr-2001','Attaccante'),
  ('156886','Bristol City',10,'Jamie','Paterson','20-dec-1991','Attaccante'),
  ('173483','Bristol City',21,'Nahki','Wells','1-jun-1990','Attaccante'),
  ('237125','Bristol City',9,'Famara','Diédhiou','15-dec-1992','Attaccante'),
  ('583255','Bristol City',18,'Antoine','Semenyo','7-jan-2000','Attaccante'),
  ('046154','Bristol City',7,'Chris','Martin','4-nov-1988','Attaccante'),
  ('801425','Bristol City',33,'Sam','Bell','23-may-2002','Attaccante'),
  ('801426','Bristol City',37,'Tommy','Conway','6-aug-2002','Attaccante'),
  ('718116','Bristol City',40,'Louis','Britton','17-mar-2001','Attaccante'),
  ('607199','Bristol City',46,'Saikou','Janneh','11-jan-2000','Attaccante'),
  ('191056','Nottingham Forest',30,'Brice','Samba','25-apr-1994','Portiere'),
  ('452707','Nottingham Forest',12,'Jordan','Smith','8-dec-1994','Portiere'),
  ('126681','Nottingham Forest',39,'Abdoulaye','Diallo','30-mar-1992','Portiere'),
  ('415970','Nottingham Forest',4,'Joe','Worrall','10-jan-1997','Difensore'),
  ('255906','Nottingham Forest',26,'Scott','McKenna','12-nov-1996','Difensore'),
  ('463610','Nottingham Forest',6,'Loïc','Mbe Soh','13-jun-2001','Difensore'),
  ('122077','Nottingham Forest',3,'Tobias','Figueiredo','2-feb-1994','Difensore'),
  ('102382','Nottingham Forest',44,'Michael','Hefele','1-sep-1990','Difensore'),
  ('009988','Nottingham Forest',20,'Michael','Dawson','18-nov-1983','Difensore'),
  ('258032','Nottingham Forest',5,'Yuri','Ribeiro','24-jan-1997','Difensore'),
  ('134414','Nottingham Forest',24,'Tyler','Blackett','2-apr-1994','Difensore'),
  ('265033','Nottingham Forest',null,'Nikolas','Ioannou','10-nov-1995','Difensore'),
  ('036291','Nottingham Forest',13,'Gaëtan','Bong','25-apr-1988','Difensore'),
  ('158623','Nottingham Forest',null,'Cyrus','Christie','30-sep-1992','Difensore'),
  ('126321','Nottingham Forest',16,'Carl','Jenkinson','8-feb-1992','Difensore'),
  ('158700','Nottingham Forest',null,'Tendayi','Darikwa','13-dec-1991','Difensore'),
  ('425900','Nottingham Forest',null,'Jordan','Lawrence-Gabriel','25-sep-1998','Difensore'),
  ('061644','Nottingham Forest',8,'Jack','Colback','24-oct-1989','Centrocampista'),
  ('089461','Nottingham Forest',21,'Samba','Sow','29-apr-1989','Centrocampista'),
  ('093663','Nottingham Forest',14,'Fouad','Bachirou','15-apr-1990','Centrocampista'),
  ('425902','Nottingham Forest',22,'Ryan','Yates','21-nov-1997','Centrocampista'),
  ('203655','Nottingham Forest',18,'Cafú','null','26-feb-1993','Centrocampista'),
  ('258005','Nottingham Forest',null,'João','Carvalho','9-mar-1997','Centrocampista'),
  ('261988','Nottingham Forest',27,'Filip','Krovinovic','29-aug-1995','Centrocampista'),
  ('066923','Nottingham Forest',null,'Luke','Freeman','22-mar-1992','Centrocampista'),
  ('470607','Nottingham Forest',null,'Brennan','Johnson','23-may-2001','Centrocampista'),
  ('092381','Nottingham Forest',11,'Sammy','Ameobi','1-may-1992','Attaccante'),
  ('503988','Nottingham Forest',17,'Alex','Mighten','11-apr-2002','Attaccante'),
  ('287167','Nottingham Forest',23,'Joe','Lolley','25-aug-1992','Attaccante'),
  ('149237','Nottingham Forest',null,'Anthony','Knockaert','20-nov-1991','Attaccante'),
  ('035413','Nottingham Forest',7,'Lewis','Grabban','12-jan-1988','Attaccante'),
  ('306166','Nottingham Forest',null,'Nuno','Da Costa','10-feb-1991','Attaccante'),
  ('137704','Nottingham Forest',null,'Miguel Ángel','Guerrero','12-jul-1990','Attaccante'),
  ('104495','Nottingham Forest',33,'Lyle','Taylor','29-mar-1990','Attaccante'),
  ('646208','Nottingham Forest',null,'Will','Swan','26-oct-2000','Attaccante'),
  ('258914','Barnsley FC',40,'Brad','Collins','18-feb-1997','Portiere'),
  ('368629','Barnsley FC',1,'Jack','Walton','23-apr-1998','Portiere'),
  ('625800','Barnsley FC',31,'Henry','Kendrick','3-dec-2000','Portiere'),
  ('424456','Barnsley FC',48,'Corey','Addai','10-oct-1997','Portiere'),
  ('842149','Barnsley FC',50,'Kieran','Flavell','21-sep-2003','Portiere'),
  ('407021','Barnsley FC',6,'Mads Juel','Andersen','27-dec-1997','Difensore'),
  ('255383','Barnsley FC',30,'Michal','Helik','9-sep-1995','Difensore'),
  ('074179','Barnsley FC',26,'Michael','Sollbauer','15-may-1990','Difensore'),
  ('322984','Barnsley FC',24,'Aapo','Halme','22-may-1998','Difensore'),
  ('484215','Barnsley FC',20,'Toby','Sibbick','23-may-1999','Difensore'),
  ('435493','Barnsley FC',5,'Bambo','Diaby','17-dec-1997','Difensore'),
  ('534701','Barnsley FC',5,'Liam','Kitching','25-sep-1999','Difensore'),
  ('614064','Barnsley FC',34,'Jasper','Moon','24-nov-2000','Difensore'),
  ('734353','Barnsley FC',36,'Rudi','Pache','20-jul-2002','Difensore'),
  ('614063','Barnsley FC',38,'Jordan','Helliwell','23-sep-2001','Difensore'),
  ('620041','Barnsley FC',44,'Ali','Omar','14-sep-1999','Difensore'),
  ('529747','Barnsley FC',22,'Clarke','Oduor','25-jun-1999','Difensore'),
  ('427873','Barnsley FC',3,'Ben','Williams','31-mar-1999','Difensore'),
  ('734356','Barnsley FC',43,'Charlie','Winfield','8-may-2002','Difensore'),
  ('361516','Barnsley FC',14,'Kilian','Ludewig','5-mar-2000','Difensore'),
  ('416368','Barnsley FC',7,'Callum','Brittain','12-mar-1998','Difensore'),
  ('346468','Barnsley FC',2,'Jordan','Williams','22-oct-1999','Difensore'),
  ('283514','Barnsley FC',27,'Alex','Mowatt','13-feb-1995','Centrocampista'),
  ('084162','Barnsley FC',17,'Marcel','Ritzmaier','22-apr-1993','Centrocampista'),
  ('073522','Barnsley FC',32,'Matty','James','22-jul-1991','Centrocampista'),
  ('737861','Barnsley FC',21,'Romal','Palmer','30-sep-1998','Centrocampista'),
  ('314253','Barnsley FC',8,'Herbie','Kane','23-nov-1998','Centrocampista'),
  ('562749','Barnsley FC',33,'Matty','Wolfe','12-jun-2000','Centrocampista'),
  ('734354','Barnsley FC',41,'Will','Lancaster','3-aug-2002','Centrocampista'),
  ('826063','Barnsley FC',39,'Keaton','Ward','10-may-2000','Centrocampista'),
  ('423669','Barnsley FC',47,'Daniel','Bramall','3-sep-1998','Centrocampista'),
  ('435062','Barnsley FC',4,'Callum','Styles','27-mar-2000','Centrocampista'),
  ('264660','Barnsley FC',18,'Isaac','Christie-Davies','18-oct-1997','Centrocampista'),
  ('646900','Barnsley FC',23,'Elliot','Simoes','20-dec-1999','Centrocampista'),
  ('734357','Barnsley FC',42,'Brad','Binns','2-dec-2001','Centrocampista'),
  ('273553','Barnsley FC',28,'Dominik','Frieser','9-sep-1993','Attaccante'),
  ('399473','Barnsley FC',16,'Luke','Thomas','19-feb-1999','Attaccante'),
  ('416622','Barnsley FC',15,'Jordan','Green','22-feb-1995','Attaccante'),
  ('638741','Barnsley FC',10,'Daryl','Dike','3-jun-2000','Attaccante'),
  ('169801','Barnsley FC',9,'Cauley','Woodrow','2-dec-1994','Attaccante'),
  ('246963','Barnsley FC',14,'Carlton','Morris','16-dec-1995','Attaccante'),
  ('349503','Barnsley FC',11,'Conor','Chaplin','16-feb-1997','Attaccante'),
  ('297590','Barnsley FC',19,'Patrick','Schmidt','22-jul-1998','Attaccante'),
  ('344987','Barnsley FC',29,'Victor','Adeboyejo','12-jan-1998','Attaccante'),
  ('414892','Barnsley FC',25,'George','Miller','11-aug-1998','Attaccante'),
  ('730770','Barnsley FC',37,'Aiden','Marsh','5-may-2003','Attaccante'),
  ('483352','Barnsley FC',46,'Cameron','Thompson','21-feb-2000','Attaccante'),
  ('866552','Barnsley FC',45,'Steve','Simpson','5-apr-2000','Attaccante'),
  ('260841','Preston North End',null,'Daniel','Iversen','19-jul-1997','Portiere'),
  ('074088','Preston North End',1,'Declan','Rudd','16-jan-1991','Portiere'),
  ('163531','Preston North End',25,'Connor','Ripley','13-feb-1993','Portiere'),
  ('354303','Preston North End',28,'Mathew','Hudson','29-jul-1998','Portiere'),
  ('257097','Preston North End',null,'Ben','Davies','11-aug-1995','Difensore'),
  ('541231','Preston North End',2,'Sepp','van den Berg','20-dec-2001','Difensore'),
  ('094603','Preston North End',5,'Patrick','Bauer','28-oct-1992','Difensore'),
  ('435198','Preston North End',14,'Jordan','Storey','2-sep-1997','Difensore'),
  ('045516','Preston North End',23,'Paul','Huntington','17-sep-1987','Difensore'),
  ('191865','Preston North End',16,'Andrew','Hughes','5-jun-1992','Difensore'),
  ('426281','Preston North End',null,'Josh','Earl','24-oct-1998','Difensore'),
  ('647452','Preston North End',null,'Lewis','Coulton','3-mar-2003','Difensore'),
  ('175740','Preston North End',15,'Joe','Rafferty','6-oct-1993','Difensore'),
  ('747367','Preston North End',null,'Lewis','Leigh','5-dec-2003','Centrocampista'),
  ('277697','Preston North End',8,'Alan','Browne','15-apr-1995','Centrocampista'),
  ('258884','Preston North End',18,'Ryan','Ledson','19-aug-1997','Centrocampista'),
  ('347389','Preston North End',17,'Ben','Whiteman','17-jun-1996','Centrocampista'),
  ('237013','Preston North End',44,'Brad','Potts','3-jul-1994','Centrocampista'),
  ('357656','Preston North End',null,'Jayson','Molumby','6-aug-1999','Centrocampista'),
  ('425799','Preston North End',7,'Tom','Bayliss','6-apr-1999','Centrocampista'),
  ('010501','Preston North End',12,'Paul','Gallagher','8-sep-1984','Centrocampista'),
  ('552652','Preston North End',null,'Adam','O''Reilly','11-may-2001','Centrocampista'),
  ('638284','Preston North End',null,'Jack','Baxter','27-oct-2000','Centrocampista'),
  ('169092','Preston North End',11,'Daniel','Johnson','8-oct-1992','Centrocampista'),
  ('289844','Preston North End',null,'Josh','Harrop','15-dec-1995','Centrocampista'),
  ('503733','Preston North End',null,'Anthony','Gordon','24-feb-2001','Attaccante'),
  ('031552','Preston North End',31,'Scott','Sinclair','25-mar-1989','Attaccante'),
  ('325104','Preston North End',17,'Josh','Ginnelly','24-mar-1997','Attaccante'),
  ('640893','Preston North End',null,'Ethan','Walker','28-jul-2002','Attaccante'),
  ('160137','Preston North End',29,'Tom','Barkhuizen','4-jul-1993','Attaccante'),
  ('130229','Preston North End',39,'Billy','Bodin','24-mar-1992','Attaccante'),
  ('191320','Preston North End',24,'Sean','Maguire','1-may-1994','Attaccante'),
  ('293325','Preston North End',19,'Emil','Riis','24-jun-1998','Attaccante'),
  ('134293','Preston North End',null,'Jayden','Stockley','15-sep-1993','Attaccante'),
  ('061622','Preston North End',26,'Ched','Evans','28-dec-1988','Attaccante'),
  ('033963','Preston North End',null,'David','Nugent','2-may-1985','Attaccante'),
  ('125561','Preston North End',9,'Louis','Moult','14-may-1992','Attaccante'),
  ('745997','Preston North End',38,'Joe','Rodwell-Grant','18-oct-2002','Attaccante'),
  ('745998','Preston North End',null,'Jacob','Holland-Wilkinson','30-oct-2002','Attaccante'),
  ('495441','Huddersfield Town',31,'Ryan','Schofield','11-dec-1999','Portiere'),
  ('192611','Huddersfield Town',null,'Joel','Pereira','28-jun-1996','Portiere'),
  ('052598','Huddersfield Town',13,'Jayson','Leutwiler','25-apr-1989','Portiere'),
  ('203532','Huddersfield Town',23,'Naby','Sarr','13-aug-1993','Difensore'),
  ('057842','Huddersfield Town',26,'Christopher','Schindler','29-apr-1990','Difensore'),
  ('689893','Huddersfield Town',35,'Rarmani','Edmonds-Green','14-jan-1999','Difensore'),
  ('037152','Huddersfield Town',4,'Tommy','Elphick','7-sep-1987','Difensore'),
  ('034349','Huddersfield Town',12,'Richard','Stearman','19-aug-1987','Difensore'),
  ('047983','Huddersfield Town',15,'Richard','Keogh','11-aug-1986','Difensore'),
  ('689891','Huddersfield Town',27,'Romoney','Crichlow','3-jun-1999','Difensore'),
  ('723666','Huddersfield Town',null,'Loick','Ayina','20-apr-2003','Difensore'),
  ('731754','Huddersfield Town',null,'Mustapha','Olagunju','1-jan-2002','Difensore'),
  ('198516','Huddersfield Town',3,'Harry','Toffolo','19-aug-1995','Difensore'),
  ('346469','Huddersfield Town',28,'Jaden','Brown','24-jan-1999','Difensore'),
  ('731758','Huddersfield Town',null,'Sam','Sharrock-Peplow','14-jul-2002','Difensore'),
  ('689892','Huddersfield Town',null,'Ben','Jackson','22-feb-2001','Difensore'),
  ('731755','Huddersfield Town',null,'Jaheim','Headley','24-sep-2001','Difensore'),
  ('423166','Huddersfield Town',2,'Pipa','null','26-jan-1998','Difensore'),
  ('380913','Huddersfield Town',17,'Demeaco','Duhaney','13-oct-1998','Difensore'),
  ('657994','Huddersfield Town',null,'Aaron','Rowe','7-sep-2000','Difensore'),
  ('315128','Huddersfield Town',14,'Carel','Eiting','11-feb-1998','Centrocampista'),
  ('138934','Huddersfield Town',5,'Alex','Vallejo','16-jan-1992','Centrocampista'),
  ('854325','Huddersfield Town',null,'Etienne','Camara','30-mar-2003','Centrocampista'),
  ('348863','Huddersfield Town',7,'Juninho','Bacuna','7-aug-1997','Centrocampista'),
  ('560694','Huddersfield Town',8,'Lewis','O''Brien','14-oct-1998','Centrocampista'),
  ('061573','Huddersfield Town',6,'Jonathan','Hogg','6-dec-1988','Centrocampista'),
  ('728982','Huddersfield Town',49,'Scott','High','15-feb-2001','Centrocampista'),
  ('236493','Huddersfield Town',null,'Reece','Brown','3-mar-1996','Centrocampista'),
  ('723667','Huddersfield Town',null,'Brahima','Diarra','5-jul-2003','Centrocampista'),
  ('200777','Huddersfield Town',10,'Alex','Pritchard','3-may-1993','Centrocampista'),
  ('566349','Huddersfield Town',34,'Matty','Daly','10-mar-2001','Centrocampista'),
  ('728983','Huddersfield Town',null,'Josh','Austerfield','2-nov-2001','Centrocampista'),
  ('720269','Huddersfield Town',null,'Patrick','Jones','9-jun-2003','Attaccante'),
  ('453594','Huddersfield Town',null,'Adama','Diakhaby','5-jul-1996','Attaccante'),
  ('258188','Huddersfield Town',16,'Rolando','Aarons','16-nov-1995','Attaccante'),
  ('260806','Huddersfield Town',18,'Isaac','Mbenza','8-mar-1996','Attaccante'),
  ('475416','Huddersfield Town',20,'Sorba','Thomas','25-jan-1999','Attaccante'),
  ('577557','Huddersfield Town',21,'Danny','Grant','23-dec-1999','Attaccante'),
  ('731759','Huddersfield Town',null,'Myles','Bright','18-oct-2002','Attaccante'),
  ('429578','Huddersfield Town',19,'Josh','Koroma','8-nov-1998','Attaccante'),
  ('127194','Huddersfield Town',55,'Yaya','Sanogo','27-jan-1993','Attaccante'),
  ('209781','Huddersfield Town',11,'Oumar','Niasse','18-apr-1990','Attaccante'),
  ('124172','Huddersfield Town',25,'Danny','Ward','9-dec-1990','Attaccante'),
  ('042411','Huddersfield Town',22,'Fraizer','Campbell','13-sep-1987','Attaccante'),
  ('610850','Huddersfield Town',null,'Kieran','Phillips','18-feb-2000','Attaccante'),
  ('721485','Huddersfield Town',null,'Kian','Harratt','21-jun-2002','Attaccante'),
  ('804511','Huddersfield Town',null,'Kit','Elliott','22-mar-2001','Attaccante'),
  ('238032','Birmingham City',1,'Andrés','Prieto','17-oct-1993','Portiere'),
  ('344586','Birmingham City',27,'Connal','Trueman','26-mar-1996','Portiere'),
  ('684283','Birmingham City',38,'Zach','Jeacock','8-may-2001','Portiere'),
  ('799173','Birmingham City',39,'Aaron','Clayton','22-nov-2002','Portiere'),
  ('733307','Birmingham City',52,'Elias','Rouse','26-dec-2002','Portiere'),
  ('120504','Birmingham City',12,'Harlee','Dean','26-jul-1991','Difensore'),
  ('316551','Birmingham City',15,'Jake','Clarke-Salter','22-sep-1997','Difensore'),
  ('284959','Birmingham City',4,'Marc','Roberts','26-jul-1990','Difensore'),
  ('567642','Birmingham City',43,'Geraldo','Bajrami','24-sep-1999','Difensore'),
  ('434218','Birmingham City',46,'Joe','Redmond','23-jan-2000','Difensore'),
  ('733300','Birmingham City',50,'Nico','Gordon','28-apr-2002','Difensore'),
  ('331779','Birmingham City',3,'Kristian','Pedersen','4-aug-1994','Difensore'),
  ('077544','Birmingham City',5,'George','Friend','19-oct-1987','Difensore'),
  ('564049','Birmingham City',42,'Steve','Seddon','25-dec-1997','Difensore'),
  ('434217','Birmingham City',45,'Ryan','Burke','23-nov-2000','Difensore'),
  ('406008','Birmingham City',6,'Yan','Valery','22-feb-1999','Difensore'),
  ('156618','Birmingham City',2,'Maxime','Colin','15-nov-1991','Difensore'),
  ('452683','Birmingham City',25,'Josh','Dacres-Cogley','12-mar-1996','Difensore'),
  ('226097','Birmingham City',34,'Ivan','Sunjic','9-oct-1996','Centrocampista'),
  ('052469','Birmingham City',19,'Mikel','San José','30-may-1989','Centrocampista'),
  ('082332','Birmingham City',6,'Maikel','Kieftenbeld','26-jun-1990','Centrocampista'),
  ('684279','Birmingham City',53,'Tate','Campbell','27-jun-2002','Centrocampista'),
  ('496644','Birmingham City',47,'Ryan','Stirk','25-sep-2000','Centrocampista'),
  ('456877','Birmingham City',24,'Rekeem','Harper','8-mar-2000','Centrocampista'),
  ('110861','Birmingham City',20,'Gary','Gardner','29-jun-1992','Centrocampista'),
  ('073067','Birmingham City',8,'Adam','Clayton','14-jan-1989','Centrocampista'),
  ('128905','Birmingham City',16,'Josh','McEachran','1-mar-1993','Centrocampista'),
  ('428061','Birmingham City',18,'Riley','McGree','2-nov-1998','Centrocampista'),
  ('129054','Birmingham City',26,'David','Davis','20-feb-1991','Centrocampista'),
  ('336051','Birmingham City',21,'Agus','Medina','8-sep-1994','Centrocampista'),
  ('564048','Birmingham City',31,'Charlie','Lakin','8-may-1999','Centrocampista'),
  ('438086','Birmingham City',44,'Caolan','Boyd-Munce','26-jan-2000','Centrocampista'),
  ('573052','Birmingham City',48,'Jack','Concannon','26-jan-2000','Centrocampista'),
  ('223225','Birmingham City',7,'Dan','Crowley','3-aug-1997','Centrocampista'),
  ('193593','Birmingham City',23,'Jon','Toral','5-feb-1995','Centrocampista'),
  ('226074','Birmingham City',35,'Alen','Halilovic','18-jun-1996','Centrocampista'),
  ('346485','Birmingham City',37,'Odin','Bailey','8-dec-1999','Centrocampista'),
  ('170966','Birmingham City',11,'Jérémie','Bela','8-apr-1993','Attaccante'),
  ('610910','Birmingham City',28,'Miguel','Fernández','12-aug-2000','Attaccante'),
  ('733308','Birmingham City',41,'Amari','Miller','4-nov-2002','Attaccante'),
  ('559254','Birmingham City',49,'Jayden','Reid','22-apr-2001','Attaccante'),
  ('684291','Birmingham City',51,'Kyle','Hurst','20-jan-2002','Attaccante'),
  ('314266','Birmingham City',14,'Jonathan','Leko','24-apr-1999','Attaccante'),
  ('221311','Birmingham City',17,'Iván','Sánchez','23-sep-1992','Attaccante'),
  ('138783','Birmingham City',9,'Scott','Hogan','13-apr-1992','Attaccante'),
  ('351691','Birmingham City',16,'Sam','Cosgrove','2-dec-1996','Attaccante'),
  ('033507','Birmingham City',10,'Lukas','Jutkiewicz','28-mar-1989','Attaccante'),
  ('530736','Birmingham City',54,'Keyendrah','Simmonds','31-may-2001','Attaccante'),
  ('716109','Birmingham City',40,'Adan','George','30-jul-2002','Attaccante'),
  ('024496','Millwall FC',33,'Bartosz','Bialkowski','6-jul-1987','Portiere'),
  ('057070','Millwall FC',1,'Frank','Fielding','4-apr-1988','Portiere'),
  ('747560','Millwall FC',null,'Joe','Wright','10-apr-2001','Portiere'),
  ('243603','Millwall FC',5,'Jake','Cooper','3-feb-1995','Difensore'),
  ('061417','Millwall FC',4,'Shaun','Hutchinson','23-nov-1990','Difensore'),
  ('174099','Millwall FC',3,'Murray','Wallace','10-jan-1993','Difensore'),
  ('047768','Millwall FC',15,'Alex','Pearce','9-nov-1988','Difensore'),
  ('746095','Millwall FC',null,'Hayden','Muller','7-feb-2002','Difensore'),
  ('747561','Millwall FC',null,'Junior','Tiensia','25-dec-2000','Difensore'),
  ('268117','Millwall FC',12,'Mahlon','Romeo','19-sep-1995','Difensore'),
  ('467540','Millwall FC',null,'James','Brown','12-jan-1998','Difensore'),
  ('647138','Millwall FC',null,'Danny','McNamara','27-dec-1998','Difensore'),
  ('057478','Millwall FC',6,'Shaun','Williams','19-oct-1986','Centrocampista'),
  ('145843','Millwall FC',18,'Ryan','Leonard','24-may-1992','Centrocampista'),
  ('337062','Millwall FC',8,'Ben','Thompson','3-oct-1995','Centrocampista'),
  ('671821','Millwall FC',24,'Billy','Mitchell','7-apr-2001','Centrocampista'),
  ('062052','Millwall FC',11,'Shane','Ferguson','12-jul-1991','Centrocampista'),
  ('610297','Millwall FC',null,'Tyler','Burey','9-jan-2001','Centrocampista'),
  ('195637','Millwall FC',20,'Mason','Bennett','15-jul-1996','Attaccante'),
  ('148734','Millwall FC',null,'Jiri','Skalak','12-mar-1992','Attaccante'),
  ('198358','Millwall FC',7,'Jed','Wallace','26-mar-1994','Attaccante'),
  ('287528','Millwall FC',21,'Connor','Mahoney','12-feb-1997','Attaccante'),
  ('552655','Millwall FC',null,'Troy','Parrott','4-feb-2002','Attaccante'),
  ('135213','Millwall FC',null,'Kenneth','Zohore','31-jan-1994','Attaccante'),
  ('139781','Millwall FC',9,'Tom','Bradshaw','27-jul-1992','Attaccante'),
  ('114090','Millwall FC',22,'Jón Dadi','Bödvarsson','25-may-1992','Attaccante'),
  ('069786','Millwall FC',10,'Matt','Smith','7-jun-1989','Attaccante'),
  ('649180','Millwall FC',null,'George','Alexander','14-oct-2000','Attaccante'),
  ('250870','Queens Park Rangers',13,'Seny','Dieng','23-nov-1994','Portiere'),
  ('336367','Queens Park Rangers',1,'Joe','Lumley','15-feb-1995','Portiere'),
  ('208772','Queens Park Rangers',32,'Liam','Kelly','23-jan-1996','Portiere'),
  ('259151','Queens Park Rangers',null,'Dillon','Barnes','8-apr-1996','Portiere'),
  ('690548','Queens Park Rangers',null,'Joe','Walsh','1-apr-2002','Portiere'),
  ('257437','Queens Park Rangers',4,'Rob','Dickie','3-mar-1996','Difensore'),
  ('159838','Queens Park Rangers',6,'Yoann','Barbet','10-may-1993','Difensore'),
  ('215096','Queens Park Rangers',null,'Jordy','de Wijs','8-jan-1995','Difensore'),
  ('293784','Queens Park Rangers',null,'Conor','Masterson','8-sep-1998','Difensore'),
  ('683848','Queens Park Rangers',null,'Joe','Gubbins','3-aug-2001','Difensore'),
  ('351546','Queens Park Rangers',25,'Niko','Hämäläinen','5-mar-1997','Difensore'),
  ('036657','Queens Park Rangers',3,'Lee','Wallace','1-aug-1987','Difensore'),
  ('154287','Queens Park Rangers',2,'Todd','Kane','17-sep-1993','Difensore'),
  ('419576','Queens Park Rangers',24,'Osman','Kakay','25-aug-1997','Difensore'),
  ('258912','Queens Park Rangers',8,'Luke','Amos','23-feb-1997','Centrocampista'),
  ('167254','Queens Park Rangers',12,'Dominic','Ball','2-aug-1995','Centrocampista'),
  ('031642','Queens Park Rangers',null,'Geoff','Cameron','11-jul-1985','Centrocampista'),
  ('374263','Queens Park Rangers',30,'Charlie','Owens','7-dec-1997','Centrocampista'),
  ('062008','Queens Park Rangers',null,'Stefan','Johansen','8-jan-1991','Centrocampista'),
  ('121279','Queens Park Rangers',22,'Tom','Carroll','28-may-1992','Centrocampista'),
  ('387331','Queens Park Rangers',null,'Sam','Field','8-may-1998','Centrocampista'),
  ('612163','Queens Park Rangers',26,'Faysal','Bettache','7-jul-2000','Centrocampista'),
  ('503731','Queens Park Rangers',null,'Stephen','Duke-McKenna','17-aug-2000','Centrocampista'),
  ('683855','Queens Park Rangers',null,'Dillon','De Silva','18-apr-2002','Centrocampista'),
  ('380473','Queens Park Rangers',10,'Ilias','Chair','30-oct-1997','Centrocampista'),
  ('298240','Queens Park Rangers',19,'George','Thomas','24-mar-1997','Centrocampista'),
  ('314341','Queens Park Rangers',21,'Chris','Willock','31-jan-1998','Attaccante'),
  ('401268','Queens Park Rangers',null,'Olamide','Shodipo','5-jul-1997','Attaccante'),
  ('649748','Queens Park Rangers',34,'Ody','Alfa','9-mar-1999','Attaccante'),
  ('358948','Queens Park Rangers',null,'Bright','Osayi-Samuel','31-dec-1997','Attaccante'),
  ('083430','Queens Park Rangers',37,'Albert','Adomah','13-dec-1987','Attaccante'),
  ('408872','Queens Park Rangers',null,'Paul','Smyth','10-sep-1997','Attaccante'),
  ('347138','Queens Park Rangers',9,'Lyndon','Dykes','7-oct-1995','Attaccante'),
  ('129627','Queens Park Rangers',null,'Charlie','Austin','5-jul-1989','Attaccante'),
  ('296577','Queens Park Rangers',7,'Macauley','Bonne','26-oct-1995','Attaccante'),
  ('633492','Queens Park Rangers',29,'Charlie','Kelman','2-nov-2001','Attaccante'),
  ('462113','Queens Park Rangers',null,'Aramide','Oteh','10-sep-1998','Attaccante'),
  ('251056','Sheffield Wednesday',25,'Cameron','Dawson','7-jul-1995','Portiere'),
  ('319851','Sheffield Wednesday',28,'Joe','Wildsmith','28-dec-1995','Portiere'),
  ('015164','Sheffield Wednesday',1,'Keiren','Westwood','23-oct-1984','Portiere'),
  ('729941','Sheffield Wednesday',31,'Joshua','Render','25-sep-2000','Portiere'),
  ('733553','Sheffield Wednesday',null,'Luke','Jackson','18-mar-2002','Portiere'),
  ('121333','Sheffield Wednesday',15,'Tom','Lees','28-nov-1990','Difensore'),
  ('213334','Sheffield Wednesday',27,'Dominic','Iorfa','24-jun-1995','Difensore'),
  ('045677','Sheffield Wednesday',13,'Julian','Börner','21-jan-1991','Difensore'),
  ('261546','Sheffield Wednesday',4,'Joost','van Aken','13-may-1994','Difensore'),
  ('217094','Sheffield Wednesday',23,'Chey','Dunkley','13-feb-1992','Difensore'),
  ('491738','Sheffield Wednesday',19,'Osaze','Urhoghide','4-jul-2000','Difensore'),
  ('550134','Sheffield Wednesday',34,'Ciaran','Brennan','5-may-2000','Difensore'),
  ('622231','Sheffield Wednesday',null,'Isaac','Rice','30-sep-2000','Difensore'),
  ('485546','Sheffield Wednesday',14,'Matt','Penney','11-feb-1998','Difensore'),
  ('647382','Sheffield Wednesday',null,'Ryan','Galvin','31-jan-2001','Difensore'),
  ('137149','Sheffield Wednesday',2,'Liam','Palmer','19-sep-1991','Difensore'),
  ('163738','Sheffield Wednesday',22,'Moses','Odubajo','28-jul-1993','Difensore'),
  ('733554','Sheffield Wednesday',null,'Declan','Thompson','9-mar-2002','Difensore'),
  ('040617','Sheffield Wednesday',6,'Sam','Hutchinson','3-aug-1989','Centrocampista'),
  ('187293','Sheffield Wednesday',8,'Joey','Pelupessy','15-may-1993','Centrocampista'),
  ('623560','Sheffield Wednesday',26,'Liam','Shaw','12-mar-2001','Centrocampista'),
  ('061561','Sheffield Wednesday',10,'Barry','Bannan','1-dec-1989','Centrocampista'),
  ('181687','Sheffield Wednesday',21,'Massimo','Luongo','25-sep-1992','Centrocampista'),
  ('530742','Sheffield Wednesday',17,'Fisayo','Dele-Bashiru','6-feb-2001','Centrocampista'),
  ('606006','Sheffield Wednesday',29,'Alex','Hunt','29-may-2000','Centrocampista'),
  ('579997','Sheffield Wednesday',40,'Conor','Grant','23-jul-2001','Centrocampista'),
  ('794822','Sheffield Wednesday',42,'Liam','Waldock','25-sep-2000','Centrocampista'),
  ('736836','Sheffield Wednesday',35,'Ben','Hughes','10-mar-2000','Centrocampista'),
  ('163530','Sheffield Wednesday',11,'Adam','Reach','3-feb-1993','Centrocampista'),
  ('280813','Sheffield Wednesday',18,'Josh','Windass','9-jan-1994','Centrocampista'),
  ('136501','Sheffield Wednesday',7,'Kadeem','Harris','8-jun-1993','Attaccante'),
  ('309841','Sheffield Wednesday',16,'Andre','Green','26-jul-1998','Attaccante'),
  ('049501','Sheffield Wednesday',45,'Elias','Kachunga','22-apr-1992','Attaccante'),
  ('503727','Sheffield Wednesday',36,'Korede','Adedoyin','14-nov-2000','Attaccante'),
  ('733563','Sheffield Wednesday',41,'Charles','Hagan','6-sep-2001','Attaccante'),
  ('245805','Sheffield Wednesday',null,'Izzy','Brown','7-jan-1997','Attaccante'),
  ('048950','Sheffield Wednesday',null,'Jordan','Rhodes','5-feb-1990','Attaccante'),
  ('188201','Luton Town',12,'Simon','Sluga','17-mar-1993','Portiere'),
  ('091340','Luton Town',1,'James','Shea','16-jun-1991','Portiere'),
  ('284718','Luton Town',null,'Harry','Isted','5-mar-1997','Portiere'),
  ('471367','Luton Town',31,'Tiernan','Parker','4-aug-2001','Portiere'),
  ('127794','Luton Town',5,'Sonny','Bradley','13-sep-1991','Difensore'),
  ('121395','Luton Town',6,'Matty','Pearson','3-aug-1993','Difensore'),
  ('207742','Luton Town',15,'Tom','Lockyer','3-dec-1994','Difensore'),
  ('027659','Luton Town',2,'Martin','Cranie','26-sep-1986','Difensore'),
  ('364409','Luton Town',null,'Gabriel','Osho','14-aug-1998','Difensore'),
  ('666136','Luton Town',35,'Corey','Panter','19-oct-2000','Difensore'),
  ('207037','Luton Town',3,'Dan','Potts','13-apr-1994','Difensore'),
  ('061011','Luton Town',24,'Kal','Naismith','18-feb-1992','Difensore'),
  ('208244','Luton Town',23,'Brendan','Galloway','17-mar-1996','Difensore'),
  ('324223','Luton Town',26,'James','Bree','11-dec-1997','Difensore'),
  ('595652','Luton Town',null,'Peter','Kioso','15-aug-1999','Difensore'),
  ('802229','Luton Town',null,'Sam','Beckwith','11-dec-2001','Centrocampista'),
  ('244338','Luton Town',17,'Pelly-Ruddock','Mpanzu','22-mar-1994','Centrocampista'),
  ('337640','Luton Town',16,'Glen','Rea','3-sep-1994','Centrocampista'),
  ('475188','Luton Town',null,'Kiernan','Dewsbury-Hall','6-sep-1998','Centrocampista'),
  ('125685','Luton Town',8,'Luke','Berry','12-jul-1992','Centrocampista'),
  ('110868','Luton Town',4,'Ryan','Tunnicliffe','30-dec-1992','Centrocampista'),
  ('121238','Luton Town',14,'George','Moncur','18-aug-1993','Centrocampista'),
  ('293507','Luton Town',28,'Joe','Morrell','3-jan-1997','Centrocampista'),
  ('372772','Luton Town',null,'Jack','Chambers','12-jul-2000','Centrocampista'),
  ('531864','Luton Town',34,'Jake','Peck','9-jan-2000','Centrocampista'),
  ('051733','Luton Town',null,'Andrew','Shinnie','17-jul-1989','Centrocampista'),
  ('052576','Luton Town',25,'Kazenga','LuaLua','10-dec-1990','Attaccante'),
  ('499604','Luton Town',30,'Dion','Pereira','25-mar-1999','Attaccante'),
  ('703468','Luton Town',null,'TQ','Addy','1-feb-2002','Attaccante'),
  ('184129','Luton Town',18,'Jordan','Clark','22-sep-1993','Attaccante'),
  ('062640','Luton Town',19,'James','Collins','1-dec-1990','Attaccante'),
  ('255703','Luton Town',7,'Harry','Cornick','9-apr-1995','Attaccante'),
  ('229826','Luton Town',null,'Elliot','Lee','16-dec-1994','Attaccante'),
  ('319900','Luton Town',29,'Elijah','Adebayo','7-jan-1998','Attaccante'),
  ('092809','Luton Town',9,'Danny','Hylton','25-feb-1989','Attaccante'),
  ('452380','Luton Town',null,'Sam','Nombe','22-oct-1998','Attaccante'),
  ('543093','Luton Town',null,'Josh','Neufville','22-mar-2001','Attaccante'),
  ('121352','Coventry City',13,'Ben','Wilson','9-aug-1992','Portiere'),
  ('289411','Coventry City',1,'Marko','Marosi','23-oct-1993','Portiere'),
  ('013443','Coventry City',null,'Lee','Camp','22-aug-1984','Portiere'),
  ('574037','Coventry City',null,'Tom','Billson','18-oct-2000','Portiere'),
  ('547040','Coventry City',null,'Cian','Tyler','22-mar-2002','Portiere'),
  ('367284','Coventry City',null,'Leo','Östigard','28-nov-1999','Difensore'),
  ('263268','Coventry City',15,'Dominic','Hyam','20-dec-1995','Difensore'),
  ('154219','Coventry City',4,'Michael','Rose','11-oct-1995','Difensore'),
  ('032526','Coventry City',5,'Kyle','McFadzean','20-feb-1987','Difensore'),
  ('339789','Coventry City',16,'Josh','Pask','1-nov-1997','Difensore'),
  ('594683','Coventry City',null,'Morgan','Williams','30-aug-1999','Difensore'),
  ('425802','Coventry City',27,'Jordon','Thompson','8-apr-1999','Difensore'),
  ('504943','Coventry City',null,'Declan','Drysdale','14-nov-1999','Difensore'),
  ('554365','Coventry City',null,'Josh','Reid','3-may-2002','Difensore'),
  ('479942','Coventry City',null,'Brandon','Mason','30-sep-1997','Difensore'),
  ('186926','Coventry City',23,'Fankaty','Dabo','11-oct-1995','Difensore'),
  ('289196','Coventry City',29,'Julien','Da Costa','29-may-1996','Difensore'),
  ('745156','Coventry City',null,'Blaine','Rowe','22-mar-2002','Difensore'),
  ('322985','Coventry City',38,'Gustavo','Hamer','24-jun-1997','Centrocampista'),
  ('314384','Coventry City',null,'Ben','Sheaf','5-feb-1998','Centrocampista'),
  ('106643','Coventry City',6,'Liam','Kelly','10-feb-1990','Centrocampista'),
  ('257727','Coventry City',8,'Jamie','Allen','29-jan-1995','Centrocampista'),
  ('618903','Coventry City',28,'Josh','Eccles','6-apr-2000','Centrocampista'),
  ('562574','Coventry City',null,'Dan','Lafferty','22-dec-2001','Centrocampista'),
  ('630076','Coventry City',null,'Jack','Burroughs','21-mar-2001','Centrocampista'),
  ('504581','Coventry City',null,'Ryan','Giles','26-jan-2000','Centrocampista'),
  ('425800','Coventry City',26,'Jordan','Shipley','26-sep-1997','Centrocampista'),
  ('371262','Coventry City',11,'Callum','O''Hare','1-may-1998','Centrocampista'),
  ('181376','Coventry City',10,'Wesley','Jobello','23-jan-1994','Attaccante'),
  ('240752','Coventry City',33,'Gervane','Kastaneer','9-jun-1996','Attaccante'),
  ('153634','Coventry City',null,'Marcel','Hilßner','30-jan-1995','Attaccante'),
  ('690751','Coventry City',null,'Will','Bapaga','3-nov-2002','Attaccante'),
  ('354695','Coventry City',7,'Jodi','Jones','22-oct-1997','Attaccante'),
  ('145553','Coventry City',24,'Matt','Godden','29-jul-1991','Attaccante'),
  ('341295','Coventry City',19,'Tyler','Walker','17-oct-1996','Attaccante'),
  ('451306','Coventry City',9,'Maxime','Biamou','13-nov-1990','Attaccante'),
  ('320408','Coventry City',20,'Amadou','Bakayoko','1-jan-1996','Attaccante'),
  ('614086','Coventry City',30,'Fábio','Tavares','22-jan-2001','Attaccante'),
  ('128898','Rotherham United',null,'Jamal','Blackman','27-oct-1993','Portiere'),
  ('273742','Rotherham United',1,'Viktor','Johansson','14-sep-1998','Portiere'),
  ('242681','Rotherham United',31,'Josh','Vickers','1-dec-1995','Portiere'),
  ('192364','Rotherham United',21,'Angus','MacDonald','15-oct-1992','Difensore'),
  ('145923','Rotherham United',20,'Michael','Ihiekwe','20-nov-1992','Difensore'),
  ('119569','Rotherham United',15,'Clark','Robertson','5-sep-1993','Difensore'),
  ('160163','Rotherham United',null,'Adam','Thompson','28-sep-1992','Difensore'),
  ('444571','Rotherham United',null,'Curtis','Tilt','4-aug-1991','Difensore'),
  ('013434','Rotherham United',6,'Richard','Wood','5-jul-1985','Difensore'),
  ('643162','Rotherham United',33,'Jake','Cooper','2-jan-2001','Difensore'),
  ('805494','Rotherham United',35,'Jake','Hull','22-oct-2001','Difensore'),
  ('049611','Rotherham United',3,'Joe','Mattock','15-may-1990','Difensore'),
  ('340920','Rotherham United',18,'Trevor','Clarke','26-mar-1998','Difensore'),
  ('526694','Rotherham United',19,'Wes','Harding','20-oct-1996','Difensore'),
  ('315777','Rotherham United',22,'Matthew','Olosunde','7-mar-1998','Difensore'),
  ('036866','Rotherham United',2,'Billy','Jones','24-mar-1987','Difensore'),
  ('256773','Rotherham United',26,'Dan','Barlaser','18-jan-1997','Centrocampista'),
  ('542471','Rotherham United',8,'Ben','Wiles','17-apr-1999','Centrocampista'),
  ('165341','Rotherham United',16,'Jamie','Lindsay','11-oct-1995','Centrocampista'),
  ('169416','Rotherham United',25,'Matt','Crooks','20-jan-1994','Centrocampista'),
  ('010375','Rotherham United',4,'Shaun','MacDonald','17-jun-1988','Centrocampista'),
  ('222740','Rotherham United',17,'Kieran','Sadlier','14-sep-1994','Attaccante'),
  ('563694','Rotherham United',null,'Mickel','Miller','2-dec-1995','Attaccante'),
  ('392591','Rotherham United',11,'Chiedozie','Ogbene','1-may-1997','Attaccante'),
  ('731867','Rotherham United',34,'Jacob','Gratton','5-jan-2002','Attaccante'),
  ('420808','Rotherham United',null,'George','Hirst','15-feb-1999','Attaccante'),
  ('096173','Rotherham United',24,'Michael','Smith','17-oct-1991','Attaccante'),
  ('233998','Rotherham United',10,'Freddie','Ladapo','1-feb-1993','Attaccante'),
  ('293002','Rotherham United',null,'Kyle','Vassell','7-feb-1993','Attaccante'),
  ('128420','Rotherham United',null,'Jamie','Proctor','25-mar-1992','Attaccante'),
  ('532195','Rotherham United',null,'Joshua','Kayode','4-may-2000','Attaccante'),
  ('864993','Rotherham United',null,'Jerome','Greaves','22-mar-2003','Attaccante'),
  ('111073','Wycombe Wanderers',1,'Ryan','Allsop','17-jun-1992','Portiere'),
  ('067339','Wycombe Wanderers',31,'David','Stockdale','20-sep-1985','Portiere'),
  ('406557','Wycombe Wanderers',32,'Curtis','Anderson','27-sep-2000','Portiere'),
  ('321412','Wycombe Wanderers',13,'Cameron','Yates','14-feb-1999','Portiere'),
  ('425026','Wycombe Wanderers',null,'Josh','Knight','7-sep-1997','Difensore'),
  ('244154','Wycombe Wanderers',6,'Ryan','Tafazolli','28-sep-1991','Difensore'),
  ('184684','Wycombe Wanderers',5,'Anthony','Stewart','18-sep-1992','Difensore'),
  ('040445','Wycombe Wanderers',21,'Darius','Charles','10-dec-1987','Difensore'),
  ('640280','Wycombe Wanderers',16,'Giles','Phillips','22-jun-1997','Difensore'),
  ('504381','Wycombe Wanderers',null,'Andre','Burley','10-sep-1999','Difensore'),
  ('158816','Wycombe Wanderers',27,'Jordan','Obita','8-dec-1993','Difensore'),
  ('039508','Wycombe Wanderers',3,'Joe','Jacobson','17-nov-1986','Difensore'),
  ('119553','Wycombe Wanderers',2,'Jack','Grimmer','25-jan-1994','Difensore'),
  ('227185','Wycombe Wanderers',26,'Jason','McCarthy','7-nov-1995','Difensore'),
  ('580766','Wycombe Wanderers',null,'James','Clark','5-sep-2001','Difensore'),
  ('226964','Wycombe Wanderers',4,'Dominic','Gape','9-sep-1994','Centrocampista'),
  ('353147','Wycombe Wanderers',null,'Dennis','Adeniran','2-jan-1999','Centrocampista'),
  ('199530','Wycombe Wanderers',18,'Curtis','Thompson','2-sep-1993','Centrocampista'),
  ('448813','Wycombe Wanderers',null,'Nick','Freeman','7-nov-1995','Centrocampista'),
  ('399454','Wycombe Wanderers',8,'Alex','Pattison','6-sep-1997','Centrocampista'),
  ('013270','Wycombe Wanderers',10,'Matt','Bloomfield','8-feb-1984','Centrocampista'),
  ('104167','Wycombe Wanderers',7,'David','Wheeler','4-oct-1990','Centrocampista'),
  ('178139','Wycombe Wanderers',17,'Daryl','Horgan','10-aug-1992','Centrocampista'),
  ('305274','Wycombe Wanderers',23,'Fred','Onyedinma','24-nov-1996','Centrocampista'),
  ('530813','Wycombe Wanderers',33,'Anis','Mehmeti','9-jan-2001','Centrocampista'),
  ('069653','Wycombe Wanderers',19,'Garath','McCleary','15-may-1987','Attaccante'),
  ('342690','Wycombe Wanderers',11,'Scott','Kashket','25-feb-1996','Attaccante'),
  ('245765','Wycombe Wanderers',9,'Uche','Ikpeazu','28-feb-1995','Attaccante'),
  ('132236','Wycombe Wanderers',null,'Josh','Parker','1-dec-1990','Attaccante'),
  ('203869','Wycombe Wanderers',25,'Alex','Samuel','20-sep-1995','Attaccante'),
  ('314378','Wycombe Wanderers',null,'Admiral','Muskwe','21-aug-1998','Attaccante'),
  ('032798','Wycombe Wanderers',20,'Adebayo','Akinfenwa','10-may-1982','Attaccante'),
  ('673368','Wycombe Wanderers',null,'Malachi','Linton','22-dec-2000','Attaccante');

insert into Partite values
  ('GB200000',2,'Norwich City','Preston North End',2,2),
  ('GB200001',4,'Norwich City','Derby County',0,1),
  ('GB200002',6,'Norwich City','Birmingham City',1,0),
  ('GB200003',7,'Norwich City','Wycombe Wanderers',2,1),
  ('GB200004',10,'Norwich City','Millwall FC',0,0),
  ('GB200005',11,'Norwich City','Swansea City',1,0),
  ('GB200006',14,'Norwich City','Coventry City',1,1),
  ('GB200007',16,'Norwich City','Sheffield Wednesday',2,1),
  ('GB200008',17,'Norwich City','Nottingham Forest',2,1),
  ('GB200009',1,'Watford FC','Middlesbrough FC',1,0),
  ('GB200010',3,'Watford FC','Luton Town',1,0),
  ('GB200011',6,'Watford FC','Blackburn Rovers',3,1),
  ('GB200012',7,'Watford FC','AFC Bournemouth',1,1),
  ('GB200013',10,'Watford FC','Stoke City',3,2),
  ('GB200014',11,'Watford FC','Coventry City',3,2),
  ('GB200015',14,'Watford FC','Preston North End',4,1),
  ('GB200016',16,'Watford FC','Cardiff City',0,1),
  ('GB200017',17,'Watford FC','Rotherham United',2,0),
  ('GB200018',19,'Watford FC','Brentford FC',1,1),
  ('GB200019',2,'Brentford FC','Huddersfield Town',3,0),
  ('GB200020',4,'Brentford FC','Preston North End',2,4),
  ('GB200021',5,'Brentford FC','Coventry City',2,0),
  ('GB200022',8,'Brentford FC','Norwich City',1,1),
  ('GB200023',10,'Brentford FC','Swansea City',1,1),
  ('GB200024',11,'Brentford FC','Middlesbrough FC',0,0),
  ('GB200025',14,'Brentford FC','Queens Park Rangers',2,1),
  ('GB200026',16,'Brentford FC','Blackburn Rovers',2,2),
  ('GB200027',17,'Brentford FC','Derby County',0,0),
  ('GB200028',2,'Swansea City','Birmingham City',0,0),
  ('GB200029',4,'Swansea City','Millwall FC',2,1),
  ('GB200030',5,'Swansea City','Huddersfield Town',1,2),
  ('GB200031',8,'Swansea City','Stoke City',2,0),
  ('GB200032',9,'Swansea City','Blackburn Rovers',2,0),
  ('GB200033',12,'Swansea City','Rotherham United',1,0),
  ('GB200034',13,'Swansea City','Sheffield Wednesday',1,1),
  ('GB200035',16,'Swansea City','Luton Town',2,0),
  ('GB200036',17,'Swansea City','AFC Bournemouth',0,0),
  ('GB200037',1,'Barnsley FC','Luton Town',0,1),
  ('GB200038',3,'Barnsley FC','Coventry City',0,0),
  ('GB200039',5,'Barnsley FC','Bristol City',2,2),
  ('GB200040',8,'Barnsley FC','Queens Park Rangers',3,0),
  ('GB200041',9,'Barnsley FC','Watford FC',1,0),
  ('GB200042',12,'Barnsley FC','Nottingham Forest',2,0),
  ('GB200043',13,'Barnsley FC','Brentford FC',0,1),
  ('GB200044',16,'Barnsley FC','AFC Bournemouth',0,4),
  ('GB200045',17,'Barnsley FC','Wycombe Wanderers',2,1),
  ('GB200046',19,'Barnsley FC','Preston North End',2,1),
  ('GB200047',1,'AFC Bournemouth','Blackburn Rovers',3,2),
  ('GB200048',3,'AFC Bournemouth','Norwich City',1,0),
  ('GB200049',5,'AFC Bournemouth','Queens Park Rangers',0,0),
  ('GB200050',8,'AFC Bournemouth','Bristol City',1,0),
  ('GB200051',9,'AFC Bournemouth','Derby County',1,1),
  ('GB200052',12,'AFC Bournemouth','Reading FC',4,2),
  ('GB200053',13,'AFC Bournemouth','Nottingham Forest',2,0),
  ('GB200054',15,'AFC Bournemouth','Preston North End',2,3),
  ('GB200055',18,'AFC Bournemouth','Huddersfield Town',5,0),
  ('GB200056',19,'AFC Bournemouth','Wycombe Wanderers',1,0),
  ('GB200057',2,'Reading FC','Barnsley FC',2,0),
  ('GB200058',4,'Reading FC','Watford FC',1,0),
  ('GB200059',6,'Reading FC','Wycombe Wanderers',1,0),
  ('GB200060',7,'Reading FC','Rotherham United',3,0),
  ('GB200061',10,'Reading FC','Preston North End',0,3),
  ('GB200062',11,'Reading FC','Stoke City',0,3),
  ('GB200063',14,'Reading FC','Bristol City',3,1),
  ('GB200064',16,'Reading FC','Nottingham Forest',2,0),
  ('GB200065',17,'Reading FC','Birmingham City',1,2),
  ('GB200066',19,'Reading FC','Norwich City',1,2),
  ('GB200067',1,'Cardiff City','Sheffield Wednesday',0,2),
  ('GB200068',3,'Cardiff City','Reading FC',1,2),
  ('GB200069',6,'Cardiff City','AFC Bournemouth',1,1),
  ('GB200070',7,'Cardiff City','Middlesbrough FC',1,1),
  ('GB200071',10,'Cardiff City','Barnsley FC',3,0),
  ('GB200072',11,'Cardiff City','Bristol City',0,1),
  ('GB200073',14,'Cardiff City','Luton Town',4,0),
  ('GB200074',15,'Cardiff City','Huddersfield Town',3,0),
  ('GB200075',18,'Cardiff City','Swansea City',0,2),
  ('GB200076',19,'Cardiff City','Birmingham City',3,2),
  ('GB200077',1,'Queens Park Rangers','Nottingham Forest',2,0),
  ('GB200078',3,'Queens Park Rangers','Middlesbrough FC',1,1),
  ('GB200079',6,'Queens Park Rangers','Preston North End',0,2),
  ('GB200080',7,'Queens Park Rangers','Birmingham City',0,0),
  ('GB200081',9,'Queens Park Rangers','Cardiff City',3,2),
  ('GB200082',12,'Queens Park Rangers','Watford FC',1,1),
  ('GB200083',13,'Queens Park Rangers','Rotherham United',3,2),
  ('GB200084',15,'Queens Park Rangers','Bristol City',1,2),
  ('GB200085',18,'Queens Park Rangers','Reading FC',0,1),
  ('GB200086',19,'Queens Park Rangers','Stoke City',0,0),
  ('GB200087',2,'Middlesbrough FC','AFC Bournemouth',1,1),
  ('GB200088',4,'Middlesbrough FC','Barnsley FC',2,1),
  ('GB200089',5,'Middlesbrough FC','Reading FC',0,0),
  ('GB200090',8,'Middlesbrough FC','Coventry City',2,0),
  ('GB200091',9,'Middlesbrough FC','Nottingham Forest',1,0),
  ('GB200092',12,'Middlesbrough FC','Norwich City',0,1),
  ('GB200093',13,'Middlesbrough FC','Derby County',3,0),
  ('GB200094',15,'Middlesbrough FC','Swansea City',2,1),
  ('GB200095',18,'Middlesbrough FC','Millwall FC',3,0),
  ('GB200096',19,'Middlesbrough FC','Luton Town',1,0),
  ('GB200097',1,'Millwall FC','Stoke City',0,0),
  ('GB200098',3,'Millwall FC','Brentford FC',1,1),
  ('GB200099',6,'Millwall FC','Luton Town',2,0),
  ('GB200100',7,'Millwall FC','Barnsley FC',1,1),
  ('GB200101',9,'Millwall FC','Huddersfield Town',0,3),
  ('GB200102',12,'Millwall FC','Cardiff City',1,1),
  ('GB200103',13,'Millwall FC','Reading FC',1,1),
  ('GB200104',16,'Millwall FC','Derby County',0,1),
  ('GB200105',17,'Millwall FC','Queens Park Rangers',1,1),
  ('GB200106',2,'Luton Town','Derby County',2,1),
  ('GB200107',4,'Luton Town','Wycombe Wanderers',2,0),
  ('GB200108',5,'Luton Town','Stoke City',0,2),
  ('GB200109',8,'Luton Town','Nottingham Forest',1,1),
  ('GB200110',9,'Luton Town','Brentford FC',0,3),
  ('GB200111',12,'Luton Town','Blackburn Rovers',1,1),
  ('GB200112',13,'Luton Town','Birmingham City',1,1),
  ('GB200113',15,'Luton Town','Norwich City',3,1),
  ('GB200114',18,'Luton Town','Preston North End',3,0),
  ('GB200115',1,'Preston North End','Swansea City',0,1),
  ('GB200116',3,'Preston North End','Stoke City',0,1),
  ('GB200117',5,'Preston North End','Cardiff City',0,1),
  ('GB200118',8,'Preston North End','Millwall FC',0,2),
  ('GB200119',9,'Preston North End','Birmingham City',1,2),
  ('GB200120',12,'Preston North End','Sheffield Wednesday',1,0),
  ('GB200121',13,'Preston North End','Blackburn Rovers',0,3),
  ('GB200122',16,'Preston North End','Wycombe Wanderers',2,2),
  ('GB200123',17,'Preston North End','Middlesbrough FC',3,0),
  ('GB200124',2,'Stoke City','Bristol City',0,2),
  ('GB200125',4,'Stoke City','Birmingham City',1,1),
  ('GB200126',6,'Stoke City','Barnsley FC',2,2),
  ('GB200127',7,'Stoke City','Brentford FC',3,2),
  ('GB200128',9,'Stoke City','Rotherham United',1,0),
  ('GB200129',12,'Stoke City','Huddersfield Town',4,3),
  ('GB200130',13,'Stoke City','Norwich City',2,3),
  ('GB200131',16,'Stoke City','Middlesbrough FC',1,0),
  ('GB200132',17,'Stoke City','Cardiff City',1,2),
  ('GB200133',2,'Blackburn Rovers','Wycombe Wanderers',5,0),
  ('GB200134',4,'Blackburn Rovers','Cardiff City',0,0),
  ('GB200135',5,'Blackburn Rovers','Nottingham Forest',0,1),
  ('GB200136',8,'Blackburn Rovers','Reading FC',2,4),
  ('GB200137',10,'Blackburn Rovers','Middlesbrough FC',0,0),
  ('GB200138',11,'Blackburn Rovers','Queens Park Rangers',3,1),
  ('GB200139',14,'Blackburn Rovers','Barnsley FC',2,1),
  ('GB200140',15,'Blackburn Rovers','Millwall FC',2,1),
  ('GB200141',18,'Blackburn Rovers','Norwich City',1,2),
  ('GB200142',19,'Blackburn Rovers','Rotherham United',2,1),
  ('GB200143',2,'Coventry City','Queens Park Rangers',3,2),
  ('GB200144',4,'Coventry City','AFC Bournemouth',1,3),
  ('GB200145',6,'Coventry City','Swansea City',1,1),
  ('GB200146',7,'Coventry City','Blackburn Rovers',0,4),
  ('GB200147',9,'Coventry City','Reading FC',3,2),
  ('GB200148',12,'Coventry City','Birmingham City',0,0),
  ('GB200149',13,'Coventry City','Cardiff City',1,0),
  ('GB200150',16,'Coventry City','Rotherham United',3,1),
  ('GB200151',17,'Coventry City','Luton Town',0,0),
  ('GB200152',19,'Coventry City','Huddersfield Town',0,0),
  ('GB200153',2,'Nottingham Forest','Cardiff City',0,2),
  ('GB200154',4,'Nottingham Forest','Bristol City',1,2),
  ('GB200155',6,'Nottingham Forest','Rotherham United',1,1),
  ('GB200156',7,'Nottingham Forest','Derby County',1,1),
  ('GB200157',10,'Nottingham Forest','Coventry City',2,1),
  ('GB200158',11,'Nottingham Forest','Wycombe Wanderers',2,0),
  ('GB200159',14,'Nottingham Forest','Swansea City',0,1),
  ('GB200160',15,'Nottingham Forest','Watford FC',0,0),
  ('GB200161',18,'Nottingham Forest','Brentford FC',1,3),
  ('GB200162',19,'Nottingham Forest','Sheffield Wednesday',2,0),
  ('GB200163',1,'Birmingham City','Brentford FC',1,0),
  ('GB200164',3,'Birmingham City','Rotherham United',1,1),
  ('GB200165',5,'Birmingham City','Sheffield Wednesday',0,1),
  ('GB200166',8,'Birmingham City','Huddersfield Town',2,1),
  ('GB200167',10,'Birmingham City','Wycombe Wanderers',1,2),
  ('GB200168',11,'Birmingham City','AFC Bournemouth',1,3),
  ('GB200169',14,'Birmingham City','Millwall FC',0,0),
  ('GB200170',15,'Birmingham City','Barnsley FC',1,2),
  ('GB200171',18,'Birmingham City','Watford FC',0,1),
  ('GB200172',1,'Bristol City','Coventry City',2,1),
  ('GB200173',3,'Bristol City','Sheffield Wednesday',2,0),
  ('GB200174',6,'Bristol City','Middlesbrough FC',0,1),
  ('GB200175',7,'Bristol City','Swansea City',1,1),
  ('GB200176',9,'Bristol City','Norwich City',1,3),
  ('GB200177',12,'Bristol City','Derby County',1,0),
  ('GB200178',13,'Bristol City','Watford FC',0,0),
  ('GB200179',16,'Bristol City','Birmingham City',0,1),
  ('GB200180',17,'Bristol City','Blackburn Rovers',1,0),
  ('GB200181',19,'Bristol City','Millwall FC',0,2),
  ('GB200182',1,'Huddersfield Town','Norwich City',0,1),
  ('GB200183',3,'Huddersfield Town','Nottingham Forest',1,0),
  ('GB200184',6,'Huddersfield Town','Derby County',1,0),
  ('GB200185',7,'Huddersfield Town','Preston North End',1,2),
  ('GB200186',10,'Huddersfield Town','Bristol City',1,2),
  ('GB200187',11,'Huddersfield Town','Luton Town',1,1),
  ('GB200188',14,'Huddersfield Town','Middlesbrough FC',3,2),
  ('GB200189',16,'Huddersfield Town','Queens Park Rangers',2,0),
  ('GB200190',17,'Huddersfield Town','Sheffield Wednesday',2,0),
  ('GB200191',1,'Derby County','Reading FC',0,2),
  ('GB200192',3,'Derby County','Blackburn Rovers',0,4),
  ('GB200193',5,'Derby County','Watford FC',0,1),
  ('GB200194',8,'Derby County','Cardiff City',1,1),
  ('GB200195',10,'Derby County','Queens Park Rangers',0,1),
  ('GB200196',11,'Derby County','Barnsley FC',0,2),
  ('GB200197',14,'Derby County','Wycombe Wanderers',1,1),
  ('GB200198',15,'Derby County','Coventry City',1,1),
  ('GB200199',18,'Derby County','Stoke City',0,0),
  ('GB200200',19,'Derby County','Swansea City',2,0),
  ('GB200201',1,'Wycombe Wanderers','Rotherham United',0,1),
  ('GB200202',3,'Wycombe Wanderers','Swansea City',0,2),
  ('GB200203',5,'Wycombe Wanderers','Millwall FC',1,2),
  ('GB200204',8,'Wycombe Wanderers','Watford FC',1,1),
  ('GB200205',9,'Wycombe Wanderers','Sheffield Wednesday',1,0),
  ('GB200206',12,'Wycombe Wanderers','Brentford FC',0,0),
  ('GB200207',13,'Wycombe Wanderers','Huddersfield Town',0,0),
  ('GB200208',15,'Wycombe Wanderers','Stoke City',0,1),
  ('GB200209',18,'Wycombe Wanderers','Coventry City',1,2),
  ('GB200210',2,'Rotherham United','Millwall FC',0,1),
  ('GB200211',4,'Rotherham United','Huddersfield Town',1,1),
  ('GB200212',5,'Rotherham United','Norwich City',1,2),
  ('GB200213',8,'Rotherham United','Sheffield Wednesday',3,0),
  ('GB200214',10,'Rotherham United','Luton Town',0,1),
  ('GB200215',11,'Rotherham United','Preston North End',2,1),
  ('GB200216',14,'Rotherham United','AFC Bournemouth',2,2),
  ('GB200217',15,'Rotherham United','Brentford FC',0,2),
  ('GB200218',18,'Rotherham United','Bristol City',2,0),
  ('GB200219',2,'Sheffield Wednesday','Watford FC',0,0),
  ('GB200220',4,'Sheffield Wednesday','Queens Park Rangers',1,1),
  ('GB200221',6,'Sheffield Wednesday','Brentford FC',1,2),
  ('GB200222',7,'Sheffield Wednesday','Luton Town',0,1),
  ('GB200223',10,'Sheffield Wednesday','AFC Bournemouth',1,0),
  ('GB200224',11,'Sheffield Wednesday','Millwall FC',0,0),
  ('GB200225',14,'Sheffield Wednesday','Stoke City',0,0),
  ('GB200226',15,'Sheffield Wednesday','Reading FC',1,1),
  ('GB200227',18,'Sheffield Wednesday','Barnsley FC',1,2);

insert into Gol values
  ('GB200000',14,'031552',false),
  ('GB200000',31,'046972',false),
  ('GB200000',42,'223263',false),
  ('GB200000',85,'383109',false),
  ('GB200001',87,'003332',false),
  ('GB200002',87,'039372',false),
  ('GB200003',3,'046972',false),
  ('GB200003',12,'342690',false),
  ('GB200003',91,'039372',false),
  ('GB200005',84,'045760',false),
  ('GB200006',27,'039372',false),
  ('GB200006',89,'451306',false),
  ('GB200007',60,'280813',false),
  ('GB200007',81,'547534',false),
  ('GB200007',84,'471690',false),
  ('GB200008',48,'390664',false),
  ('GB200008',73,'149237',false),
  ('GB200008',77,'321247',false),
  ('GB200009',11,'059606',false),
  ('GB200011',17,'073484',false),
  ('GB200011',28,'426192',false),
  ('GB200011',49,'183167',true),
  ('GB200012',12,'245072',false),
  ('GB200012',96,'480987',false),
  ('GB200013',2,'035099',false),
  ('GB200013',28,'073484',false),
  ('GB200013',81,'134424',false),
  ('GB200013',93,'410225',false),
  ('GB200014',54,'120565',false),
  ('GB200014',63,'322985',false),
  ('GB200014',64,'341295',false),
  ('GB200014',66,'192875',false),
  ('GB200014',83,'410225',false),
  ('GB200015',9,'391719',false),
  ('GB200015',52,'065477',false),
  ('GB200015',55,'160137',false),
  ('GB200015',58,'128900',false),
  ('GB200016',43,'275590',false),
  ('GB200017',4,'081512',false),
  ('GB200017',15,'065477',false),
  ('GB200018',60,'065477',false),
  ('GB200018',63,'251664',false),
  ('GB200019',58,'340321',false),
  ('GB200019',86,'404584',false),
  ('GB200019',91,'413039',false),
  ('GB200020',8,'251664',false),
  ('GB200020',43,'251664',false),
  ('GB200020',52,'031552',false),
  ('GB200020',60,'031552',false),
  ('GB200020',63,'237013',false),
  ('GB200020',70,'191320',false),
  ('GB200021',46,'251664',false),
  ('GB200021',55,'251664',false),
  ('GB200022',27,'251664',false),
  ('GB200022',87,'126600',false),
  ('GB200023',36,'251664',false),
  ('GB200023',77,'045403',false),
  ('GB200025',14,'270171',false),
  ('GB200025',26,'347138',false),
  ('GB200025',64,'251664',false),
  ('GB200026',18,'183293',false),
  ('GB200026',37,'251664',false),
  ('GB200026',61,'251845',false),
  ('GB200026',87,'380914',false),
  ('GB200029',46,'121250',false),
  ('GB200029',51,'139781',false),
  ('GB200029',68,'496659',false),
  ('GB200030',23,'198516',false),
  ('GB200030',33,'045403',false),
  ('GB200030',67,'429578',false),
  ('GB200031',30,'171260',false),
  ('GB200031',87,'258216',false),
  ('GB200032',25,'496659',false),
  ('GB200032',61,'045403',false),
  ('GB200033',28,'265471',false),
  ('GB200034',27,'163530',false),
  ('GB200034',60,'045403',false),
  ('GB200035',2,'214666',false),
  ('GB200035',89,'045403',false),
  ('GB200037',71,'062640',false),
  ('GB200039',2,'255383',false),
  ('GB200039',47,'135038',false),
  ('GB200039',51,'425716',false),
  ('GB200039',102,'169801',false),
  ('GB200040',27,'169801',false),
  ('GB200040',37,'349503',false),
  ('GB200040',64,'159838',true),
  ('GB200041',6,'283514',false),
  ('GB200042',85,'435062',false),
  ('GB200042',88,'169801',false),
  ('GB200043',66,'251664',false),
  ('GB200044',12,'320411',false),
  ('GB200044',47,'258889',false),
  ('GB200044',52,'249513',false),
  ('GB200044',68,'398402',false),
  ('GB200045',30,'435062',false),
  ('GB200045',49,'039508',false),
  ('GB200045',61,'169801',false),
  ('GB200046',2,'191320',false),
  ('GB200046',54,'283514',false),
  ('GB200046',80,'344987',false),
  ('GB200047',25,'249356',false),
  ('GB200047',42,'049327',false),
  ('GB200047',53,'262980',false),
  ('GB200047',73,'250426',false),
  ('GB200047',84,'355861',false),
  ('GB200048',35,'355861',false),
  ('GB200050',81,'355861',false),
  ('GB200051',13,'095950',false),
  ('GB200051',81,'461617',false),
  ('GB200052',4,'234787',false),
  ('GB200052',43,'042198',false),
  ('GB200052',56,'258889',false),
  ('GB200052',59,'355861',false),
  ('GB200052',77,'249089',false),
  ('GB200052',89,'258889',false),
  ('GB200053',3,'087672',false),
  ('GB200053',51,'087672',false),
  ('GB200054',16,'160137',false),
  ('GB200054',49,'031552',false),
  ('GB200054',68,'094603',false),
  ('GB200054',71,'087672',false),
  ('GB200054',86,'398402',false),
  ('GB200055',8,'258889',false),
  ('GB200055',13,'258889',false),
  ('GB200055',21,'277033',false),
  ('GB200055',67,'087672',false),
  ('GB200055',70,'398402',false),
  ('GB200056',68,'087672',false),
  ('GB200057',67,'289433',false),
  ('GB200057',76,'566723',false),
  ('GB200058',41,'208690',false),
  ('GB200059',64,'234787',false),
  ('GB200060',41,'289433',false),
  ('GB200060',79,'289433',false),
  ('GB200060',93,'234787',false),
  ('GB200061',64,'031552',false),
  ('GB200061',68,'293325',false),
  ('GB200061',92,'237013',false),
  ('GB200062',23,'382554',false),
  ('GB200062',35,'035099',false),
  ('GB200062',95,'469958',false),
  ('GB200063',54,'337284',false),
  ('GB200063',73,'173483',false),
  ('GB200063',76,'289433',false),
  ('GB200063',92,'234787',false),
  ('GB200064',16,'234787',false),
  ('GB200064',53,'066497',false),
  ('GB200065',29,'193593',false),
  ('GB200065',37,'193593',false),
  ('GB200065',61,'289433',false),
  ('GB200066',11,'321247',false),
  ('GB200066',14,'566723',false),
  ('GB200066',55,'046972',false),
  ('GB200067',4,'280813',false),
  ('GB200067',44,'048950',false),
  ('GB200068',47,'066497',false),
  ('GB200068',66,'234787',false),
  ('GB200068',81,'104586',false),
  ('GB200069',35,'258889',false),
  ('GB200069',62,'279455',false),
  ('GB200070',36,'141573',false),
  ('GB200070',70,'236510',false),
  ('GB200071',4,'058993',false),
  ('GB200071',46,'195680',false),
  ('GB200071',77,'279455',false),
  ('GB200072',2,'046154',false),
  ('GB200073',5,'079723',false),
  ('GB200073',9,'344012',false),
  ('GB200073',59,'275590',false),
  ('GB200073',82,'236510',false),
  ('GB200074',35,'275590',false),
  ('GB200074',68,'275590',false),
  ('GB200074',85,'196139',false),
  ('GB200075',6,'239949',false),
  ('GB200075',72,'239949',false),
  ('GB200076',10,'196139',false),
  ('GB200076',31,'284959',false),
  ('GB200076',57,'221311',false),
  ('GB200076',77,'279455',false),
  ('GB200076',89,'079723',false),
  ('GB200077',54,'347138',false),
  ('GB200077',94,'380473',false),
  ('GB200078',19,'197642',false),
  ('GB200078',28,'358948',false),
  ('GB200079',24,'169092',false),
  ('GB200079',60,'031552',false),
  ('GB200081',15,'380473',false),
  ('GB200081',27,'154287',false),
  ('GB200081',49,'195680',false),
  ('GB200081',85,'195680',false),
  ('GB200081',91,'167254',false),
  ('GB200082',3,'467599',false),
  ('GB200082',77,'380473',false),
  ('GB200083',20,'380473',false),
  ('GB200083',38,'096173',false),
  ('GB200083',46,'358948',false),
  ('GB200083',49,'347138',false),
  ('GB200083',84,'233998',false),
  ('GB200084',12,'257437',false),
  ('GB200084',40,'173483',false),
  ('GB200084',50,'368559',false),
  ('GB200085',89,'566723',false),
  ('GB200087',38,'258889',false),
  ('GB200087',81,'391470',false),
  ('GB200088',47,'045395',false),
  ('GB200088',48,'197642',false),
  ('GB200088',89,'169801',false),
  ('GB200090',81,'186172',false),
  ('GB200090',95,'483348',false),
  ('GB200091',81,'216564',false),
  ('GB200092',72,'046972',false),
  ('GB200093',33,'186172',false),
  ('GB200093',71,'307497',true),
  ('GB200093',83,'216564',false),
  ('GB200094',26,'248045',false),
  ('GB200094',67,'248045',false),
  ('GB200094',78,'332340',false),
  ('GB200095',13,'248045',false),
  ('GB200095',15,'399434',false),
  ('GB200095',20,'248045',false),
  ('GB200096',52,'197642',false),
  ('GB200098',4,'198358',false),
  ('GB200098',21,'251664',false),
  ('GB200099',49,'027659',true),
  ('GB200099',79,'287528',false),
  ('GB200100',44,'283514',false),
  ('GB200100',47,'243603',false),
  ('GB200101',18,'429578',false),
  ('GB200101',93,'560694',false),
  ('GB200102',35,'069786',false),
  ('GB200102',79,'275590',false),
  ('GB200103',46,'198358',false),
  ('GB200103',53,'234787',false),
  ('GB200104',69,'530780',false),
  ('GB200105',53,'380473',false),
  ('GB200105',70,'114090',false),
  ('GB200106',34,'125685',false),
  ('GB200106',52,'268746',false),
  ('GB200106',87,'184129',false),
  ('GB200107',59,'244338',false),
  ('GB200107',89,'229826',false),
  ('GB200108',46,'035099',false),
  ('GB200108',55,'134424',false),
  ('GB200109',22,'337640',false),
  ('GB200109',64,'337640',true),
  ('GB200110',20,'339556',false),
  ('GB200110',29,'251664',false),
  ('GB200110',76,'404584',false),
  ('GB200111',69,'125685',false),
  ('GB200111',72,'227183',false),
  ('GB200112',23,'033507',false),
  ('GB200112',37,'121395',false),
  ('GB200113',15,'121238',false),
  ('GB200113',19,'321247',false),
  ('GB200113',22,'121395',false),
  ('GB200113',47,'062640',false),
  ('GB200114',20,'062640',false),
  ('GB200114',29,'062640',false),
  ('GB200114',66,'062640',false),
  ('GB200115',53,'429014',false),
  ('GB200116',39,'208428',false),
  ('GB200117',52,'236510',false),
  ('GB200118',54,'135213',false),
  ('GB200118',84,'198358',false),
  ('GB200119',2,'428061',false),
  ('GB200119',24,'134293',false),
  ('GB200119',85,'110861',false),
  ('GB200120',48,'160137',false),
  ('GB200121',45,'250426',false),
  ('GB200121',53,'426192',false),
  ('GB200121',76,'647435',false),
  ('GB200122',14,'160137',false),
  ('GB200122',48,'069653',false),
  ('GB200122',75,'342690',false),
  ('GB200122',87,'227185',true),
  ('GB200123',62,'237013',false),
  ('GB200123',81,'031552',false),
  ('GB200123',83,'293325',false),
  ('GB200124',47,'173483',false),
  ('GB200124',89,'049693',false),
  ('GB200125',65,'120504',false),
  ('GB200125',86,'134424',false),
  ('GB200126',18,'646900',false),
  ('GB200126',44,'382554',false),
  ('GB200126',45,'273553',false),
  ('GB200126',48,'121398',false),
  ('GB200127',9,'035099',false),
  ('GB200127',35,'085935',false),
  ('GB200127',59,'382554',false),
  ('GB200127',70,'404584',false),
  ('GB200127',91,'404584',false),
  ('GB200128',27,'085935',false),
  ('GB200129',24,'315128',false),
  ('GB200129',31,'382554',false),
  ('GB200129',33,'382554',false),
  ('GB200129',40,'260806',false),
  ('GB200129',45,'034349',true),
  ('GB200129',57,'122223',false),
  ('GB200129',60,'203532',false),
  ('GB200130',18,'321247',false),
  ('GB200130',27,'046972',false),
  ('GB200130',57,'046972',false),
  ('GB200130',70,'382554',false),
  ('GB200130',79,'469050',false),
  ('GB200131',19,'469050',false),
  ('GB200132',25,'079723',true),
  ('GB200132',66,'196139',false),
  ('GB200132',76,'079723',false),
  ('GB200133',16,'250426',false),
  ('GB200133',20,'647435',false),
  ('GB200133',33,'250426',false),
  ('GB200133',67,'128287',false),
  ('GB200133',83,'250426',false),
  ('GB200135',90,'287167',false),
  ('GB200136',1,'289433',false),
  ('GB200136',3,'250426',false),
  ('GB200136',15,'566723',false),
  ('GB200136',18,'314241',false),
  ('GB200136',66,'250426',false),
  ('GB200136',82,'234787',false),
  ('GB200138',50,'426192',false),
  ('GB200138',61,'347138',false),
  ('GB200138',73,'250426',false),
  ('GB200138',96,'250426',false),
  ('GB200139',44,'250426',false),
  ('GB200139',78,'227183',false),
  ('GB200139',90,'737861',false),
  ('GB200140',25,'565822',false),
  ('GB200140',34,'101682',false),
  ('GB200140',91,'250426',false),
  ('GB200141',22,'046972',false),
  ('GB200141',59,'565822',false),
  ('GB200141',65,'046972',false),
  ('GB200142',61,'096173',false),
  ('GB200142',80,'565822',false),
  ('GB200142',98,'250426',false),
  ('GB200143',41,'347138',false),
  ('GB200143',44,'145553',false),
  ('GB200143',50,'371262',false),
  ('GB200143',75,'159838',false),
  ('GB200143',84,'032526',false),
  ('GB200144',7,'262980',false),
  ('GB200144',39,'145553',false),
  ('GB200144',51,'044983',false),
  ('GB200144',60,'044983',false),
  ('GB200145',19,'425800',false),
  ('GB200145',41,'045403',false),
  ('GB200146',15,'250426',false),
  ('GB200146',49,'250426',false),
  ('GB200146',62,'565822',false),
  ('GB200146',88,'227183',false),
  ('GB200147',23,'322985',false),
  ('GB200147',66,'234787',false),
  ('GB200147',76,'145553',false),
  ('GB200147',85,'618901',false),
  ('GB200147',92,'208690',false),
  ('GB200149',54,'341295',false),
  ('GB200150',5,'451306',false),
  ('GB200150',12,'341295',false),
  ('GB200150',72,'367284',false),
  ('GB200150',85,'256773',false),
  ('GB200153',3,'275590',false),
  ('GB200153',40,'275590',false),
  ('GB200154',12,'049693',false),
  ('GB200154',22,'173483',false),
  ('GB200154',35,'066923',false),
  ('GB200155',51,'256773',false),
  ('GB200155',79,'092381',false),
  ('GB200156',30,'061674',false),
  ('GB200156',64,'104495',false),
  ('GB200157',30,'255906',false),
  ('GB200157',57,'371262',false),
  ('GB200157',97,'104495',false),
  ('GB200158',28,'104495',false),
  ('GB200158',74,'104495',false),
  ('GB200159',43,'214666',false),
  ('GB200161',15,'093315',false),
  ('GB200161',83,'340321',false),
  ('GB200161',88,'251664',false),
  ('GB200161',92,'415970',false),
  ('GB200162',4,'258032',false),
  ('GB200162',87,'035413',false),
  ('GB200163',37,'170966',false),
  ('GB200164',87,'222740',false),
  ('GB200164',90,'170966',false),
  ('GB200165',49,'061561',false),
  ('GB200166',27,'110861',false),
  ('GB200166',85,'260806',false),
  ('GB200166',90,'033507',false),
  ('GB200167',40,'284959',false),
  ('GB200167',75,'342690',false),
  ('GB200167',92,'331779',true),
  ('GB200168',9,'355861',false),
  ('GB200168',42,'277033',false),
  ('GB200168',50,'277033',false),
  ('GB200168',55,'138783',false),
  ('GB200170',55,'138783',false),
  ('GB200170',71,'169801',false),
  ('GB200170',84,'435062',false),
  ('GB200171',85,'065477',false),
  ('GB200172',1,'156886',false),
  ('GB200172',33,'145553',false),
  ('GB200172',82,'148657',false),
  ('GB200173',59,'067331',false),
  ('GB200173',93,'156886',false),
  ('GB200174',73,'141573',false),
  ('GB200175',51,'239949',false),
  ('GB200175',83,'173483',false),
  ('GB200176',6,'046972',false),
  ('GB200176',14,'046972',false),
  ('GB200176',15,'135038',false),
  ('GB200176',47,'321247',false),
  ('GB200177',78,'237125',false),
  ('GB200179',80,'120504',false),
  ('GB200180',82,'237125',false),
  ('GB200181',17,'139781',false),
  ('GB200181',68,'195637',false),
  ('GB200182',80,'434223',false),
  ('GB200183',54,'042411',false),
  ('GB200184',53,'348863',false),
  ('GB200185',8,'042411',false),
  ('GB200185',51,'277697',false),
  ('GB200185',53,'277697',false),
  ('GB200186',43,'429578',false),
  ('GB200186',77,'258915',false),
  ('GB200186',83,'156886',false),
  ('GB200187',21,'121238',false),
  ('GB200187',60,'315128',false),
  ('GB200188',14,'216564',false),
  ('GB200188',37,'315128',false),
  ('GB200188',45,'042411',false),
  ('GB200188',83,'186172',false),
  ('GB200188',85,'429578',false),
  ('GB200189',3,'429578',false),
  ('GB200189',39,'198516',false),
  ('GB200190',11,'429578',false),
  ('GB200190',24,'260806',false),
  ('GB200191',40,'234787',false),
  ('GB200191',46,'337284',false),
  ('GB200192',11,'647435',false),
  ('GB200192',12,'049327',false),
  ('GB200192',15,'049327',false),
  ('GB200192',77,'250426',false),
  ('GB200194',24,'061674',false),
  ('GB200194',77,'275590',false),
  ('GB200195',88,'296577',false),
  ('GB200196',30,'349503',false),
  ('GB200196',83,'344987',false),
  ('GB200197',36,'257095',false),
  ('GB200197',81,'013270',false),
  ('GB200198',83,'036802',false),
  ('GB200198',91,'322985',false),
  ('GB200200',4,'036802',false),
  ('GB200200',37,'289167',false),
  ('GB200201',92,'145923',false),
  ('GB200202',13,'045403',false),
  ('GB200202',23,'239949',false),
  ('GB200203',9,'342690',false),
  ('GB200203',48,'198358',false),
  ('GB200203',63,'145843',false),
  ('GB200204',52,'410225',false),
  ('GB200204',66,'184684',false),
  ('GB200205',48,'104167',false),
  ('GB200208',72,'134424',false),
  ('GB200209',34,'208772',false),
  ('GB200209',49,'208772',false),
  ('GB200209',61,'039508',false),
  ('GB200210',50,'198358',false),
  ('GB200211',33,'542471',false),
  ('GB200211',96,'192364',true),
  ('GB200212',3,'233998',false),
  ('GB200212',68,'145923',true),
  ('GB200212',95,'291544',false),
  ('GB200213',5,'165341',false),
  ('GB200213',40,'256773',false),
  ('GB200213',45,'165341',false),
  ('GB200214',70,'062640',false),
  ('GB200215',53,'013434',false),
  ('GB200215',80,'258884',false),
  ('GB200215',86,'169416',false),
  ('GB200216',20,'087672',false),
  ('GB200216',37,'233998',false),
  ('GB200216',50,'233998',false),
  ('GB200216',63,'258889',false),
  ('GB200217',57,'404584',false),
  ('GB200217',82,'251664',false),
  ('GB200218',4,'169416',false),
  ('GB200218',41,'096173',false),
  ('GB200220',54,'159838',true),
  ('GB200220',96,'296577',false),
  ('GB200221',7,'251664',false),
  ('GB200221',25,'169555',false),
  ('GB200221',30,'251664',false),
  ('GB200222',74,'244338',false),
  ('GB200223',71,'061561',false),
  ('GB200226',12,'169555',false),
  ('GB200226',44,'234787',false),
  ('GB200227',4,'280813',false),
  ('GB200227',14,'169801',false),
  ('GB200227',37,'273553',false);
