/* File created by scraping https://www.transfermarkt.com using Antonio Cardin's program */

insert into Squadre values
  ('AFC Bournemouth','7AF Bournemouth','Parker'),
  ('Fulham FC','6HH London','Silva'),
  ('Sheffield United','4SU Sheffield','Heckingbottom'),
  ('West Bromwich Albion','4LF West Bromwich, West Mids.','Bruce'),
  ('Nottingham Forest','2 5FJ Nottingham','Cooper'),
  ('Stoke City','4EG Stoke-on-Trent','O''Neill'),
  ('Middlesbrough FC','6RS','Wilder'),
  ('Blackburn Rovers','4JF Blackburn, Lancashire','Mowbray'),
  ('Millwall FC','3LN London','Rowett'),
  ('Queens Park Rangers','7PJ London','Warburton'),
  ('Swansea City','2FA Swansea','Martin'),
  ('Huddersfield Town','6PX Huddersfield','Corberán'),
  ('Reading FC','0FL Reading','Ince'),
  ('Birmingham City','9EJ Birmingham','Bowyer'),
  ('Preston North End','6RU Preston','Lowe'),
  ('Bristol City','2EJ','Pearson'),
  ('Derby County','8XL Derby','Rooney'),
  ('Cardiff City','8SX Cardiff','Morison'),
  ('Barnsley FC','1ET Barnsley','Asbaghi'),
  ('Luton Town','8AW Luton','Jones'),
  ('Hull City','6HU Hull','Arveladze'),
  ('Coventry City','6GE','Robins'),
  ('Blackpool FC','6JJ','Critchley'),
  ('Peterborough United','8AL Peterborough','McCann');

insert into Giocatori values
  ('226049','AFC Bournemouth',1,'Freddie','Woodman','4-mar-1997','Portiere'),
  ('357658','AFC Bournemouth',42,'Mark','Travers','18-may-1999','Portiere'),
  ('582078','AFC Bournemouth',40,'Will','Dennis','10-jul-2000','Portiere'),
  ('480116','AFC Bournemouth',5,'Lloyd','Kelly','6-oct-1998','Difensore'),
  ('371814','AFC Bournemouth',2,'Nathaniel','Phillips','21-mar-1997','Difensore'),
  ('480987','AFC Bournemouth',6,'Chris','Mepham','5-nov-1997','Difensore'),
  ('027511','AFC Bournemouth',24,'Gary','Cahill','19-dec-1985','Difensore'),
  ('611793','AFC Bournemouth',23,'James','Hill','10-jan-2002','Difensore'),
  ('633530','AFC Bournemouth',33,'Jordan','Zemura','14-nov-1999','Difensore'),
  ('596446','AFC Bournemouth',20,'Leif','Davis','31-dec-1999','Difensore'),
  ('531679','AFC Bournemouth',3,'Ethan','Laird','5-aug-2001','Difensore'),
  ('249356','AFC Bournemouth',17,'Jack','Stacey','6-apr-1996','Difensore'),
  ('061841','AFC Bournemouth',15,'Adam','Smith','29-apr-1991','Difensore'),
  ('262980','AFC Bournemouth',8,'Jefferson','Lerma','25-oct-1994','Centrocampista'),
  ('320411','AFC Bournemouth',29,'Philip','Billing','11-jun-1996','Centrocampista'),
  ('249089','AFC Bournemouth',4,'Lewis','Cook','3-feb-1997','Centrocampista'),
  ('183302','AFC Bournemouth',22,'Ben','Pearson','4-jan-1995','Centrocampista'),
  ('469064','AFC Bournemouth',26,'Gavin','Kilkenny','1-feb-2000','Centrocampista'),
  ('332341','AFC Bournemouth',14,'Todd','Cantwell','27-feb-1998','Centrocampista'),
  ('128229','AFC Bournemouth',12,'Robbie','Brady','14-jan-1992','Centrocampista'),
  ('188077','AFC Bournemouth',10,'Ryan','Christie','22-feb-1995','Centrocampista'),
  ('232964','AFC Bournemouth',11,'Emiliano','Marcondes','9-mar-1995','Centrocampista'),
  ('684210','AFC Bournemouth',32,'Jaidon','Anthony','1-dec-1999','Attaccante'),
  ('503743','AFC Bournemouth',27,'Morgan','Rogers','26-jul-2002','Attaccante'),
  ('488656','AFC Bournemouth',37,'Siriki','Dembélé','7-sep-1996','Attaccante'),
  ('087672','AFC Bournemouth',19,'Junior','Stanislas','26-nov-1989','Attaccante'),
  ('277033','AFC Bournemouth',7,'David','Brooks','8-jul-1997','Attaccante'),
  ('239949','AFC Bournemouth',18,'Jamal','Lowe','21-jul-1994','Attaccante'),
  ('258889','AFC Bournemouth',9,'Dominic','Solanke','14-sep-1997','Attaccante'),
  ('275590','AFC Bournemouth',21,'Kieffer','Moore','8-aug-1992','Attaccante'),
  ('186901','Fulham FC',1,'Marek','Rodak','13-dec-1996','Portiere'),
  ('195488','Fulham FC',21,'Paulo','Gazzaniga','2-jan-1992','Portiere'),
  ('045882','Fulham FC',31,'Fabri','null','31-dec-1987','Portiere'),
  ('258878','Fulham FC',16,'Tosin','Adarabioyo','24-sep-1997','Difensore'),
  ('287431','Fulham FC',26,'Alfie','Mawson','19-jan-1994','Difensore'),
  ('157490','Fulham FC',3,'Michael','Hector','19-jul-1992','Difensore'),
  ('152651','Fulham FC',5,'Terence','Kongolo','14-feb-1994','Difensore'),
  ('145466','Fulham FC',13,'Tim','Ream','5-oct-1987','Difensore'),
  ('349701','Fulham FC',33,'Antonee','Robinson','8-aug-1997','Difensore'),
  ('194460','Fulham FC',23,'Joe','Bryan','17-sep-1993','Difensore'),
  ('503680','Fulham FC',20,'Neco','Williams','13-apr-2001','Difensore'),
  ('206746','Fulham FC',2,'Kenny','Tete','9-oct-1995','Difensore'),
  ('128900','Fulham FC',12,'Nathaniel','Chalobah','12-dec-1994','Centrocampista'),
  ('226973','Fulham FC',6,'Harrison','Reed','27-jan-1995','Centrocampista'),
  ('123275','Fulham FC',10,'Tom','Cairney','20-jan-1991','Centrocampista'),
  ('178614','Fulham FC',24,'Jean Michaël','Seri','19-jul-1991','Centrocampista'),
  ('528888','Fulham FC',35,'Tyrese','Francois','16-jul-2000','Centrocampista'),
  ('186186','Fulham FC',14,'Bobby','Reid','2-feb-1993','Centrocampista'),
  ('243589','Fulham FC',25,'Josh','Onomah','27-apr-1997','Centrocampista'),
  ('559263','Fulham FC',28,'Fábio','Carvalho','30-aug-2002','Centrocampista'),
  ('149716','Fulham FC',17,'Ivan','Cavaleiro','18-oct-1993','Attaccante'),
  ('111422','Fulham FC',7,'Neeskens','Kebano','10-mar-1992','Attaccante'),
  ('279455','Fulham FC',8,'Harry','Wilson','22-mar-1997','Attaccante'),
  ('149237','Fulham FC',11,'Anthony','Knockaert','20-nov-1991','Attaccante'),
  ('051152','Fulham FC',9,'Aleksandar','Mitrovic','16-sep-1994','Attaccante'),
  ('735571','Fulham FC',19,'Rodrigo Muniz','null','4-may-2001','Attaccante'),
  ('121254','Sheffield United',1,'Adam','Davies','17-jul-1992','Portiere'),
  ('061697','Sheffield United',18,'Wes','Foderingham','14-jan-1991','Portiere'),
  ('526873','Sheffield United',31,'Jake','Eastwood','3-oct-1996','Portiere'),
  ('121324','Sheffield United',12,'John','Egan','20-oct-1992','Difensore'),
  ('212829','Sheffield United',5,'Jack','O''Connell','29-mar-1994','Difensore'),
  ('257097','Sheffield United',22,'Ben','Davies','11-aug-1995','Difensore'),
  ('052495','Sheffield United',6,'Chris','Basham','20-jul-1988','Difensore'),
  ('376856','Sheffield United',26,'Charlie','Goode','3-aug-1995','Difensore'),
  ('085706','Sheffield United',3,'Enda','Stevens','9-jul-1990','Difensore'),
  ('128909','Sheffield United',19,'Jack','Robinson','1-sep-1993','Difensore'),
  ('543164','Sheffield United',33,'Rhys','Norrington-Davies','22-apr-1999','Difensore'),
  ('465717','Sheffield United',20,'Jayden','Bogle','27-jul-2000','Difensore'),
  ('146690','Sheffield United',2,'George','Baldock','9-mar-1993','Difensore'),
  ('333014','Sheffield United',8,'Sander','Berge','14-feb-1998','Centrocampista'),
  ('429014','Sheffield United',27,'Morgan','Gibbs-White','27-jan-2000','Centrocampista'),
  ('054383','Sheffield United',4,'John','Fleck','24-aug-1991','Centrocampista'),
  ('073547','Sheffield United',16,'Oliver','Norwood','12-apr-1991','Centrocampista'),
  ('061653','Sheffield United',24,'Conor','Hourihane','2-feb-1991','Centrocampista'),
  ('218087','Sheffield United',23,'Ben','Osborn','5-aug-1994','Centrocampista'),
  ('623570','Sheffield United',29,'Iliman','Ndiaye','6-mar-2000','Centrocampista'),
  ('406560','Sheffield United',7,'Rhian','Brewster','1-apr-2000','Attaccante'),
  ('298477','Sheffield United',9,'Oliver','McBurnie','4-jun-1996','Attaccante'),
  ('035416','Sheffield United',17,'David','McGoldrick','29-nov-1987','Attaccante'),
  ('746740','Sheffield United',36,'Daniel','Jebbison','11-jul-2003','Attaccante'),
  ('049542','Sheffield United',10,'Billy','Sharp','5-feb-1986','Attaccante'),
  ('110864','West Bromwich Albion',1,'Sam','Johnstone','25-mar-1993','Portiere'),
  ('061814','West Bromwich Albion',25,'David','Button','27-feb-1989','Portiere'),
  ('251912','West Bromwich Albion',6,'Semi','Ajayi','9-nov-1993','Difensore'),
  ('401320','West Bromwich Albion',4,'Dara','O''Shea','4-mar-1999','Difensore'),
  ('307497','West Bromwich Albion',16,'Matt','Clarke','22-sep-1996','Difensore'),
  ('067421','West Bromwich Albion',5,'Kyle','Bartley','22-may-1991','Difensore'),
  ('214928','West Bromwich Albion',22,'Kean','Bryan','1-nov-1996','Difensore'),
  ('364827','West Bromwich Albion',21,'Cédric','Kipré','9-dec-1996','Difensore'),
  ('671074','West Bromwich Albion',33,'Caleb','Taylor','14-jan-2003','Difensore'),
  ('146509','West Bromwich Albion',3,'Conor','Townsend','4-mar-1993','Difensore'),
  ('351755','West Bromwich Albion',2,'Darnell','Furlong','31-oct-1995','Difensore'),
  ('546944','West Bromwich Albion',29,'Taylor','Gardner-Hickman','30-dec-2001','Difensore'),
  ('061832','West Bromwich Albion',8,'Jake','Livermore','14-nov-1989','Centrocampista'),
  ('283514','West Bromwich Albion',27,'Alex','Mowatt','13-feb-1995','Centrocampista'),
  ('357656','West Bromwich Albion',14,'Jayson','Molumby','6-aug-1999','Centrocampista'),
  ('163530','West Bromwich Albion',20,'Adam','Reach','3-feb-1993','Centrocampista'),
  ('183299','West Bromwich Albion',7,'Callum','Robinson','2-feb-1995','Attaccante'),
  ('342048','West Bromwich Albion',11,'Grady','Diangana','19-apr-1998','Attaccante'),
  ('077274','West Bromwich Albion',10,'Matt','Phillips','13-mar-1991','Attaccante'),
  ('433184','West Bromwich Albion',28,'Rayhaan','Tulloch','20-jan-2001','Attaccante'),
  ('638741','West Bromwich Albion',12,'Daryl','Dike','3-jun-2000','Attaccante'),
  ('314183','West Bromwich Albion',18,'Karlan','Grant','18-sep-1997','Attaccante'),
  ('135213','West Bromwich Albion',9,'Kenneth','Zohore','31-jan-1994','Attaccante'),
  ('048066','West Bromwich Albion',15,'Andy','Carroll','6-jan-1989','Attaccante'),
  ('191056','Nottingham Forest',30,'Brice','Samba','25-apr-1994','Portiere'),
  ('242284','Nottingham Forest',1,'Ethan','Horvath','9-jun-1995','Portiere'),
  ('452707','Nottingham Forest',12,'Jordan','Smith','8-dec-1994','Portiere'),
  ('090836','Nottingham Forest',27,'Steve','Cook','19-apr-1991','Difensore'),
  ('415970','Nottingham Forest',4,'Joe','Worrall','10-jan-1997','Difensore'),
  ('255906','Nottingham Forest',26,'Scott','McKenna','12-nov-1996','Difensore'),
  ('463610','Nottingham Forest',6,'Loïc','Mbe Soh','13-jun-2001','Difensore'),
  ('392777','Nottingham Forest',24,'Jonathan','Panzo','25-oct-2000','Difensore'),
  ('122077','Nottingham Forest',3,'Tobias','Figueiredo','2-feb-1994','Difensore'),
  ('258885','Nottingham Forest',15,'Max','Lowe','11-may-1997','Difensore'),
  ('036291','Nottingham Forest',13,'Gaëtan','Bong','25-apr-1988','Difensore'),
  ('417348','Nottingham Forest',14,'Richie','Laryea','7-jan-1995','Difensore'),
  ('483348','Nottingham Forest',2,'Djed','Spence','9-aug-2000','Difensore'),
  ('505219','Nottingham Forest',37,'James','Garner','13-mar-2001','Centrocampista'),
  ('061644','Nottingham Forest',8,'Jack','Colback','24-oct-1989','Centrocampista'),
  ('425902','Nottingham Forest',22,'Ryan','Yates','21-nov-1997','Centrocampista'),
  ('055742','Nottingham Forest',null,'Harry','Arter','28-dec-1989','Centrocampista'),
  ('491596','Nottingham Forest',21,'Braian','Ojeda','27-jun-2000','Centrocampista'),
  ('203655','Nottingham Forest',18,'Cafú','null','26-feb-1993','Centrocampista'),
  ('470607','Nottingham Forest',20,'Brennan','Johnson','23-may-2001','Centrocampista'),
  ('503988','Nottingham Forest',17,'Alex','Mighten','11-apr-2002','Attaccante'),
  ('271098','Nottingham Forest',11,'Philip','Zinckernagel','16-dec-1994','Attaccante'),
  ('287167','Nottingham Forest',23,'Joe','Lolley','25-aug-1992','Attaccante'),
  ('258011','Nottingham Forest',19,'Xande Silva','null','16-mar-1997','Attaccante'),
  ('412660','Nottingham Forest',9,'Keinan','Davis','13-feb-1998','Attaccante'),
  ('398402','Nottingham Forest',16,'Sam','Surridge','28-jul-1998','Attaccante'),
  ('035413','Nottingham Forest',7,'Lewis','Grabban','12-jan-1988','Attaccante'),
  ('491737','Stoke City',12,'Josef','Bursik','12-jul-2000','Portiere'),
  ('209291','Stoke City',13,'Jack','Bonham','14-sep-1993','Portiere'),
  ('057070','Stoke City',29,'Frank','Fielding','4-apr-1988','Portiere'),
  ('696892','Stoke City',40,'Blondy','Nna Noukeu','17-sep-2001','Portiere'),
  ('298091','Stoke City',36,'Harry','Souttar','22-oct-1998','Difensore'),
  ('128906','Stoke City',6,'Liam','Moore','31-jan-1993','Difensore'),
  ('503977','Stoke City',24,'Taylor','Harwood-Bellis','30-jan-2002','Difensore'),
  ('467599','Stoke City',16,'Ben','Wilmot','4-nov-1999','Difensore'),
  ('073482','Stoke City',5,'James','Chester','23-jan-1989','Difensore'),
  ('013520','Stoke City',19,'Phil','Jagielka','17-aug-1982','Difensore'),
  ('419929','Stoke City',14,'Josh','Tymon','22-may-1999','Difensore'),
  ('250277','Stoke City',3,'Morgan','Fox','21-sep-1993','Difensore'),
  ('121398','Stoke City',2,'Tommy','Smith','14-apr-1992','Difensore'),
  ('380913','Stoke City',21,'Demeaco','Duhaney','13-oct-1998','Difensore'),
  ('198589','Stoke City',42,'Lewis','Baker','25-apr-1995','Centrocampista'),
  ('051452','Stoke City',4,'Joe','Allen','14-mar-1990','Centrocampista'),
  ('122223','Stoke City',7,'Sam','Clucas','25-sep-1990','Centrocampista'),
  ('039372','Stoke City',8,'Mario','Vrancic','23-may-1989','Centrocampista'),
  ('321169','Stoke City',15,'Jordan','Thompson','3-jan-1997','Centrocampista'),
  ('134424','Stoke City',25,'Nick','Powell','23-mar-1994','Centrocampista'),
  ('113036','Stoke City',28,'Romaine','Sawyers','2-nov-1991','Centrocampista'),
  ('665390','Stoke City',47,'Jaden','Philogene-Bidace','8-feb-2002','Attaccante'),
  ('776798','Stoke City',27,'Abdallah','Sima','17-jun-2001','Attaccante'),
  ('382554','Stoke City',10,'Tyrese','Campbell','28-dec-1999','Attaccante'),
  ('453824','Stoke City',33,'Josh','Maja','27-dec-1998','Attaccante'),
  ('469958','Stoke City',18,'Jacob','Brown','10-apr-1998','Attaccante'),
  ('035099','Stoke City',9,'Steven','Fletcher','26-mar-1987','Attaccante'),
  ('336367','Middlesbrough FC',1,'Joe','Lumley','15-feb-1995','Portiere'),
  ('045921','Middlesbrough FC',28,'Luke','Daniels','5-jan-1988','Portiere'),
  ('314140','Middlesbrough FC',6,'Dael','Fry','30-aug-1997','Difensore'),
  ('167268','Middlesbrough FC',17,'Paddy','McNair','27-apr-1995','Difensore'),
  ('124845','Middlesbrough FC',4,'Grant','Hall','29-oct-1991','Difensore'),
  ('503990','Middlesbrough FC',15,'Nathan','Wood','31-may-2002','Difensore'),
  ('028984','Middlesbrough FC',22,'Sol','Bamba','13-jan-1985','Difensore'),
  ('340310','Middlesbrough FC',27,'Marc','Bola','9-dec-1997','Difensore'),
  ('067416','Middlesbrough FC',3,'Neil','Taylor','7-feb-1989','Difensore'),
  ('428302','Middlesbrough FC',2,'Anfernee','Dijksteel','27-oct-1996','Difensore'),
  ('223263','Middlesbrough FC',20,'Darnell','Fisher','4-apr-1994','Difensore'),
  ('038094','Middlesbrough FC',14,'Lee','Peltier','11-dec-1986','Difensore'),
  ('555820','Middlesbrough FC',10,'Martín','Payero','11-sep-1998','Centrocampista'),
  ('346291','Middlesbrough FC',23,'James','Léa Siliki','12-jun-1996','Centrocampista'),
  ('169416','Middlesbrough FC',25,'Matt','Crooks','20-jan-1994','Centrocampista'),
  ('045395','Middlesbrough FC',16,'Jonathan','Howson','21-may-1988','Centrocampista'),
  ('428061','Middlesbrough FC',48,'Riley','McGree','2-nov-1998','Centrocampista'),
  ('399434','Middlesbrough FC',7,'Marcus','Tavernier','22-mar-1999','Centrocampista'),
  ('092381','Middlesbrough FC',21,'Sammy','Ameobi','1-may-1992','Attaccante'),
  ('434981','Middlesbrough FC',13,'Toyosi','Olusanya','14-oct-1997','Attaccante'),
  ('248045','Middlesbrough FC',18,'Duncan','Watmore','8-mar-1994','Attaccante'),
  ('696631','Middlesbrough FC',35,'Isaiah','Jones','26-jun-1999','Attaccante'),
  ('434207','Middlesbrough FC',26,'Aaron','Connolly','28-jan-2000','Attaccante'),
  ('179860','Middlesbrough FC',11,'Andraz','Sporar','27-feb-1994','Attaccante'),
  ('503770','Middlesbrough FC',47,'Folarin','Balogun','3-jul-2001','Attaccante'),
  ('646727','Middlesbrough FC',37,'Josh','Coburn','6-dec-2002','Attaccante'),
  ('077757','Blackburn Rovers',1,'Thomas','Kaminski','23-oct-1992','Portiere'),
  ('354456','Blackburn Rovers',13,'Aynsley','Pears','23-apr-1998','Portiere'),
  ('366217','Blackburn Rovers',41,'Antonis','Stergiakis','16-mar-1999','Portiere'),
  ('183167','Blackburn Rovers',26,'Darragh','Lenihan','16-mar-1994','Difensore'),
  ('576314','Blackburn Rovers',25,'Jan Paul','van Hecke','8-jun-2000','Difensore'),
  ('078966','Blackburn Rovers',5,'Daniel','Ayala','7-nov-1990','Difensore'),
  ('364803','Blackburn Rovers',16,'Scott','Wharton','3-oct-1997','Difensore'),
  ('351502','Blackburn Rovers',20,'Tayo','Edun','14-may-1998','Difensore'),
  ('426412','Blackburn Rovers',3,'Harry','Pickering','29-dec-1998','Difensore'),
  ('338032','Blackburn Rovers',42,'Deyovaisio','Zeefuik','11-mar-1998','Difensore'),
  ('348469','Blackburn Rovers',2,'Ryan','Nyambe','4-dec-1997','Difensore'),
  ('411229','Blackburn Rovers',11,'Joe','Rankin-Costello','26-jul-1999','Difensore'),
  ('372802','Blackburn Rovers',27,'Lewis','Travis','16-oct-1997','Centrocampista'),
  ('380914','Blackburn Rovers',6,'Jacob','Davenport','28-dec-1998','Centrocampista'),
  ('183293','Blackburn Rovers',8,'Joe','Rothwell','11-jan-1995','Centrocampista'),
  ('503781','Blackburn Rovers',21,'John','Buckley','13-oct-1999','Centrocampista'),
  ('049327','Blackburn Rovers',4,'Bradley','Johnson','28-apr-1987','Centrocampista'),
  ('504581','Blackburn Rovers',28,'Ryan','Giles','26-jan-2000','Centrocampista'),
  ('238556','Blackburn Rovers',23,'Bradley','Dack','31-dec-1993','Centrocampista'),
  ('647435','Blackburn Rovers',10,'Tyrhys','Dolan','28-dec-2001','Attaccante'),
  ('392763','Blackburn Rovers',30,'Ian','Poveda','9-feb-2000','Attaccante'),
  ('326230','Blackburn Rovers',19,'Ryan','Hedges','8-jul-1995','Attaccante'),
  ('530807','Blackburn Rovers',18,'Dilan','Markanday','20-aug-2001','Attaccante'),
  ('405686','Blackburn Rovers',7,'Reda','Khadra','4-jul-2001','Attaccante'),
  ('426192','Blackburn Rovers',22,'Ben','Brereton Díaz','18-apr-1999','Attaccante'),
  ('227183','Blackburn Rovers',9,'Sam','Gallagher','15-sep-1995','Attaccante'),
  ('024496','Millwall FC',33,'Bartosz','Bialkowski','6-jul-1987','Portiere'),
  ('151334','Millwall FC',1,'George','Long','5-nov-1993','Portiere'),
  ('243603','Millwall FC',5,'Jake','Cooper','3-feb-1995','Difensore'),
  ('503686','Millwall FC',26,'Daniel','Ballard','22-sep-1999','Difensore'),
  ('061417','Millwall FC',4,'Shaun','Hutchinson','23-nov-1990','Difensore'),
  ('174099','Millwall FC',3,'Murray','Wallace','10-jan-1993','Difensore'),
  ('047768','Millwall FC',15,'Alex','Pearce','9-nov-1988','Difensore'),
  ('101682','Millwall FC',11,'Scott','Malone','25-mar-1991','Difensore'),
  ('647138','Millwall FC',2,'Danny','McNamara','27-dec-1998','Difensore'),
  ('181498','Millwall FC',28,'George','Evans','13-dec-1994','Centrocampista'),
  ('082332','Millwall FC',6,'Maikel','Kieftenbeld','26-jun-1990','Centrocampista'),
  ('141573','Millwall FC',17,'George','Saville','1-jun-1993','Centrocampista'),
  ('145843','Millwall FC',18,'Ryan','Leonard','24-may-1992','Centrocampista'),
  ('671821','Millwall FC',24,'Billy','Mitchell','7-apr-2001','Centrocampista'),
  ('066923','Millwall FC',16,'Luke','Freeman','22-mar-1992','Centrocampista'),
  ('236510','Millwall FC',14,'Sheyi','Ojo','19-jun-1997','Attaccante'),
  ('195637','Millwall FC',20,'Mason','Bennett','15-jul-1996','Attaccante'),
  ('198358','Millwall FC',7,'Jed','Wallace','26-mar-1994','Attaccante'),
  ('287528','Millwall FC',21,'Connor','Mahoney','12-feb-1997','Attaccante'),
  ('341317','Millwall FC',10,'Oliver','Burke','7-apr-1997','Attaccante'),
  ('110858','Millwall FC',23,'Benik','Afobe','12-feb-1993','Attaccante'),
  ('139781','Millwall FC',9,'Tom','Bradshaw','27-jul-1992','Attaccante'),
  ('250870','Queens Park Rangers',1,'Seny','Dieng','23-nov-1994','Portiere'),
  ('177952','Queens Park Rangers',13,'Jordan','Archer','12-apr-1993','Portiere'),
  ('009500','Queens Park Rangers',25,'David','Marshall','5-mar-1985','Portiere'),
  ('259151','Queens Park Rangers',33,'Dillon','Barnes','8-apr-1996','Portiere'),
  ('257437','Queens Park Rangers',4,'Rob','Dickie','3-mar-1996','Difensore'),
  ('159838','Queens Park Rangers',6,'Yoann','Barbet','10-may-1993','Difensore'),
  ('396174','Queens Park Rangers',20,'Jimmy','Dunne','19-oct-1997','Difensore'),
  ('495993','Queens Park Rangers',28,'Dion','Sanderson','15-dec-1999','Difensore'),
  ('618901','Queens Park Rangers',16,'Sam','McCallum','2-sep-2000','Difensore'),
  ('351546','Queens Park Rangers',null,'Niko','Hämäläinen','5-mar-1997','Difensore'),
  ('036657','Queens Park Rangers',3,'Lee','Wallace','1-aug-1987','Difensore'),
  ('163738','Queens Park Rangers',22,'Moses','Odubajo','28-jul-1993','Difensore'),
  ('419576','Queens Park Rangers',2,'Osman','Kakay','25-aug-1997','Difensore'),
  ('258912','Queens Park Rangers',8,'Luke','Amos','23-feb-1997','Centrocampista'),
  ('167254','Queens Park Rangers',12,'Dominic','Ball','2-aug-1995','Centrocampista'),
  ('374263','Queens Park Rangers',24,'Charlie','Owens','7-dec-1997','Centrocampista'),
  ('148262','Queens Park Rangers',27,'Jeff','Hendrick','31-jan-1992','Centrocampista'),
  ('062008','Queens Park Rangers',7,'Stefan','Johansen','8-jan-1991','Centrocampista'),
  ('387331','Queens Park Rangers',15,'Sam','Field','8-may-1998','Centrocampista'),
  ('346467','Queens Park Rangers',17,'Andre','Dozzell','2-may-1999','Centrocampista'),
  ('612163','Queens Park Rangers',26,'Faysal','Bettache','7-jul-2000','Centrocampista'),
  ('380473','Queens Park Rangers',10,'Ilias','Chair','30-oct-1997','Centrocampista'),
  ('298240','Queens Park Rangers',14,'George','Thomas','24-mar-1997','Centrocampista'),
  ('314341','Queens Park Rangers',21,'Chris','Willock','31-jan-1998','Attaccante'),
  ('083430','Queens Park Rangers',37,'Albert','Adomah','13-dec-1987','Attaccante'),
  ('347138','Queens Park Rangers',9,'Lyndon','Dykes','7-oct-1995','Attaccante'),
  ('120565','Queens Park Rangers',19,'Andre','Gray','26-jun-1991','Attaccante'),
  ('129627','Queens Park Rangers',11,'Charlie','Austin','5-jul-1989','Attaccante'),
  ('067283','Swansea City',18,'Ben','Hamer','20-nov-1987','Portiere'),
  ('609760','Swansea City',27,'Josh','Gould','27-mar-1997','Portiere'),
  ('359199','Swansea City',33,'Andy','Fisher','12-feb-1998','Portiere'),
  ('496659','Swansea City',5,'Ben','Cabango','30-may-2000','Difensore'),
  ('067252','Swansea City',2,'Ryan','Bennett','6-mar-1990','Difensore'),
  ('412823','Swansea City',22,'Joel','Latibeaudiere','6-jan-2000','Difensore'),
  ('581681','Swansea City',30,'Finley','Burns','17-jun-2003','Difensore'),
  ('262300','Swansea City',3,'Ryan','Manning','14-jun-1996','Difensore'),
  ('433168','Swansea City',15,'Nathanael','Ogbeta','28-apr-2001','Difensore'),
  ('158623','Swansea City',23,'Cyrus','Christie','30-sep-1992','Difensore'),
  ('066219','Swansea City',26,'Kyle','Naughton','17-nov-1988','Difensore'),
  ('580980','Swansea City',19,'Tivonge','Rushesha','24-jul-2002','Difensore'),
  ('265471','Swansea City',8,'Matt','Grimes','15-jul-1995','Centrocampista'),
  ('224088','Swansea City',10,'Olivier','Ntcham','9-feb-1996','Centrocampista'),
  ('171260','Swansea City',6,'Jay','Fulton','4-apr-1994','Centrocampista'),
  ('506189','Swansea City',4,'Flynn','Downes','20-jan-1999','Centrocampista'),
  ('080435','Swansea City',7,'Korey','Smith','31-jan-1991','Centrocampista'),
  ('321070','Swansea City',13,'Hannes','Wolf','16-apr-1999','Centrocampista'),
  ('332340','Swansea City',21,'Yan','Dhanda','14-dec-1998','Centrocampista'),
  ('156886','Swansea City',12,'Jamie','Paterson','20-dec-1991','Attaccante'),
  ('444208','Swansea City',9,'Michael','Obafemi','6-jul-2000','Attaccante'),
  ('369962','Swansea City',17,'Joël','Piroe','2-aug-1999','Attaccante'),
  ('647395','Swansea City',14,'Kyle','Joseph','10-sep-2001','Attaccante'),
  ('495441','Huddersfield Town',31,'Ryan','Schofield','11-dec-1999','Portiere'),
  ('128898','Huddersfield Town',18,'Jamal','Blackman','27-oct-1993','Portiere'),
  ('126258','Huddersfield Town',21,'Lee','Nicholls','5-oct-1992','Portiere'),
  ('121395','Huddersfield Town',4,'Matty','Pearson','3-aug-1993','Difensore'),
  ('614258','Huddersfield Town',26,'Levi','Colwill','26-feb-2003','Difensore'),
  ('203532','Huddersfield Town',23,'Naby','Sarr','13-aug-1993','Difensore'),
  ('121333','Huddersfield Town',32,'Tom','Lees','28-nov-1990','Difensore'),
  ('198516','Huddersfield Town',3,'Harry','Toffolo','19-aug-1995','Difensore'),
  ('176632','Huddersfield Town',14,'Josh','Ruffels','23-oct-1993','Difensore'),
  ('423166','Huddersfield Town',2,'Pipa','null','26-jan-1998','Difensore'),
  ('148660','Huddersfield Town',20,'Ollie','Turton','6-dec-1992','Difensore'),
  ('657994','Huddersfield Town',29,'Aaron','Rowe','7-sep-2000','Difensore'),
  ('315128','Huddersfield Town',48,'Carel','Eiting','11-feb-1998','Centrocampista'),
  ('138934','Huddersfield Town',5,'Alex','Vallejo','16-jan-1992','Centrocampista'),
  ('560694','Huddersfield Town',8,'Lewis','O''Brien','14-oct-1998','Centrocampista'),
  ('061573','Huddersfield Town',6,'Jonathan','Hogg','6-dec-1988','Centrocampista'),
  ('728982','Huddersfield Town',15,'Scott','High','15-feb-2001','Centrocampista'),
  ('505561','Huddersfield Town',37,'Jon','Russell','9-oct-2000','Centrocampista'),
  ('257095','Huddersfield Town',19,'Duane','Holmes','6-nov-1994','Centrocampista'),
  ('433181','Huddersfield Town',7,'Tino','Anjorin','23-nov-2001','Centrocampista'),
  ('346499','Huddersfield Town',24,'Danel','Sinani','5-apr-1997','Centrocampista'),
  ('258188','Huddersfield Town',11,'Rolando','Aarons','16-nov-1995','Attaccante'),
  ('475416','Huddersfield Town',16,'Sorba','Thomas','25-jan-1999','Attaccante'),
  ('577557','Huddersfield Town',28,'Danny','Grant','23-dec-1999','Attaccante'),
  ('429578','Huddersfield Town',10,'Josh','Koroma','8-nov-1998','Attaccante'),
  ('124172','Huddersfield Town',25,'Danny','Ward','9-dec-1990','Attaccante'),
  ('048950','Huddersfield Town',9,'Jordan','Rhodes','5-feb-1990','Attaccante'),
  ('042411','Huddersfield Town',22,'Fraizer','Campbell','13-sep-1987','Attaccante'),
  ('398063','Reading FC',22,'Luke','Southwood','6-dec-1997','Portiere'),
  ('493513','Reading FC',26,'Karl','Hein','13-apr-2002','Portiere'),
  ('062688','Reading FC',24,'Scott','Dann','14-feb-1987','Difensore'),
  ('424900','Reading FC',3,'Tom','Holmes','12-mar-2000','Difensore'),
  ('339235','Reading FC',5,'Tom','McIntyre','6-nov-1998','Difensore'),
  ('066497','Reading FC',4,'Michael','Morrison','3-mar-1988','Difensore'),
  ('224884','Reading FC',21,'Abdul-Rahman','Baba','2-jul-1994','Difensore'),
  ('566676','Reading FC',41,'Ethan','Bristow','27-nov-2001','Difensore'),
  ('188256','Reading FC',17,'Andy','Yiadom','2-dec-1991','Difensore'),
  ('435484','Reading FC',20,'Felipe','Araruna','12-mar-1996','Difensore'),
  ('570312','Reading FC',16,'Dejan','Tetek','24-sep-2002','Centrocampista'),
  ('197693','Reading FC',10,'John','Swift','23-jun-1995','Centrocampista'),
  ('337284','Reading FC',14,'Ovie','Ejaria','18-nov-1997','Centrocampista'),
  ('368862','Reading FC',8,'Andy','Rinomhota','21-apr-1997','Centrocampista'),
  ('314241','Reading FC',28,'Josh','Laurent','6-may-1995','Centrocampista'),
  ('073491','Reading FC',15,'Danny','Drinkwater','5-mar-1990','Centrocampista'),
  ('346472','Reading FC',19,'Tom','Dele-Bashiru','17-sep-1999','Centrocampista'),
  ('226074','Reading FC',7,'Alen','Halilovic','18-jun-1996','Centrocampista'),
  ('058993','Reading FC',23,'Junior','Hoilett','5-jun-1990','Attaccante'),
  ('214927','Reading FC',33,'Brandon','Barker','4-oct-1996','Attaccante'),
  ('289433','Reading FC',11,'Yakou','Méïté','11-feb-1996','Attaccante'),
  ('157368','Reading FC',9,'Tom','Ince','30-jan-1992','Attaccante'),
  ('703408','Reading FC',30,'Femi','Azeez','5-jun-2001','Attaccante'),
  ('234787','Reading FC',18,'Lucas','João','4-sep-1993','Attaccante'),
  ('699164','Reading FC',39,'Jahmari','Clarke','2-oct-2003','Attaccante'),
  ('061694','Birmingham City',1,'Neil','Etheridge','7-feb-1990','Portiere'),
  ('344586','Birmingham City',27,'Connal','Trueman','26-mar-1996','Portiere'),
  ('548470','Birmingham City',18,'Teden','Mengi','30-apr-2002','Difensore'),
  ('284959','Birmingham City',4,'Marc','Roberts','26-jul-1990','Difensore'),
  ('331779','Birmingham City',3,'Kristian','Pedersen','4-aug-1994','Difensore'),
  ('077544','Birmingham City',5,'George','Friend','19-oct-1987','Difensore'),
  ('156618','Birmingham City',2,'Maxime','Colin','15-nov-1991','Difensore'),
  ('226097','Birmingham City',34,'Ivan','Sunjic','9-oct-1996','Centrocampista'),
  ('232897','Birmingham City',6,'Ryan','Woods','13-dec-1993','Centrocampista'),
  ('348863','Birmingham City',21,'Juninho','Bacuna','7-aug-1997','Centrocampista'),
  ('110861','Birmingham City',20,'Gary','Gardner','29-jun-1992','Centrocampista'),
  ('667517','Birmingham City',19,'Jordan','James','2-jul-2004','Centrocampista'),
  ('484551','Birmingham City',8,'Taylor','Richards','4-dec-2000','Centrocampista'),
  ('170966','Birmingham City',11,'Jérémie','Bela','8-apr-1993','Attaccante'),
  ('109751','Birmingham City',25,'Onel','Hernández','1-feb-1993','Attaccante'),
  ('344830','Birmingham City',7,'Tahith','Chong','4-dec-1999','Attaccante'),
  ('183283','Birmingham City',24,'Jordan','Graham','5-mar-1995','Attaccante'),
  ('138783','Birmingham City',9,'Scott','Hogan','13-apr-1992','Attaccante'),
  ('065477','Birmingham City',36,'Troy','Deeney','29-jun-1988','Attaccante'),
  ('033507','Birmingham City',10,'Lukas','Jutkiewicz','28-mar-1989','Attaccante'),
  ('104495','Birmingham City',33,'Lyle','Taylor','29-mar-1990','Attaccante'),
  ('260841','Preston North End',12,'Daniel','Iversen','19-jul-1997','Portiere'),
  ('074088','Preston North End',1,'Declan','Rudd','16-jan-1991','Portiere'),
  ('163531','Preston North End',25,'Connor','Ripley','13-feb-1993','Portiere'),
  ('354303','Preston North End',28,'Mathew','Hudson','29-jul-1998','Portiere'),
  ('541231','Preston North End',2,'Sepp','van den Berg','20-dec-2001','Difensore'),
  ('094603','Preston North End',5,'Patrick','Bauer','28-oct-1992','Difensore'),
  ('228912','Preston North End',6,'Liam','Lindsay','12-oct-1995','Difensore'),
  ('435493','Preston North End',41,'Bambo','Diaby','17-dec-1997','Difensore'),
  ('045516','Preston North End',23,'Paul','Huntington','17-sep-1987','Difensore'),
  ('191865','Preston North End',16,'Andrew','Hughes','5-jun-1992','Difensore'),
  ('114093','Preston North End',3,'Greg','Cunningham','31-jan-1991','Difensore'),
  ('426281','Preston North End',32,'Josh','Earl','24-oct-1998','Difensore'),
  ('175740','Preston North End',15,'Joe','Rafferty','6-oct-1993','Difensore'),
  ('315777','Preston North End',22,'Matthew','Olosunde','7-mar-1998','Difensore'),
  ('277697','Preston North End',8,'Alan','Browne','15-apr-1995','Centrocampista'),
  ('347389','Preston North End',4,'Ben','Whiteman','17-jun-1996','Centrocampista'),
  ('258884','Preston North End',18,'Ryan','Ledson','19-aug-1997','Centrocampista'),
  ('450714','Preston North End',13,'Ali','McCann','4-dec-1999','Centrocampista'),
  ('237013','Preston North End',44,'Brad','Potts','3-jul-1994','Centrocampista'),
  ('169092','Preston North End',11,'Daniel','Johnson','8-oct-1992','Centrocampista'),
  ('199528','Preston North End',45,'Josh','Murphy','24-feb-1995','Attaccante'),
  ('031552','Preston North End',31,'Scott','Sinclair','25-mar-1989','Attaccante'),
  ('640893','Preston North End',33,'Ethan','Walker','28-jul-2002','Attaccante'),
  ('160137','Preston North End',29,'Tom','Barkhuizen','4-jul-1993','Attaccante'),
  ('245805','Preston North End',20,'Izzy','Brown','7-jan-1997','Attaccante'),
  ('293325','Preston North End',19,'Emil','Riis','24-jun-1998','Attaccante'),
  ('191320','Preston North End',24,'Sean','Maguire','1-may-1994','Attaccante'),
  ('533662','Preston North End',21,'Cameron','Archer','9-dec-2001','Attaccante'),
  ('061622','Preston North End',9,'Ched','Evans','28-dec-1988','Attaccante'),
  ('745998','Preston North End',null,'Jacob','Holland-Wilkinson','30-oct-2002','Attaccante'),
  ('136401','Bristol City',1,'Daniel','Bentley','13-jul-1993','Portiere'),
  ('296582','Bristol City',12,'Max','O''Leary','10-oct-1996','Portiere'),
  ('873975','Bristol City',13,'Harvey','Wiles-Richards','27-may-2002','Portiere'),
  ('148657','Bristol City',22,'Tomas','Kalas','15-may-1993','Difensore'),
  ('062638','Bristol City',17,'Nathan','Baker','23-apr-1991','Difensore'),
  ('531783','Bristol City',5,'Rob','Atkinson','13-jul-1998','Difensore'),
  ('065255','Bristol City',25,'Timm','Klose','9-may-1988','Difensore'),
  ('379711','Bristol City',24,'Robbie','Cundy','30-may-1997','Difensore'),
  ('258915','Bristol City',3,'Jay','Dasilva','22-apr-1998','Difensore'),
  ('547382','Bristol City',16,'Cameron','Pring','22-jan-1998','Difensore'),
  ('417955','Bristol City',26,'Zak','Vyner','14-may-1997','Difensore'),
  ('420811','Bristol City',19,'George','Tanner','16-nov-1999','Difensore'),
  ('536508','Bristol City',42,'Han-Noah','Massengo','7-jul-2001','Centrocampista'),
  ('073522','Bristol City',6,'Matty','James','22-jul-1991','Centrocampista'),
  ('268185','Bristol City',8,'Joe','Williams','8-dec-1996','Centrocampista'),
  ('056872','Bristol City',10,'Andy','King','29-oct-1988','Centrocampista'),
  ('742494','Bristol City',38,'Ayman','Benarous','27-jul-2003','Centrocampista'),
  ('258216','Bristol City',45,'Kasey','Palmer','9-nov-1996','Centrocampista'),
  ('855256','Bristol City',36,'Alex','Scott','21-aug-2003','Centrocampista'),
  ('255679','Bristol City',11,'Callum','O''Dowda','23-apr-1995','Attaccante'),
  ('049693','Bristol City',14,'Andreas','Weimann','5-aug-1991','Attaccante'),
  ('173483','Bristol City',21,'Nahki','Wells','1-jun-1990','Attaccante'),
  ('583255','Bristol City',18,'Antoine','Semenyo','7-jan-2000','Attaccante'),
  ('046154','Bristol City',9,'Chris','Martin','4-nov-1988','Attaccante'),
  ('123503','Derby County',21,'Kelle','Roos','31-may-1992','Portiere'),
  ('111073','Derby County',31,'Ryan','Allsop','17-jun-1992','Portiere'),
  ('034349','Derby County',16,'Richard','Stearman','19-aug-1987','Difensore'),
  ('018227','Derby County',33,'Curtis','Davies','15-mar-1985','Difensore'),
  ('581330','Derby County',22,'Eiran','Cashin','9-nov-2001','Difensore'),
  ('532539','Derby County',26,'Lee','Buchanan','7-mar-2001','Difensore'),
  ('045492','Derby County',3,'Craig','Forsyth','24-feb-1989','Difensore'),
  ('121276','Derby County',2,'Nathan','Byrne','5-jun-1992','Difensore'),
  ('586756','Derby County',36,'Festy','Ebosele','2-aug-2002','Difensore'),
  ('287247','Derby County',5,'Krystian','Bielik','4-jan-1998','Centrocampista'),
  ('486464','Derby County',8,'Max','Bird','18-sep-2000','Centrocampista'),
  ('581331','Derby County',42,'Liam','Thompson','29-apr-2002','Centrocampista'),
  ('530780','Derby County',38,'Jason','Knight','13-feb-2001','Centrocampista'),
  ('537270','Derby County',17,'Louie','Sibley','13-sep-2001','Centrocampista'),
  ('128907','Derby County',11,'Ravel','Morrison','2-feb-1993','Centrocampista'),
  ('505548','Derby County',35,'Louie','Watson','7-jun-2001','Centrocampista'),
  ('229970','Derby County',10,'Tom','Lawrence','13-jan-1994','Attaccante'),
  ('289167','Derby County',7,'Kamil','Jozwiak','22-apr-1998','Attaccante'),
  ('036802','Derby County',13,'Colin','Kazim-Richards','26-aug-1986','Attaccante'),
  ('530782','Derby County',34,'Jack','Stretton','6-sep-2001','Attaccante'),
  ('586986','Derby County',48,'Luke','Plange','4-nov-2002','Attaccante'),
  ('033754','Cardiff City',25,'Alex','Smithies','5-mar-1990','Portiere'),
  ('308431','Cardiff City',1,'Dillon','Phillips','11-jun-1995','Portiere'),
  ('079723','Cardiff City',4,'Sean','Morrison','8-jan-1991','Difensore'),
  ('148299','Cardiff City',16,'Curtis','Nelson','21-may-1993','Difensore'),
  ('105324','Cardiff City',5,'Aden','Flint','11-jul-1989','Difensore'),
  ('561454','Cardiff City',2,'Mark','McGuinness','5-jan-2001','Difensore'),
  ('742163','Cardiff City',3,'Joel','Bagan','3-sep-2001','Difensore'),
  ('322677','Cardiff City',38,'Perry','Ng','27-apr-1996','Difensore'),
  ('531957','Cardiff City',17,'Cody','Drameh','8-dec-2001','Difensore'),
  ('238427','Cardiff City',6,'Will','Vaulks','13-sep-1993','Centrocampista'),
  ('386752','Cardiff City',15,'Ryan','Wintle','13-jun-1997','Centrocampista'),
  ('195680','Cardiff City',8,'Joe','Ralls','12-oct-1993','Centrocampista'),
  ('118779','Cardiff City',21,'Marlon','Pack','25-mar-1991','Centrocampista'),
  ('126014','Cardiff City',7,'Leandro','Bacuna','21-aug-1991','Centrocampista'),
  ('433183','Cardiff City',22,'Tommy','Doyle','17-oct-2001','Centrocampista'),
  ('547038','Cardiff City',37,'Sam','Bowen','14-jan-2001','Centrocampista'),
  ('608175','Cardiff City',18,'Alfie','Doughty','21-dec-1999','Centrocampista'),
  ('626474','Cardiff City',27,'Rubin','Colwill','27-apr-2002','Centrocampista'),
  ('291544','Cardiff City',9,'Jordan','Hugill','4-jun-1992','Attaccante'),
  ('344012','Cardiff City',29,'Mark','Harris','29-dec-1998','Attaccante'),
  ('245765','Cardiff City',10,'Uche','Ikpeazu','28-feb-1995','Attaccante'),
  ('062640','Cardiff City',19,'James','Collins','1-dec-1990','Attaccante'),
  ('195481','Cardiff City',14,'Isaac','Vassell','9-sep-1993','Attaccante'),
  ('586023','Cardiff City',23,'Max','Watters','23-mar-1999','Attaccante'),
  ('258914','Barnsley FC',40,'Brad','Collins','18-feb-1997','Portiere'),
  ('368629','Barnsley FC',1,'Jack','Walton','23-apr-1998','Portiere'),
  ('564826','Barnsley FC',13,'Daniel','Jinadu','21-jun-2002','Portiere'),
  ('407021','Barnsley FC',6,'Mads Juel','Andersen','27-dec-1997','Difensore'),
  ('255383','Barnsley FC',30,'Michal','Helik','9-sep-1995','Difensore'),
  ('322984','Barnsley FC',24,'Aapo','Halme','22-may-1998','Difensore'),
  ('534701','Barnsley FC',5,'Liam','Kitching','25-sep-1999','Difensore'),
  ('614064','Barnsley FC',15,'Jasper','Moon','24-nov-2000','Difensore'),
  ('805835','Barnsley FC',26,'Rémy','Vita','1-apr-2001','Difensore'),
  ('529747','Barnsley FC',22,'Clarke','Oduor','25-jun-1999','Difensore'),
  ('416368','Barnsley FC',7,'Callum','Brittain','12-mar-1998','Difensore'),
  ('346468','Barnsley FC',2,'Jordan','Williams','22-oct-1999','Difensore'),
  ('395239','Barnsley FC',17,'Claudio','Gomes','23-jul-2000','Centrocampista'),
  ('391719','Barnsley FC',28,'Domingos','Quina','18-nov-1999','Centrocampista'),
  ('737861','Barnsley FC',21,'Romal','Palmer','30-sep-1998','Centrocampista'),
  ('397102','Barnsley FC',10,'Josh','Benson','5-dec-1999','Centrocampista'),
  ('586059','Barnsley FC',23,'William','Hondermarck','21-nov-2000','Centrocampista'),
  ('435062','Barnsley FC',4,'Callum','Styles','27-mar-2000','Centrocampista'),
  ('506009','Barnsley FC',27,'Amine','Bassi','27-nov-1997','Centrocampista'),
  ('169801','Barnsley FC',9,'Cauley','Woodrow','2-dec-1994','Attaccante'),
  ('289587','Barnsley FC',11,'Aaron','Leya Iseka','15-nov-1997','Attaccante'),
  ('246963','Barnsley FC',14,'Carlton','Morris','16-dec-1995','Attaccante'),
  ('186924','Barnsley FC',44,'Devante','Cole','10-may-1995','Attaccante'),
  ('344987','Barnsley FC',29,'Victor','Adeboyejo','12-jan-1998','Attaccante'),
  ('110867','Luton Town',25,'Jed','Steer','23-sep-1992','Portiere'),
  ('091340','Luton Town',1,'James','Shea','16-jun-1991','Portiere'),
  ('245625','Luton Town',36,'Alex','Palmer','10-aug-1996','Portiere'),
  ('284718','Luton Town',21,'Harry','Isted','5-mar-1997','Portiere'),
  ('207742','Luton Town',15,'Tom','Lockyer','3-dec-1994','Difensore'),
  ('127794','Luton Town',5,'Sonny','Bradley','13-sep-1991','Difensore'),
  ('264220','Luton Town',16,'Reece','Burke','2-sep-1996','Difensore'),
  ('364409','Luton Town',32,'Gabriel','Osho','14-aug-1998','Difensore'),
  ('278166','Luton Town',29,'Amari''i','Bell','5-may-1994','Difensore'),
  ('061011','Luton Town',4,'Kal','Naismith','18-feb-1992','Difensore'),
  ('207037','Luton Town',3,'Dan','Potts','13-apr-1994','Difensore'),
  ('324223','Luton Town',2,'James','Bree','11-dec-1997','Difensore'),
  ('595652','Luton Town',20,'Peter','Kioso','15-aug-1999','Difensore'),
  ('244338','Luton Town',17,'Pelly-Ruddock','Mpanzu','22-mar-1994','Centrocampista'),
  ('347619','Luton Town',22,'Allan','Campbell','4-jul-1998','Centrocampista'),
  ('125685','Luton Town',8,'Luke','Berry','12-jul-1992','Centrocampista'),
  ('044794','Luton Town',23,'Henri','Lansbury','12-oct-1990','Centrocampista'),
  ('496661','Luton Town',28,'Elliot','Thorpe','9-nov-2000','Centrocampista'),
  ('305274','Luton Town',24,'Fred','Onyedinma','24-nov-1996','Centrocampista'),
  ('022614','Luton Town',12,'Robert','Snodgrass','7-sep-1987','Attaccante'),
  ('184129','Luton Town',18,'Jordan','Clark','22-sep-1993','Attaccante'),
  ('588412','Luton Town',14,'Carlos','Mendes','14-nov-1998','Attaccante'),
  ('319900','Luton Town',11,'Elijah','Adebayo','7-jan-1998','Attaccante'),
  ('255703','Luton Town',7,'Harry','Cornick','9-apr-1995','Attaccante'),
  ('314378','Luton Town',26,'Admiral','Muskwe','21-aug-1998','Attaccante'),
  ('092809','Luton Town',9,'Danny','Hylton','25-feb-1989','Attaccante'),
  ('035855','Luton Town',35,'Cameron','Jerome','14-aug-1986','Attaccante'),
  ('164499','Hull City',1,'Matt','Ingram','18-dec-1993','Portiere'),
  ('342050','Hull City',13,'Nathan','Baxter','8-nov-1998','Portiere'),
  ('531677','Hull City',24,'Di''Shon','Bernard','14-oct-2000','Difensore'),
  ('693095','Hull City',4,'Jacob','Greaves','12-sep-2000','Difensore'),
  ('340990','Hull City',5,'Alfie','Jones','7-oct-1997','Difensore'),
  ('524210','Hull City',17,'Sean','McLoughlin','13-nov-1996','Difensore'),
  ('694830','Hull City',25,'Festus','Arthur','27-feb-2000','Difensore'),
  ('271997','Hull City',3,'Callum','Elder','27-jan-1995','Difensore'),
  ('532078','Hull City',21,'Brandon','Fleming','3-dec-1999','Difensore'),
  ('413402','Hull City',2,'Lewie','Coyle','15-oct-1995','Difensore'),
  ('386263','Hull City',12,'Josh','Emmanuel','18-aug-1997','Difensore'),
  ('013465','Hull City',23,'Tom','Huddlestone','28-dec-1986','Centrocampista'),
  ('473080','Hull City',27,'Regan','Slater','11-sep-1999','Centrocampista'),
  ('227618','Hull City',8,'Greg','Docherty','10-sep-1996','Centrocampista'),
  ('158713','Hull City',6,'Richard','Smallwood','29-dec-1990','Centrocampista'),
  ('121238','Hull City',18,'George','Moncur','18-aug-1993','Centrocampista'),
  ('314998','Hull City',45,'Liam','Walsh','15-sep-1997','Centrocampista'),
  ('341882','Hull City',14,'Andy','Cannon','14-mar-1996','Centrocampista'),
  ('218140','Hull City',10,'George','Honeyman','8-sep-1994','Centrocampista'),
  ('644401','Hull City',11,'Keane','Lewis-Potter','22-feb-2001','Attaccante'),
  ('477704','Hull City',7,'Mallik','Wilks','15-dec-1998','Attaccante'),
  ('512175','Hull City',16,'Ryan','Longman','6-nov-2000','Attaccante'),
  ('415170','Hull City',19,'Randell','Williams','30-dec-1996','Attaccante'),
  ('404584','Hull City',44,'Marcus','Forss','18-jun-1999','Attaccante'),
  ('480975','Hull City',20,'Allahyar','Sayyadmanesh','29-jun-2001','Attaccante'),
  ('135136','Hull City',9,'Tom','Eaves','14-jan-1992','Attaccante'),
  ('602978','Hull City',22,'Tyler','Smith','4-dec-1998','Attaccante'),
  ('123536','Coventry City',1,'Simon','Moore','19-may-1990','Portiere'),
  ('121352','Coventry City',13,'Ben','Wilson','9-aug-1992','Portiere'),
  ('316551','Coventry City',3,'Jake','Clarke-Salter','22-sep-1997','Difensore'),
  ('263268','Coventry City',15,'Dominic','Hyam','20-dec-1995','Difensore'),
  ('154219','Coventry City',4,'Michael','Rose','11-oct-1995','Difensore'),
  ('032526','Coventry City',5,'Kyle','McFadzean','20-feb-1987','Difensore'),
  ('121250','Coventry City',27,'Jake','Bidwell','21-mar-1993','Difensore'),
  ('485585','Coventry City',18,'Ian','Maatsen','10-mar-2002','Difensore'),
  ('554365','Coventry City',22,'Josh','Reid','3-may-2002','Difensore'),
  ('154287','Coventry City',20,'Todd','Kane','17-sep-1993','Difensore'),
  ('186926','Coventry City',23,'Fankaty','Dabo','11-oct-1995','Difensore'),
  ('322985','Coventry City',38,'Gustavo','Hamer','24-jun-1997','Centrocampista'),
  ('314384','Coventry City',14,'Ben','Sheaf','5-feb-1998','Centrocampista'),
  ('257727','Coventry City',8,'Jamie','Allen','29-jan-1995','Centrocampista'),
  ('106643','Coventry City',6,'Liam','Kelly','10-feb-1990','Centrocampista'),
  ('618903','Coventry City',28,'Josh','Eccles','6-apr-2000','Centrocampista'),
  ('425800','Coventry City',26,'Jordan','Shipley','26-sep-1997','Centrocampista'),
  ('371262','Coventry City',10,'Callum','O''Hare','1-may-1998','Centrocampista'),
  ('354695','Coventry City',7,'Jodi','Jones','22-oct-1997','Attaccante'),
  ('690751','Coventry City',41,'Will','Bapaga','3-nov-2002','Attaccante'),
  ('325443','Coventry City',17,'Viktor','Gyökeres','4-jun-1998','Attaccante'),
  ('061674','Coventry City',9,'Martyn','Waghorn','23-jan-1990','Attaccante'),
  ('145553','Coventry City',24,'Matt','Godden','29-jul-1991','Attaccante'),
  ('614086','Coventry City',30,'Fábio','Tavares','22-jan-2001','Attaccante'),
  ('104686','Blackpool FC',1,'Chris','Maxwell','30-jul-1990','Portiere'),
  ('339253','Blackpool FC',32,'Daniel','Grimshaw','16-jan-1998','Portiere'),
  ('243623','Blackpool FC',13,'Stuart','Moore','8-sep-1994','Portiere'),
  ('570768','Blackpool FC',21,'Marvin','Ekpiteta','26-aug-1995','Difensore'),
  ('411255','Blackpool FC',34,'Jordan','Thorniley','24-nov-1996','Difensore'),
  ('559800','Blackpool FC',20,'Oliver','Casey','19-dec-2000','Difensore'),
  ('047983','Blackpool FC',26,'Richard','Keogh','11-aug-1986','Difensore'),
  ('167393','Blackpool FC',3,'James','Husband','3-jan-1994','Difensore'),
  ('245585','Blackpool FC',5,'Reece','James','7-nov-1993','Difensore'),
  ('110860','Blackpool FC',29,'Luke','Garbutt','21-may-1993','Difensore'),
  ('346315','Blackpool FC',35,'Dujon','Sterling','24-oct-1999','Difensore'),
  ('425900','Blackpool FC',4,'Jordan','Lawrence-Gabriel','25-sep-1998','Difensore'),
  ('308632','Blackpool FC',2,'Callum','Connolly','23-sep-1997','Centrocampista'),
  ('200782','Blackpool FC',6,'Kevin','Stewart','7-sep-1993','Centrocampista'),
  ('334804','Blackpool FC',12,'Kenny','Dougall','7-may-1993','Centrocampista'),
  ('279458','Blackpool FC',17,'Matty','Virtue','2-may-1997','Centrocampista'),
  ('565824','Blackpool FC',25,'Cameron','Antwi','7-oct-2001','Centrocampista'),
  ('283655','Blackpool FC',18,'Grant','Ward','5-dec-1994','Centrocampista'),
  ('820999','Blackpool FC',16,'Sonny','Carey','20-jan-2001','Centrocampista'),
  ('421443','Blackpool FC',27,'Charlie','Kirk','24-dec-1997','Attaccante'),
  ('391788','Blackpool FC',22,'CJ','Hamilton','23-mar-1995','Attaccante'),
  ('506470','Blackpool FC',11,'Josh','Bowler','5-mar-1999','Attaccante'),
  ('353674','Blackpool FC',10,'Keshi','Anderson','6-apr-1995','Attaccante'),
  ('485252','Blackpool FC',7,'Owen','Dale','1-nov-1998','Attaccante'),
  ('066994','Blackpool FC',14,'Gary','Madine','24-aug-1990','Attaccante'),
  ('351261','Blackpool FC',9,'Jerry','Yates','10-nov-1996','Attaccante'),
  ('351597','Blackpool FC',19,'Shayne','Lavery','8-dec-1998','Attaccante'),
  ('321579','Blackpool FC',28,'Jake','Beesley','2-dec-1996','Attaccante'),
  ('089648','Peterborough United',13,'David','Cornell','28-mar-1991','Portiere'),
  ('381469','Peterborough United',25,'Steven','Benda','1-oct-1998','Portiere'),
  ('677849','Peterborough United',28,'Will','Blackmore','1-oct-2001','Portiere'),
  ('425026','Peterborough United',12,'Josh','Knight','7-sep-1997','Difensore'),
  ('046744','Peterborough United',5,'Mark','Beevers','21-nov-1989','Difensore'),
  ('307094','Peterborough United',6,'Frankie','Kent','21-nov-1995','Difensore'),
  ('732165','Peterborough United',2,'Ronnie','Edwards','28-mar-2003','Difensore'),
  ('807417','Peterborough United',null,'Emmanuel','Fernandez','20-nov-2001','Difensore'),
  ('314362','Peterborough United',43,'Hayden','Coulson','17-jun-1998','Difensore'),
  ('227944','Peterborough United',3,'Dan','Butler','26-aug-1994','Difensore'),
  ('079725','Peterborough United',4,'Nathan','Thompson','9-nov-1990','Difensore'),
  ('433186','Peterborough United',24,'Bali','Mumba','8-oct-2001','Difensore'),
  ('375710','Peterborough United',42,'Jeando','Fuchs','11-oct-1997','Centrocampista'),
  ('677847','Peterborough United',27,'Kyle','Barker','16-dec-2000','Centrocampista'),
  ('458178','Peterborough United',8,'Jack','Taylor','23-jun-1998','Centrocampista'),
  ('177914','Peterborough United',18,'Oliver','Norburn','26-oct-1992','Centrocampista'),
  ('334964','Peterborough United',11,'Jorge','Grant','19-dec-1994','Centrocampista'),
  ('236493','Peterborough United',10,'Reece','Brown','3-mar-1996','Centrocampista'),
  ('370559','Peterborough United',23,'Joe','Ward','22-aug-1995','Centrocampista'),
  ('533980','Peterborough United',16,'Harrison','Burrows','12-jan-2002','Centrocampista'),
  ('292139','Peterborough United',7,'Sammie','Szmodics','24-sep-1995','Centrocampista'),
  ('701062','Peterborough United',15,'Kwame','Poku','11-aug-2001','Centrocampista'),
  ('627210','Peterborough United',22,'Kai','Corbett','8-oct-2002','Attaccante'),
  ('554234','Peterborough United',26,'Joel','Randall','29-oct-1999','Attaccante'),
  ('158631','Peterborough United',9,'Jonson','Clarke-Harris','21-jul-1994','Attaccante'),
  ('268746','Peterborough United',14,'Jack','Marriott','9-sep-1994','Attaccante'),
  ('677935','Peterborough United',17,'Ricky-Jade','Jones','8-nov-2002','Attaccante'),
  ('492690','Peterborough United',20,'Callum','Morton','19-jan-2000','Attaccante'),
  ('944551','Peterborough United',40,'Joe','Taylor','18-nov-2002','Attaccante');

insert into Partite values
  ('GB200000',1,'Fulham FC','Middlesbrough FC',1,1),
  ('GB200001',4,'Fulham FC','Hull City',2,0),
  ('GB200002',5,'Fulham FC','Stoke City',3,0),
  ('GB200003',8,'Fulham FC','Reading FC',1,2),
  ('GB200004',10,'Fulham FC','Swansea City',3,1),
  ('GB200005',12,'Fulham FC','Queens Park Rangers',4,1),
  ('GB200006',13,'Fulham FC','Cardiff City',2,0),
  ('GB200007',15,'Fulham FC','West Bromwich Albion',3,0),
  ('GB200008',18,'Fulham FC','Barnsley FC',4,1),
  ('GB200009',19,'Fulham FC','Derby County',0,0),
  ('GB200010',1,'AFC Bournemouth','West Bromwich Albion',2,2),
  ('GB200011',4,'AFC Bournemouth','Blackpool FC',2,2),
  ('GB200012',6,'AFC Bournemouth','Barnsley FC',3,0),
  ('GB200013',7,'AFC Bournemouth','Queens Park Rangers',2,1),
  ('GB200014',9,'AFC Bournemouth','Luton Town',2,1),
  ('GB200015',11,'AFC Bournemouth','Sheffield United',2,1),
  ('GB200016',14,'AFC Bournemouth','Huddersfield Town',3,0),
  ('GB200017',16,'AFC Bournemouth','Preston North End',1,2),
  ('GB200018',17,'AFC Bournemouth','Swansea City',4,0),
  ('GB200019',2,'Huddersfield Town','Fulham FC',1,5),
  ('GB200020',3,'Huddersfield Town','Preston North End',1,0),
  ('GB200021',5,'Huddersfield Town','Reading FC',4,0),
  ('GB200022',8,'Huddersfield Town','Nottingham Forest',0,2),
  ('GB200023',10,'Huddersfield Town','Blackburn Rovers',3,2),
  ('GB200024',12,'Huddersfield Town','Hull City',2,0),
  ('GB200025',13,'Huddersfield Town','Birmingham City',0,0),
  ('GB200026',15,'Huddersfield Town','Millwall FC',1,0),
  ('GB200027',18,'Huddersfield Town','West Bromwich Albion',1,0),
  ('GB200028',1,'Blackburn Rovers','Swansea City',2,1),
  ('GB200029',4,'Blackburn Rovers','West Bromwich Albion',1,2),
  ('GB200030',6,'Blackburn Rovers','Luton Town',2,2),
  ('GB200031',7,'Blackburn Rovers','Hull City',2,0),
  ('GB200032',9,'Blackburn Rovers','Cardiff City',5,1),
  ('GB200033',12,'Blackburn Rovers','Coventry City',2,2),
  ('GB200034',14,'Blackburn Rovers','Reading FC',2,0),
  ('GB200035',16,'Blackburn Rovers','Fulham FC',0,7),
  ('GB200036',17,'Blackburn Rovers','Sheffield United',3,1),
  ('GB200037',19,'Blackburn Rovers','Peterborough United',4,0),
  ('GB200038',1,'Sheffield United','Birmingham City',0,1),
  ('GB200039',4,'Sheffield United','Huddersfield Town',1,2),
  ('GB200040',6,'Sheffield United','Peterborough United',6,2),
  ('GB200041',7,'Sheffield United','Preston North End',2,2),
  ('GB200042',9,'Sheffield United','Derby County',1,0),
  ('GB200043',12,'Sheffield United','Stoke City',2,1),
  ('GB200044',13,'Sheffield United','Millwall FC',1,2),
  ('GB200045',15,'Sheffield United','Blackpool FC',0,1),
  ('GB200046',18,'Sheffield United','Coventry City',0,0),
  ('GB200047',1,'Luton Town','Peterborough United',3,0),
  ('GB200048',4,'Luton Town','Birmingham City',0,5),
  ('GB200049',5,'Luton Town','Sheffield United',0,0),
  ('GB200050',8,'Luton Town','Swansea City',3,3),
  ('GB200051',10,'Luton Town','Coventry City',5,0),
  ('GB200052',11,'Luton Town','Huddersfield Town',0,0),
  ('GB200053',14,'Luton Town','Hull City',1,0),
  ('GB200054',16,'Luton Town','Middlesbrough FC',3,1),
  ('GB200055',17,'Luton Town','Stoke City',0,1),
  ('GB200056',1,'Queens Park Rangers','Millwall FC',1,1),
  ('GB200057',4,'Queens Park Rangers','Barnsley FC',2,2),
  ('GB200058',5,'Queens Park Rangers','Coventry City',2,0),
  ('GB200059',8,'Queens Park Rangers','Bristol City',1,2),
  ('GB200060',10,'Queens Park Rangers','Birmingham City',2,0),
  ('GB200061',11,'Queens Park Rangers','Preston North End',3,2),
  ('GB200062',13,'Queens Park Rangers','Blackburn Rovers',1,0),
  ('GB200063',15,'Queens Park Rangers','Nottingham Forest',1,1),
  ('GB200064',18,'Queens Park Rangers','Luton Town',2,0),
  ('GB200065',19,'Queens Park Rangers','Huddersfield Town',1,0),
  ('GB200066',2,'Middlesbrough FC','Bristol City',2,1),
  ('GB200067',3,'Middlesbrough FC','Queens Park Rangers',2,3),
  ('GB200068',5,'Middlesbrough FC','Blackburn Rovers',1,1),
  ('GB200069',8,'Middlesbrough FC','Blackpool FC',1,2),
  ('GB200070',10,'Middlesbrough FC','Sheffield United',2,0),
  ('GB200071',12,'Middlesbrough FC','Peterborough United',2,0),
  ('GB200072',13,'Middlesbrough FC','Barnsley FC',2,0),
  ('GB200073',15,'Middlesbrough FC','Birmingham City',0,2),
  ('GB200074',18,'Middlesbrough FC','Millwall FC',1,1),
  ('GB200075',19,'Middlesbrough FC','Preston North End',1,2),
  ('GB200076',2,'Millwall FC','Blackburn Rovers',1,1),
  ('GB200077',3,'Millwall FC','Fulham FC',1,2),
  ('GB200078',5,'Millwall FC','Blackpool FC',2,1),
  ('GB200079',8,'Millwall FC','Coventry City',1,1),
  ('GB200080',10,'Millwall FC','Bristol City',1,0),
  ('GB200081',12,'Millwall FC','Luton Town',0,2),
  ('GB200082',14,'Millwall FC','Stoke City',2,1),
  ('GB200083',16,'Millwall FC','Reading FC',1,0),
  ('GB200084',17,'Millwall FC','Derby County',1,1),
  ('GB200085',19,'Millwall FC','AFC Bournemouth',1,1),
  ('GB200086',2,'Nottingham Forest','AFC Bournemouth',1,2),
  ('GB200087',3,'Nottingham Forest','Blackburn Rovers',1,2),
  ('GB200088',6,'Nottingham Forest','Cardiff City',1,2),
  ('GB200089',7,'Nottingham Forest','Middlesbrough FC',0,2),
  ('GB200090',9,'Nottingham Forest','Millwall FC',1,1),
  ('GB200091',12,'Nottingham Forest','Blackpool FC',2,1),
  ('GB200092',14,'Nottingham Forest','Fulham FC',0,4),
  ('GB200093',16,'Nottingham Forest','Sheffield United',1,1),
  ('GB200094',17,'Nottingham Forest','Preston North End',3,0),
  ('GB200095',19,'Nottingham Forest','Luton Town',0,0),
  ('GB200096',1,'Coventry City','Nottingham Forest',2,1),
  ('GB200097',4,'Coventry City','Reading FC',2,1),
  ('GB200098',6,'Coventry City','Middlesbrough FC',2,0),
  ('GB200099',7,'Coventry City','Cardiff City',1,0),
  ('GB200100',9,'Coventry City','Peterborough United',3,0),
  ('GB200101',11,'Coventry City','Fulham FC',4,1),
  ('GB200102',14,'Coventry City','Derby County',1,1),
  ('GB200103',16,'Coventry City','Swansea City',1,2),
  ('GB200104',17,'Coventry City','Bristol City',3,2),
  ('GB200105',19,'Coventry City','Birmingham City',0,0),
  ('GB200106',1,'Preston North End','Hull City',1,4),
  ('GB200107',4,'Preston North End','Peterborough United',1,0),
  ('GB200108',5,'Preston North End','Swansea City',3,1),
  ('GB200109',8,'Preston North End','West Bromwich Albion',1,1),
  ('GB200110',10,'Preston North End','Stoke City',1,1),
  ('GB200111',12,'Preston North End','Derby County',0,0),
  ('GB200112',13,'Preston North End','Coventry City',2,1),
  ('GB200113',15,'Preston North End','Luton Town',2,0),
  ('GB200114',18,'Preston North End','Cardiff City',1,2),
  ('GB200115',2,'West Bromwich Albion','Luton Town',3,2),
  ('GB200116',3,'West Bromwich Albion','Sheffield United',4,0),
  ('GB200117',6,'West Bromwich Albion','Millwall FC',1,1),
  ('GB200118',7,'West Bromwich Albion','Derby County',0,0),
  ('GB200119',9,'West Bromwich Albion','Queens Park Rangers',2,1),
  ('GB200120',12,'West Bromwich Albion','Birmingham City',1,0),
  ('GB200121',14,'West Bromwich Albion','Bristol City',3,0),
  ('GB200122',16,'West Bromwich Albion','Hull City',1,0),
  ('GB200123',17,'West Bromwich Albion','Middlesbrough FC',1,1),
  ('GB200124',2,'Blackpool FC','Cardiff City',0,2),
  ('GB200125',3,'Blackpool FC','Coventry City',0,1),
  ('GB200126',6,'Blackpool FC','Fulham FC',1,0),
  ('GB200127',7,'Blackpool FC','Huddersfield Town',0,3),
  ('GB200128',9,'Blackpool FC','Barnsley FC',1,0),
  ('GB200129',11,'Blackpool FC','Blackburn Rovers',2,1),
  ('GB200130',14,'Blackpool FC','Preston North End',2,0),
  ('GB200131',16,'Blackpool FC','Stoke City',0,1),
  ('GB200132',17,'Blackpool FC','Queens Park Rangers',1,1),
  ('GB200133',19,'Blackpool FC','West Bromwich Albion',0,0),
  ('GB200134',1,'Stoke City','Reading FC',3,2),
  ('GB200135',4,'Stoke City','Nottingham Forest',1,0),
  ('GB200136',6,'Stoke City','Huddersfield Town',2,1),
  ('GB200137',7,'Stoke City','Barnsley FC',1,1),
  ('GB200138',9,'Stoke City','Hull City',2,0),
  ('GB200139',11,'Stoke City','West Bromwich Albion',1,0),
  ('GB200140',13,'Stoke City','AFC Bournemouth',0,1),
  ('GB200141',15,'Stoke City','Cardiff City',3,3),
  ('GB200142',18,'Stoke City','Peterborough United',2,0),
  ('GB200143',2,'Swansea City','Sheffield United',0,0),
  ('GB200144',3,'Swansea City','Stoke City',1,3),
  ('GB200145',6,'Swansea City','Hull City',0,0),
  ('GB200146',7,'Swansea City','Millwall FC',0,0),
  ('GB200147',9,'Swansea City','Huddersfield Town',1,0),
  ('GB200148',12,'Swansea City','Cardiff City',3,0),
  ('GB200149',13,'Swansea City','West Bromwich Albion',2,1),
  ('GB200150',15,'Swansea City','Peterborough United',3,0),
  ('GB200151',18,'Swansea City','Blackpool FC',1,1),
  ('GB200152',1,'Cardiff City','Barnsley FC',1,1),
  ('GB200153',4,'Cardiff City','Millwall FC',3,1),
  ('GB200154',5,'Cardiff City','Bristol City',1,2),
  ('GB200155',8,'Cardiff City','AFC Bournemouth',0,1),
  ('GB200156',10,'Cardiff City','West Bromwich Albion',0,4),
  ('GB200157',11,'Cardiff City','Reading FC',0,1),
  ('GB200158',14,'Cardiff City','Middlesbrough FC',0,2),
  ('GB200159',16,'Cardiff City','Queens Park Rangers',0,1),
  ('GB200160',17,'Cardiff City','Huddersfield Town',2,1),
  ('GB200161',19,'Cardiff City','Hull City',0,1),
  ('GB200162',2,'Birmingham City','Stoke City',0,0),
  ('GB200163',3,'Birmingham City','AFC Bournemouth',0,2),
  ('GB200164',6,'Birmingham City','Derby County',2,0),
  ('GB200165',7,'Birmingham City','Fulham FC',1,4),
  ('GB200166',9,'Birmingham City','Preston North End',0,0),
  ('GB200167',11,'Birmingham City','Nottingham Forest',0,3),
  ('GB200168',14,'Birmingham City','Swansea City',2,1),
  ('GB200169',16,'Birmingham City','Bristol City',3,0),
  ('GB200170',17,'Birmingham City','Reading FC',1,2),
  ('GB200171',1,'Bristol City','Blackpool FC',1,1),
  ('GB200172',4,'Bristol City','Swansea City',0,1),
  ('GB200173',6,'Bristol City','Preston North End',0,0),
  ('GB200174',7,'Bristol City','Luton Town',1,1),
  ('GB200175',9,'Bristol City','Fulham FC',1,1),
  ('GB200176',12,'Bristol City','AFC Bournemouth',0,2),
  ('GB200177',13,'Bristol City','Nottingham Forest',1,2),
  ('GB200178',15,'Bristol City','Barnsley FC',2,1),
  ('GB200179',18,'Bristol City','Blackburn Rovers',1,1),
  ('GB200180',19,'Bristol City','Stoke City',1,0),
  ('GB200181',2,'Hull City','Queens Park Rangers',0,3),
  ('GB200182',3,'Hull City','Derby County',0,1),
  ('GB200183',5,'Hull City','AFC Bournemouth',0,0),
  ('GB200184',8,'Hull City','Sheffield United',1,3),
  ('GB200185',10,'Hull City','Blackpool FC',1,1),
  ('GB200186',11,'Hull City','Middlesbrough FC',2,0),
  ('GB200187',13,'Hull City','Peterborough United',1,2),
  ('GB200188',15,'Hull City','Coventry City',0,1),
  ('GB200189',18,'Hull City','Birmingham City',2,0),
  ('GB200190',2,'Reading FC','Preston North End',2,1),
  ('GB200191',3,'Reading FC','Bristol City',2,3),
  ('GB200192',6,'Reading FC','Queens Park Rangers',3,3),
  ('GB200193',7,'Reading FC','Peterborough United',3,1),
  ('GB200194',9,'Reading FC','Middlesbrough FC',1,0),
  ('GB200195',12,'Reading FC','Barnsley FC',1,0),
  ('GB200196',13,'Reading FC','Blackpool FC',2,3),
  ('GB200197',15,'Reading FC','AFC Bournemouth',0,2),
  ('GB200198',18,'Reading FC','Nottingham Forest',1,1),
  ('GB200199',19,'Reading FC','Sheffield United',0,1),
  ('GB200200',1,'Derby County','Huddersfield Town',1,1),
  ('GB200201',4,'Derby County','Middlesbrough FC',0,0),
  ('GB200202',5,'Derby County','Nottingham Forest',1,1),
  ('GB200203',8,'Derby County','Stoke City',2,1),
  ('GB200204',10,'Derby County','Reading FC',1,0),
  ('GB200205',11,'Derby County','Swansea City',0,0),
  ('GB200206',13,'Derby County','Luton Town',2,2),
  ('GB200207',15,'Derby County','Blackburn Rovers',1,2),
  ('GB200208',18,'Derby County','AFC Bournemouth',3,2),
  ('GB200209',2,'Barnsley FC','Coventry City',1,0),
  ('GB200210',3,'Barnsley FC','Luton Town',0,1),
  ('GB200211',5,'Barnsley FC','Birmingham City',1,1),
  ('GB200212',8,'Barnsley FC','Blackburn Rovers',0,0),
  ('GB200213',10,'Barnsley FC','Nottingham Forest',1,3),
  ('GB200214',11,'Barnsley FC','Millwall FC',0,1),
  ('GB200215',14,'Barnsley FC','Sheffield United',2,3),
  ('GB200216',16,'Barnsley FC','Derby County',2,1),
  ('GB200217',17,'Barnsley FC','Hull City',0,2),
  ('GB200218',19,'Barnsley FC','Swansea City',0,2),
  ('GB200219',2,'Peterborough United','Derby County',2,1),
  ('GB200220',3,'Peterborough United','Cardiff City',2,2),
  ('GB200221',5,'Peterborough United','West Bromwich Albion',0,1),
  ('GB200222',8,'Peterborough United','Birmingham City',3,0),
  ('GB200223',10,'Peterborough United','AFC Bournemouth',0,0),
  ('GB200224',11,'Peterborough United','Bristol City',2,3),
  ('GB200225',14,'Peterborough United','Queens Park Rangers',2,1),
  ('GB200226',16,'Peterborough United','Huddersfield Town',1,1),
  ('GB200227',17,'Peterborough United','Fulham FC',0,1);

insert into Gol values
  ('GB200000',29,'279455',false),
  ('GB200000',77,'340310',false),
  ('GB200001',22,'051152',false),
  ('GB200001',34,'559263',false),
  ('GB200002',5,'279455',false),
  ('GB200002',53,'186186',false),
  ('GB200002',72,'051152',false),
  ('GB200003',19,'337284',false),
  ('GB200003',53,'337284',false),
  ('GB200004',12,'051152',false),
  ('GB200004',32,'051152',false),
  ('GB200004',38,'156886',false),
  ('GB200004',45,'051152',false),
  ('GB200005',10,'051152',false),
  ('GB200005',55,'347138',false),
  ('GB200005',67,'051152',false),
  ('GB200005',71,'186186',false),
  ('GB200005',91,'349701',false),
  ('GB200006',57,'123275',false),
  ('GB200006',63,'051152',false),
  ('GB200007',20,'051152',false),
  ('GB200007',40,'051152',false),
  ('GB200007',82,'051152',false),
  ('GB200008',24,'051152',false),
  ('GB200008',34,'559263',false),
  ('GB200008',72,'111422',false),
  ('GB200008',78,'344987',false),
  ('GB200008',81,'279455',false),
  ('GB200010',12,'232964',false),
  ('GB200010',33,'401320',false),
  ('GB200010',52,'320411',false),
  ('GB200010',67,'183299',false),
  ('GB200011',6,'258889',false),
  ('GB200011',19,'258889',false),
  ('GB200011',57,'167393',false),
  ('GB200011',60,'351261',false),
  ('GB200012',8,'633530',false),
  ('GB200012',46,'258889',false),
  ('GB200012',82,'633530',false),
  ('GB200013',12,'684210',false),
  ('GB200013',37,'258889',false),
  ('GB200013',57,'618901',false),
  ('GB200014',17,'320411',false),
  ('GB200014',31,'258889',false),
  ('GB200014',64,'264220',false),
  ('GB200015',56,'429014',false),
  ('GB200015',62,'258889',false),
  ('GB200015',65,'320411',false),
  ('GB200016',10,'258889',false),
  ('GB200016',21,'258889',false),
  ('GB200016',64,'480116',false),
  ('GB200017',52,'347389',false),
  ('GB200017',60,'320411',false),
  ('GB200017',78,'450714',false),
  ('GB200018',26,'258889',false),
  ('GB200018',49,'258889',false),
  ('GB200018',64,'684210',false),
  ('GB200018',94,'684210',false),
  ('GB200019',9,'051152',false),
  ('GB200019',37,'243589',false),
  ('GB200019',41,'121395',false),
  ('GB200019',42,'559263',false),
  ('GB200019',78,'149716',false),
  ('GB200019',95,'149716',false),
  ('GB200020',74,'541231',true),
  ('GB200021',39,'560694',false),
  ('GB200021',51,'121395',false),
  ('GB200021',66,'475416',false),
  ('GB200021',68,'124172',false),
  ('GB200022',22,'035413',false),
  ('GB200022',48,'126258',true),
  ('GB200023',36,'138934',false),
  ('GB200023',57,'426192',false),
  ('GB200023',60,'124172',false),
  ('GB200023',65,'426192',false),
  ('GB200023',84,'124172',false),
  ('GB200024',9,'121333',false),
  ('GB200024',73,'257095',false),
  ('GB200026',82,'061573',false),
  ('GB200027',6,'346499',false),
  ('GB200028',36,'227183',false),
  ('GB200028',48,'426192',false),
  ('GB200028',52,'156886',false),
  ('GB200029',1,'283514',false),
  ('GB200029',49,'077274',false),
  ('GB200029',51,'426192',false),
  ('GB200030',27,'647435',false),
  ('GB200030',31,'426412',false),
  ('GB200030',73,'125685',false),
  ('GB200030',98,'125685',false),
  ('GB200031',61,'078966',false),
  ('GB200031',65,'426192',false),
  ('GB200032',24,'227183',false),
  ('GB200032',32,'426192',false),
  ('GB200032',47,'426192',false),
  ('GB200032',53,'647435',false),
  ('GB200032',58,'079723',false),
  ('GB200032',89,'426192',false),
  ('GB200033',39,'183293',false),
  ('GB200033',45,'227183',false),
  ('GB200033',68,'077757',true),
  ('GB200034',61,'227183',false),
  ('GB200034',64,'647435',false),
  ('GB200035',6,'111422',false),
  ('GB200035',19,'051152',false),
  ('GB200035',54,'279455',false),
  ('GB200035',58,'279455',false),
  ('GB200035',79,'111422',false),
  ('GB200036',2,'406560',false),
  ('GB200036',37,'405686',false),
  ('GB200036',59,'426192',false),
  ('GB200036',70,'392763',false),
  ('GB200037',16,'426412',false),
  ('GB200037',35,'426192',false),
  ('GB200037',45,'183167',false),
  ('GB200037',60,'426192',false),
  ('GB200038',19,'156618',false),
  ('GB200039',75,'429578',false),
  ('GB200039',92,'049542',false),
  ('GB200039',94,'614258',false),
  ('GB200040',14,'623570',false),
  ('GB200040',40,'268746',false),
  ('GB200040',51,'054383',false),
  ('GB200040',53,'218087',false),
  ('GB200040',68,'429014',false),
  ('GB200040',70,'623570',false),
  ('GB200040',79,'158631',false),
  ('GB200040',93,'218087',false),
  ('GB200041',7,'429014',false),
  ('GB200041',19,'169092',false),
  ('GB200041',84,'333014',false),
  ('GB200041',95,'293325',false),
  ('GB200042',89,'049542',false),
  ('GB200043',55,'469958',false),
  ('GB200043',83,'035416',false),
  ('GB200044',11,'198358',false),
  ('GB200044',45,'049542',false),
  ('GB200044',92,'243603',false),
  ('GB200045',76,'353674',false),
  ('GB200047',30,'319900',false),
  ('GB200047',68,'255703',false),
  ('GB200047',71,'305274',false),
  ('GB200048',7,'284959',false),
  ('GB200048',26,'138783',false),
  ('GB200048',47,'138783',false),
  ('GB200048',84,'110861',false),
  ('GB200050',7,'125685',false),
  ('GB200050',15,'319900',false),
  ('GB200050',23,'319900',false),
  ('GB200050',63,'156886',false),
  ('GB200050',86,'224088',false),
  ('GB200050',92,'369962',false),
  ('GB200051',3,'319900',false),
  ('GB200051',18,'255703',false),
  ('GB200051',30,'125685',false),
  ('GB200051',52,'319900',false),
  ('GB200051',58,'255703',false),
  ('GB200053',17,'319900',false),
  ('GB200054',15,'646727',false),
  ('GB200054',57,'127794',false),
  ('GB200054',60,'319900',false),
  ('GB200054',62,'255703',false),
  ('GB200055',34,'469958',false),
  ('GB200056',11,'198358',false),
  ('GB200056',31,'257437',false),
  ('GB200057',27,'169801',false),
  ('GB200057',76,'380473',false),
  ('GB200057',91,'129627',false),
  ('GB200058',68,'347138',false),
  ('GB200058',76,'159838',false),
  ('GB200059',45,'046154',false),
  ('GB200059',54,'618901',false),
  ('GB200059',93,'173483',false),
  ('GB200060',34,'380473',false),
  ('GB200060',64,'380473',false),
  ('GB200061',17,'347138',false),
  ('GB200061',27,'293325',false),
  ('GB200061',46,'426281',false),
  ('GB200061',71,'396174',false),
  ('GB200061',74,'380473',false),
  ('GB200062',83,'380473',false),
  ('GB200063',50,'347138',false),
  ('GB200063',91,'061644',false),
  ('GB200064',10,'314341',false),
  ('GB200064',55,'129627',false),
  ('GB200065',81,'258912',false),
  ('GB200066',38,'245765',false),
  ('GB200066',60,'056872',false),
  ('GB200066',70,'169416',false),
  ('GB200067',7,'245765',false),
  ('GB200067',48,'045395',true),
  ('GB200067',56,'347138',false),
  ('GB200067',72,'169416',false),
  ('GB200067',76,'314341',false),
  ('GB200068',17,'227183',false),
  ('GB200068',36,'045395',false),
  ('GB200069',8,'399434',false),
  ('GB200069',62,'570768',false),
  ('GB200069',78,'124845',true),
  ('GB200070',9,'248045',false),
  ('GB200070',37,'167268',false),
  ('GB200071',85,'167268',false),
  ('GB200071',94,'646727',false),
  ('GB200072',20,'179860',false),
  ('GB200072',87,'169416',false),
  ('GB200073',53,'284959',false),
  ('GB200073',56,'138783',false),
  ('GB200074',15,'169416',false),
  ('GB200074',27,'028984',true),
  ('GB200075',33,'167268',false),
  ('GB200075',77,'061622',false),
  ('GB200075',81,'293325',false),
  ('GB200076',64,'198358',false),
  ('GB200076',76,'426192',false),
  ('GB200077',3,'051152',false),
  ('GB200077',8,'559263',false),
  ('GB200077',87,'110858',false),
  ('GB200078',56,'351597',false),
  ('GB200078',63,'198358',false),
  ('GB200078',90,'243603',false),
  ('GB200079',9,'325443',false),
  ('GB200079',21,'141573',false),
  ('GB200080',64,'198358',false),
  ('GB200081',11,'255703',false),
  ('GB200081',53,'255703',false),
  ('GB200082',20,'113036',false),
  ('GB200082',51,'139781',false),
  ('GB200082',61,'139781',false),
  ('GB200083',71,'110858',false),
  ('GB200084',44,'586756',false),
  ('GB200084',46,'101682',false),
  ('GB200085',44,'258889',false),
  ('GB200085',67,'110858',false),
  ('GB200086',28,'277033',false),
  ('GB200086',48,'255906',false),
  ('GB200086',58,'320411',false),
  ('GB200087',47,'078966',false),
  ('GB200087',69,'271098',false),
  ('GB200087',86,'183167',false),
  ('GB200088',23,'035413',false),
  ('GB200088',58,'626474',false),
  ('GB200088',73,'626474',false),
  ('GB200089',24,'179860',false),
  ('GB200089',72,'109751',false),
  ('GB200090',52,'258885',false),
  ('GB200091',22,'470607',false),
  ('GB200091',53,'351261',false),
  ('GB200091',61,'035413',false),
  ('GB200092',7,'483348',true),
  ('GB200092',58,'051152',false),
  ('GB200092',61,'111422',false),
  ('GB200092',67,'051152',false),
  ('GB200093',78,'429014',false),
  ('GB200093',83,'035413',false),
  ('GB200094',32,'035413',false),
  ('GB200094',41,'061644',false),
  ('GB200094',70,'035413',false),
  ('GB200096',36,'104495',false),
  ('GB200096',81,'325443',false),
  ('GB200096',96,'032526',false),
  ('GB200097',40,'197693',false),
  ('GB200097',62,'257727',false),
  ('GB200097',98,'145553',false),
  ('GB200098',71,'325443',false),
  ('GB200098',91,'061674',false),
  ('GB200099',15,'325443',false),
  ('GB200100',57,'322985',false),
  ('GB200100',61,'325443',false),
  ('GB200100',64,'325443',false),
  ('GB200101',18,'032526',true),
  ('GB200101',47,'325443',false),
  ('GB200101',51,'145553',false),
  ('GB200101',61,'485585',false),
  ('GB200101',70,'325443',false),
  ('GB200102',20,'145553',false),
  ('GB200103',5,'156886',false),
  ('GB200103',12,'369962',false),
  ('GB200103',27,'032526',false),
  ('GB200104',46,'046154',false),
  ('GB200104',51,'145553',false),
  ('GB200104',68,'049693',false),
  ('GB200104',74,'371262',false),
  ('GB200104',92,'145553',false),
  ('GB200106',8,'293325',false),
  ('GB200106',35,'644401',false),
  ('GB200106',62,'158713',false),
  ('GB200106',92,'341882',false),
  ('GB200107',14,'094603',false),
  ('GB200108',19,'369962',false),
  ('GB200108',21,'541231',false),
  ('GB200108',47,'293325',false),
  ('GB200108',52,'347389',false),
  ('GB200109',26,'347389',false),
  ('GB200109',47,'077274',false),
  ('GB200110',6,'134424',false),
  ('GB200110',38,'347389',false),
  ('GB200112',61,'094603',false),
  ('GB200112',69,'293325',false),
  ('GB200113',27,'293325',false),
  ('GB200113',48,'293325',false),
  ('GB200114',2,'191320',false),
  ('GB200114',51,'561454',false),
  ('GB200114',66,'062640',false),
  ('GB200115',5,'061011',true),
  ('GB200115',36,'183299',false),
  ('GB200115',66,'314183',false),
  ('GB200115',70,'255703',false),
  ('GB200115',98,'244338',false),
  ('GB200116',26,'128909',true),
  ('GB200116',47,'401320',false),
  ('GB200116',53,'283514',false),
  ('GB200116',59,'183299',false),
  ('GB200117',49,'067421',false),
  ('GB200117',55,'503686',false),
  ('GB200119',1,'120565',false),
  ('GB200119',75,'314183',false),
  ('GB200119',88,'314183',false),
  ('GB200120',75,'314183',false),
  ('GB200121',7,'291544',false),
  ('GB200121',42,'067421',false),
  ('GB200121',52,'314183',false),
  ('GB200122',69,'314183',false),
  ('GB200123',38,'646727',false),
  ('GB200123',65,'342048',false),
  ('GB200124',52,'126014',false),
  ('GB200124',86,'275590',false),
  ('GB200125',47,'325443',false),
  ('GB200126',49,'506470',false),
  ('GB200127',48,'429578',false),
  ('GB200127',54,'121395',false),
  ('GB200127',62,'061573',false),
  ('GB200128',32,'351597',false),
  ('GB200129',4,'351597',false),
  ('GB200129',24,'351261',false),
  ('GB200129',50,'426192',false),
  ('GB200130',27,'353674',false),
  ('GB200130',68,'066994',false),
  ('GB200131',79,'035099',false),
  ('GB200132',26,'314341',false),
  ('GB200132',54,'066994',false),
  ('GB200134',25,'134424',false),
  ('GB200134',26,'197693',false),
  ('GB200134',28,'469958',false),
  ('GB200134',60,'128906',false),
  ('GB200134',85,'398402',false),
  ('GB200135',66,'419929',false),
  ('GB200136',47,'198516',false),
  ('GB200136',50,'469958',false),
  ('GB200136',63,'121395',true),
  ('GB200137',17,'398402',false),
  ('GB200137',38,'169801',false),
  ('GB200138',35,'039372',false),
  ('GB200138',58,'134424',false),
  ('GB200139',79,'134424',false),
  ('GB200140',51,'258889',false),
  ('GB200141',9,'469958',false),
  ('GB200141',16,'035099',false),
  ('GB200141',46,'035099',false),
  ('GB200141',66,'626474',false),
  ('GB200141',70,'344012',false),
  ('GB200141',71,'275590',false),
  ('GB200142',3,'039372',false),
  ('GB200142',96,'382554',false),
  ('GB200144',15,'134424',false),
  ('GB200144',53,'122223',false),
  ('GB200144',73,'369962',false),
  ('GB200147',17,'369962',false),
  ('GB200148',29,'156886',false),
  ('GB200148',60,'369962',false),
  ('GB200148',74,'121250',false),
  ('GB200149',1,'314183',false),
  ('GB200149',61,'369962',false),
  ('GB200149',83,'156886',false),
  ('GB200150',2,'121250',false),
  ('GB200150',13,'369962',false),
  ('GB200150',46,'224088',false),
  ('GB200151',35,'369962',false),
  ('GB200151',86,'353674',false),
  ('GB200152',54,'118779',false),
  ('GB200153',66,'105324',false),
  ('GB200153',70,'105324',false),
  ('GB200153',76,'110858',false),
  ('GB200153',83,'079723',false),
  ('GB200154',21,'049693',false),
  ('GB200154',59,'136401',true),
  ('GB200154',70,'049693',false),
  ('GB200155',54,'320411',false),
  ('GB200156',5,'314183',false),
  ('GB200156',56,'148299',true),
  ('GB200156',75,'283514',false),
  ('GB200156',82,'077274',false),
  ('GB200157',38,'058993',false),
  ('GB200158',35,'179860',false),
  ('GB200158',74,'555820',false),
  ('GB200159',37,'120565',false),
  ('GB200160',12,'346499',false),
  ('GB200160',74,'275590',false),
  ('GB200160',93,'275590',false),
  ('GB200161',15,'644401',false),
  ('GB200163',77,'258889',false),
  ('GB200163',87,'684210',false),
  ('GB200164',31,'138783',false),
  ('GB200164',81,'170966',false),
  ('GB200165',44,'051152',false),
  ('GB200165',54,'279455',false),
  ('GB200165',83,'051152',false),
  ('GB200165',87,'065477',false),
  ('GB200167',11,'035413',false),
  ('GB200167',29,'425902',false),
  ('GB200167',53,'483348',false),
  ('GB200168',47,'065477',false),
  ('GB200168',77,'444208',false),
  ('GB200168',82,'428061',false),
  ('GB200169',14,'428061',false),
  ('GB200169',67,'138783',false),
  ('GB200169',76,'110861',false),
  ('GB200170',3,'138783',false),
  ('GB200170',70,'699164',false),
  ('GB200170',82,'699164',false),
  ('GB200171',44,'046154',false),
  ('GB200171',93,'351597',false),
  ('GB200172',19,'369962',false),
  ('GB200174',57,'062638',false),
  ('GB200174',91,'092809',false),
  ('GB200175',50,'051152',false),
  ('GB200175',79,'258216',false),
  ('GB200176',21,'239949',false),
  ('GB200176',46,'633530',false),
  ('GB200177',39,'855256',false),
  ('GB200177',91,'104495',false),
  ('GB200177',92,'104495',false),
  ('GB200178',28,'289587',false),
  ('GB200178',42,'049693',false),
  ('GB200178',47,'049693',false),
  ('GB200179',34,'255679',false),
  ('GB200179',75,'426192',false),
  ('GB200181',16,'314341',false),
  ('GB200181',68,'347138',false),
  ('GB200181',74,'257437',false),
  ('GB200184',17,'049542',false),
  ('GB200184',50,'121324',false),
  ('GB200184',61,'121324',false),
  ('GB200184',74,'644401',false),
  ('GB200185',42,'351597',false),
  ('GB200185',84,'135136',false),
  ('GB200186',81,'336367',true),
  ('GB200186',93,'477704',false),
  ('GB200187',43,'458178',false),
  ('GB200187',72,'488656',false),
  ('GB200188',9,'145553',false),
  ('GB200189',17,'218140',false),
  ('GB200189',57,'477704',false),
  ('GB200190',28,'703408',false),
  ('GB200190',61,'169092',false),
  ('GB200190',69,'197693',false),
  ('GB200191',5,'049693',false),
  ('GB200191',14,'046154',false),
  ('GB200191',19,'703408',false),
  ('GB200191',52,'049693',false),
  ('GB200191',81,'128906',false),
  ('GB200192',11,'066497',true),
  ('GB200192',35,'197693',false),
  ('GB200192',64,'197693',false),
  ('GB200192',77,'197693',false),
  ('GB200192',79,'120565',false),
  ('GB200192',91,'062008',false),
  ('GB200193',64,'197693',false),
  ('GB200193',67,'346472',false),
  ('GB200193',74,'079725',false),
  ('GB200193',88,'346472',false),
  ('GB200194',55,'226074',false),
  ('GB200195',77,'197693',false),
  ('GB200196',11,'062688',false),
  ('GB200196',21,'346472',false),
  ('GB200196',69,'485252',false),
  ('GB200196',73,'351261',false),
  ('GB200196',85,'351261',false),
  ('GB200197',43,'258889',false),
  ('GB200197',59,'239949',false),
  ('GB200198',4,'271098',false),
  ('GB200198',64,'062688',false),
  ('GB200199',56,'465717',false),
  ('GB200200',39,'018227',false),
  ('GB200200',45,'203532',false),
  ('GB200202',11,'229970',false),
  ('GB200202',82,'470607',false),
  ('GB200203',31,'486464',false),
  ('GB200203',34,'018227',false),
  ('GB200203',58,'157368',false),
  ('GB200204',33,'045492',false),
  ('GB200206',20,'229970',false),
  ('GB200206',48,'305274',false),
  ('GB200206',60,'530780',false),
  ('GB200206',83,'319900',false),
  ('GB200207',8,'426192',false),
  ('GB200207',20,'426192',false),
  ('GB200207',89,'018227',false),
  ('GB200208',13,'530780',false),
  ('GB200208',19,'684210',false),
  ('GB200208',38,'258889',false),
  ('GB200208',62,'229970',false),
  ('GB200208',69,'229970',false),
  ('GB200210',4,'278166',false),
  ('GB200211',6,'435062',false),
  ('GB200211',33,'033507',false),
  ('GB200213',20,'169801',false),
  ('GB200213',61,'271098',false),
  ('GB200213',68,'470607',false),
  ('GB200213',82,'035413',false),
  ('GB200214',89,'174099',false),
  ('GB200215',72,'218087',false),
  ('GB200215',78,'186924',false),
  ('GB200215',82,'289587',false),
  ('GB200216',39,'344987',false),
  ('GB200216',50,'289587',false),
  ('GB200217',33,'218140',false),
  ('GB200217',75,'644401',false),
  ('GB200218',74,'224088',false),
  ('GB200218',79,'156886',false),
  ('GB200219',77,'530782',false),
  ('GB200219',91,'533980',false),
  ('GB200219',100,'488656',false),
  ('GB200220',49,'533980',false),
  ('GB200220',51,'488656',false),
  ('GB200220',83,'105324',false),
  ('GB200220',96,'105324',false),
  ('GB200221',94,'251912',false),
  ('GB200222',35,'158631',false),
  ('GB200222',50,'334964',false),
  ('GB200224',22,'292139',false),
  ('GB200224',34,'079725',true),
  ('GB200224',40,'420811',false),
  ('GB200224',43,'292139',false),
  ('GB200224',84,'046154',false),
  ('GB200225',50,'380473',false),
  ('GB200225',56,'533980',false),
  ('GB200225',91,'488656',false),
  ('GB200226',74,'124172',false),
  ('GB200226',84,'158631',false),
  ('GB200227',74,'051152',false);
