/* File created by scraping https://www.transfermarkt.com using Antonio Cardin's program */

insert into Squadre values
  ('Ipswich Town','2DA Ipswich','Lambert'),
  ('Hull City','6HU Hull','McCann'),
  ('Milton Keynes Dons','1ST Milton Keynes','Martin'),
  ('Charlton Athletic','8BL','Bowyer'),
  ('Blackpool FC','6JJ','Critchley'),
  ('Peterborough United','8AL Peterborough','Ferguson'),
  ('Sunderland AFC','1SU Sunderland','Johnson'),
  ('Shrewsbury Town','6ST Shrewsbury','Cotterill'),
  ('Doncaster Rovers','5JW Doncaster','Moore'),
  ('Wigan Athletic','0UZ Wigan','Richardson'),
  ('Fleetwood Town','6TX Fleetwood','Wiles'),
  ('Portsmouth FC','8RA','Jackett'),
  ('Lincoln City','8LD Lincoln','Appleton'),
  ('Swindon Town','2ED Swindon','Wright'),
  ('Oxford United','4XP Oxford','Robinson'),
  ('Burton Albion','0AR Burton on Trent','Buxton'),
  ('Gillingham FC','4DD Gillingham','Evans'),
  ('Crewe Alexandra','6EB Crewe','Artell'),
  ('Plymouth Argyle','3DQ Plymouth','Lowe'),
  ('Northampton Town','5QA Sixfields Stadium, Northampton','Curle'),
  ('Bristol Rovers','0AQ Bristol','Widdrington'),
  ('Rochdale AFC','5DS','Barry-Murphy'),
  ('AFC Wimbledon','3PB London','Hodges'),
  ('Accrington Stanley','5BX','Coleman');

insert into Giocatori values
  ('123672','Ipswich Town',1,'Tomas','Holy','10-dec-1991','Portiere'),
  ('089648','Ipswich Town',28,'David','Cornell','28-mar-1991','Portiere'),
  ('659489','Ipswich Town',13,'Harry','Wright','3-nov-1998','Portiere'),
  ('049380','Ipswich Town',4,'Luke','Chambers','28-sep-1985','Difensore'),
  ('121265','Ipswich Town',22,'Toto','Nsiala','25-mar-1992','Difensore'),
  ('048098','Ipswich Town',5,'James','Wilson','26-feb-1989','Difensore'),
  ('527425','Ipswich Town',6,'Luke','Woolfenden','21-oct-1998','Difensore'),
  ('433329','Ipswich Town',19,'Corrie','Ndaba','25-dec-1999','Difensore'),
  ('561454','Ipswich Town',2,'Mark','McGuinness','5-jan-2001','Difensore'),
  ('758030','Ipswich Town',46,'Elkan','Baggott','23-oct-2002','Difensore'),
  ('837248','Ipswich Town',57,'Levi','Andoh','12-mar-2000','Difensore'),
  ('837249','Ipswich Town',58,'Albie','Armin','12-apr-2004','Difensore'),
  ('034691','Ipswich Town',3,'Stephen','Ward','20-aug-1985','Difensore'),
  ('387391','Ipswich Town',30,'Myles','Kenlock','26-nov-1996','Difensore'),
  ('664555','Ipswich Town',50,'Tom','Smith','18-nov-2001','Difensore'),
  ('614084','Ipswich Town',41,'Luke','Matheson','3-oct-2002','Difensore'),
  ('197791','Ipswich Town',12,'Janoi','Donacien','3-nov-1993','Difensore'),
  ('350232','Ipswich Town',24,'Kane','Vincent-Young','15-mar-1996','Difensore'),
  ('433319','Ipswich Town',49,'Dylan','Crowe','13-apr-2001','Difensore'),
  ('724783','Ipswich Town',54,'Tawanda','Chirewa','11-oct-2003','Centrocampista'),
  ('837263','Ipswich Town',59,'Jack','Manly','19-oct-2004','Centrocampista'),
  ('048094','Ipswich Town',8,'Cole','Skuse','29-mar-1986','Centrocampista'),
  ('121474','Ipswich Town',44,'Emyr','Huws','30-sep-1993','Centrocampista'),
  ('718253','Ipswich Town',42,'Brett','McGavin','21-dec-1999','Centrocampista'),
  ('506189','Ipswich Town',21,'Flynn','Downes','20-jan-1999','Centrocampista'),
  ('346467','Ipswich Town',23,'Andre','Dozzell','2-may-1999','Centrocampista'),
  ('276266','Ipswich Town',15,'Teddy','Bishop','15-jul-1996','Centrocampista'),
  ('121264','Ipswich Town',11,'Jon','Nolan','22-apr-1992','Centrocampista'),
  ('483545','Ipswich Town',16,'Tristan','Nydam','6-nov-1999','Centrocampista'),
  ('633399','Ipswich Town',26,'Idris','El Mizouni','26-sep-2000','Centrocampista'),
  ('724785','Ipswich Town',48,'Liam','Gibbs','16-dec-2002','Centrocampista'),
  ('586628','Ipswich Town',51,'Matthew','Healy','12-apr-2002','Centrocampista'),
  ('321096','Ipswich Town',17,'Keanan','Bennetts','9-mar-1999','Centrocampista'),
  ('042249','Ipswich Town',18,'Alan','Judge','11-nov-1988','Centrocampista'),
  ('289844','Ipswich Town',33,'Josh','Harrop','15-dec-1995','Centrocampista'),
  ('532107','Ipswich Town',45,'Ben','Folami','8-jun-1999','Attaccante'),
  ('664581','Ipswich Town',36,'Armando','Dobra','14-apr-2001','Attaccante'),
  ('821518','Ipswich Town',52,'Ross','Crane',null,'Attaccante'),
  ('821517','Ipswich Town',55,'Zanda','Siziba','19-jul-2003','Attaccante'),
  ('723668','Ipswich Town',56,'Allan','Viral','3-dec-2001','Attaccante'),
  ('192766','Ipswich Town',7,'Gwion','Edwards','1-mar-1993','Attaccante'),
  ('399473','Ipswich Town',27,'Luke','Thomas','19-feb-1999','Attaccante'),
  ('602544','Ipswich Town',14,'Jack','Lankester','19-jan-2000','Attaccante'),
  ('070714','Ipswich Town',20,'Freddie','Sears','27-nov-1989','Attaccante'),
  ('552655','Ipswich Town',40,'Troy','Parrott','4-feb-2002','Attaccante'),
  ('378872','Ipswich Town',9,'Kayden','Jackson','22-feb-1994','Attaccante'),
  ('466106','Ipswich Town',25,'Aaron','Drinan','6-may-1998','Attaccante'),
  ('346181','Ipswich Town',32,'Oliver','Hawkins','8-apr-1992','Attaccante'),
  ('123198','Ipswich Town',10,'James','Norwood','5-sep-1990','Attaccante'),
  ('664558','Ipswich Town',47,'Tyreece','Simpson','7-feb-2002','Attaccante'),
  ('664580','Ipswich Town',53,'Zak','Brown','6-jun-2002','Attaccante'),
  ('164499','Hull City',13,'Matt','Ingram','18-dec-1993','Portiere'),
  ('151334','Hull City',1,'George','Long','5-nov-1993','Portiere'),
  ('712592','Hull City',32,'Harvey','Cartwright','9-may-2002','Portiere'),
  ('551004','Hull City',null,'David','Robson','22-jan-2002','Portiere'),
  ('264220','Hull City',5,'Reece','Burke','2-sep-1996','Difensore'),
  ('215096','Hull City',null,'Jordy','de Wijs','8-jan-1995','Difensore'),
  ('693095','Hull City',24,'Jacob','Greaves','12-sep-2000','Difensore'),
  ('340990','Hull City',15,'Alfie','Jones','7-oct-1997','Difensore'),
  ('524210','Hull City',17,'Sean','McLoughlin','13-nov-1996','Difensore'),
  ('694830','Hull City',25,'Festus','Arthur','27-feb-2000','Difensore'),
  ('743741','Hull City',null,'Andy','Smith','11-sep-2001','Difensore'),
  ('271997','Hull City',3,'Callum','Elder','27-jan-1995','Difensore'),
  ('183291','Hull City',26,'Max','Clark','19-jan-1996','Difensore'),
  ('532078','Hull City',21,'Brandon','Fleming','3-dec-1999','Difensore'),
  ('729940','Hull City',null,'Matty','Jacob','3-jun-2001','Difensore'),
  ('746620','Hull City',null,'Jake','Leake','20-feb-2003','Difensore'),
  ('413402','Hull City',2,'Lewie','Coyle','15-oct-1995','Difensore'),
  ('386263','Hull City',12,'Josh','Emmanuel','18-aug-1997','Difensore'),
  ('473080','Hull City',null,'Regan','Slater','11-sep-1999','Centrocampista'),
  ('504557','Hull City',null,'Jordan','Hickey','4-oct-1999','Centrocampista'),
  ('810453','Hull City',null,'Ryan','Hanson','6-dec-2000','Centrocampista'),
  ('509268','Hull City',null,'Daniel','Batty','10-dec-1997','Centrocampista'),
  ('227618','Hull City',33,'Greg','Docherty','10-sep-1996','Centrocampista'),
  ('158713','Hull City',6,'Richard','Smallwood','29-dec-1990','Centrocampista'),
  ('334703','Hull City',16,'Jordan','Flores','4-oct-1995','Centrocampista'),
  ('603937','Hull City',null,'Callum','Jones','5-apr-2001','Centrocampista'),
  ('606810','Hull City',null,'Max','Sheaf','10-mar-2000','Centrocampista'),
  ('746622','Hull City',null,'Harry','Wood','2-aug-2002','Centrocampista'),
  ('223225','Hull City',null,'Dan','Crowley','3-aug-1997','Centrocampista'),
  ('218140','Hull City',10,'George','Honeyman','8-sep-1994','Centrocampista'),
  ('234807','Hull City',null,'Martin','Samuelsen','17-apr-1997','Attaccante'),
  ('644401','Hull City',19,'Keane','Lewis-Potter','22-feb-2001','Attaccante'),
  ('837247','Hull City',null,'Ahmed','Salam','30-dec-2000','Attaccante'),
  ('477704','Hull City',7,'Mallik','Wilks','15-dec-1998','Attaccante'),
  ('325588','Hull City',null,'Gavin','Whyte','31-jan-1996','Attaccante'),
  ('255129','Hull City',null,'Hakeeb','Adelakun','11-jun-1996','Attaccante'),
  ('159584','Hull City',22,'Thomas','Mayer','23-aug-1995','Attaccante'),
  ('443726','Hull City',11,'James','Scott','30-aug-2000','Attaccante'),
  ('063223','Hull City',27,'Josh','Magennis','15-aug-1990','Attaccante'),
  ('135136','Hull City',9,'Tom','Eaves','14-jan-1992','Attaccante'),
  ('550446','Hull City',null,'James','Berry-McNally','10-dec-2000','Attaccante'),
  ('810454','Hull City',null,'Billy','Chadwick','19-jan-2000','Attaccante'),
  ('125689','Milton Keynes Dons',22,'Laurie','Walker','14-oct-1989','Portiere'),
  ('126258','Milton Keynes Dons',1,'Lee','Nicholls','5-oct-1992','Portiere'),
  ('359199','Milton Keynes Dons',13,'Andy','Fisher','12-feb-1998','Portiere'),
  ('809172','Milton Keynes Dons',null,'Malaki','Black',null,'Difensore'),
  ('837229','Milton Keynes Dons',null,'Charlie','Smith',null,'Difensore'),
  ('047983','Milton Keynes Dons',null,'Richard','Keogh','11-aug-1986','Difensore'),
  ('293450','Milton Keynes Dons',null,'Baily','Cargill','5-jul-1995','Difensore'),
  ('309041','Milton Keynes Dons',4,'Zak','Jules','7-feb-1997','Difensore'),
  ('809173','Milton Keynes Dons',null,'Jack','Davies','3-dec-2002','Difensore'),
  ('475554','Milton Keynes Dons',6,'Harry','Darling','8-aug-1999','Difensore'),
  ('449020','Milton Keynes Dons',15,'Warren','O''Hora','19-apr-1999','Difensore'),
  ('293729','Milton Keynes Dons',21,'Daniel','Harvie','14-jul-1998','Difensore'),
  ('014043','Milton Keynes Dons',3,'Dean','Lewington','18-may-1984','Difensore'),
  ('690478','Milton Keynes Dons',29,'Matthew','Sorinola','19-feb-2001','Difensore'),
  ('531679','Milton Keynes Dons',null,'Ethan','Laird','5-aug-2001','Difensore'),
  ('416368','Milton Keynes Dons',null,'Callum','Brittain','12-mar-1998','Difensore'),
  ('340194','Milton Keynes Dons',null,'Regan','Poole','18-jun-1998','Difensore'),
  ('346244','Milton Keynes Dons',null,'George','Williams','14-apr-1993','Difensore'),
  ('809174','Milton Keynes Dons',null,'Tali','Jallow','21-jan-2003','Centrocampista'),
  ('809176','Milton Keynes Dons',null,'Joshua','Bailey',null,'Centrocampista'),
  ('207771','Milton Keynes Dons',null,'Louis','Thompson','19-dec-1994','Centrocampista'),
  ('186927','Milton Keynes Dons',24,'Jordan','Houghton','5-nov-1995','Centrocampista'),
  ('029975','Milton Keynes Dons',16,'Andrew','Surman','20-aug-1986','Centrocampista'),
  ('128905','Milton Keynes Dons',5,'Josh','McEachran','1-mar-1993','Centrocampista'),
  ('406634','Milton Keynes Dons',17,'Matt','O''Riley','21-nov-2000','Centrocampista'),
  ('244125','Milton Keynes Dons',null,'Hiram','Boateng','8-jan-1996','Centrocampista'),
  ('210986','Milton Keynes Dons',7,'Ben','Gladwin','8-jun-1992','Centrocampista'),
  ('727594','Milton Keynes Dons',null,'John','Freeman','4-nov-2001','Centrocampista'),
  ('357967','Milton Keynes Dons',null,'Lasse','Sörensen','21-oct-1999','Centrocampista'),
  ('809175','Milton Keynes Dons',null,'Tom','Rowley','31-aug-2003','Centrocampista'),
  ('433837','Milton Keynes Dons',8,'David','Kasumu','5-oct-1999','Centrocampista'),
  ('193079','Milton Keynes Dons',10,'Scott','Fraser','30-mar-1995','Centrocampista'),
  ('874376','Milton Keynes Dons',null,'Brooklyn','Ilunga',null,'Attaccante'),
  ('836265','Milton Keynes Dons',null,'Lewis','Johnson','9-jan-2004','Attaccante'),
  ('486001','Milton Keynes Dons',null,'Stephen','Walker','11-oct-2000','Attaccante'),
  ('106676','Milton Keynes Dons',null,'Will','Grigg','3-jul-1991','Attaccante'),
  ('246963','Milton Keynes Dons',null,'Carlton','Morris','16-dec-1995','Attaccante'),
  ('120706','Milton Keynes Dons',null,'Joe','Mason','13-may-1991','Attaccante'),
  ('057066','Milton Keynes Dons',14,'Kieran','Agard','10-oct-1989','Attaccante'),
  ('035855','Milton Keynes Dons',35,'Cameron','Jerome','14-aug-1986','Attaccante'),
  ('445548','Milton Keynes Dons',11,'Charlie','Brown','23-sep-1999','Attaccante'),
  ('452380','Milton Keynes Dons',null,'Sam','Nombe','22-oct-1998','Attaccante'),
  ('543075','Milton Keynes Dons',27,'Jay','Bird','13-sep-2000','Attaccante'),
  ('073472','Charlton Athletic',13,'Ben','Amos','10-apr-1990','Portiere'),
  ('497143','Charlton Athletic',30,'Ashley','Maynard-Brewer','25-jun-1999','Portiere'),
  ('633528','Charlton Athletic',null,'Joseph','Osaghae','20-feb-2001','Portiere'),
  ('645636','Charlton Athletic',null,'Nathan','Harness','19-jan-2000','Portiere'),
  ('734940','Charlton Athletic',null,'Johl','Powell','23-may-2000','Difensore'),
  ('819713','Charlton Athletic',null,'Lucas','Ness',null,'Difensore'),
  ('045823','Charlton Athletic',6,'Jason','Pearce','6-dec-1987','Difensore'),
  ('195679','Charlton Athletic',4,'Adedeji','Oshilaja','16-jul-1993','Difensore'),
  ('183284','Charlton Athletic',24,'Ryan','Inniss','5-jun-1995','Difensore'),
  ('425713','Charlton Athletic',null,'Akin','Famewo','9-nov-1998','Difensore'),
  ('664556','Charlton Athletic',null,'Luca','Vega','30-dec-2000','Difensore'),
  ('747258','Charlton Athletic',48,'Charlie','Barker','12-feb-2003','Difensore'),
  ('270988','Charlton Athletic',3,'Ben','Purrington','20-may-1996','Difensore'),
  ('485585','Charlton Athletic',null,'Ian','Maatsen','10-mar-2002','Difensore'),
  ('747259','Charlton Athletic',null,'Kasim','Aidoo','3-nov-2001','Difensore'),
  ('043853','Charlton Athletic',2,'Chris','Gunter','21-jul-1989','Difensore'),
  ('108878','Charlton Athletic',16,'Adam','Matthews','13-jan-1992','Difensore'),
  ('655988','Charlton Athletic',null,'Aaron','Henry','31-aug-2003','Centrocampista'),
  ('747266','Charlton Athletic',null,'Dylan','Gavin','16-jan-2003','Centrocampista'),
  ('503796','Charlton Athletic',null,'Jay','Mingi','22-oct-2000','Centrocampista'),
  ('496652','Charlton Athletic',null,'Dylan','Levitt','17-nov-2000','Centrocampista'),
  ('148151','Charlton Athletic',8,'Jake','Forster-Caskey','25-apr-1994','Centrocampista'),
  ('238440','Charlton Athletic',11,'Alex','Gilbey','9-dec-1994','Centrocampista'),
  ('028957','Charlton Athletic',15,'Darren','Pratley','22-apr-1985','Centrocampista'),
  ('606026','Charlton Athletic',19,'Albie','Morgan','2-feb-2000','Centrocampista'),
  ('014081','Charlton Athletic',26,'Ben','Watson','9-jul-1985','Centrocampista'),
  ('476149','Charlton Athletic',null,'George','Lapslie','5-sep-1997','Centrocampista'),
  ('528894','Charlton Athletic',null,'Matt','Smith','5-oct-2000','Centrocampista'),
  ('608165','Charlton Athletic',null,'Ben','Dempsey','25-nov-1999','Centrocampista'),
  ('608180','Charlton Athletic',null,'Brendan','Wiredu','7-nov-1999','Centrocampista'),
  ('725286','Charlton Athletic',null,'James','Vennings','24-may-2000','Centrocampista'),
  ('608175','Charlton Athletic',null,'Alfie','Doughty','21-dec-1999','Centrocampista'),
  ('170322','Charlton Athletic',null,'Jonathan','Williams','9-oct-1993','Centrocampista'),
  ('326843','Charlton Athletic',null,'Erhun','Öztümer','29-may-1991','Centrocampista'),
  ('051733','Charlton Athletic',12,'Andrew','Shinnie','17-jul-1989','Centrocampista'),
  ('221561','Charlton Athletic',null,'Marcus','Maddison','26-sep-1993','Centrocampista'),
  ('487417','Charlton Athletic',null,'Liam','Millar','27-sep-1999','Attaccante'),
  ('408872','Charlton Athletic',null,'Paul','Smyth','10-sep-1997','Attaccante'),
  ('415816','Charlton Athletic',7,'Diallang','Jaiyesimi','7-may-1998','Attaccante'),
  ('122694','Charlton Athletic',10,'Chuks','Aneke','3-jul-1993','Attaccante'),
  ('296577','Charlton Athletic',null,'Macauley','Bonne','26-oct-1995','Attaccante'),
  ('134293','Charlton Athletic',null,'Jayden','Stockley','15-sep-1993','Attaccante'),
  ('134657','Charlton Athletic',null,'Omar','Bogle','26-jul-1993','Attaccante'),
  ('249815','Charlton Athletic',14,'Conor','Washington','18-may-1992','Attaccante'),
  ('046007','Charlton Athletic',29,'Ronnie','Schwartz','29-aug-1989','Attaccante'),
  ('718547','Charlton Athletic',null,'Josh','Davison','16-sep-1999','Attaccante'),
  ('592408','Charlton Athletic',null,'Wassim','Aouachria','12-may-2000','Attaccante'),
  ('696229','Charlton Athletic',null,'Junior','Quitirna','25-apr-2000','Attaccante'),
  ('819712','Charlton Athletic',null,'Hady','Ghandour','27-jan-2000','Attaccante'),
  ('104686','Blackpool FC',1,'Chris','Maxwell','30-jul-1990','Portiere'),
  ('129558','Blackpool FC',null,'Sam','Walker','2-oct-1991','Portiere'),
  ('243623','Blackpool FC',28,'Stuart','Moore','8-sep-1994','Portiere'),
  ('606969','Blackpool FC',13,'Jack','Sims','10-mar-1999','Portiere'),
  ('434072','Blackpool FC',33,'Alex','Fojticek','3-mar-2000','Portiere'),
  ('411255','Blackpool FC',4,'Jordan','Thorniley','24-nov-1996','Difensore'),
  ('570768','Blackpool FC',21,'Marvin','Ekpiteta','26-aug-1995','Difensore'),
  ('200747','Blackpool FC',23,'Daníel Leó','Grétarsson','2-oct-1995','Difensore'),
  ('503686','Blackpool FC',null,'Daniel','Ballard','22-sep-1999','Difensore'),
  ('511622','Blackpool FC',null,'Michael','Nottingham','14-apr-1989','Difensore'),
  ('167393','Blackpool FC',3,'James','Husband','3-jan-1994','Difensore'),
  ('110860','Blackpool FC',29,'Luke','Garbutt','21-may-1993','Difensore'),
  ('258886','Blackpool FC',15,'Demetri','Mitchell','11-jan-1997','Difensore'),
  ('148660','Blackpool FC',20,'Ollie','Turton','6-dec-1992','Difensore'),
  ('425900','Blackpool FC',null,'Jordan','Lawrence-Gabriel','25-sep-1998','Difensore'),
  ('424902','Blackpool FC',null,'Teddy','Howe','9-oct-1998','Difensore'),
  ('200782','Blackpool FC',39,'Kevin','Stewart','7-sep-1993','Centrocampista'),
  ('334804','Blackpool FC',12,'Kenny','Dougall','7-may-1993','Centrocampista'),
  ('279454','Blackpool FC',null,'MJ','Williams','6-nov-1995','Centrocampista'),
  ('258199','Blackpool FC',6,'Ethan','Robson','25-oct-1996','Centrocampista'),
  ('279458','Blackpool FC',17,'Matty','Virtue','2-may-1997','Centrocampista'),
  ('741948','Blackpool FC',null,'Ben','Garrity','21-feb-1997','Centrocampista'),
  ('565824','Blackpool FC',25,'Cameron','Antwi','7-oct-2001','Centrocampista'),
  ('364828','Blackpool FC',null,'Elliot','Embleton','2-apr-1999','Centrocampista'),
  ('843453','Blackpool FC',null,'Luke','Mariette','8-oct-2003','Centrocampista'),
  ('283655','Blackpool FC',18,'Grant','Ward','5-dec-1994','Centrocampista'),
  ('070273','Blackpool FC',null,'Liam','Feeney','21-jan-1987','Centrocampista'),
  ('574596','Blackpool FC',null,'Nathan','Shaw','22-nov-2000','Centrocampista'),
  ('344015','Blackpool FC',null,'Ben','Woodburn','15-oct-1999','Attaccante'),
  ('244130','Blackpool FC',10,'Sullay','Kaikai','26-aug-1995','Attaccante'),
  ('391788','Blackpool FC',22,'CJ','Hamilton','23-mar-1995','Attaccante'),
  ('577895','Blackpool FC',30,'Bez','Lubala','8-jan-1998','Attaccante'),
  ('353674','Blackpool FC',8,'Keshi','Anderson','6-apr-1995','Attaccante'),
  ('396857','Blackpool FC',null,'Dan','Kemp','11-jan-1999','Attaccante'),
  ('837050','Blackpool FC',null,'Robert','Apter','16-jan-2003','Attaccante'),
  ('066994','Blackpool FC',14,'Gary','Madine','24-aug-1990','Attaccante'),
  ('351261','Blackpool FC',9,'Jerry','Yates','10-nov-1996','Attaccante'),
  ('277069','Blackpool FC',null,'Joe','Nuttall','27-jan-1997','Attaccante'),
  ('173484','Blackpool FC',null,'Adi','Yussuf','10-sep-1992','Attaccante'),
  ('293258','Blackpool FC',null,'Oliver','Sarkic','23-jul-1997','Attaccante'),
  ('511550','Blackpool FC',null,'Ellis','Simms','5-jan-2001','Attaccante'),
  ('574890','Blackpool FC',null,'Ewan','Bange','15-dec-2001','Attaccante'),
  ('703326','Blackpool FC',null,'Bradley','Holmes','16-dec-2002','Attaccante'),
  ('491737','Peterborough United',null,'Josef','Bursik','12-jul-2000','Portiere'),
  ('260368','Peterborough United',1,'Christy','Pym','24-apr-1995','Portiere'),
  ('268184','Peterborough United',13,'Dániel','Gyollai','7-apr-1997','Portiere'),
  ('677849','Peterborough United',32,'Will','Blackmore','1-oct-2001','Portiere'),
  ('048004','Peterborough United',null,'Mark','Tyler','2-apr-1977','Portiere'),
  ('046744','Peterborough United',5,'Mark','Beevers','21-nov-1989','Difensore'),
  ('307094','Peterborough United',6,'Frankie','Kent','21-nov-1995','Difensore'),
  ('543485','Peterborough United',null,'Sam','Cartwright','8-jul-2000','Difensore'),
  ('732165','Peterborough United',2,'Ronnie','Edwards','28-mar-2003','Difensore'),
  ('675993','Peterborough United',18,'Frazer','Blake-Tracy','10-sep-1995','Difensore'),
  ('567662','Peterborough United',null,'Bobby','Copping','27-sep-2001','Difensore'),
  ('678238','Peterborough United',null,'Charlie','O''Connell','19-dec-2002','Difensore'),
  ('227944','Peterborough United',3,'Dan','Butler','26-aug-1994','Difensore'),
  ('678130','Peterborough United',null,'Aaron','Powell','14-nov-2002','Difensore'),
  ('079725','Peterborough United',4,'Nathan','Thompson','9-nov-1990','Difensore'),
  ('177020','Peterborough United',null,'Jason','Naismith','25-jun-1994','Difensore'),
  ('319817','Peterborough United',24,'Niall','Mason','10-jan-1997','Difensore'),
  ('727036','Peterborough United',null,'Benjamin','Mensah','30-dec-2002','Difensore'),
  ('677892','Peterborough United',null,'Luke','Harris','25-apr-2003','Centrocampista'),
  ('677847','Peterborough United',27,'Kyle','Barker','16-dec-2000','Centrocampista'),
  ('458178','Peterborough United',8,'Jack','Taylor','23-jun-1998','Centrocampista'),
  ('396286','Peterborough United',22,'Ethan','Hamilton','18-oct-1998','Centrocampista'),
  ('236493','Peterborough United',null,'Reece','Brown','3-mar-1996','Centrocampista'),
  ('316312','Peterborough United',14,'Louis','Reed','25-jul-1997','Centrocampista'),
  ('677936','Peterborough United',34,'Archie','Jones','13-jun-2001','Centrocampista'),
  ('370559','Peterborough United',23,'Joe','Ward','22-aug-1995','Centrocampista'),
  ('380029','Peterborough United',null,'Ryan','Broom','4-sep-1996','Centrocampista'),
  ('533980','Peterborough United',16,'Harrison','Burrows','12-jan-2002','Centrocampista'),
  ('292139','Peterborough United',15,'Sammie','Szmodics','24-sep-1995','Centrocampista'),
  ('677939','Peterborough United',26,'Flynn','Clarke','19-dec-2002','Centrocampista'),
  ('526862','Peterborough United',null,'Serhat','Tasdemir','21-jul-2000','Centrocampista'),
  ('837273','Peterborough United',null,'Nicky','Gyimah',null,'Attaccante'),
  ('045623','Peterborough United',null,'George','Boyd','2-oct-1985','Attaccante'),
  ('488656','Peterborough United',10,'Siriki','Dembélé','7-sep-1996','Attaccante'),
  ('879766','Peterborough United',null,'Adler','Nascimento',null,'Attaccante'),
  ('158631','Peterborough United',9,'Jonson','Clarke-Harris','21-jul-1994','Attaccante'),
  ('255619','Peterborough United',7,'Mo','Eisa','12-jul-1994','Attaccante'),
  ('677935','Peterborough United',17,'Ricky-Jade','Jones','8-nov-2002','Attaccante'),
  ('405982','Peterborough United',19,'Idris','Kanu','5-dec-1999','Attaccante'),
  ('677895','Peterborough United',null,'Bradley','Rolt','11-apr-2003','Attaccante'),
  ('196722','Sunderland AFC',20,'Remi','Matthews','10-feb-1994','Portiere'),
  ('181007','Sunderland AFC',1,'Lee','Burge','9-jan-1993','Portiere'),
  ('475946','Sunderland AFC',null,'Anthony','Patterson','10-may-2000','Portiere'),
  ('581676','Sunderland AFC',null,'Adam','Richardson','7-sep-2003','Portiere'),
  ('354155','Sunderland AFC',19,'Arbenit','Xhemajli','23-apr-1998','Difensore'),
  ('147419','Sunderland AFC',5,'Bailey','Wright','28-jul-1992','Difensore'),
  ('125786','Sunderland AFC',3,'Tom','Flanagan','21-oct-1991','Difensore'),
  ('495993','Sunderland AFC',null,'Dion','Sanderson','15-dec-1999','Difensore'),
  ('207056','Sunderland AFC',4,'Jordan','Willis','24-aug-1994','Difensore'),
  ('399373','Sunderland AFC',null,'Morgan','Feeney','8-feb-1999','Difensore'),
  ('459833','Sunderland AFC',null,'Brandon','Taylor','10-may-1999','Difensore'),
  ('614787','Sunderland AFC',null,'Patrick','Almond','13-dec-2002','Difensore'),
  ('744608','Sunderland AFC',null,'Ollie','Younger','14-nov-1999','Difensore'),
  ('421424','Sunderland AFC',null,'Jake','Vokins','17-mar-2000','Difensore'),
  ('184251','Sunderland AFC',null,'Cieran','Dunne','8-feb-2000','Difensore'),
  ('134422','Sunderland AFC',25,'Callum','McFadzean','16-jan-1994','Difensore'),
  ('423617','Sunderland AFC',33,'Denver','Hume','11-aug-1998','Difensore'),
  ('128419','Sunderland AFC',2,'Conor','McLaughlin','26-jul-1991','Difensore'),
  ('282939','Sunderland AFC',13,'Luke','O''Nien','21-nov-1994','Centrocampista'),
  ('292734','Sunderland AFC',null,'George','Dobson','15-nov-1997','Centrocampista'),
  ('399661','Sunderland AFC',null,'Sam','Wilding','31-jan-2000','Centrocampista'),
  ('013796','Sunderland AFC',23,'Grant','Leadbitter','7-jan-1986','Centrocampista'),
  ('182842','Sunderland AFC',14,'Josh','Scowen','28-mar-1993','Centrocampista'),
  ('158534','Sunderland AFC',6,'Max','Power','27-jul-1993','Centrocampista'),
  ('169625','Sunderland AFC',26,'Carl','Winchester','12-apr-1993','Centrocampista'),
  ('570336','Sunderland AFC',null,'Dan','Neil','30-nov-2001','Centrocampista'),
  ('488416','Sunderland AFC',null,'Josh','Hawkes','28-jan-1999','Centrocampista'),
  ('804380','Sunderland AFC',null,'Vinnie','Steels','9-aug-2001','Centrocampista'),
  ('532175','Sunderland AFC',null,'Stephen','Wearne','16-dec-2000','Centrocampista'),
  ('021333','Sunderland AFC',28,'Aiden','McGeady','4-apr-1986','Attaccante'),
  ('249256','Sunderland AFC',null,'Jordan','Jones','24-oct-1994','Attaccante'),
  ('148908','Sunderland AFC',10,'Aiden','O''Brien','4-oct-1993','Attaccante'),
  ('484385','Sunderland AFC',21,'Jack','Diamond','12-jan-2000','Attaccante'),
  ('307781','Sunderland AFC',11,'Lynden','Gooch','24-dec-1995','Attaccante'),
  ('036633','Sunderland AFC',7,'Chris','Maguire','16-jan-1989','Attaccante'),
  ('447995','Sunderland AFC',31,'Ross','Stewart','11-jul-1996','Attaccante'),
  ('163535','Sunderland AFC',9,'Charlie','Wyke','6-dec-1992','Attaccante'),
  ('399451','Sunderland AFC',null,'Mitchell','Curry','14-jul-1999','Attaccante'),
  ('433652','Sunderland AFC',null,'Benjamin','Mbunga Kimpioka','21-feb-2000','Attaccante'),
  ('029152','Sunderland AFC',null,'Danny','Graham','12-aug-1985','Attaccante'),
  ('205757','Shrewsbury Town',null,'Dejan','Iliev','25-feb-1995','Portiere'),
  ('293257','Shrewsbury Town',null,'Matija','Sarkic','23-jul-1997','Portiere'),
  ('876172','Shrewsbury Town',null,'Jaden','Bevan','20-dec-2002','Portiere'),
  ('285583','Shrewsbury Town',1,'Harry','Burgoyne','28-dec-1996','Portiere'),
  ('533840','Shrewsbury Town',21,'Cameron','Gregory','20-jan-2000','Portiere'),
  ('220755','Shrewsbury Town',null,'Matthew','Pennington','6-oct-1994','Difensore'),
  ('128292','Shrewsbury Town',2,'Aaron','Pierre','17-feb-1993','Difensore'),
  ('129067','Shrewsbury Town',24,'Ethan','Ebanks-Landell','16-dec-1992','Difensore'),
  ('314388','Shrewsbury Town',5,'Ro-Shaun','Williams','3-sep-1998','Difensore'),
  ('061819','Shrewsbury Town',null,'Charlie','Daniels','7-sep-1986','Difensore'),
  ('037457','Shrewsbury Town',3,'Scott','Golbourne','29-feb-1988','Difensore'),
  ('227315','Shrewsbury Town',null,'Luke','Leahy','19-nov-1992','Difensore'),
  ('433168','Shrewsbury Town',14,'Nathanael','Ogbeta','28-apr-2001','Difensore'),
  ('179451','Shrewsbury Town',17,'Donald','Love','2-dec-1994','Difensore'),
  ('402770','Shrewsbury Town',null,'Matthew','Millar','23-aug-1996','Difensore'),
  ('408562','Shrewsbury Town',null,'Marlon','Fossey','9-sep-1998','Difensore'),
  ('479202','Shrewsbury Town',12,'Ryan','Sears','30-dec-1998','Difensore'),
  ('261166','Shrewsbury Town',16,'Brad','Walker','25-apr-1995','Centrocampista'),
  ('173804','Shrewsbury Town',10,'Josh','Vela','14-dec-1993','Centrocampista'),
  ('487924','Shrewsbury Town',null,'Jan','Zamburek','13-feb-2001','Centrocampista'),
  ('054949','Shrewsbury Town',4,'David','Edwards','3-feb-1986','Centrocampista'),
  ('129054','Shrewsbury Town',28,'David','Davis','20-feb-1991','Centrocampista'),
  ('728982','Shrewsbury Town',null,'Scott','High','15-feb-2001','Centrocampista'),
  ('289843','Shrewsbury Town',6,'Sean','Goss','1-oct-1995','Centrocampista'),
  ('177914','Shrewsbury Town',8,'Oliver','Norburn','26-oct-1992','Centrocampista'),
  ('633416','Shrewsbury Town',26,'James','Rowland','3-dec-2001','Centrocampista'),
  ('479203','Shrewsbury Town',null,'Ryan','Barnett','23-sep-1999','Centrocampista'),
  ('744754','Shrewsbury Town',null,'Charlie','Caton','25-nov-2002','Centrocampista'),
  ('816514','Shrewsbury Town',null,'Nigel','Aris','29-jan-2003','Centrocampista'),
  ('816001','Shrewsbury Town',null,'Louis','Lloyd','15-oct-2003','Attaccante'),
  ('036939','Shrewsbury Town',null,'Marc','Pugh','2-apr-1987','Attaccante'),
  ('348488','Shrewsbury Town',null,'Harry','Chapman','5-nov-1997','Attaccante'),
  ('049637','Shrewsbury Town',7,'Shaun','Whalley','7-aug-1987','Attaccante'),
  ('417256','Shrewsbury Town',null,'Shilow','Tracey','29-apr-1998','Attaccante'),
  ('263806','Shrewsbury Town',22,'Joshua','Daniels','22-feb-1996','Attaccante'),
  ('209583','Shrewsbury Town',null,'Jason','Cummings','1-aug-1995','Attaccante'),
  ('077715','Shrewsbury Town',20,'Curtis','Main','20-jun-1992','Attaccante'),
  ('036859','Shrewsbury Town',11,'Leon','Clarke','10-feb-1985','Attaccante'),
  ('428446','Shrewsbury Town',23,'Daniel','Udoh','30-aug-1996','Attaccante'),
  ('816515','Shrewsbury Town',null,'Tom','Bloxham','2-nov-2003','Attaccante'),
  ('476050','Shrewsbury Town',9,'Rekeil','Pyke','1-sep-1997','Attaccante'),
  ('336367','Doncaster Rovers',null,'Joe','Lumley','15-feb-1995','Portiere'),
  ('456292','Doncaster Rovers',null,'Ellery','Balcombe','15-oct-1999','Portiere'),
  ('183166','Doncaster Rovers',null,'Ian','Lawlor','27-oct-1994','Portiere'),
  ('811489','Doncaster Rovers',null,'Ben','Bottomley','22-oct-2002','Portiere'),
  ('428366','Doncaster Rovers',13,'Louis','Jones','12-oct-1998','Portiere'),
  ('128828','Doncaster Rovers',4,'Tom','Anderson','2-sep-1993','Difensore'),
  ('356396','Doncaster Rovers',5,'Joe','Wright','26-feb-1995','Difensore'),
  ('049532','Doncaster Rovers',21,'Andy','Butler','4-nov-1983','Difensore'),
  ('805915','Doncaster Rovers',30,'Ben','Blythe','13-jan-2002','Difensore'),
  ('245585','Doncaster Rovers',3,'Reece','James','7-nov-1993','Difensore'),
  ('455602','Doncaster Rovers',16,'Danny','Amos','22-dec-1999','Difensore'),
  ('425894','Doncaster Rovers',24,'Cameron','John','24-aug-1999','Difensore'),
  ('550218','Doncaster Rovers',28,'Branden','Horton','9-sep-2000','Difensore'),
  ('647454','Doncaster Rovers',null,'Charlie','Seaman','30-sep-1999','Difensore'),
  ('282240','Doncaster Rovers',2,'Brad','Halliday','10-jul-1995','Difensore'),
  ('365877','Doncaster Rovers',null,'Matt','Smith','22-nov-1999','Centrocampista'),
  ('347389','Doncaster Rovers',null,'Ben','Whiteman','17-jun-1996','Centrocampista'),
  ('058097','Doncaster Rovers',15,'John','Bostock','15-jan-1992','Centrocampista'),
  ('297661','Doncaster Rovers',6,'Madger','Gomes','1-feb-1997','Centrocampista'),
  ('662539','Doncaster Rovers',null,'Lirak','Hasani','25-jun-2002','Centrocampista'),
  ('536533','Doncaster Rovers',null,'Scott','Robertson','27-jul-2001','Centrocampista'),
  ('811491','Doncaster Rovers',null,'Liam','Ravenhill','28-nov-2002','Centrocampista'),
  ('624944','Doncaster Rovers',27,'Anthony','Greaves','17-nov-2000','Centrocampista'),
  ('137589','Doncaster Rovers',11,'Jon','Taylor','20-jul-1992','Centrocampista'),
  ('048959','Doncaster Rovers',26,'James','Coppinger','18-jan-1981','Centrocampista'),
  ('269453','Doncaster Rovers',18,'Ed','Williams','20-jul-1995','Centrocampista'),
  ('646900','Doncaster Rovers',null,'Elliot','Simoes','20-dec-1999','Centrocampista'),
  ('484551','Doncaster Rovers',null,'Taylor','Richards','4-dec-2000','Centrocampista'),
  ('286919','Doncaster Rovers',null,'Josh','Sims','28-mar-1997','Attaccante'),
  ('325200','Doncaster Rovers',10,'Jason','Lokilo','17-sep-1998','Attaccante'),
  ('433184','Doncaster Rovers',null,'Rayhaan','Tulloch','20-jan-2001','Attaccante'),
  ('503768','Doncaster Rovers',null,'Tyreece','John-Jules','14-feb-2001','Attaccante'),
  ('312114','Doncaster Rovers',9,'Fejiri','Okenabirhie','25-feb-1996','Attaccante'),
  ('057057','Wigan Athletic',1,'Jamie','Jones','18-feb-1989','Portiere'),
  ('300908','Wigan Athletic',25,'Owen','Evans','28-nov-1996','Portiere'),
  ('533476','Wigan Athletic',null,'Bobby','Jones','20-nov-2001','Portiere'),
  ('647396','Wigan Athletic',null,'Sam','Tickle','31-mar-2002','Portiere'),
  ('128262','Wigan Athletic',null,'Scott','Wootton','12-sep-1991','Difensore'),
  ('318549','Wigan Athletic',5,'George','Johnston','1-sep-1998','Difensore'),
  ('444571','Wigan Athletic',null,'Curtis','Tilt','4-aug-1991','Difensore'),
  ('123674','Wigan Athletic',null,'Nathan','Cameron','21-nov-1991','Difensore'),
  ('314372','Wigan Athletic',null,'Darnell','Johnson','3-sep-1998','Difensore'),
  ('458728','Wigan Athletic',null,'Emeka','Obi','6-jun-2001','Difensore'),
  ('547936','Wigan Athletic',32,'Adam','Long','11-nov-2000','Difensore'),
  ('061011','Wigan Athletic',null,'Kal','Naismith','18-feb-1992','Difensore'),
  ('031553','Wigan Athletic',null,'Danny','Fox','29-may-1986','Difensore'),
  ('530384','Wigan Athletic',3,'Tom','Pearce','12-apr-1998','Difensore'),
  ('441638','Wigan Athletic',null,'Patrick','Webber','14-may-1999','Difensore'),
  ('647376','Wigan Athletic',34,'Luke','Robinson','20-nov-2001','Difensore'),
  ('121276','Wigan Athletic',null,'Nathan','Byrne','5-jun-1992','Difensore'),
  ('158700','Wigan Athletic',2,'Tendayi','Darikwa','13-dec-1991','Difensore'),
  ('325105','Wigan Athletic',null,'Tom','James','15-apr-1996','Difensore'),
  ('308615','Wigan Athletic',6,'Corey','Whelan','10-dec-1997','Difensore'),
  ('833203','Wigan Athletic',null,'Harry','McHugh','14-oct-2002','Centrocampista'),
  ('335722','Wigan Athletic',24,'Alex','Perry','4-mar-1998','Centrocampista'),
  ('221446','Wigan Athletic',8,'Lee','Evans','24-jul-1994','Centrocampista'),
  ('060951','Wigan Athletic',null,'Funso','Ojo','28-aug-1991','Centrocampista'),
  ('142365','Wigan Athletic',15,'Dan','Gardner','5-apr-1990','Centrocampista'),
  ('236870','Wigan Athletic',null,'Matt','Palmer','27-feb-1995','Centrocampista'),
  ('425879','Wigan Athletic',23,'Chris','Merrie','2-nov-1998','Centrocampista'),
  ('647392','Wigan Athletic',36,'Scott','Smith','7-feb-2001','Centrocampista'),
  ('659702','Wigan Athletic',null,'MacKenzie','O''Neill','20-jan-2002','Centrocampista'),
  ('647384','Wigan Athletic',30,'Thelo','Aasgaard','2-may-2002','Centrocampista'),
  ('391127','Wigan Athletic',17,'Viv','Solomon-Otabor','2-jan-1996','Attaccante'),
  ('261738','Wigan Athletic',20,'Joe','Dodoo','29-jun-1995','Attaccante'),
  ('039338','Wigan Athletic',null,'Gary','Roberts','18-mar-1984','Attaccante'),
  ('148258','Wigan Athletic',11,'Gavin','Massey','14-oct-1992','Attaccante'),
  ('425865','Wigan Athletic',9,'Callum','Lang','8-sep-1998','Attaccante'),
  ('426285','Wigan Athletic',null,'Oliver','Crankshaw','12-aug-1998','Attaccante'),
  ('246351','Wigan Athletic',7,'Zach','Clough','8-mar-1995','Attaccante'),
  ('118535','Wigan Athletic',10,'Will','Keane','11-jan-1993','Attaccante'),
  ('046111','Wigan Athletic',null,'Joe','Garner','12-apr-1988','Attaccante'),
  ('128420','Wigan Athletic',null,'Jamie','Proctor','25-mar-1992','Attaccante'),
  ('647393','Wigan Athletic',null,'Charlie','Jolley','13-jan-2001','Attaccante'),
  ('647395','Wigan Athletic',22,'Kyle','Joseph','10-sep-2001','Attaccante'),
  ('547938','Wigan Athletic',null,'Divin','Baningime','13-oct-2000','Attaccante'),
  ('285551','Fleetwood Town',1,'Joel','Coleman','26-sep-1995','Portiere'),
  ('052598','Fleetwood Town',null,'Jayson','Leutwiler','25-apr-1989','Portiere'),
  ('194386','Fleetwood Town',21,'Alex','Cairns','4-jan-1993','Portiere'),
  ('536794','Fleetwood Town',null,'Billy','Crellin','30-jun-2000','Portiere'),
  ('382550','Fleetwood Town',null,'Joe','Hilton','11-oct-1999','Portiere'),
  ('803392','Fleetwood Town',null,'Johnathon','Borwick',null,'Portiere'),
  ('733491','Fleetwood Town',null,'Billy','Batch',null,'Difensore'),
  ('425872','Fleetwood Town',null,'Sam','Stubbs','20-nov-1998','Difensore'),
  ('037428','Fleetwood Town',null,'Charlie','Mulgrew','6-mar-1986','Difensore'),
  ('554250','Fleetwood Town',null,'Morgan','Boyes','22-apr-2001','Difensore'),
  ('875929','Fleetwood Town',null,'Josh','Feeney','6-may-2005','Difensore'),
  ('624894','Fleetwood Town',32,'Harrison','Holgate','1-jul-2000','Difensore'),
  ('611793','Fleetwood Town',33,'James','Hill','10-jan-2002','Difensore'),
  ('095245','Fleetwood Town',3,'Danny','Andrew','23-dec-1990','Difensore'),
  ('430788','Fleetwood Town',null,'Tom','Edwards','22-jan-1999','Difensore'),
  ('515548','Fleetwood Town',null,'Carl','Johnston','29-may-2002','Difensore'),
  ('515543','Fleetwood Town',null,'Dylan','Boyle','15-jan-2002','Centrocampista'),
  ('515550','Fleetwood Town',null,'Barry','Baggley','11-jan-2002','Centrocampista'),
  ('308632','Fleetwood Town',null,'Callum','Connolly','23-sep-1997','Centrocampista'),
  ('012124','Fleetwood Town',6,'Glenn','Whelan','13-jan-1984','Centrocampista'),
  ('258924','Fleetwood Town',16,'Jordan','Rossiter','24-mar-1997','Centrocampista'),
  ('475441','Fleetwood Town',25,'Nathan','Sheron','4-oct-1997','Centrocampista'),
  ('666669','Fleetwood Town',null,'Laurence','Smith','19-sep-2000','Centrocampista'),
  ('093055','Fleetwood Town',null,'Paul','Coutts','22-jul-1988','Centrocampista'),
  ('265577','Fleetwood Town',10,'Callum','Camps','30-nov-1995','Centrocampista'),
  ('535479','Fleetwood Town',null,'Jay','Matete','11-feb-2001','Centrocampista'),
  ('803400','Fleetwood Town',null,'Danny','Edwards',null,'Centrocampista'),
  ('821502','Fleetwood Town',null,'Akiel','Raffie','15-feb-2003','Centrocampista'),
  ('105565','Fleetwood Town',8,'Mark','Duffy','7-oct-1985','Centrocampista'),
  ('217806','Fleetwood Town',23,'Sam','Finley','4-aug-1992','Centrocampista'),
  ('533958','Fleetwood Town',27,'Harrison','Biggins','15-mar-1996','Centrocampista'),
  ('255731','Fleetwood Town',7,'Wes','Burns','23-nov-1994','Centrocampista'),
  ('121391','Fleetwood Town',11,'Josh','Morris','30-sep-1991','Centrocampista'),
  ('618885','Fleetwood Town',null,'Ryan','Rydel','9-feb-2001','Centrocampista'),
  ('733493','Fleetwood Town',null,'Sam','Barrett',null,'Centrocampista'),
  ('208934','Fleetwood Town',null,'Barrie','McKay','30-dec-1994','Attaccante'),
  ('727025','Fleetwood Town',null,'Cian','Hayes','29-jun-2003','Attaccante'),
  ('727023','Fleetwood Town',39,'Shayden','Morris','30-mar-2002','Attaccante'),
  ('061622','Fleetwood Town',null,'Ched','Evans','28-dec-1988','Attaccante'),
  ('293002','Fleetwood Town',null,'Kyle','Vassell','7-feb-1993','Attaccante'),
  ('482999','Fleetwood Town',null,'Harvey','Saunders','20-jul-1997','Attaccante'),
  ('092488','Fleetwood Town',null,'Paddy','Madden','4-mar-1990','Attaccante'),
  ('803397','Fleetwood Town',null,'Enoch','Takpe',null,'Attaccante'),
  ('618883','Fleetwood Town',29,'Gerard','Garner','2-nov-1998','Attaccante'),
  ('252617','Portsmouth FC',1,'Craig','MacGillivray','12-jan-1993','Portiere'),
  ('334687','Portsmouth FC',35,'Alex','Bass','1-apr-1998','Portiere'),
  ('637703','Portsmouth FC',null,'Duncan','Turnbull','8-may-1998','Portiere'),
  ('258910','Portsmouth FC',null,'Lewis','Ward','5-mar-1997','Portiere'),
  ('844609','Portsmouth FC',42,'Taylor','Seymour','17-sep-2001','Portiere'),
  ('837271','Portsmouth FC',null,'David','Setters','19-may-2004','Difensore'),
  ('283227','Portsmouth FC',15,'Rasmus','Nicolaisen','16-mar-1997','Difensore'),
  ('113034','Portsmouth FC',5,'Paul','Downing','26-oct-1991','Difensore'),
  ('226219','Portsmouth FC',20,'Sean','Raggett','25-jan-1994','Difensore'),
  ('237505','Portsmouth FC',6,'Jack','Whatmough','19-aug-1996','Difensore'),
  ('633466','Portsmouth FC',39,'Harvey','Rew','25-sep-2002','Difensore'),
  ('547382','Portsmouth FC',null,'Cameron','Pring','22-jan-1998','Difensore'),
  ('120697','Portsmouth FC',3,'Lee','Brown','10-aug-1990','Difensore'),
  ('837270','Portsmouth FC',null,'Harvey','Hughes','20-dec-2003','Difensore'),
  ('208281','Portsmouth FC',13,'James','Bolton','13-aug-1994','Difensore'),
  ('641071','Portsmouth FC',null,'Harry','Kavanagh','5-feb-2002','Difensore'),
  ('366834','Portsmouth FC',2,'Callum','Johnson','23-oct-1996','Difensore'),
  ('625082','Portsmouth FC',37,'Haji','Mnoga','16-apr-2002','Difensore'),
  ('837269','Portsmouth FC',null,'Harry','Jewitt-White','26-mar-2004','Centrocampista'),
  ('581598','Portsmouth FC',null,'Harvey','White','19-sep-2001','Centrocampista'),
  ('126225','Portsmouth FC',4,'Tom','Naylor','28-jun-1991','Centrocampista'),
  ('236508','Portsmouth FC',null,'Bryn','Morris','25-apr-1996','Centrocampista'),
  ('837266','Portsmouth FC',null,'Alfie','Bridgman','11-apr-2004','Centrocampista'),
  ('240083','Portsmouth FC',null,'George','Byers','29-may-1996','Centrocampista'),
  ('341882','Portsmouth FC',14,'Andy','Cannon','14-mar-1996','Centrocampista'),
  ('324117','Portsmouth FC',8,'Ben','Close','8-aug-1996','Centrocampista'),
  ('515549','Portsmouth FC',null,'Gerard','Storey','5-feb-2002','Centrocampista'),
  ('837267','Portsmouth FC',null,'Charlie','Bell','24-dec-2002','Centrocampista'),
  ('192239','Portsmouth FC',7,'Ryan','Williams','28-oct-1993','Centrocampista'),
  ('077369','Portsmouth FC',null,'Gareth','Evans','26-apr-1988','Centrocampista'),
  ('837268','Portsmouth FC',null,'Harrison','Brook','13-jan-2003','Centrocampista'),
  ('837272','Portsmouth FC',31,'Suk-jae','Lee','8-jul-2003','Centrocampista'),
  ('123384','Portsmouth FC',24,'Michael','Jacobs','4-nov-1991','Attaccante'),
  ('363882','Portsmouth FC',11,'Ronan','Curtis','29-mar-1996','Attaccante'),
  ('288323','Portsmouth FC',19,'Marcus','Harness','24-feb-1996','Attaccante'),
  ('459843','Portsmouth FC',null,'Reeco','Hackett-Fairchild','9-jan-1998','Attaccante'),
  ('641075','Portsmouth FC',null,'Eoin','Teggart','6-feb-2002','Attaccante'),
  ('185109','Portsmouth FC',10,'Ellis','Harrison','29-jan-1994','Attaccante'),
  ('130395','Portsmouth FC',9,'John','Marquis','16-may-1992','Attaccante'),
  ('201576','Portsmouth FC',26,'Jordy','Hiwula','21-sep-1994','Attaccante'),
  ('641076','Portsmouth FC',null,'Alfie','Stanley','1-jan-2001','Attaccante'),
  ('245625','Lincoln City',null,'Alex','Palmer','10-aug-1996','Portiere'),
  ('266030','Lincoln City',null,'Ethan','Ross','6-mar-1997','Portiere'),
  ('732743','Lincoln City',31,'Sam','Long','12-nov-2002','Portiere'),
  ('134419','Lincoln City',5,'Adam','Jackson','18-may-1994','Difensore'),
  ('410477','Lincoln City',4,'Lewis','Montsma','25-apr-1998','Difensore'),
  ('156559','Lincoln City',16,'Joe','Walsh','13-may-1992','Difensore'),
  ('821836','Lincoln City',null,'Hayden','Cann','1-oct-2003','Difensore'),
  ('351502','Lincoln City',7,'Tayo','Edun','14-may-1998','Difensore'),
  ('480191','Lincoln City',15,'Cohen','Bramall','2-apr-1996','Difensore'),
  ('460255','Lincoln City',null,'Max','Melbourne','24-oct-1998','Difensore'),
  ('732748','Lincoln City',30,'Sean','Roughan','31-aug-2003','Difensore'),
  ('406559','Lincoln City',null,'Timothy','Eyoma','29-jan-2000','Difensore'),
  ('702951','Lincoln City',34,'Ziyad','Al-Oyouni','22-sep-2002','Difensore'),
  ('040612','Lincoln City',23,'Liam','Bridcutt','8-may-1989','Centrocampista'),
  ('534698','Lincoln City',null,'Robbie','Gotts','9-nov-1999','Centrocampista'),
  ('411495','Lincoln City',6,'Max','Sanders','4-jan-1999','Centrocampista'),
  ('203127','Lincoln City',18,'Conor','McGrandles','24-sep-1995','Centrocampista'),
  ('334964','Lincoln City',10,'Jorge','Grant','19-dec-1994','Centrocampista'),
  ('359234','Lincoln City',null,'Alex','Bradley','27-jan-1999','Centrocampista'),
  ('315968','Lincoln City',8,'James','Jones','13-feb-1996','Centrocampista'),
  ('335765','Lincoln City',26,'Harry','Anderson','9-jan-1997','Centrocampista'),
  ('293709','Lincoln City',14,'Theo','Archibald','5-mar-1998','Centrocampista'),
  ('470607','Lincoln City',null,'Brennan','Johnson','23-may-2001','Centrocampista'),
  ('503743','Lincoln City',null,'Morgan','Rogers','26-jul-2002','Attaccante'),
  ('411471','Lincoln City',17,'Remy','Longdon','14-sep-1997','Attaccante'),
  ('293779','Lincoln City',null,'Zack','Elbouzedi','5-apr-1998','Attaccante'),
  ('325216','Lincoln City',11,'Anthony','Scully','19-apr-1999','Attaccante'),
  ('184397','Lincoln City',9,'Tom','Hopper','14-dec-1993','Attaccante'),
  ('406636','Lincoln City',null,'Jamie','Soule','26-nov-2000','Attaccante'),
  ('492690','Lincoln City',null,'Callum','Morton','19-jan-2000','Attaccante'),
  ('854884','Lincoln City',null,'Freddie','Draper','28-jul-2004','Attaccante'),
  ('357658','Swindon Town',null,'Mark','Travers','18-may-1999','Portiere'),
  ('550829','Swindon Town',null,'Matej','Kovar','17-may-2000','Portiere'),
  ('344586','Swindon Town',null,'Connal','Trueman','26-mar-1996','Portiere'),
  ('418144','Swindon Town',null,'Joe','Wollacott','8-sep-1996','Portiere'),
  ('013443','Swindon Town',1,'Lee','Camp','22-aug-1984','Portiere'),
  ('266037','Swindon Town',null,'Joe','Fryer','14-nov-1995','Portiere'),
  ('662240','Swindon Town',29,'Archie','Matthews','2-aug-2001','Portiere'),
  ('293784','Swindon Town',null,'Conor','Masterson','8-sep-1998','Difensore'),
  ('057490','Swindon Town',5,'Jonathan','Grounds','2-feb-1988','Difensore'),
  ('077975','Swindon Town',6,'Mathieu','Baudry','24-feb-1988','Difensore'),
  ('255816','Swindon Town',4,'Dion','Conroy','11-dec-1995','Difensore'),
  ('473544','Swindon Town',16,'Akin','Odimayo','28-nov-1999','Difensore'),
  ('633154','Swindon Town',21,'Taylor','Curran','7-jul-2000','Difensore'),
  ('689988','Swindon Town',30,'Luke','Haines','15-oct-2000','Difensore'),
  ('526247','Swindon Town',33,'Tom','Broadbent','15-feb-1992','Difensore'),
  ('727033','Swindon Town',40,'Anthony','Cheshire','8-mar-2002','Difensore'),
  ('503688','Swindon Town',null,'Dominic','Thompson','26-jul-2000','Difensore'),
  ('141655','Swindon Town',3,'Zeki','Fryers','9-sep-1992','Difensore'),
  ('393575','Swindon Town',null,'Dion','Donohue','26-aug-1993','Difensore'),
  ('386937','Swindon Town',14,'Ellis','Iandolo','22-aug-1997','Difensore'),
  ('158703','Swindon Town',null,'Kieron','Freeman','21-mar-1992','Difensore'),
  ('060908','Swindon Town',2,'Paul','Caddis','19-apr-1988','Difensore'),
  ('335591','Swindon Town',24,'Rob','Hunt','7-jul-1995','Difensore'),
  ('111052','Swindon Town',22,'Christopher','Missilou','18-jul-1992','Centrocampista'),
  ('251289','Swindon Town',19,'Jordan','Lyden','30-jan-1996','Centrocampista'),
  ('031698','Swindon Town',42,'Anthony','Grant','4-jun-1987','Centrocampista'),
  ('173832','Swindon Town',null,'Michael','Doughty','20-nov-1992','Centrocampista'),
  ('727034','Swindon Town',38,'Massimo','Giamattei','2-jan-2002','Centrocampista'),
  ('533913','Swindon Town',null,'Jordan','Stevens','25-mar-2000','Centrocampista'),
  ('727035','Swindon Town',null,'Toby','Holland','17-oct-2001','Centrocampista'),
  ('278092','Swindon Town',18,'Jack','Payne','25-oct-1994','Centrocampista'),
  ('433818','Swindon Town',10,'Scott','Twine','14-jul-1999','Centrocampista'),
  ('461559','Swindon Town',null,'Jordon','Garrick','15-jul-1998','Attaccante'),
  ('424414','Swindon Town',null,'Jonny','Smith','28-jul-1997','Attaccante'),
  ('037012','Swindon Town',20,'Joel','Grant','26-aug-1987','Attaccante'),
  ('048312','Swindon Town',8,'Brett','Pitman','31-jan-1988','Attaccante'),
  ('134418','Swindon Town',45,'Hallam','Hope','17-mar-1994','Attaccante'),
  ('551309','Swindon Town',null,'Tyrese','Omotoye','23-sep-2002','Attaccante'),
  ('602978','Swindon Town',null,'Tyler','Smith','4-dec-1998','Attaccante'),
  ('744495','Swindon Town',37,'Harry','Parsons','9-oct-2002','Attaccante'),
  ('049089','Oxford United',1,'Simon','Eastwood','26-jun-1989','Portiere'),
  ('337101','Oxford United',13,'Jack','Stevens','2-aug-1997','Portiere'),
  ('802613','Oxford United',null,'Eddie','Brearey','7-nov-2003','Portiere'),
  ('341993','Oxford United',5,'Elliott','Moore','16-mar-1997','Difensore'),
  ('048371','Oxford United',15,'John','Mousinho','30-apr-1986','Difensore'),
  ('387360','Oxford United',null,'Joe','Grayson','26-mar-1999','Difensore'),
  ('653465','Oxford United',null,'Nico','Jones','3-feb-2002','Difensore'),
  ('535927','Oxford United',4,'Luke','McNally','20-sep-1999','Difensore'),
  ('531783','Oxford United',22,'Rob','Atkinson','13-jul-1998','Difensore'),
  ('158816','Oxford United',null,'Jordan','Obita','8-dec-1993','Difensore'),
  ('176632','Oxford United',3,'Josh','Ruffels','23-oct-1993','Difensore'),
  ('747356','Oxford United',null,'Michael','Elechi','10-oct-2001','Difensore'),
  ('238591','Oxford United',12,'Sam','Long','16-jan-1995','Difensore'),
  ('655723','Oxford United',null,'Kyran','Lofthouse','15-sep-2000','Difensore'),
  ('837277','Oxford United',null,'Joshua','Anifowose','2-feb-2004','Centrocampista'),
  ('259495','Oxford United',20,'Jamie','Hanson','10-nov-1995','Centrocampista'),
  ('252986','Oxford United',28,'Liam','Kelly','22-nov-1995','Centrocampista'),
  ('425456','Oxford United',null,'Sean','Clare','18-sep-1996','Centrocampista'),
  ('340320','Oxford United',null,'Marcus','McGuane','2-feb-1999','Centrocampista'),
  ('197825','Oxford United',6,'Alex','Gorrin','1-aug-1993','Centrocampista'),
  ('261357','Oxford United',8,'Cameron','Brannagan','9-may-1996','Centrocampista'),
  ('658563','Oxford United',null,'Leon','Chambers-Parillon','5-nov-2001','Centrocampista'),
  ('320403','Oxford United',10,'Mark','Sykes','4-aug-1997','Centrocampista'),
  ('059268','Oxford United',17,'James','Henry','10-jun-1989','Centrocampista'),
  ('146494','Oxford United',14,'Anthony','Forde','16-nov-1993','Centrocampista'),
  ('386936','Oxford United',null,'Joel','Cooper','29-feb-1996','Centrocampista'),
  ('526619','Oxford United',null,'Malachi','Napa','26-may-1999','Centrocampista'),
  ('214927','Oxford United',null,'Brandon','Barker','4-oct-1996','Attaccante'),
  ('401268','Oxford United',null,'Olamide','Shodipo','5-jul-1997','Attaccante'),
  ('121236','Oxford United',7,'Rob','Hall','20-oct-1993','Attaccante'),
  ('229826','Oxford United',null,'Elliot','Lee','16-dec-1994','Attaccante'),
  ('067237','Oxford United',9,'Matty','Taylor','30-mar-1990','Attaccante'),
  ('145493','Oxford United',11,'Sam','Winnall','19-jan-1991','Attaccante'),
  ('471243','Oxford United',null,'Derick','Osei Yaw','10-sep-1998','Attaccante'),
  ('367195','Oxford United',19,'Dan','Agyei','1-jun-1997','Attaccante'),
  ('543074','Oxford United',null,'Dylan','Asonganyi','10-dec-2000','Attaccante'),
  ('843394','Oxford United',null,'Gatlin','O''Donkor','14-oct-2004','Attaccante'),
  ('259151','Burton Albion',null,'Dillon','Barnes','8-apr-1996','Portiere'),
  ('158342','Burton Albion',24,'Ben','Garratt','25-apr-1994','Portiere'),
  ('731466','Burton Albion',null,'Teddy','Sharman-Lowe','30-mar-2003','Portiere'),
  ('289791','Burton Albion',1,'Kieran','O''Hara','22-apr-1996','Portiere'),
  ('602307','Burton Albion',20,'Callum','Hawkins','12-dec-1999','Portiere'),
  ('038100','Burton Albion',38,'Michael','Mancienne','8-jan-1988','Difensore'),
  ('069755','Burton Albion',5,'Michael','Bostwick','17-may-1988','Difensore'),
  ('057053','Burton Albion',21,'John-Joe','O''Toole','30-sep-1988','Difensore'),
  ('503780','Burton Albion',null,'Hayden','Carter','17-dec-1999','Difensore'),
  ('395797','Burton Albion',null,'Sam','Hughes','15-apr-1997','Difensore'),
  ('564484','Burton Albion',19,'Jevan','Anderson','3-mar-2000','Difensore'),
  ('426281','Burton Albion',null,'Josh','Earl','24-oct-1998','Difensore'),
  ('183295','Burton Albion',6,'Kieran','Wallace','26-jan-1995','Difensore'),
  ('811241','Burton Albion',null,'Tom','Armitage','21-jun-2003','Difensore'),
  ('821524','Burton Albion',null,'Thierry','Latty-Fairweather','5-dec-2002','Difensore'),
  ('091291','Burton Albion',3,'Colin','Daniel','15-feb-1988','Difensore'),
  ('578937','Burton Albion',15,'Reece','Hutchinson','14-apr-2000','Difensore'),
  ('344587','Burton Albion',22,'Owen','Gallacher','6-apr-1999','Difensore'),
  ('091286','Burton Albion',2,'John','Brayford','29-dec-1987','Difensore'),
  ('049428','Burton Albion',null,'Neal','Eardley','6-nov-1988','Difensore'),
  ('624961','Burton Albion',26,'Ben','Hart','26-sep-2000','Difensore'),
  ('533833','Burton Albion',37,'Tom','Hamer','16-nov-1999','Difensore'),
  ('813498','Burton Albion',null,'Charlie','Williams',null,'Centrocampista'),
  ('452708','Burton Albion',12,'Ben','Fox','1-feb-1998','Centrocampista'),
  ('463758','Burton Albion',39,'Terry','Taylor','29-jun-2001','Centrocampista'),
  ('043266','Burton Albion',null,'Stephen','Quinn','1-apr-1986','Centrocampista'),
  ('192360','Burton Albion',4,'Ryan','Edwards','17-nov-1993','Centrocampista'),
  ('431425','Burton Albion',null,'Jack','Roles','26-feb-1999','Centrocampista'),
  ('809167','Burton Albion',25,'Ciaran','Gilligan','5-feb-2002','Centrocampista'),
  ('354134','Burton Albion',8,'Joe','Powell','30-oct-1998','Centrocampista'),
  ('809166','Burton Albion',27,'Tom','Hewlett',null,'Attaccante'),
  ('469860','Burton Albion',null,'Indiana','Vassilev','16-feb-2001','Attaccante'),
  ('108654','Burton Albion',40,'Danny','Rowe','9-mar-1992','Attaccante'),
  ('335181','Burton Albion',null,'Charles','Vernam','8-oct-1996','Attaccante'),
  ('811243','Burton Albion',35,'Jakub','Niemczyk','22-jan-2004','Attaccante'),
  ('106644','Burton Albion',null,'Steven','Lawless','12-apr-1991','Attaccante'),
  ('063199','Burton Albion',10,'Lucas','Akins','25-feb-1989','Attaccante'),
  ('106641','Burton Albion',9,'Kane','Hemmings','8-apr-1991','Attaccante'),
  ('132236','Burton Albion',13,'Josh','Parker','1-dec-1990','Attaccante'),
  ('014177','Burton Albion',14,'Luke','Varney','28-sep-1982','Attaccante'),
  ('369171','Burton Albion',null,'Niall','Ennis','20-may-1999','Attaccante'),
  ('542439','Burton Albion',33,'Mike','Fondop','27-nov-1993','Attaccante'),
  ('209291','Gillingham FC',1,'Jack','Bonham','14-sep-1993','Portiere'),
  ('286378','Gillingham FC',12,'Sacha','Bastien','22-jan-1995','Portiere'),
  ('690548','Gillingham FC',null,'Joe','Walsh','1-apr-2002','Portiere'),
  ('258921','Gillingham FC',26,'Christian','Maghoma','8-nov-1997','Difensore'),
  ('379711','Gillingham FC',null,'Robbie','Cundy','30-may-1997','Difensore'),
  ('392761','Gillingham FC',null,'Zech','Medley','9-jul-2000','Difensore'),
  ('504943','Gillingham FC',null,'Declan','Drysdale','14-nov-1999','Difensore'),
  ('542516','Gillingham FC',5,'Jack','Tucker','12-nov-1999','Difensore'),
  ('236509','Gillingham FC',3,'Connor','Ogilvie','14-feb-1996','Difensore'),
  ('532079','Gillingham FC',14,'Robbie','McKenzie','25-sep-1998','Difensore'),
  ('110356','Gillingham FC',null,'Lee','Hodson','2-oct-1991','Difensore'),
  ('169627','Gillingham FC',2,'Ryan','Jackson','31-jul-1990','Difensore'),
  ('858420','Gillingham FC',null,'Harvey','Lintott','20-feb-2003','Difensore'),
  ('357661','Gillingham FC',null,'Thomas','O''Connor','21-apr-1999','Centrocampista'),
  ('682035','Gillingham FC',null,'James','Morton','22-apr-1999','Centrocampista'),
  ('093626','Gillingham FC',4,'Stuart','O''Keefe','4-mar-1991','Centrocampista'),
  ('087658','Gillingham FC',null,'Olly','Lee','11-jul-1991','Centrocampista'),
  ('308388','Gillingham FC',8,'Kyle','Dempsey','17-sep-1995','Centrocampista'),
  ('618903','Gillingham FC',null,'Josh','Eccles','6-apr-2000','Centrocampista'),
  ('289845','Gillingham FC',7,'Matty','Willock','20-aug-1996','Centrocampista'),
  ('332342','Gillingham FC',null,'Callum','Slattery','8-feb-1999','Centrocampista'),
  ('050379','Gillingham FC',null,'Jacob','Mellis','8-jan-1991','Centrocampista'),
  ('614152','Gillingham FC',23,'Henry','Woods','7-sep-1999','Centrocampista'),
  ('073033','Gillingham FC',16,'Alex','MacDonald','14-apr-1990','Centrocampista'),
  ('404586','Gillingham FC',17,'Tyreke','Johnson','3-nov-1998','Centrocampista'),
  ('807422','Gillingham FC',24,'Toby','Bancroft','13-feb-2001','Centrocampista'),
  ('183283','Gillingham FC',10,'Jordan','Graham','5-mar-1995','Attaccante'),
  ('433254','Gillingham FC',null,'Trae','Coyle','11-jan-2001','Attaccante'),
  ('069749','Gillingham FC',15,'John','Akinde','8-jul-1989','Attaccante'),
  ('203784','Gillingham FC',9,'Dominic','Samuel','1-apr-1994','Attaccante'),
  ('141905','Gillingham FC',19,'Vadaine','Oliver','21-oct-1991','Attaccante'),
  ('885376','Gillingham FC',null,'Gerald','Sithole','28-dec-2002','Attaccante'),
  ('238479','Crewe Alexandra',13,'Dave','Richards','31-dec-1993','Portiere'),
  ('328651','Crewe Alexandra',1,'Will','Jääskeläinen','25-jul-1998','Portiere'),
  ('673363','Crewe Alexandra',27,'Sam','Booth','6-dec-2000','Portiere'),
  ('503990','Crewe Alexandra',null,'Nathan','Wood','31-may-2002','Difensore'),
  ('199522','Crewe Alexandra',5,'Donervon','Daniels','24-nov-1993','Difensore'),
  ('047601','Crewe Alexandra',null,'Eddie','Nolan','5-aug-1988','Difensore'),
  ('136580','Crewe Alexandra',29,'Omar','Beckles','25-oct-1991','Difensore'),
  ('526874','Crewe Alexandra',null,'Billy','Sass-Davies','17-feb-2000','Difensore'),
  ('060995','Crewe Alexandra',16,'Olly','Lancashire','13-dec-1988','Difensore'),
  ('553509','Crewe Alexandra',17,'Luke','Offord','19-nov-1999','Difensore'),
  ('667497','Crewe Alexandra',34,'Zac','Williams','27-mar-2004','Difensore'),
  ('426412','Crewe Alexandra',null,'Harry','Pickering','29-dec-1998','Difensore'),
  ('673375','Crewe Alexandra',null,'Nathan','Woodthorpe','6-dec-2001','Difensore'),
  ('671975','Crewe Alexandra',21,'Rio','Adebisi','27-sep-2000','Difensore'),
  ('322677','Crewe Alexandra',null,'Perry','Ng','27-apr-1996','Difensore'),
  ('036866','Crewe Alexandra',null,'Billy','Jones','24-mar-1987','Difensore'),
  ('583888','Crewe Alexandra',23,'Travis','Johnson','28-aug-2000','Difensore'),
  ('386752','Crewe Alexandra',null,'Ryan','Wintle','13-jun-1997','Centrocampista'),
  ('091307','Crewe Alexandra',28,'Luke','Murphy','21-oct-1989','Centrocampista'),
  ('393564','Crewe Alexandra',11,'Callum','Ainley','2-nov-1997','Centrocampista'),
  ('583863','Crewe Alexandra',null,'Regan','Griffiths','1-may-2000','Centrocampista'),
  ('673369','Crewe Alexandra',null,'Joe','Robbins','20-feb-2002','Centrocampista'),
  ('426414','Crewe Alexandra',8,'Tom','Lowery','31-dec-1997','Centrocampista'),
  ('425590','Crewe Alexandra',14,'Oli','Finney','15-dec-1997','Centrocampista'),
  ('505693','Crewe Alexandra',20,'Josh','Lundstram','19-feb-1999','Centrocampista'),
  ('374283','Crewe Alexandra',32,'Antony','Evans','23-sep-1998','Centrocampista'),
  ('421443','Crewe Alexandra',10,'Charlie','Kirk','24-dec-1997','Attaccante'),
  ('092986','Crewe Alexandra',7,'Daniel','Powell','12-mar-1991','Attaccante'),
  ('485252','Crewe Alexandra',19,'Owen','Dale','1-nov-1998','Attaccante'),
  ('049434','Crewe Alexandra',9,'Chris','Porter','12-dec-1983','Attaccante'),
  ('218144','Crewe Alexandra',12,'Mikael','Mandron','11-oct-1994','Attaccante'),
  ('337796','Crewe Alexandra',null,'Offrande','Zanzala','8-nov-1996','Attaccante'),
  ('673367','Crewe Alexandra',null,'Tyreece','Onyeka','1-sep-2001','Attaccante'),
  ('020978','Plymouth Argyle',23,'Luke','McCormick','15-aug-1983','Portiere'),
  ('346175','Plymouth Argyle',26,'Jack','Ruddy','27-dec-1997','Portiere'),
  ('809154','Plymouth Argyle',null,'Tyler','Coombes','1-dec-2001','Portiere'),
  ('533078','Plymouth Argyle',1,'Michael','Cooper','8-oct-1999','Portiere'),
  ('408563','Plymouth Argyle',null,'Jerome','Opoku','14-oct-1998','Difensore'),
  ('611650','Plymouth Argyle',null,'Sam','Woods','11-sep-1998','Difensore'),
  ('122243','Plymouth Argyle',null,'Niall','Canavan','11-apr-1991','Difensore'),
  ('315619','Plymouth Argyle',4,'Will','Aimson','1-jan-1994','Difensore'),
  ('042346','Plymouth Argyle',null,'Gary','Sawyer','5-jul-1985','Difensore'),
  ('484389','Plymouth Argyle',null,'Kell','Watts','3-nov-1999','Difensore'),
  ('811290','Plymouth Argyle',null,'Brandon','Pursall','16-mar-2004','Difensore'),
  ('784258','Plymouth Argyle',41,'Ollie','Tomlinson','19-may-2002','Difensore'),
  ('347481','Plymouth Argyle',null,'Adam','Lewis','8-nov-1999','Difensore'),
  ('565915','Plymouth Argyle',27,'Ryan','Law','8-sep-1999','Difensore'),
  ('811287','Plymouth Argyle',null,'Finley','Craske','27-jan-2003','Difensore'),
  ('745164','Plymouth Argyle',42,'Jarvis','Cleal','1-apr-2002','Difensore'),
  ('633463','Plymouth Argyle',null,'Adam','Randell','1-oct-2000','Centrocampista'),
  ('837279','Plymouth Argyle',null,'Ethan','Mitchell','13-feb-2003','Centrocampista'),
  ('132208','Plymouth Argyle',16,'Lewis','MacLeod','16-jun-1994','Centrocampista'),
  ('106708','Plymouth Argyle',10,'Danny','Mayor','18-oct-1990','Centrocampista'),
  ('218355','Plymouth Argyle',15,'Conor','Grant','18-apr-1995','Centrocampista'),
  ('503918','Plymouth Argyle',null,'Tyrese','Fornah','11-sep-1999','Centrocampista'),
  ('811288','Plymouth Argyle',null,'Charlie','Miller',null,'Centrocampista'),
  ('512916','Plymouth Argyle',28,'Panutche','Camara','28-feb-1997','Centrocampista'),
  ('121773','Plymouth Argyle',8,'Joe','Edwards','31-oct-1990','Centrocampista'),
  ('171234','Plymouth Argyle',14,'Ben','Reeves','19-nov-1991','Centrocampista'),
  ('319779','Plymouth Argyle',32,'George','Cooper','30-oct-1996','Attaccante'),
  ('066970','Plymouth Argyle',17,'Byron','Moore','24-aug-1988','Attaccante'),
  ('119123','Plymouth Argyle',null,'Frank','Nouble','24-sep-1991','Attaccante'),
  ('249063','Plymouth Argyle',9,'Ryan','Hardie','17-mar-1997','Attaccante'),
  ('333782','Plymouth Argyle',null,'Dom','Telford','5-dec-1996','Attaccante'),
  ('506199','Plymouth Argyle',null,'Timmy','Abraham','28-dec-2000','Attaccante'),
  ('837278','Plymouth Argyle',null,'Scott','Crocker','13-nov-2002','Attaccante'),
  ('565911','Plymouth Argyle',19,'Klaidi','Lolos','6-oct-2000','Attaccante'),
  ('565913','Plymouth Argyle',31,'Luke','Jephcott','26-jan-2000','Attaccante'),
  ('718591','Plymouth Argyle',33,'Rubin','Wilson','8-oct-2001','Attaccante'),
  ('205326','Northampton Town',null,'Jonathan','Mitchell','24-nov-1994','Portiere'),
  ('837202','Northampton Town',null,'Dylan','Berry','14-may-2003','Portiere'),
  ('883314','Northampton Town',null,'Charlie','Woods','24-may-2004','Portiere'),
  ('022206','Northampton Town',1,'Steve','Arnold','22-aug-1989','Portiere'),
  ('345587','Northampton Town',null,'Luka','Racic','8-may-1999','Difensore'),
  ('130478','Northampton Town',5,'Cian','Bolger','12-mar-1992','Difensore'),
  ('244040','Northampton Town',28,'Lloyd','Jones','7-oct-1995','Difensore'),
  ('034347','Northampton Town',44,'Alan','Sheehan','14-sep-1986','Difensore'),
  ('525867','Northampton Town',6,'Fraser','Horsfall','12-nov-1996','Difensore'),
  ('816002','Northampton Town',32,'Max','Dyche','22-feb-2003','Difensore'),
  ('081876','Northampton Town',23,'Joseph','Mills','30-oct-1989','Difensore'),
  ('061833','Northampton Town',null,'Joe','Martin','29-nov-1988','Difensore'),
  ('744496','Northampton Town',null,'Jacob','Ballinger','3-sep-2001','Difensore'),
  ('816003','Northampton Town',null,'Josh','Flanagan','30-jun-2003','Difensore'),
  ('595652','Northampton Town',null,'Peter','Kioso','15-aug-1999','Difensore'),
  ('155233','Northampton Town',2,'Michael','Harriman','23-oct-1992','Difensore'),
  ('121269','Northampton Town',8,'Ryan','Watson','7-jul-1993','Centrocampista'),
  ('049748','Northampton Town',null,'Chris','Lines','30-nov-1985','Centrocampista'),
  ('346780','Northampton Town',4,'Jack','Sowerby','23-mar-1995','Centrocampista'),
  ('359204','Northampton Town',17,'Shaun','McWilliams','14-aug-1998','Centrocampista'),
  ('821643','Northampton Town',null,'Liam','Cross','8-apr-2003','Centrocampista'),
  ('622792','Northampton Town',12,'Scott','Pollock','12-mar-2001','Centrocampista'),
  ('063222','Northampton Town',null,'Nicky','Adams','16-oct-1986','Centrocampista'),
  ('579771','Northampton Town',19,'Morgan','Roberts','20-dec-2000','Centrocampista'),
  ('563694','Northampton Town',null,'Mickel','Miller','2-dec-1995','Attaccante'),
  ('156899','Northampton Town',null,'Ricky','Holmes','19-jun-1987','Attaccante'),
  ('723350','Northampton Town',11,'Ricky','Korboa','2-aug-1996','Attaccante'),
  ('198861','Northampton Town',7,'Sam','Hoskins','4-feb-1993','Attaccante'),
  ('092250','Northampton Town',45,'Mark','Marshall','9-may-1986','Attaccante'),
  ('636949','Northampton Town',20,'Matt','Warburton','24-may-1992','Attaccante'),
  ('322089','Northampton Town',22,'Benny','Ashley-Seal','21-nov-1998','Attaccante'),
  ('185702','Northampton Town',29,'Danny','Rose','10-dec-1993','Attaccante'),
  ('203451','Northampton Town',10,'Alex','Jones','28-sep-1994','Attaccante'),
  ('452019','Northampton Town',9,'Harry','Smith','18-may-1995','Attaccante'),
  ('559806','Northampton Town',null,'Ryan','Edmondson','20-may-2001','Attaccante'),
  ('742746','Northampton Town',30,'Caleb','Chukwuemeka','25-jan-2002','Attaccante'),
  ('744497','Northampton Town',31,'Ethan','Johnston','13-jun-2002','Attaccante'),
  ('104564','Bristol Rovers',null,'Joe','Day','13-aug-1990','Portiere'),
  ('330995','Bristol Rovers',1,'Jordi','van Stappershoef','10-mar-1996','Portiere'),
  ('018223','Bristol Rovers',32,'Anssi','Jaakkola','13-mar-1987','Portiere'),
  ('801612','Bristol Rovers',null,'Jed','Ward','5-may-2003','Portiere'),
  ('468052','Bristol Rovers',31,'Alexis','André','31-may-1997','Portiere'),
  ('836227','Bristol Rovers',35,'Liam','Armstrong','22-mar-2000','Portiere'),
  ('195628','Bristol Rovers',26,'Jack','Baldwin','30-jun-1993','Difensore'),
  ('319300','Bristol Rovers',25,'Cian','Harries','1-apr-1997','Difensore'),
  ('158718','Bristol Rovers',5,'Max','Ehmer','3-feb-1992','Difensore'),
  ('316776','Bristol Rovers',null,'Tom','Davies','18-apr-1992','Difensore'),
  ('496645','Bristol Rovers',null,'Pablo','Martinez','11-oct-2000','Difensore'),
  ('396678','Bristol Rovers',15,'Alfie','Kilgour','18-may-1998','Difensore'),
  ('766251','Bristol Rovers',null,'Sam','Heal','5-nov-2002','Difensore'),
  ('193875','Bristol Rovers',16,'Michael','Kelly','3-nov-1997','Difensore'),
  ('357333','Bristol Rovers',24,'David','Tutonda','11-oct-1995','Difensore'),
  ('641441','Bristol Rovers',47,'Ali','Koiki','22-aug-1999','Difensore'),
  ('041099','Bristol Rovers',2,'Mark','Little','20-aug-1988','Difensore'),
  ('250336','Bristol Rovers',22,'Josh','Hare','12-aug-1994','Difensore'),
  ('692159','Bristol Rovers',null,'Lucas','Tomlinson','6-nov-2000','Centrocampista'),
  ('824937','Bristol Rovers',null,'Ryan','Jones','23-may-2002','Centrocampista'),
  ('399436','Bristol Rovers',7,'Ben','Liddle','21-sep-1998','Centrocampista'),
  ('396860','Bristol Rovers',4,'Josh','Grant','11-oct-1998','Centrocampista'),
  ('054382','Bristol Rovers',6,'Ed','Upson','21-nov-1989','Centrocampista'),
  ('396858','Bristol Rovers',null,'Luke','McCormick','21-jan-1999','Centrocampista'),
  ('809178','Bristol Rovers',null,'Tom','Mehew','26-may-2001','Centrocampista'),
  ('504904','Bristol Rovers',8,'Zain','Westbrooke','28-oct-1996','Centrocampista'),
  ('533903','Bristol Rovers',20,'Cameron','Hargreaves','1-dec-1998','Centrocampista'),
  ('044796','Bristol Rovers',42,'Abu','Ogogo','3-nov-1989','Centrocampista'),
  ('169573','Bristol Rovers',11,'Sam','Nicholson','20-jan-1995','Centrocampista'),
  ('475455','Bristol Rovers',null,'Jayden','Mitchell-Lawson','17-sep-1999','Centrocampista'),
  ('325192','Bristol Rovers',39,'Josh','Barrett','21-jun-1998','Centrocampista'),
  ('105599','Bristol Rovers',33,'Alex','Rodman','15-feb-1987','Attaccante'),
  ('131593','Bristol Rovers',23,'Kyle','Bennett','9-sep-1990','Attaccante'),
  ('633475','Bristol Rovers',28,'Zain','Walker','8-jan-2002','Attaccante'),
  ('451736','Bristol Rovers',9,'Brandon','Hanlan','31-may-1997','Attaccante'),
  ('577779','Bristol Rovers',17,'James','Daly','12-jan-2000','Attaccante'),
  ('420777','Bristol Rovers',21,'Jonah','Ayunga','24-may-1997','Attaccante'),
  ('731532','Bristol Rovers',29,'Kieran','Phillips','13-aug-2002','Attaccante'),
  ('585550','Rochdale AFC',null,'Gavin','Bazunu','20-feb-2002','Portiere'),
  ('128273','Rochdale AFC',12,'Jay','Lynch','31-mar-1993','Portiere'),
  ('821618','Rochdale AFC',30,'Ben','Chalton',null,'Portiere'),
  ('640027','Rochdale AFC',31,'Bradley','Wade','3-jul-2000','Portiere'),
  ('533523','Rochdale AFC',null,'Haydon','Roberts','10-may-2002','Difensore'),
  ('024636','Rochdale AFC',5,'Paul','McShane','6-jan-1986','Difensore'),
  ('067310','Rochdale AFC',4,'Jim','McNulty','13-feb-1985','Difensore'),
  ('255626','Rochdale AFC',19,'Conor','Shaughnessy','30-jun-1996','Difensore'),
  ('364409','Rochdale AFC',null,'Gabriel','Osho','14-aug-1998','Difensore'),
  ('280982','Rochdale AFC',6,'Eoghan','O''Connell','13-aug-1995','Difensore'),
  ('530740','Rochdale AFC',null,'Yeboah','Amankwah','19-oct-2000','Difensore'),
  ('632154','Rochdale AFC',32,'Joe','Dunne','25-oct-2001','Difensore'),
  ('067411','Rochdale AFC',16,'Matt','Done','22-jul-1988','Difensore'),
  ('340307','Rochdale AFC',null,'Tolaji','Bola','4-jan-1999','Difensore'),
  ('205325','Rochdale AFC',2,'Ryan','McLaughlin','30-sep-1994','Difensore'),
  ('819386','Rochdale AFC',33,'Kacper','Mialkowski','12-oct-2003','Centrocampista'),
  ('118564','Rochdale AFC',21,'Matty','Lund','21-nov-1990','Centrocampista'),
  ('058292','Rochdale AFC',20,'Jimmy','Ryan','6-sep-1988','Centrocampista'),
  ('579997','Rochdale AFC',17,'Conor','Grant','23-jul-2001','Centrocampista'),
  ('136179','Rochdale AFC',13,'Jimmy','Keohane','22-jan-1991','Centrocampista'),
  ('404553','Rochdale AFC',14,'Oliver','Rathbone','10-oct-1996','Centrocampista'),
  ('451749','Rochdale AFC',8,'Aaron','Morley','27-feb-2000','Centrocampista'),
  ('644743','Rochdale AFC',18,'Lewis','Bradley','29-may-2001','Centrocampista'),
  ('632152','Rochdale AFC',23,'Harrison','Hopper','24-dec-2000','Centrocampista'),
  ('718250','Rochdale AFC',24,'Ethan','Brierley','23-nov-2003','Centrocampista'),
  ('104077','Rochdale AFC',7,'Stephen','Dooley','19-oct-1991','Centrocampista'),
  ('711247','Rochdale AFC',22,'Kwadwo','Baah','27-jan-2003','Attaccante'),
  ('390687','Rochdale AFC',10,'Alex','Newby','21-nov-1995','Attaccante'),
  ('734937','Rochdale AFC',27,'Abraham','Odoh','7-aug-2000','Attaccante'),
  ('354567','Rochdale AFC',9,'Stephen','Humphrys','15-sep-1997','Attaccante'),
  ('614086','Rochdale AFC',null,'Fábio','Tavares','22-jan-2001','Attaccante'),
  ('496660','Rochdale AFC',null,'Jack','Vale','3-mar-2001','Attaccante'),
  ('321579','Rochdale AFC',11,'Jake','Beesley','2-dec-1996','Attaccante'),
  ('363901','AFC Wimbledon',13,'Nikola','Tzanev','23-dec-1996','Portiere'),
  ('741236','AFC Wimbledon',null,'Matthew','Cox','2-may-2003','Portiere'),
  ('156939','AFC Wimbledon',22,'Ben','Heneghan','19-sep-1993','Difensore'),
  ('451273','AFC Wimbledon',3,'Dániel','Csóka','4-apr-2000','Difensore'),
  ('307823','AFC Wimbledon',5,'Will','Nightingale','2-aug-1995','Difensore'),
  ('343022','AFC Wimbledon',6,'Terell','Thomas','18-oct-1995','Difensore'),
  ('802639','AFC Wimbledon',null,'Ethan','Sutcliffe','20-feb-2004','Difensore'),
  ('727041','AFC Wimbledon',25,'Archie','Procter','13-nov-2001','Difensore'),
  ('426926','AFC Wimbledon',30,'Paul','Kalambayi','9-jul-1999','Difensore'),
  ('551010','AFC Wimbledon',31,'Jack','Madelin','19-apr-2002','Difensore'),
  ('564049','AFC Wimbledon',null,'Steve','Seddon','25-dec-1997','Difensore'),
  ('636908','AFC Wimbledon',18,'Nesta','Guinness-Walker','14-sep-1999','Difensore'),
  ('851972','AFC Wimbledon',26,'Jack','Currie','25-oct-2002','Difensore'),
  ('696626','AFC Wimbledon',37,'Paul','Osew','25-nov-2000','Difensore'),
  ('093321','AFC Wimbledon',2,'Luke','O''Neill','20-aug-1991','Difensore'),
  ('222732','AFC Wimbledon',7,'Cheye','Alexander','6-jan-1995','Difensore'),
  ('727130','AFC Wimbledon',25,'Jamil','Awoyejo','21-jun-2001','Difensore'),
  ('731712','AFC Wimbledon',32,'Huseyin','Biler','26-feb-2002','Difensore'),
  ('802633','AFC Wimbledon',23,'Elliott','Bolton','18-oct-2001','Centrocampista'),
  ('433893','AFC Wimbledon',null,'Jaakko','Oksanen','7-nov-2000','Centrocampista'),
  ('212575','AFC Wimbledon',33,'Callum','Reilly','3-oct-1993','Centrocampista'),
  ('491741','AFC Wimbledon',null,'Anthony','Hartigan','27-jan-2000','Centrocampista'),
  ('148683','AFC Wimbledon',4,'Alex','Woodyard','16-nov-1992','Centrocampista'),
  ('662476','AFC Wimbledon',12,'Jack','Rudoni','14-jun-2001','Centrocampista'),
  ('376252','AFC Wimbledon',19,'Shane','McLoughlin','1-mar-1997','Centrocampista'),
  ('636911','AFC Wimbledon',11,'Ethan','Chislett','11-aug-1998','Centrocampista'),
  ('512175','AFC Wimbledon',null,'Ryan','Longman','6-nov-2000','Attaccante'),
  ('727129','AFC Wimbledon',17,'Ayoub','Assal','21-jan-2002','Attaccante'),
  ('345739','AFC Wimbledon',10,'Shayon','Harrison','13-jul-1997','Attaccante'),
  ('251831','AFC Wimbledon',39,'Joe','Pigott','24-nov-1993','Attaccante'),
  ('456844','AFC Wimbledon',null,'Adam','Roscrow','17-feb-1995','Attaccante'),
  ('727132','AFC Wimbledon',null,'Zach','Robinson','11-jun-2002','Attaccante'),
  ('282256','AFC Wimbledon',9,'Ollie','Palmer','21-jan-1992','Attaccante'),
  ('860693','AFC Wimbledon',28,'Corie','Andrews','20-sep-1997','Attaccante'),
  ('342050','Accrington Stanley',null,'Nathan','Baxter','8-nov-1998','Portiere'),
  ('746813','Accrington Stanley',null,'Liam','Isherwood','13-jul-2002','Portiere'),
  ('883653','Accrington Stanley',null,'Jack','Buckley',null,'Portiere'),
  ('538871','Accrington Stanley',40,'Toby','Savin','4-may-2001','Portiere'),
  ('255788','Accrington Stanley',4,'Cameron','Burgess','21-oct-1995','Difensore'),
  ('038121','Accrington Stanley',3,'Mark','Hughes','9-dec-1986','Difensore'),
  ('086204','Accrington Stanley',24,'Stephen','Sama','5-mar-1993','Difensore'),
  ('450958','Accrington Stanley',5,'Ross','Sykes','26-mar-1999','Difensore'),
  ('335593','Accrington Stanley',16,'Ben','Barclay','7-oct-1996','Difensore'),
  ('644223','Accrington Stanley',21,'Harry','Perritt','16-feb-2001','Difensore'),
  ('526643','Accrington Stanley',33,'Zehn','Mohammed','28-feb-2000','Difensore'),
  ('263556','Accrington Stanley',12,'Joe','Maguire','18-jan-1996','Difensore'),
  ('703316','Accrington Stanley',23,'Jack','Bolton','22-sep-2001','Difensore'),
  ('459873','Accrington Stanley',18,'Harvey','Rodgers','20-oct-1996','Difensore'),
  ('472330','Accrington Stanley',27,'Reagan','Ogle','29-mar-1999','Difensore'),
  ('719290','Accrington Stanley',null,'Dan','Martin','19-apr-2002','Centrocampista'),
  ('746816','Accrington Stanley',null,'Luke','Stowe','15-sep-2002','Centrocampista'),
  ('733423','Accrington Stanley',25,'Rhys','Fenlon','2-nov-2001','Centrocampista'),
  ('070019','Accrington Stanley',28,'Seamus','Conneely','9-jul-1988','Centrocampista'),
  ('391132','Accrington Stanley',6,'Matt','Butcher','14-may-1997','Centrocampista'),
  ('503728','Accrington Stanley',20,'Tom','Scully','1-oct-1999','Centrocampista'),
  ('150759','Accrington Stanley',null,'Harry','Pell','21-oct-1990','Centrocampista'),
  ('314302','Accrington Stanley',10,'Joe','Pritchard','10-sep-1996','Centrocampista'),
  ('314381','Accrington Stanley',null,'Adam','Phillips','15-jan-1998','Centrocampista'),
  ('227097','Accrington Stanley',37,'David','Morgan','4-jul-1994','Centrocampista'),
  ('396854','Accrington Stanley',null,'Tariq','Uwakwe','19-nov-1999','Centrocampista'),
  ('505198','Accrington Stanley',null,'Mo','Sangare','28-dec-1998','Centrocampista'),
  ('505561','Accrington Stanley',null,'Jon','Russell','9-oct-2000','Centrocampista'),
  ('399649','Accrington Stanley',17,'Lamine','Sherif','27-jan-1999','Centrocampista'),
  ('123334','Accrington Stanley',11,'Sean','McConville','6-mar-1989','Centrocampista'),
  ('484390','Accrington Stanley',null,'Tom','Allan','23-sep-1999','Attaccante'),
  ('359195','Accrington Stanley',26,'Lewis','Mansell','20-sep-1997','Attaccante'),
  ('562396','Accrington Stanley',null,'Ryan','Cassidy','2-mar-2001','Attaccante'),
  ('809023','Accrington Stanley',null,'Kevin','Spinelli','3-dec-2002','Attaccante'),
  ('307069','Accrington Stanley',19,'Colby','Bishop','4-nov-1996','Attaccante'),
  ('284320','Accrington Stanley',32,'Dion','Charles','7-oct-1995','Attaccante');

insert into Partite values
  ('GB300000',2,'Hull City','Crewe Alexandra',1,0),
  ('GB300001',4,'Hull City','Plymouth Argyle',1,0),
  ('GB300002',7,'Hull City','AFC Wimbledon',1,0),
  ('GB300003',8,'Hull City','Peterborough United',1,2),
  ('GB300004',11,'Hull City','Accrington Stanley',3,0),
  ('GB300005',12,'Hull City','Burton Albion',2,0),
  ('GB300006',15,'Hull City','Doncaster Rovers',2,1),
  ('GB300007',17,'Hull City','Shrewsbury Town',0,1),
  ('GB300008',19,'Hull City','Portsmouth FC',0,2),
  ('GB300009',2,'Peterborough United','Fleetwood Town',2,1),
  ('GB300010',4,'Peterborough United','Swindon Town',3,1),
  ('GB300011',6,'Peterborough United','Oxford United',2,0),
  ('GB300012',9,'Peterborough United','Burton Albion',2,2),
  ('GB300013',10,'Peterborough United','Shrewsbury Town',5,1),
  ('GB300014',13,'Peterborough United','Blackpool FC',1,2),
  ('GB300015',14,'Peterborough United','Plymouth Argyle',1,0),
  ('GB300016',17,'Peterborough United','Rochdale AFC',4,1),
  ('GB300017',19,'Peterborough United','Ipswich Town',2,1),
  ('GB300018',2,'Blackpool FC','Swindon Town',2,0),
  ('GB300019',4,'Blackpool FC','Lincoln City',2,3),
  ('GB300020',7,'Blackpool FC','Charlton Athletic',0,1),
  ('GB300021',8,'Blackpool FC','Milton Keynes Dons',1,0),
  ('GB300022',11,'Blackpool FC','Wigan Athletic',1,0),
  ('GB300023',12,'Blackpool FC','Ipswich Town',1,4),
  ('GB300024',15,'Blackpool FC','Portsmouth FC',1,0),
  ('GB300025',17,'Blackpool FC','Oxford United',0,0),
  ('GB300026',18,'Blackpool FC','Hull City',3,2),
  ('GB300027',1,'Sunderland AFC','Bristol Rovers',1,1),
  ('GB300028',3,'Sunderland AFC','Peterborough United',1,0),
  ('GB300029',5,'Sunderland AFC','Blackpool FC',0,1),
  ('GB300030',7,'Sunderland AFC','Crewe Alexandra',1,0),
  ('GB300031',8,'Sunderland AFC','Portsmouth FC',1,3),
  ('GB300032',11,'Sunderland AFC','Ipswich Town',2,1),
  ('GB300033',12,'Sunderland AFC','Milton Keynes Dons',1,2),
  ('GB300034',15,'Sunderland AFC','Burton Albion',1,1),
  ('GB300035',16,'Sunderland AFC','Wigan Athletic',0,1),
  ('GB300036',18,'Sunderland AFC','AFC Wimbledon',1,1),
  ('GB300037',1,'Lincoln City','Oxford United',2,0),
  ('GB300038',3,'Lincoln City','Charlton Athletic',2,0),
  ('GB300039',5,'Lincoln City','Bristol Rovers',1,2),
  ('GB300040',7,'Lincoln City','Plymouth Argyle',2,0),
  ('GB300041',8,'Lincoln City','Ipswich Town',1,0),
  ('GB300042',11,'Lincoln City','Portsmouth FC',1,3),
  ('GB300043',12,'Lincoln City','Gillingham FC',0,3),
  ('GB300044',15,'Lincoln City','Wigan Athletic',2,1),
  ('GB300045',17,'Lincoln City','Sunderland AFC',0,4),
  ('GB300046',18,'Lincoln City','Shrewsbury Town',0,1),
  ('GB300047',2,'Oxford United','Sunderland AFC',0,2),
  ('GB300048',4,'Oxford United','Crewe Alexandra',0,2),
  ('GB300049',7,'Oxford United','Milton Keynes Dons',3,2),
  ('GB300050',8,'Oxford United','Swindon Town',1,2),
  ('GB300051',11,'Oxford United','Rochdale AFC',3,1),
  ('GB300052',12,'Oxford United','Doncaster Rovers',3,0),
  ('GB300053',15,'Oxford United','Ipswich Town',0,0),
  ('GB300054',16,'Oxford United','Hull City',1,1),
  ('GB300055',18,'Oxford United','Northampton Town',4,0),
  ('GB300056',2,'Charlton Athletic','Doncaster Rovers',1,3),
  ('GB300057',4,'Charlton Athletic','Sunderland AFC',0,0),
  ('GB300058',6,'Charlton Athletic','Wigan Athletic',1,0),
  ('GB300059',9,'Charlton Athletic','Oxford United',2,0),
  ('GB300060',11,'Charlton Athletic','Fleetwood Town',3,2),
  ('GB300061',12,'Charlton Athletic','Rochdale AFC',4,4),
  ('GB300062',15,'Charlton Athletic','Milton Keynes Dons',0,1),
  ('GB300063',17,'Charlton Athletic','AFC Wimbledon',5,2),
  ('GB300064',18,'Charlton Athletic','Bristol Rovers',3,2),
  ('GB300065',1,'Portsmouth FC','Shrewsbury Town',0,0),
  ('GB300066',3,'Portsmouth FC','Wigan Athletic',1,2),
  ('GB300067',5,'Portsmouth FC','Milton Keynes Dons',2,1),
  ('GB300068',6,'Portsmouth FC','Doncaster Rovers',0,1),
  ('GB300069',9,'Portsmouth FC','Northampton Town',4,0),
  ('GB300070',10,'Portsmouth FC','Charlton Athletic',0,2),
  ('GB300071',13,'Portsmouth FC','Crewe Alexandra',4,1),
  ('GB300072',14,'Portsmouth FC','Oxford United',1,1),
  ('GB300073',16,'Portsmouth FC','Peterborough United',2,0),
  ('GB300074',18,'Portsmouth FC','Fleetwood Town',0,0),
  ('GB300075',1,'Ipswich Town','Wigan Athletic',2,0),
  ('GB300076',3,'Ipswich Town','Rochdale AFC',2,0),
  ('GB300077',5,'Ipswich Town','Charlton Athletic',0,2),
  ('GB300078',6,'Ipswich Town','Accrington Stanley',2,0),
  ('GB300079',9,'Ipswich Town','Gillingham FC',1,0),
  ('GB300080',10,'Ipswich Town','Crewe Alexandra',1,0),
  ('GB300081',13,'Ipswich Town','Shrewsbury Town',2,1),
  ('GB300082',14,'Ipswich Town','Hull City',0,3),
  ('GB300083',17,'Ipswich Town','Portsmouth FC',0,2),
  ('GB300084',18,'Ipswich Town','Burton Albion',2,1),
  ('GB300085',1,'Gillingham FC','Hull City',0,2),
  ('GB300086',3,'Gillingham FC','Blackpool FC',2,0),
  ('GB300087',5,'Gillingham FC','Oxford United',3,1),
  ('GB300088',7,'Gillingham FC','Portsmouth FC',0,2),
  ('GB300089',8,'Gillingham FC','Fleetwood Town',0,2),
  ('GB300090',10,'Gillingham FC','Sunderland AFC',0,2),
  ('GB300091',13,'Gillingham FC','Charlton Athletic',1,1),
  ('GB300092',14,'Gillingham FC','AFC Wimbledon',2,1),
  ('GB300093',16,'Gillingham FC','Swindon Town',2,0),
  ('GB300094',18,'Gillingham FC','Accrington Stanley',0,2),
  ('GB300095',1,'Accrington Stanley','Peterborough United',2,0),
  ('GB300096',3,'Accrington Stanley','Oxford United',1,4),
  ('GB300097',5,'Accrington Stanley','Rochdale AFC',2,1),
  ('GB300098',7,'Accrington Stanley','Fleetwood Town',1,0),
  ('GB300099',8,'Accrington Stanley','Bristol Rovers',6,1),
  ('GB300100',10,'Accrington Stanley','Plymouth Argyle',0,1),
  ('GB300101',13,'Accrington Stanley','Lincoln City',0,0),
  ('GB300102',14,'Accrington Stanley','Crewe Alexandra',1,0),
  ('GB300103',16,'Accrington Stanley','Milton Keynes Dons',2,1),
  ('GB300104',19,'Accrington Stanley','Blackpool FC',0,0),
  ('GB300105',1,'Crewe Alexandra','Charlton Athletic',0,2),
  ('GB300106',3,'Crewe Alexandra','Milton Keynes Dons',2,0),
  ('GB300107',5,'Crewe Alexandra','Wigan Athletic',3,0),
  ('GB300108',6,'Crewe Alexandra','Blackpool FC',1,1),
  ('GB300109',9,'Crewe Alexandra','Lincoln City',0,1),
  ('GB300110',11,'Crewe Alexandra','Gillingham FC',0,1),
  ('GB300111',12,'Crewe Alexandra','Peterborough United',2,0),
  ('GB300112',15,'Crewe Alexandra','Swindon Town',4,2),
  ('GB300113',17,'Crewe Alexandra','Northampton Town',2,1),
  ('GB300114',18,'Crewe Alexandra','Plymouth Argyle',2,1),
  ('GB300115',2,'Milton Keynes Dons','Lincoln City',1,2),
  ('GB300116',4,'Milton Keynes Dons','Ipswich Town',1,1),
  ('GB300117',6,'Milton Keynes Dons','Gillingham FC',2,0),
  ('GB300118',9,'Milton Keynes Dons','Wigan Athletic',2,0),
  ('GB300119',10,'Milton Keynes Dons','AFC Wimbledon',1,1),
  ('GB300120',13,'Milton Keynes Dons','Hull City',1,3),
  ('GB300121',14,'Milton Keynes Dons','Shrewsbury Town',2,2),
  ('GB300122',17,'Milton Keynes Dons','Burton Albion',1,1),
  ('GB300123',18,'Milton Keynes Dons','Peterborough United',1,1),
  ('GB300124',1,'Doncaster Rovers','Milton Keynes Dons',1,1),
  ('GB300125',3,'Doncaster Rovers','Bristol Rovers',4,1),
  ('GB300126',5,'Doncaster Rovers','Shrewsbury Town',0,1),
  ('GB300127',7,'Doncaster Rovers','Ipswich Town',4,1),
  ('GB300128',8,'Doncaster Rovers','Crewe Alexandra',1,2),
  ('GB300129',10,'Doncaster Rovers','Lincoln City',1,0),
  ('GB300130',13,'Doncaster Rovers','Sunderland AFC',1,1),
  ('GB300131',14,'Doncaster Rovers','Blackpool FC',3,2),
  ('GB300132',17,'Doncaster Rovers','Gillingham FC',2,1),
  ('GB300133',18,'Doncaster Rovers','Swindon Town',2,1),
  ('GB300134',1,'Fleetwood Town','Burton Albion',2,1),
  ('GB300135',3,'Fleetwood Town','AFC Wimbledon',0,1),
  ('GB300136',5,'Fleetwood Town','Hull City',4,1),
  ('GB300137',6,'Fleetwood Town','Lincoln City',0,0),
  ('GB300138',9,'Fleetwood Town','Shrewsbury Town',1,0),
  ('GB300139',10,'Fleetwood Town','Oxford United',2,0),
  ('GB300140',13,'Fleetwood Town','Plymouth Argyle',5,1),
  ('GB300141',14,'Fleetwood Town','Sunderland AFC',1,1),
  ('GB300142',16,'Fleetwood Town','Blackpool FC',0,1),
  ('GB300143',19,'Fleetwood Town','Wigan Athletic',1,1),
  ('GB300144',2,'Burton Albion','Accrington Stanley',2,1),
  ('GB300145',4,'Burton Albion','Portsmouth FC',2,4),
  ('GB300146',7,'Burton Albion','Rochdale AFC',0,1),
  ('GB300147',8,'Burton Albion','AFC Wimbledon',1,1),
  ('GB300148',10,'Burton Albion','Blackpool FC',1,2),
  ('GB300149',13,'Burton Albion','Northampton Town',1,3),
  ('GB300150',14,'Burton Albion','Charlton Athletic',4,2),
  ('GB300151',16,'Burton Albion','Crewe Alexandra',1,1),
  ('GB300152',19,'Burton Albion','Doncaster Rovers',1,3),
  ('GB300153',2,'Shrewsbury Town','Northampton Town',1,2),
  ('GB300154',4,'Shrewsbury Town','Gillingham FC',1,1),
  ('GB300155',7,'Shrewsbury Town','Bristol Rovers',0,1),
  ('GB300156',8,'Shrewsbury Town','Rochdale AFC',1,2),
  ('GB300157',11,'Shrewsbury Town','Burton Albion',1,1),
  ('GB300158',12,'Shrewsbury Town','Swindon Town',3,3),
  ('GB300159',15,'Shrewsbury Town','Accrington Stanley',2,2),
  ('GB300160',16,'Shrewsbury Town','Charlton Athletic',1,1),
  ('GB300161',19,'Shrewsbury Town','Sunderland AFC',2,1),
  ('GB300162',1,'Plymouth Argyle','Blackpool FC',1,0),
  ('GB300163',3,'Plymouth Argyle','Shrewsbury Town',1,1),
  ('GB300164',5,'Plymouth Argyle','Burton Albion',2,0),
  ('GB300165',6,'Plymouth Argyle','Northampton Town',2,1),
  ('GB300166',9,'Plymouth Argyle','Doncaster Rovers',2,1),
  ('GB300167',11,'Plymouth Argyle','Swindon Town',4,2),
  ('GB300168',12,'Plymouth Argyle','Portsmouth FC',2,2),
  ('GB300169',15,'Plymouth Argyle','Rochdale AFC',0,4),
  ('GB300170',16,'Plymouth Argyle','Ipswich Town',1,2),
  ('GB300171',19,'Plymouth Argyle','Milton Keynes Dons',1,0),
  ('GB300172',2,'AFC Wimbledon','Plymouth Argyle',4,4),
  ('GB300173',4,'AFC Wimbledon','Accrington Stanley',1,2),
  ('GB300174',6,'AFC Wimbledon','Shrewsbury Town',0,1),
  ('GB300175',9,'AFC Wimbledon','Blackpool FC',1,0),
  ('GB300176',11,'AFC Wimbledon','Doncaster Rovers',2,2),
  ('GB300177',12,'AFC Wimbledon','Wigan Athletic',1,1),
  ('GB300178',15,'AFC Wimbledon','Peterborough United',2,1),
  ('GB300179',16,'AFC Wimbledon','Bristol Rovers',2,4),
  ('GB300180',19,'AFC Wimbledon','Crewe Alexandra',1,2),
  ('GB300181',2,'Wigan Athletic','Gillingham FC',2,3),
  ('GB300182',4,'Wigan Athletic','Doncaster Rovers',1,0),
  ('GB300183',7,'Wigan Athletic','Peterborough United',0,1),
  ('GB300184',8,'Wigan Athletic','Plymouth Argyle',1,1),
  ('GB300185',10,'Wigan Athletic','Northampton Town',2,3),
  ('GB300186',13,'Wigan Athletic','Oxford United',1,2),
  ('GB300187',14,'Wigan Athletic','Bristol Rovers',0,0),
  ('GB300188',17,'Wigan Athletic','Accrington Stanley',4,3),
  ('GB300189',18,'Wigan Athletic','Rochdale AFC',0,5),
  ('GB300190',2,'Rochdale AFC','Portsmouth FC',0,0),
  ('GB300191',4,'Rochdale AFC','Fleetwood Town',2,1),
  ('GB300192',6,'Rochdale AFC','Hull City',0,3),
  ('GB300193',9,'Rochdale AFC','Sunderland AFC',2,2),
  ('GB300194',10,'Rochdale AFC','Bristol Rovers',1,1),
  ('GB300195',13,'Rochdale AFC','AFC Wimbledon',0,1),
  ('GB300196',14,'Rochdale AFC','Northampton Town',1,1),
  ('GB300197',16,'Rochdale AFC','Lincoln City',0,2),
  ('GB300198',19,'Rochdale AFC','Gillingham FC',1,4),
  ('GB300199',1,'Northampton Town','AFC Wimbledon',2,2),
  ('GB300200',3,'Northampton Town','Hull City',0,2),
  ('GB300201',5,'Northampton Town','Peterborough United',0,2),
  ('GB300202',7,'Northampton Town','Swindon Town',2,1),
  ('GB300203',8,'Northampton Town','Charlton Athletic',0,2),
  ('GB300204',11,'Northampton Town','Milton Keynes Dons',0,0),
  ('GB300205',12,'Northampton Town','Accrington Stanley',0,1),
  ('GB300206',15,'Northampton Town','Fleetwood Town',1,0),
  ('GB300207',16,'Northampton Town','Doncaster Rovers',0,2),
  ('GB300208',19,'Northampton Town','Lincoln City',0,4),
  ('GB300209',1,'Swindon Town','Rochdale AFC',3,1),
  ('GB300210',3,'Swindon Town','Burton Albion',4,2),
  ('GB300211',5,'Swindon Town','AFC Wimbledon',0,1),
  ('GB300212',6,'Swindon Town','Sunderland AFC',0,2),
  ('GB300213',9,'Swindon Town','Accrington Stanley',0,3),
  ('GB300214',10,'Swindon Town','Hull City',2,1),
  ('GB300215',13,'Swindon Town','Bristol Rovers',1,0),
  ('GB300216',14,'Swindon Town','Lincoln City',0,1),
  ('GB300217',17,'Swindon Town','Fleetwood Town',0,1),
  ('GB300218',19,'Swindon Town','Charlton Athletic',2,2),
  ('GB300219',2,'Bristol Rovers','Ipswich Town',0,2),
  ('GB300220',4,'Bristol Rovers','Northampton Town',2,0),
  ('GB300221',6,'Bristol Rovers','Burton Albion',1,1),
  ('GB300222',9,'Bristol Rovers','Hull City',1,3),
  ('GB300223',11,'Bristol Rovers','Peterborough United',0,2),
  ('GB300224',12,'Bristol Rovers','Fleetwood Town',1,4),
  ('GB300225',15,'Bristol Rovers','Gillingham FC',0,2),
  ('GB300226',17,'Bristol Rovers','Plymouth Argyle',3,0),
  ('GB300227',19,'Bristol Rovers','Oxford United',0,2);

insert into Gol values
  ('GB300000',81,'477704',false),
  ('GB300001',10,'255129',false),
  ('GB300002',52,'644401',false),
  ('GB300003',36,'477704',false),
  ('GB300003',63,'158631',false),
  ('GB300003',75,'488656',false),
  ('GB300004',37,'477704',false),
  ('GB300004',55,'325588',false),
  ('GB300004',67,'063223',false),
  ('GB300005',62,'477704',false),
  ('GB300005',88,'255129',false),
  ('GB300006',26,'063223',false),
  ('GB300006',81,'503768',false),
  ('GB300006',87,'135136',false),
  ('GB300007',27,'061819',false),
  ('GB300008',6,'693095',true),
  ('GB300008',55,'063223',true),
  ('GB300009',55,'265577',false),
  ('GB300009',91,'458178',false),
  ('GB300009',95,'292139',false),
  ('GB300010',6,'278092',false),
  ('GB300010',48,'158631',false),
  ('GB300010',69,'158631',false),
  ('GB300010',78,'380029',false),
  ('GB300011',43,'370559',false),
  ('GB300011',65,'488656',false),
  ('GB300012',10,'158631',false),
  ('GB300012',32,'106641',false),
  ('GB300012',48,'370559',false),
  ('GB300012',60,'106641',false),
  ('GB300013',16,'158631',false),
  ('GB300013',18,'263806',false),
  ('GB300013',42,'488656',false),
  ('GB300013',69,'488656',false),
  ('GB300013',80,'488656',false),
  ('GB300013',88,'458178',false),
  ('GB300014',19,'351261',false),
  ('GB300014',84,'307094',false),
  ('GB300014',90,'066994',false),
  ('GB300015',41,'158631',false),
  ('GB300016',5,'158631',false),
  ('GB300016',9,'354567',false),
  ('GB300016',10,'158631',false),
  ('GB300016',22,'158631',false),
  ('GB300016',40,'079725',false),
  ('GB300017',6,'123198',false),
  ('GB300017',38,'158631',false),
  ('GB300017',50,'370559',false),
  ('GB300018',41,'391788',false),
  ('GB300018',47,'391788',false),
  ('GB300019',17,'391788',false),
  ('GB300019',24,'334964',false),
  ('GB300019',83,'258886',false),
  ('GB300019',85,'334964',false),
  ('GB300019',88,'410477',false),
  ('GB300020',83,'122694',false),
  ('GB300021',66,'244130',false),
  ('GB300022',47,'244130',false),
  ('GB300023',16,'049380',false),
  ('GB300023',36,'192766',false),
  ('GB300023',45,'276266',false),
  ('GB300023',60,'066994',false),
  ('GB300023',80,'192766',false),
  ('GB300024',64,'353674',false),
  ('GB300026',38,'477704',false),
  ('GB300026',45,'351261',false),
  ('GB300026',66,'353674',false),
  ('GB300026',89,'264220',false),
  ('GB300026',93,'391788',false),
  ('GB300027',3,'227315',false),
  ('GB300027',82,'036633',false),
  ('GB300028',81,'013796',false),
  ('GB300029',56,'244130',false),
  ('GB300030',46,'553509',true),
  ('GB300031',7,'288323',false),
  ('GB300031',10,'163535',false),
  ('GB300031',25,'130395',false),
  ('GB300031',85,'130395',false),
  ('GB300032',8,'163535',false),
  ('GB300032',38,'602544',false),
  ('GB300032',84,'013796',false),
  ('GB300033',12,'158534',false),
  ('GB300033',16,'035855',false),
  ('GB300033',47,'193079',false),
  ('GB300034',60,'335181',false),
  ('GB300034',85,'158534',false),
  ('GB300035',16,'647395',false),
  ('GB300036',42,'251831',false),
  ('GB300036',62,'147419',false),
  ('GB300037',7,'325216',false),
  ('GB300037',74,'134419',false),
  ('GB300038',46,'334964',false),
  ('GB300038',88,'410477',false),
  ('GB300039',46,'195628',true),
  ('GB300039',48,'577779',false),
  ('GB300039',58,'451736',false),
  ('GB300040',50,'334964',false),
  ('GB300040',72,'470607',false),
  ('GB300041',77,'334964',false),
  ('GB300042',5,'130395',false),
  ('GB300042',50,'130395',false),
  ('GB300042',61,'363882',false),
  ('GB300042',73,'184397',false),
  ('GB300043',10,'141905',false),
  ('GB300043',20,'308388',false),
  ('GB300043',87,'183283',false),
  ('GB300044',52,'061011',false),
  ('GB300044',69,'334964',false),
  ('GB300044',83,'184397',false),
  ('GB300045',16,'013796',false),
  ('GB300045',25,'163535',false),
  ('GB300045',42,'484385',false),
  ('GB300045',72,'163535',false),
  ('GB300046',38,'049637',false),
  ('GB300047',47,'282939',false),
  ('GB300047',82,'307781',false),
  ('GB300048',28,'218144',false),
  ('GB300048',92,'485252',false),
  ('GB300049',6,'067237',false),
  ('GB300049',11,'035855',false),
  ('GB300049',58,'732743',false),
  ('GB300049',88,'401268',false),
  ('GB300049',92,'210986',false),
  ('GB300050',15,'067237',false),
  ('GB300050',85,'526247',false),
  ('GB300050',91,'602978',false),
  ('GB300051',35,'341993',false),
  ('GB300051',42,'118564',false),
  ('GB300051',58,'401268',false),
  ('GB300051',82,'341993',false),
  ('GB300052',19,'067237',false),
  ('GB300052',41,'067237',false),
  ('GB300052',45,'401268',false),
  ('GB300054',10,'059268',false),
  ('GB300054',68,'227618',false),
  ('GB300055',49,'067237',false),
  ('GB300055',65,'401268',false),
  ('GB300055',89,'067237',false),
  ('GB300055',93,'367195',false),
  ('GB300056',25,'297661',false),
  ('GB300056',49,'747258',true),
  ('GB300056',63,'503768',false),
  ('GB300056',67,'249815',false),
  ('GB300058',65,'148151',false),
  ('GB300059',32,'249815',false),
  ('GB300059',46,'051733',false),
  ('GB300060',4,'270988',false),
  ('GB300060',31,'249815',false),
  ('GB300060',33,'061622',false),
  ('GB300060',34,'061622',false),
  ('GB300060',50,'249815',false),
  ('GB300061',12,'118564',false),
  ('GB300061',21,'711247',false),
  ('GB300061',23,'122694',false),
  ('GB300061',31,'711247',false),
  ('GB300061',37,'148151',false),
  ('GB300061',42,'354567',false),
  ('GB300061',65,'122694',false),
  ('GB300061',67,'046007',false),
  ('GB300062',75,'193079',false),
  ('GB300063',37,'249815',false),
  ('GB300063',42,'251831',false),
  ('GB300063',45,'451273',false),
  ('GB300063',64,'148151',false),
  ('GB300063',65,'170322',false),
  ('GB300063',85,'122694',false),
  ('GB300063',92,'270988',false),
  ('GB300064',18,'227315',false),
  ('GB300064',32,'054382',false),
  ('GB300064',33,'051733',false),
  ('GB300064',42,'148151',false),
  ('GB300064',84,'249815',false),
  ('GB300066',39,'221446',false),
  ('GB300066',59,'325105',false),
  ('GB300066',89,'185109',false),
  ('GB300067',2,'126225',false),
  ('GB300067',12,'193079',false),
  ('GB300067',23,'185109',false),
  ('GB300068',79,'245585',false),
  ('GB300069',39,'130395',false),
  ('GB300069',47,'130395',false),
  ('GB300069',50,'363882',false),
  ('GB300069',83,'288323',false),
  ('GB300070',26,'170322',false),
  ('GB300070',82,'122694',false),
  ('GB300071',15,'363882',false),
  ('GB300071',40,'363882',false),
  ('GB300071',51,'126225',false),
  ('GB300071',56,'130395',false),
  ('GB300071',94,'425590',false),
  ('GB300072',19,'226219',false),
  ('GB300072',69,'197825',false),
  ('GB300073',61,'237505',false),
  ('GB300073',75,'126225',false),
  ('GB300075',11,'276266',false),
  ('GB300075',80,'192766',false),
  ('GB300076',53,'276266',false),
  ('GB300076',59,'192766',false),
  ('GB300077',21,'606026',false),
  ('GB300077',68,'134657',false),
  ('GB300078',55,'192766',false),
  ('GB300078',71,'070714',false),
  ('GB300079',86,'276266',false),
  ('GB300080',62,'346181',false),
  ('GB300081',4,'177914',false),
  ('GB300081',75,'129067',true),
  ('GB300081',97,'602544',false),
  ('GB300082',2,'477704',false),
  ('GB300082',46,'063223',false),
  ('GB300082',77,'135136',false),
  ('GB300083',29,'192239',false),
  ('GB300083',44,'192239',false),
  ('GB300084',4,'321096',false),
  ('GB300084',21,'354134',false),
  ('GB300084',80,'121474',false),
  ('GB300085',3,'644401',false),
  ('GB300085',82,'063223',false),
  ('GB300086',4,'203784',false),
  ('GB300086',49,'203784',false),
  ('GB300087',18,'141905',false),
  ('GB300087',22,'050379',false),
  ('GB300087',48,'367195',false),
  ('GB300087',70,'183283',false),
  ('GB300088',14,'130395',false),
  ('GB300088',17,'123384',false),
  ('GB300089',66,'092488',false),
  ('GB300089',93,'061622',false),
  ('GB300090',84,'036633',false),
  ('GB300090',94,'307781',false),
  ('GB300091',73,'183283',false),
  ('GB300091',82,'122694',false),
  ('GB300092',3,'308388',false),
  ('GB300092',28,'156939',false),
  ('GB300092',57,'203784',false),
  ('GB300093',17,'141905',false),
  ('GB300093',80,'433254',false),
  ('GB300094',44,'307069',false),
  ('GB300094',64,'284320',false),
  ('GB300095',46,'284320',false),
  ('GB300095',85,'396854',false),
  ('GB300096',45,'059268',false),
  ('GB300096',72,'562396',false),
  ('GB300096',73,'314302',true),
  ('GB300096',85,'067237',false),
  ('GB300096',87,'067237',false),
  ('GB300097',54,'136179',false),
  ('GB300097',64,'314302',false),
  ('GB300097',66,'505561',false),
  ('GB300098',73,'284320',false),
  ('GB300099',8,'314302',false),
  ('GB300099',11,'169573',false),
  ('GB300099',12,'284320',false),
  ('GB300099',17,'284320',false),
  ('GB300099',28,'307069',false),
  ('GB300099',48,'307069',false),
  ('GB300099',70,'284320',false),
  ('GB300100',51,'369171',false),
  ('GB300102',59,'307069',false),
  ('GB300103',8,'284320',false),
  ('GB300103',53,'246963',false),
  ('GB300103',62,'284320',false),
  ('GB300105',24,'608175',false),
  ('GB300105',43,'249815',false),
  ('GB300106',13,'218144',false),
  ('GB300106',20,'425590',false),
  ('GB300107',27,'553509',false),
  ('GB300107',40,'426412',false),
  ('GB300107',59,'218144',false),
  ('GB300108',54,'218144',false),
  ('GB300108',71,'283655',false),
  ('GB300109',39,'335765',false),
  ('GB300110',58,'069749',false),
  ('GB300111',29,'426412',false),
  ('GB300111',41,'421443',false),
  ('GB300112',20,'031698',false),
  ('GB300112',38,'602978',false),
  ('GB300112',39,'092986',false),
  ('GB300112',54,'322677',false),
  ('GB300112',63,'426414',false),
  ('GB300112',66,'485252',false),
  ('GB300113',3,'156899',false),
  ('GB300113',53,'485252',false),
  ('GB300113',94,'386752',false),
  ('GB300114',22,'421443',false),
  ('GB300114',43,'485252',false),
  ('GB300114',85,'565913',false),
  ('GB300115',11,'334964',false),
  ('GB300115',59,'120706',false),
  ('GB300115',78,'184397',false),
  ('GB300116',7,'121264',false),
  ('GB300116',54,'293729',false),
  ('GB300117',19,'035855',false),
  ('GB300117',47,'246963',false),
  ('GB300118',48,'193079',false),
  ('GB300118',52,'486001',false),
  ('GB300119',10,'251831',false),
  ('GB300119',13,'193079',false),
  ('GB300120',8,'063223',false),
  ('GB300120',11,'486001',false),
  ('GB300120',12,'063223',false),
  ('GB300120',76,'443726',false),
  ('GB300121',1,'049637',false),
  ('GB300121',49,'036939',false),
  ('GB300121',54,'246963',false),
  ('GB300121',70,'035855',false),
  ('GB300122',8,'091291',false),
  ('GB300122',73,'193079',false),
  ('GB300123',25,'158631',false),
  ('GB300123',78,'035855',false),
  ('GB300124',53,'297661',false),
  ('GB300124',88,'293450',false),
  ('GB300125',23,'356396',false),
  ('GB300125',30,'297661',false),
  ('GB300125',32,'577779',false),
  ('GB300125',57,'484551',false),
  ('GB300125',62,'137589',false),
  ('GB300126',53,'128292',false),
  ('GB300127',15,'356396',true),
  ('GB300127',28,'425894',false),
  ('GB300127',37,'347389',false),
  ('GB300127',62,'347389',false),
  ('GB300127',64,'312114',false),
  ('GB300128',26,'421443',false),
  ('GB300128',27,'286919',false),
  ('GB300128',70,'426412',false),
  ('GB300129',43,'347389',false),
  ('GB300130',43,'013796',false),
  ('GB300130',93,'312114',false),
  ('GB300131',10,'351261',false),
  ('GB300131',38,'391788',false),
  ('GB300131',48,'425894',false),
  ('GB300131',52,'245585',false),
  ('GB300131',76,'347389',false),
  ('GB300132',29,'245585',false),
  ('GB300132',51,'308388',false),
  ('GB300132',53,'282240',false),
  ('GB300133',47,'245585',false),
  ('GB300133',72,'245585',false),
  ('GB300133',98,'415816',false),
  ('GB300134',17,'265577',false),
  ('GB300134',66,'091286',false),
  ('GB300134',79,'092488',false),
  ('GB300135',41,'564049',false),
  ('GB300136',17,'482999',false),
  ('GB300136',21,'218140',false),
  ('GB300136',47,'265577',false),
  ('GB300136',67,'482999',false),
  ('GB300136',73,'425872',false),
  ('GB300138',25,'061622',false),
  ('GB300139',1,'265577',false),
  ('GB300139',76,'092488',false),
  ('GB300140',4,'217806',false),
  ('GB300140',7,'265577',false),
  ('GB300140',38,'255731',false),
  ('GB300140',55,'037428',false),
  ('GB300140',67,'265577',false),
  ('GB300140',84,'565913',false),
  ('GB300141',59,'163535',false),
  ('GB300141',73,'308632',false),
  ('GB300142',16,'066994',false),
  ('GB300143',28,'095245',false),
  ('GB300143',91,'426285',false),
  ('GB300144',72,'354134',false),
  ('GB300144',83,'314302',false),
  ('GB300144',87,'091286',false),
  ('GB300145',2,'288323',false),
  ('GB300145',14,'063199',false),
  ('GB300145',20,'126225',true),
  ('GB300145',47,'288323',false),
  ('GB300145',60,'237505',false),
  ('GB300145',74,'288323',false),
  ('GB300146',49,'118564',false),
  ('GB300147',65,'512175',false),
  ('GB300147',66,'106641',false),
  ('GB300148',21,'351261',false),
  ('GB300148',63,'200747',true),
  ('GB300148',75,'351261',false),
  ('GB300149',2,'452019',false),
  ('GB300149',67,'452019',false),
  ('GB300149',81,'049748',false),
  ('GB300149',92,'063199',false),
  ('GB300150',9,'063199',false),
  ('GB300150',39,'354134',false),
  ('GB300150',42,'408872',false),
  ('GB300150',53,'395797',false),
  ('GB300150',67,'122694',false),
  ('GB300150',76,'335181',false),
  ('GB300151',76,'395797',false),
  ('GB300151',88,'485252',false),
  ('GB300152',8,'312114',false),
  ('GB300152',44,'063199',false),
  ('GB300152',50,'347389',false),
  ('GB300152',59,'484551',false),
  ('GB300153',12,'092250',false),
  ('GB300153',54,'049637',false),
  ('GB300153',65,'198861',false),
  ('GB300154',12,'261166',false),
  ('GB300154',94,'183283',false),
  ('GB300155',15,'451736',false),
  ('GB300156',22,'404553',false),
  ('GB300156',36,'390687',false),
  ('GB300156',47,'128292',false),
  ('GB300157',59,'106641',false),
  ('GB300157',99,'428446',false),
  ('GB300158',11,'128292',false),
  ('GB300158',16,'402770',false),
  ('GB300158',43,'037012',false),
  ('GB300158',56,'054949',false),
  ('GB300158',61,'134418',false),
  ('GB300158',93,'528894',false),
  ('GB300159',24,'314302',false),
  ('GB300159',26,'128292',false),
  ('GB300159',86,'049637',false),
  ('GB300159',95,'562396',false),
  ('GB300160',71,'014081',false),
  ('GB300160',95,'177914',false),
  ('GB300161',21,'148908',false),
  ('GB300161',52,'129067',false),
  ('GB300161',67,'348488',false),
  ('GB300162',3,'565913',false),
  ('GB300163',14,'173804',false),
  ('GB300163',29,'218355',false),
  ('GB300164',25,'565913',false),
  ('GB300164',47,'066970',false),
  ('GB300165',41,'119123',false),
  ('GB300165',62,'723350',false),
  ('GB300165',86,'484389',false),
  ('GB300166',34,'565913',false),
  ('GB300166',68,'121773',false),
  ('GB300166',73,'312114',false),
  ('GB300167',6,'565913',false),
  ('GB300167',7,'121773',false),
  ('GB300167',10,'134418',false),
  ('GB300167',23,'031698',false),
  ('GB300167',25,'565913',false),
  ('GB300167',89,'218355',false),
  ('GB300168',11,'226219',true),
  ('GB300168',63,'130395',false),
  ('GB300168',65,'126225',false),
  ('GB300168',78,'408563',false),
  ('GB300169',3,'321579',false),
  ('GB300169',23,'451749',false),
  ('GB300169',57,'136179',false),
  ('GB300169',72,'354567',false),
  ('GB300170',14,'565913',false),
  ('GB300170',73,'121264',false),
  ('GB300170',74,'378872',false),
  ('GB300171',68,'249063',false),
  ('GB300172',16,'319779',false),
  ('GB300172',18,'251831',false),
  ('GB300172',45,'218355',false),
  ('GB300172',49,'376252',false),
  ('GB300172',60,'251831',false),
  ('GB300172',69,'512175',false),
  ('GB300172',77,'122243',false),
  ('GB300172',78,'333782',false),
  ('GB300173',18,'512175',false),
  ('GB300173',41,'450958',false),
  ('GB300173',45,'391132',false),
  ('GB300174',91,'036859',false),
  ('GB300175',13,'212575',false),
  ('GB300176',18,'251831',false),
  ('GB300176',24,'528894',false),
  ('GB300176',83,'251831',false),
  ('GB300176',91,'048959',false),
  ('GB300177',58,'128420',false),
  ('GB300177',79,'292734',false),
  ('GB300178',54,'512175',false),
  ('GB300178',60,'251831',false),
  ('GB300178',71,'158631',false),
  ('GB300179',5,'251831',false),
  ('GB300179',14,'169573',false),
  ('GB300179',25,'451736',false),
  ('GB300179',30,'156939',false),
  ('GB300179',46,'451736',false),
  ('GB300179',64,'169573',false),
  ('GB300180',60,'218144',false),
  ('GB300180',90,'512175',false),
  ('GB300180',91,'425590',false),
  ('GB300181',21,'046111',false),
  ('GB300181',22,'183283',false),
  ('GB300181',30,'183283',false),
  ('GB300181',62,'433254',false),
  ('GB300181',64,'061011',false),
  ('GB300182',59,'046111',false),
  ('GB300183',28,'158631',false),
  ('GB300184',34,'249063',false),
  ('GB300184',69,'118535',false),
  ('GB300185',13,'185702',false),
  ('GB300185',21,'198861',false),
  ('GB300185',63,'046111',false),
  ('GB300185',66,'742746',false),
  ('GB300185',75,'325105',false),
  ('GB300186',61,'067237',false),
  ('GB300186',86,'059268',false),
  ('GB300186',89,'647384',false),
  ('GB300188',14,'325105',false),
  ('GB300188',19,'142365',false),
  ('GB300188',32,'118535',false),
  ('GB300188',61,'314302',false),
  ('GB300188',65,'511622',false),
  ('GB300188',83,'038121',true),
  ('GB300188',86,'255788',false),
  ('GB300189',4,'711247',false),
  ('GB300189',19,'118564',false),
  ('GB300189',58,'104077',false),
  ('GB300189',64,'390687',false),
  ('GB300189',92,'390687',false),
  ('GB300191',13,'118564',false),
  ('GB300191',77,'482999',false),
  ('GB300191',90,'614086',false),
  ('GB300192',20,'477704',false),
  ('GB300192',73,'477704',false),
  ('GB300192',75,'063223',false),
  ('GB300193',15,'163535',false),
  ('GB300193',25,'118564',false),
  ('GB300193',40,'147419',false),
  ('GB300193',44,'118564',false),
  ('GB300194',9,'169573',false),
  ('GB300194',25,'390687',false),
  ('GB300195',92,'636911',false),
  ('GB300196',20,'452019',false),
  ('GB300196',85,'354567',false),
  ('GB300197',38,'315968',false),
  ('GB300197',68,'410477',false),
  ('GB300198',9,'532079',false),
  ('GB300198',21,'069749',false),
  ('GB300198',46,'236509',false),
  ('GB300198',47,'069749',false),
  ('GB300198',92,'280982',false),
  ('GB300199',1,'636911',false),
  ('GB300199',19,'636949',false),
  ('GB300199',23,'636908',false),
  ('GB300199',31,'723350',false),
  ('GB300200',34,'644401',false),
  ('GB300200',44,'218140',false),
  ('GB300201',33,'079725',false),
  ('GB300201',80,'236493',false),
  ('GB300202',7,'111052',false),
  ('GB300202',28,'185702',false),
  ('GB300202',76,'602978',false),
  ('GB300203',54,'028957',false),
  ('GB300203',59,'346780',true),
  ('GB300205',2,'505561',false),
  ('GB300206',47,'130478',false),
  ('GB300207',36,'503768',false),
  ('GB300207',57,'356396',false),
  ('GB300208',2,'325216',false),
  ('GB300208',42,'184397',false),
  ('GB300208',83,'470607',false),
  ('GB300208',98,'470607',false),
  ('GB300209',4,'602978',false),
  ('GB300209',33,'031698',false),
  ('GB300209',41,'528894',false),
  ('GB300209',93,'136179',false),
  ('GB300210',7,'533913',false),
  ('GB300210',31,'048312',false),
  ('GB300210',35,'077975',false),
  ('GB300210',40,'043266',false),
  ('GB300210',60,'424414',false),
  ('GB300210',77,'063199',false),
  ('GB300211',28,'251831',false),
  ('GB300212',37,'163535',false),
  ('GB300212',57,'036633',false),
  ('GB300213',6,'266037',true),
  ('GB300213',25,'307069',false),
  ('GB300213',38,'284320',false),
  ('GB300214',16,'644401',false),
  ('GB300214',31,'060908',false),
  ('GB300214',54,'037012',false),
  ('GB300215',76,'048312',false),
  ('GB300216',74,'410477',false),
  ('GB300217',29,'092488',false),
  ('GB300218',26,'415816',false),
  ('GB300218',37,'134657',false),
  ('GB300218',61,'122694',false),
  ('GB300218',90,'048312',false),
  ('GB300219',80,'158718',true),
  ('GB300219',89,'121264',false),
  ('GB300220',55,'451736',false),
  ('GB300220',79,'195628',false),
  ('GB300221',52,'577779',false),
  ('GB300221',79,'106641',false),
  ('GB300222',2,'577779',false),
  ('GB300222',63,'644401',false),
  ('GB300222',76,'473080',false),
  ('GB300222',95,'135136',false),
  ('GB300223',42,'458178',false),
  ('GB300223',64,'227944',false),
  ('GB300224',30,'265577',false),
  ('GB300224',39,'092488',false),
  ('GB300224',60,'396860',false),
  ('GB300224',82,'265577',false),
  ('GB300224',86,'061622',false),
  ('GB300225',26,'141905',false),
  ('GB300225',74,'141905',false),
  ('GB300226',7,'396678',false),
  ('GB300226',26,'020978',false),
  ('GB300226',85,'504904',false),
  ('GB300227',29,'229826',false),
  ('GB300227',92,'214927',false);
