/* File created by scraping https://www.transfermarkt.com using Antonio Cardin's program */

insert into Squadre values
  ('Sheffield Wednesday','1SW Sheffield','Moore'),
  ('Sunderland AFC','1SU Sunderland','Neil'),
  ('Ipswich Town','2DA Ipswich','McKenna'),
  ('Wigan Athletic','0UZ Wigan','Richardson'),
  ('Rotherham United','4RJ Rotherham','Warne'),
  ('Charlton Athletic','8BL','Jackson'),
  ('Milton Keynes Dons','1ST Milton Keynes','Manning'),
  ('Wycombe Wanderers','4HJ Sands,','Ainsworth'),
  ('Portsmouth FC','8RA','Cowley'),
  ('Oxford United','4XP Oxford','Robinson'),
  ('Lincoln City','8LD Lincoln','Appleton'),
  ('Doncaster Rovers','5JW Doncaster','McSheffrey'),
  ('Burton Albion','0AR Burton on Trent','Hasselbaink'),
  ('Bolton Wanderers','6JW','Evatt'),
  ('Gillingham FC','4DD Gillingham','Harris'),
  ('Plymouth Argyle','3DQ Plymouth','Schumacher'),
  ('Crewe Alexandra','6EB Crewe','Artell'),
  ('Cheltenham Town','5NA Cheltenham Spa','Duff'),
  ('Fleetwood Town','6TX Fleetwood','Crainey'),
  ('Shrewsbury Town','6ST Shrewsbury','Cotterill'),
  ('Morecambe FC','5JT Morecambe','Adams'),
  ('AFC Wimbledon','3PB London','Robinson'),
  ('Accrington Stanley','5BX','Coleman'),
  ('Cambridge United','8LN Cambridge','Bonner');

insert into Giocatori values
  ('410436','Sheffield Wednesday',1,'Bailey','Peacock-Farrell','29-oct-1996','Portiere'),
  ('319851','Sheffield Wednesday',28,'Joe','Wildsmith','28-dec-1995','Portiere'),
  ('120504','Sheffield Wednesday',16,'Harlee','Dean','26-jul-1991','Difensore'),
  ('213334','Sheffield Wednesday',6,'Dominic','Iorfa','24-jun-1995','Difensore'),
  ('435198','Sheffield Wednesday',38,'Jordan','Storey','2-sep-1997','Difensore'),
  ('217094','Sheffield Wednesday',22,'Chey','Dunkley','13-feb-1992','Difensore'),
  ('419325','Sheffield Wednesday',4,'Lewis','Gibson','19-jul-2000','Difensore'),
  ('346469','Sheffield Wednesday',3,'Jaden','Brown','24-jan-1999','Difensore'),
  ('135038','Sheffield Wednesday',32,'Jack','Hunt','6-dec-1990','Difensore'),
  ('137149','Sheffield Wednesday',2,'Liam','Palmer','19-sep-1991','Difensore'),
  ('040617','Sheffield Wednesday',5,'Sam','Hutchinson','3-aug-1989','Centrocampista'),
  ('061561','Sheffield Wednesday',10,'Barry','Bannan','1-dec-1989','Centrocampista'),
  ('181687','Sheffield Wednesday',21,'Massimo','Luongo','25-sep-1992','Centrocampista'),
  ('240083','Sheffield Wednesday',14,'George','Byers','29-may-1996','Centrocampista'),
  ('353147','Sheffield Wednesday',8,'Dennis','Adeniran','2-jan-1999','Centrocampista'),
  ('530742','Sheffield Wednesday',17,'Fisayo','Dele-Bashiru','6-feb-2001','Centrocampista'),
  ('216564','Sheffield Wednesday',18,'Marvin','Johnson','1-dec-1990','Centrocampista'),
  ('280813','Sheffield Wednesday',11,'Josh','Windass','9-jan-1994','Centrocampista'),
  ('343184','Sheffield Wednesday',40,'Sylla','Sow','8-aug-1996','Attaccante'),
  ('401268','Sheffield Wednesday',7,'Olamide','Shodipo','5-jul-1997','Attaccante'),
  ('125409','Sheffield Wednesday',41,'Nathaniel','Mendez-Laing','15-apr-1992','Attaccante'),
  ('169555','Sheffield Wednesday',13,'Callum','Paterson','13-oct-1994','Attaccante'),
  ('128897','Sheffield Wednesday',24,'Saido','Berahino','4-aug-1993','Attaccante'),
  ('503768','Sheffield Wednesday',30,'Tyreece','John-Jules','14-feb-2001','Attaccante'),
  ('284020','Sheffield Wednesday',20,'Florian','Kamberi','8-mar-1995','Attaccante'),
  ('208428','Sheffield Wednesday',9,'Lee','Gregory','26-aug-1988','Attaccante'),
  ('317444','Sunderland AFC',39,'Ron-Thorben','Hoffmann','4-apr-1999','Portiere'),
  ('181007','Sunderland AFC',1,'Lee','Burge','9-jan-1993','Portiere'),
  ('475946','Sunderland AFC',20,'Anthony','Patterson','10-may-2000','Portiere'),
  ('129049','Sunderland AFC',5,'Danny','Batth','21-sep-1990','Difensore'),
  ('354155','Sunderland AFC',19,'Arbenit','Xhemajli','23-apr-1998','Difensore'),
  ('147419','Sunderland AFC',26,'Bailey','Wright','28-jul-1992','Difensore'),
  ('207056','Sunderland AFC',16,'Jordan','Willis','24-aug-1994','Difensore'),
  ('817688','Sunderland AFC',6,'Callum','Doyle','3-oct-2003','Difensore'),
  ('568006','Sunderland AFC',17,'Dennis','Cirkin','6-apr-2002','Difensore'),
  ('559801','Sunderland AFC',2,'Niall','Huggins','18-dec-2000','Difensore'),
  ('515544','Sunderland AFC',32,'Trai','Hume','18-mar-2002','Difensore'),
  ('282939','Sunderland AFC',13,'Luke','O''Nien','21-nov-1994','Centrocampista'),
  ('073501','Sunderland AFC',4,'Corry','Evans','30-jul-1990','Centrocampista'),
  ('169625','Sunderland AFC',15,'Carl','Winchester','12-apr-1993','Centrocampista'),
  ('364828','Sunderland AFC',8,'Elliot','Embleton','2-apr-1999','Centrocampista'),
  ('570336','Sunderland AFC',24,'Dan','Neil','30-nov-2001','Centrocampista'),
  ('535479','Sunderland AFC',27,'Jay','Matete','11-feb-2001','Centrocampista'),
  ('200777','Sunderland AFC',21,'Alex','Pritchard','3-may-1993','Centrocampista'),
  ('021333','Sunderland AFC',28,'Aiden','McGeady','4-apr-1986','Attaccante'),
  ('559794','Sunderland AFC',25,'Jack','Clarke','23-nov-2000','Attaccante'),
  ('225452','Sunderland AFC',77,'Patrick','Roberts','5-feb-1997','Attaccante'),
  ('307781','Sunderland AFC',11,'Lynden','Gooch','24-dec-1995','Attaccante'),
  ('483974','Sunderland AFC',7,'Leon','Dajaku','12-apr-2001','Attaccante'),
  ('344009','Sunderland AFC',9,'Nathan','Broadhead','5-apr-1998','Attaccante'),
  ('447995','Sunderland AFC',14,'Ross','Stewart','11-jul-1996','Attaccante'),
  ('003875','Sunderland AFC',10,'Jermain','Defoe','7-oct-1982','Attaccante'),
  ('433652','Sunderland AFC',48,'Benjamin','Mbunga Kimpioka','21-feb-2000','Attaccante'),
  ('208379','Ipswich Town',28,'Christian','Walton','9-nov-1995','Portiere'),
  ('095795','Ipswich Town',31,'Vaclav','Hladky','14-nov-1990','Portiere'),
  ('391110','Ipswich Town',null,'Nick','Hayes','10-apr-1999','Portiere'),
  ('385848','Ipswich Town',5,'George','Edmundson','15-aug-1997','Difensore'),
  ('255788','Ipswich Town',26,'Cameron','Burgess','21-oct-1995','Difensore'),
  ('527425','Ipswich Town',6,'Luke','Woolfenden','21-oct-1998','Difensore'),
  ('503688','Ipswich Town',22,'Dominic','Thompson','26-jul-2000','Difensore'),
  ('485546','Ipswich Town',3,'Matt','Penney','11-feb-1998','Difensore'),
  ('197791','Ipswich Town',44,'Janoi','Donacien','3-nov-1993','Difensore'),
  ('350232','Ipswich Town',24,'Kane','Vincent-Young','15-mar-1996','Difensore'),
  ('425716','Ipswich Town',12,'Tyreeq','Bakinson','10-oct-1998','Centrocampista'),
  ('121279','Ipswich Town',25,'Tom','Carroll','28-may-1992','Centrocampista'),
  ('123551','Ipswich Town',55,'Samy','Morsy','10-sep-1991','Centrocampista'),
  ('221446','Ipswich Town',8,'Lee','Evans','24-jul-1994','Centrocampista'),
  ('633399','Ipswich Town',16,'Idris','El Mizouni','26-sep-2000','Centrocampista'),
  ('255731','Ipswich Town',7,'Wes','Burns','23-nov-1994','Centrocampista'),
  ('314366','Ipswich Town',29,'Kyle','Edwards','17-feb-1998','Centrocampista'),
  ('229695','Ipswich Town',43,'Bersant','Celina','9-sep-1996','Centrocampista'),
  ('042198','Ipswich Town',23,'Sone','Aluko','19-feb-1989','Attaccante'),
  ('296577','Ipswich Town',18,'Macauley','Bonne','26-oct-1995','Attaccante'),
  ('349503','Ipswich Town',21,'Conor','Chaplin','16-feb-1997','Attaccante'),
  ('378872','Ipswich Town',19,'Kayden','Jackson','22-feb-1994','Attaccante'),
  ('251831','Ipswich Town',9,'Joe','Pigott','24-nov-1993','Attaccante'),
  ('123198','Ipswich Town',10,'James','Norwood','5-sep-1990','Attaccante'),
  ('073472','Wigan Athletic',12,'Ben','Amos','10-apr-1990','Portiere'),
  ('057057','Wigan Athletic',1,'Jamie','Jones','18-feb-1989','Portiere'),
  ('340728','Wigan Athletic',15,'Jason','Kerr','6-feb-1997','Difensore'),
  ('444571','Wigan Athletic',16,'Curtis','Tilt','4-aug-1991','Difensore'),
  ('237505','Wigan Athletic',5,'Jack','Whatmough','19-aug-1996','Difensore'),
  ('484389','Wigan Athletic',2,'Kell','Watts','3-nov-1999','Difensore'),
  ('733314','Wigan Athletic',31,'James','Carragher','11-nov-2002','Difensore'),
  ('547936','Wigan Athletic',32,'Adam','Long','11-nov-2000','Difensore'),
  ('090964','Wigan Athletic',21,'Joe','Bennett','28-mar-1990','Difensore'),
  ('530384','Wigan Athletic',3,'Tom','Pearce','12-apr-1998','Difensore'),
  ('647376','Wigan Athletic',34,'Luke','Robinson','20-nov-2001','Difensore'),
  ('158700','Wigan Athletic',27,'Tendayi','Darikwa','13-dec-1991','Difensore'),
  ('095950','Wigan Athletic',18,'Graeme','Shinnie','4-aug-1991','Centrocampista'),
  ('337640','Wigan Athletic',26,'Glen','Rea','3-sep-1994','Centrocampista'),
  ('126225','Wigan Athletic',4,'Tom','Naylor','28-jun-1991','Centrocampista'),
  ('128902','Wigan Athletic',6,'Jordan','Cousins','6-mar-1994','Centrocampista'),
  ('425799','Wigan Athletic',20,'Tom','Bayliss','6-apr-1999','Centrocampista'),
  ('158534','Wigan Athletic',8,'Max','Power','27-jul-1993','Centrocampista'),
  ('647392','Wigan Athletic',36,'Scott','Smith','7-feb-2001','Centrocampista'),
  ('085935','Wigan Athletic',23,'James','McClean','22-apr-1989','Centrocampista'),
  ('344107','Wigan Athletic',17,'Jamie','McGrath','30-sep-1996','Centrocampista'),
  ('647384','Wigan Athletic',30,'Thelo','Aasgaard','2-may-2002','Centrocampista'),
  ('192766','Wigan Athletic',7,'Gwion','Edwards','1-mar-1993','Attaccante'),
  ('148258','Wigan Athletic',11,'Gavin','Massey','14-oct-1992','Attaccante'),
  ('425865','Wigan Athletic',19,'Callum','Lang','8-sep-1998','Attaccante'),
  ('118535','Wigan Athletic',10,'Will','Keane','11-jan-1993','Attaccante'),
  ('063223','Wigan Athletic',28,'Josh','Magennis','15-aug-1990','Attaccante'),
  ('163535','Wigan Athletic',9,'Charlie','Wyke','6-dec-1992','Attaccante'),
  ('354567','Wigan Athletic',39,'Stephen','Humphrys','15-sep-1997','Attaccante'),
  ('273742','Rotherham United',1,'Viktor','Johansson','14-sep-1998','Portiere'),
  ('242681','Rotherham United',31,'Josh','Vickers','1-dec-1995','Portiere'),
  ('802586','Rotherham United',30,'Josh','Chapman','28-sep-2002','Portiere'),
  ('192364','Rotherham United',21,'Angus','MacDonald','15-oct-1992','Difensore'),
  ('689893','Rotherham United',23,'Rarmani','Edmonds-Green','14-jan-1999','Difensore'),
  ('145923','Rotherham United',20,'Michael','Ihiekwe','20-nov-1992','Difensore'),
  ('013434','Rotherham United',6,'Richard','Wood','5-jul-1985','Difensore'),
  ('643162','Rotherham United',null,'Jake','Cooper','2-jan-2001','Difensore'),
  ('049611','Rotherham United',3,'Joe','Mattock','15-may-1990','Difensore'),
  ('340307','Rotherham United',15,'Tolaji','Bola','4-jan-1999','Difensore'),
  ('397099','Rotherham United',7,'Jordi','Osei-Tutu','2-oct-1998','Difensore'),
  ('526694','Rotherham United',2,'Wes','Harding','20-oct-1996','Difensore'),
  ('399340','Rotherham United',22,'Hakeem','Odoffin','13-apr-1998','Centrocampista'),
  ('256773','Rotherham United',4,'Dan','Barlaser','18-jan-1997','Centrocampista'),
  ('542471','Rotherham United',8,'Ben','Wiles','17-apr-1999','Centrocampista'),
  ('165341','Rotherham United',16,'Jamie','Lindsay','11-oct-1995','Centrocampista'),
  ('404553','Rotherham United',18,'Oliver','Rathbone','10-oct-1996','Centrocampista'),
  ('062052','Rotherham United',17,'Shane','Ferguson','12-jul-1991','Centrocampista'),
  ('563694','Rotherham United',14,'Mickel','Miller','2-dec-1995','Attaccante'),
  ('392591','Rotherham United',11,'Chiedozie','Ogbene','1-may-1997','Attaccante'),
  ('731867','Rotherham United',34,'Jacob','Gratton','5-jan-2002','Attaccante'),
  ('106676','Rotherham United',9,'Will','Grigg','3-jul-1991','Attaccante'),
  ('096173','Rotherham United',24,'Michael','Smith','17-oct-1991','Attaccante'),
  ('233998','Rotherham United',10,'Freddie','Ladapo','1-feb-1993','Attaccante'),
  ('363881','Rotherham United',12,'Georgie','Kelly','12-nov-1996','Attaccante'),
  ('532195','Rotherham United',19,'Joshua','Kayode','4-may-2000','Attaccante'),
  ('052191','Charlton Athletic',30,'Stephen','Henderson','2-may-1988','Portiere'),
  ('252617','Charlton Athletic',1,'Craig','MacGillivray','12-jan-1993','Portiere'),
  ('645636','Charlton Athletic',null,'Nathan','Harness','19-jan-2000','Portiere'),
  ('045823','Charlton Athletic',6,'Jason','Pearce','6-dec-1987','Difensore'),
  ('183284','Charlton Athletic',24,'Ryan','Inniss','5-jun-1995','Difensore'),
  ('425713','Charlton Athletic',5,'Akin','Famewo','9-nov-1998','Difensore'),
  ('285846','Charlton Athletic',15,'Sam','Lavelle','3-oct-1996','Difensore'),
  ('747258','Charlton Athletic',40,'Charlie','Barker','12-feb-2003','Difensore'),
  ('270988','Charlton Athletic',3,'Ben','Purrington','20-may-1996','Difensore'),
  ('125868','Charlton Athletic',27,'Pape','Souaré','6-jun-1990','Difensore'),
  ('349567','Charlton Athletic',19,'Juan','Familia-Castillo','13-jan-2000','Difensore'),
  ('043853','Charlton Athletic',2,'Chris','Gunter','21-jul-1989','Difensore'),
  ('108878','Charlton Athletic',16,'Adam','Matthews','13-jan-1992','Difensore'),
  ('292734','Charlton Athletic',4,'George','Dobson','15-nov-1997','Centrocampista'),
  ('425456','Charlton Athletic',28,'Sean','Clare','18-sep-1996','Centrocampista'),
  ('148151','Charlton Athletic',8,'Jake','Forster-Caskey','25-apr-1994','Centrocampista'),
  ('606026','Charlton Athletic',10,'Albie','Morgan','2-feb-2000','Centrocampista'),
  ('238440','Charlton Athletic',11,'Alex','Gilbey','9-dec-1994','Centrocampista'),
  ('014081','Charlton Athletic',26,'Ben','Watson','9-jul-1985','Centrocampista'),
  ('581683','Charlton Athletic',12,'Nile','John','6-mar-2003','Centrocampista'),
  ('193079','Charlton Athletic',21,'Scott','Fraser','30-mar-1995','Centrocampista'),
  ('314266','Charlton Athletic',18,'Jonathan','Leko','24-apr-1999','Attaccante'),
  ('415816','Charlton Athletic',7,'Diallang','Jaiyesimi','7-may-1998','Attaccante'),
  ('282821','Charlton Athletic',23,'Corey','Blackett-Taylor','23-sep-1997','Attaccante'),
  ('122694','Charlton Athletic',22,'Chuks','Aneke','3-jul-1993','Attaccante'),
  ('134293','Charlton Athletic',9,'Jayden','Stockley','15-sep-1993','Attaccante'),
  ('229826','Charlton Athletic',17,'Elliot','Lee','16-dec-1994','Attaccante'),
  ('249815','Charlton Athletic',14,'Conor','Washington','18-may-1992','Attaccante'),
  ('819712','Charlton Athletic',32,'Hady','Ghandour','27-jan-2000','Attaccante'),
  ('874080','Charlton Athletic',48,'Mason','Burstow','4-aug-2003','Attaccante'),
  ('396859','Milton Keynes Dons',1,'Jamie','Cumming','4-sep-1999','Portiere'),
  ('837205','Milton Keynes Dons',23,'Franco','Ravizzoli','9-jul-1997','Portiere'),
  ('384264','Milton Keynes Dons',15,'Aden','Baldwin','10-jun-1997','Difensore'),
  ('449020','Milton Keynes Dons',5,'Warren','O''Hora','19-apr-1999','Difensore'),
  ('475554','Milton Keynes Dons',6,'Harry','Darling','8-aug-1999','Difensore'),
  ('809173','Milton Keynes Dons',26,'Jack','Davies','3-dec-2002','Difensore'),
  ('293729','Milton Keynes Dons',21,'Daniel','Harvie','14-jul-1998','Difensore'),
  ('014043','Milton Keynes Dons',3,'Dean','Lewington','18-may-1984','Difensore'),
  ('626888','Milton Keynes Dons',29,'Kaine','Kesler','23-oct-2002','Difensore'),
  ('342018','Milton Keynes Dons',2,'Tennai','Watson','4-mar-1997','Difensore'),
  ('365877','Milton Keynes Dons',7,'Matt','Smith','22-nov-1999','Centrocampista'),
  ('419025','Milton Keynes Dons',14,'Conor','Coventry','25-mar-2000','Centrocampista'),
  ('128905','Milton Keynes Dons',16,'Josh','McEachran','1-mar-1993','Centrocampista'),
  ('258199','Milton Keynes Dons',17,'Ethan','Robson','25-oct-1996','Centrocampista'),
  ('244125','Milton Keynes Dons',18,'Hiram','Boateng','8-jan-1996','Centrocampista'),
  ('433837','Milton Keynes Dons',8,'David','Kasumu','5-oct-1999','Centrocampista'),
  ('727594','Milton Keynes Dons',22,'John','Freeman','4-nov-2001','Centrocampista'),
  ('433818','Milton Keynes Dons',9,'Scott','Twine','14-jul-1999','Centrocampista'),
  ('396857','Milton Keynes Dons',17,'Dan','Kemp','11-jan-1999','Attaccante'),
  ('552655','Milton Keynes Dons',20,'Troy','Parrott','4-feb-2002','Attaccante'),
  ('568535','Milton Keynes Dons',11,'Theo','Corbeanu','17-may-2002','Attaccante'),
  ('095435','Milton Keynes Dons',19,'Connor','Wickham','31-mar-1993','Attaccante'),
  ('255619','Milton Keynes Dons',10,'Mo','Eisa','12-jul-1994','Attaccante'),
  ('543075','Milton Keynes Dons',24,'Jay','Bird','13-sep-2000','Attaccante'),
  ('067339','Wycombe Wanderers',13,'David','Stockdale','20-sep-1985','Portiere'),
  ('683856','Wycombe Wanderers',30,'Tyla','Dickinson','3-apr-2001','Portiere'),
  ('392756','Wycombe Wanderers',31,'Adam','Przybek','2-apr-2000','Portiere'),
  ('244154','Wycombe Wanderers',6,'Ryan','Tafazolli','28-sep-1991','Difensore'),
  ('184684','Wycombe Wanderers',5,'Anthony','Stewart','18-sep-1992','Difensore'),
  ('507507','Wycombe Wanderers',21,'Jack','Wakely','25-oct-2000','Difensore'),
  ('158816','Wycombe Wanderers',23,'Jordan','Obita','8-dec-1993','Difensore'),
  ('039508','Wycombe Wanderers',3,'Joe','Jacobson','17-nov-1986','Difensore'),
  ('119553','Wycombe Wanderers',2,'Jack','Grimmer','25-jan-1994','Difensore'),
  ('227185','Wycombe Wanderers',26,'Jason','McCarthy','7-nov-1995','Difensore'),
  ('226964','Wycombe Wanderers',4,'Dominic','Gape','9-sep-1994','Centrocampista'),
  ('610658','Wycombe Wanderers',null,'Adam','Leathers','14-nov-2001','Centrocampista'),
  ('517286','Wycombe Wanderers',11,'Lewis','Wing','23-jun-1995','Centrocampista'),
  ('182842','Wycombe Wanderers',28,'Josh','Scowen','28-mar-1993','Centrocampista'),
  ('199530','Wycombe Wanderers',8,'Curtis','Thompson','2-sep-1993','Centrocampista'),
  ('448813','Wycombe Wanderers',22,'Nick','Freeman','7-nov-1995','Centrocampista'),
  ('507235','Wycombe Wanderers',15,'Jack','Young','21-oct-2000','Centrocampista'),
  ('104167','Wycombe Wanderers',7,'David','Wheeler','4-oct-1990','Centrocampista'),
  ('178139','Wycombe Wanderers',17,'Daryl','Horgan','10-aug-1992','Centrocampista'),
  ('530813','Wycombe Wanderers',19,'Anis','Mehmeti','9-jan-2001','Centrocampista'),
  ('244130','Wycombe Wanderers',16,'Sullay','Kaikai','26-aug-1995','Attaccante'),
  ('504198','Wycombe Wanderers',null,'Connor','Parsons','26-oct-2000','Attaccante'),
  ('069653','Wycombe Wanderers',12,'Garath','McCleary','15-may-1987','Attaccante'),
  ('048078','Wycombe Wanderers',9,'Sam','Vokes','21-oct-1989','Attaccante'),
  ('032798','Wycombe Wanderers',20,'Adebayo','Akinfenwa','10-may-1982','Attaccante'),
  ('610581','Wycombe Wanderers',25,'Ali','Al-Hamadi','1-mar-2002','Attaccante'),
  ('451736','Wycombe Wanderers',18,'Brandon','Hanlan','31-may-1997','Attaccante'),
  ('585550','Portsmouth FC',1,'Gavin','Bazunu','20-feb-2002','Portiere'),
  ('324513','Portsmouth FC',28,'Oliver','Webber','26-jun-2000','Portiere'),
  ('119569','Portsmouth FC',4,'Clark','Robertson','5-sep-1993','Difensore'),
  ('503780','Portsmouth FC',17,'Hayden','Carter','17-dec-1999','Difensore'),
  ('226219','Portsmouth FC',20,'Sean','Raggett','25-jan-1994','Difensore'),
  ('236509','Portsmouth FC',16,'Connor','Ogilvie','14-feb-1996','Difensore'),
  ('423617','Portsmouth FC',3,'Denver','Hume','11-aug-1998','Difensore'),
  ('822057','Portsmouth FC',22,'Liam','Vincent','11-feb-2003','Difensore'),
  ('268117','Portsmouth FC',15,'Mahlon','Romeo','19-sep-1995','Difensore'),
  ('158703','Portsmouth FC',13,'Kieron','Freeman','21-mar-1992','Difensore'),
  ('837269','Portsmouth FC',38,'Harry','Jewitt-White','26-mar-2004','Centrocampista'),
  ('057478','Portsmouth FC',6,'Shaun','Williams','19-oct-1986','Centrocampista'),
  ('207771','Portsmouth FC',23,'Louis','Thompson','19-dec-1994','Centrocampista'),
  ('503796','Portsmouth FC',null,'Jay','Mingi','22-oct-2000','Centrocampista'),
  ('110868','Portsmouth FC',8,'Ryan','Tunnicliffe','30-dec-1992','Centrocampista'),
  ('293507','Portsmouth FC',21,'Joe','Morrell','3-jan-1997','Centrocampista'),
  ('123384','Portsmouth FC',24,'Michael','Jacobs','4-nov-1991','Attaccante'),
  ('148908','Portsmouth FC',7,'Aiden','O''Brien','4-oct-1993','Attaccante'),
  ('363882','Portsmouth FC',11,'Ronan','Curtis','29-mar-1996','Attaccante'),
  ('559254','Portsmouth FC',14,'Jayden','Reid','22-apr-2001','Attaccante'),
  ('288323','Portsmouth FC',10,'Marcus','Harness','24-feb-1996','Attaccante'),
  ('459843','Portsmouth FC',18,'Reeco','Hackett-Fairchild','9-jan-1998','Attaccante'),
  ('420808','Portsmouth FC',19,'George','Hirst','15-feb-1999','Attaccante'),
  ('341295','Portsmouth FC',9,'Tyler','Walker','17-oct-1996','Attaccante'),
  ('049089','Oxford United',1,'Simon','Eastwood','26-jun-1989','Portiere'),
  ('337101','Oxford United',13,'Jack','Stevens','2-aug-1997','Portiere'),
  ('809097','Oxford United',null,'Mackenzie','Chapman','13-sep-2002','Portiere'),
  ('341993','Oxford United',5,'Elliott','Moore','16-mar-1997','Difensore'),
  ('048371','Oxford United',15,'John','Mousinho','30-apr-1986','Difensore'),
  ('535927','Oxford United',16,'Luke','McNally','20-sep-1999','Difensore'),
  ('611845','Oxford United',4,'Ciaron','Brown','14-jan-1998','Difensore'),
  ('564049','Oxford United',42,'Steve','Seddon','25-dec-1997','Difensore'),
  ('238591','Oxford United',2,'Sam','Long','16-jan-1995','Difensore'),
  ('259495','Oxford United',20,'Jamie','Hanson','10-nov-1995','Centrocampista'),
  ('314253','Oxford United',26,'Herbie','Kane','23-nov-1998','Centrocampista'),
  ('340320','Oxford United',18,'Marcus','McGuane','2-feb-1999','Centrocampista'),
  ('197825','Oxford United',6,'Alex','Gorrin','1-aug-1993','Centrocampista'),
  ('261357','Oxford United',8,'Cameron','Brannagan','9-may-1996','Centrocampista'),
  ('320403','Oxford United',10,'Mark','Sykes','4-aug-1997','Centrocampista'),
  ('532374','Oxford United',29,'Ben','Davis','24-nov-2000','Centrocampista'),
  ('059268','Oxford United',17,'James','Henry','10-jun-1989','Centrocampista'),
  ('192239','Oxford United',7,'Ryan','Williams','28-oct-1993','Centrocampista'),
  ('146494','Oxford United',14,'Anthony','Forde','16-nov-1993','Centrocampista'),
  ('391470','Oxford United',12,'Marcus','Browne','18-dec-1997','Centrocampista'),
  ('605167','Oxford United',28,'Oisin','Smyth','5-may-2000','Centrocampista'),
  ('337321','Oxford United',27,'Nathan','Holland','19-jun-1998','Attaccante'),
  ('325588','Oxford United',21,'Gavin','Whyte','31-jan-1996','Attaccante'),
  ('130229','Oxford United',23,'Billy','Bodin','24-mar-1992','Attaccante'),
  ('067237','Oxford United',9,'Matty','Taylor','30-mar-1990','Attaccante'),
  ('145493','Oxford United',11,'Sam','Winnall','19-jan-1991','Attaccante'),
  ('067211','Oxford United',19,'Sam','Baldock','15-mar-1989','Attaccante'),
  ('565979','Lincoln City',1,'Josh','Griffiths','5-sep-2001','Portiere'),
  ('425895','Lincoln City',29,'Jordan','Wright','28-feb-1999','Portiere'),
  ('134419','Lincoln City',5,'Adam','Jackson','18-may-1994','Difensore'),
  ('410477','Lincoln City',4,'Lewis','Montsma','25-apr-1998','Difensore'),
  ('156559','Lincoln City',16,'Joe','Walsh','13-may-1992','Difensore'),
  ('326585','Lincoln City',24,'Jamie','Robson','19-dec-1997','Difensore'),
  ('480191','Lincoln City',15,'Cohen','Bramall','2-apr-1996','Difensore'),
  ('460255','Lincoln City',3,'Max','Melbourne','24-oct-1998','Difensore'),
  ('340194','Lincoln City',2,'Regan','Poole','18-jun-1998','Difensore'),
  ('702951','Lincoln City',null,'Ziyad','Al-Oyouni','22-sep-2002','Difensore'),
  ('728733','Lincoln City',20,'Brooke','Norton-Cuffy','12-jan-2004','Difensore'),
  ('406559','Lincoln City',22,'Timothy','Eyoma','29-jan-2000','Difensore'),
  ('040612','Lincoln City',23,'Liam','Bridcutt','8-may-1989','Centrocampista'),
  ('276266','Lincoln City',12,'Teddy','Bishop','15-jul-1996','Centrocampista'),
  ('566802','Lincoln City',19,'Lewis','Fiorini','17-may-2002','Centrocampista'),
  ('411495','Lincoln City',6,'Max','Sanders','4-jan-1999','Centrocampista'),
  ('203127','Lincoln City',18,'Conor','McGrandles','24-sep-1995','Centrocampista'),
  ('357967','Lincoln City',21,'Lasse','Sörensen','21-oct-1999','Centrocampista'),
  ('502075','Lincoln City',7,'Morgan','Whittaker','7-jan-2001','Attaccante'),
  ('255129','Lincoln City',14,'Hakeeb','Adelakun','11-jun-1996','Attaccante'),
  ('036633','Lincoln City',10,'Chris','Maguire','16-jan-1989','Attaccante'),
  ('325216','Lincoln City',11,'Anthony','Scully','19-apr-1999','Attaccante'),
  ('296978','Lincoln City',8,'Liam','Cullen','23-apr-1999','Attaccante'),
  ('130395','Lincoln City',27,'John','Marquis','16-may-1992','Attaccante'),
  ('184397','Lincoln City',9,'Tom','Hopper','14-dec-1993','Attaccante'),
  ('503759','Lincoln City',17,'Ben','House','5-jul-1999','Attaccante'),
  ('205326','Doncaster Rovers',12,'Jonathan','Mitchell','24-nov-1994','Portiere'),
  ('428366','Doncaster Rovers',1,'Louis','Jones','12-oct-1998','Portiere'),
  ('811489','Doncaster Rovers',32,'Ben','Bottomley','22-oct-2002','Portiere'),
  ('128828','Doncaster Rovers',4,'Tom','Anderson','2-sep-1993','Difensore'),
  ('744608','Doncaster Rovers',3,'Ollie','Younger','14-nov-1999','Difensore'),
  ('469249','Doncaster Rovers',5,'Joseph','Olowu','27-nov-1999','Difensore'),
  ('314388','Doncaster Rovers',6,'Ro-Shaun','Williams','3-sep-1998','Difensore'),
  ('805915','Doncaster Rovers',30,'Ben','Blythe','13-jan-2002','Difensore'),
  ('689892','Doncaster Rovers',13,'Ben','Jackson','22-feb-2001','Difensore'),
  ('425894','Doncaster Rovers',24,'Cameron','John','24-aug-1999','Difensore'),
  ('550218','Doncaster Rovers',28,'Branden','Horton','9-sep-2000','Difensore'),
  ('291171','Doncaster Rovers',2,'Kyle','Knoyle','24-sep-1996','Difensore'),
  ('647454','Doncaster Rovers',19,'Charlie','Seaman','30-sep-1999','Difensore'),
  ('433991','Doncaster Rovers',22,'Ethan','Galbraith','11-may-2001','Centrocampista'),
  ('073067','Doncaster Rovers',7,'Adam','Clayton','14-jan-1989','Centrocampista'),
  ('058097','Doncaster Rovers',15,'John','Bostock','15-jan-1992','Centrocampista'),
  ('142365','Doncaster Rovers',23,'Dan','Gardner','5-apr-1990','Centrocampista'),
  ('324117','Doncaster Rovers',8,'Ben','Close','8-aug-1996','Centrocampista'),
  ('528894','Doncaster Rovers',14,'Matt','Smith','5-oct-2000','Centrocampista'),
  ('624944','Doncaster Rovers',27,'Anthony','Greaves','17-nov-2000','Centrocampista'),
  ('662539','Doncaster Rovers',29,'Lirak','Hasani','25-jun-2002','Centrocampista'),
  ('811491','Doncaster Rovers',31,'Liam','Ravenhill','28-nov-2002','Centrocampista'),
  ('137589','Doncaster Rovers',11,'Jon','Taylor','20-jul-1992','Centrocampista'),
  ('067331','Doncaster Rovers',10,'Tommy','Rowe','24-sep-1988','Centrocampista'),
  ('477450','Doncaster Rovers',16,'Aidan','Barlow','10-jan-2000','Centrocampista'),
  ('547534','Doncaster Rovers',21,'Josh','Martin','9-sep-2001','Attaccante'),
  ('261738','Doncaster Rovers',20,'Joe','Dodoo','29-jun-1995','Attaccante'),
  ('429010','Doncaster Rovers',46,'Reo','Griffiths','27-jun-2000','Attaccante'),
  ('057066','Doncaster Rovers',25,'Kieran','Agard','10-oct-1989','Attaccante'),
  ('655880','Doncaster Rovers',45,'Mipo','Odubeko','21-oct-2002','Attaccante'),
  ('201576','Doncaster Rovers',17,'Jordy','Hiwula','21-sep-1994','Attaccante'),
  ('312114','Doncaster Rovers',9,'Fejiri','Okenabirhie','25-feb-1996','Attaccante'),
  ('550829','Burton Albion',1,'Matej','Kovar','17-may-2000','Portiere'),
  ('158342','Burton Albion',24,'Ben','Garratt','25-apr-1994','Portiere'),
  ('602307','Burton Albion',20,'Callum','Hawkins','12-dec-1999','Portiere'),
  ('872525','Burton Albion',28,'Daniel','Moore',null,'Portiere'),
  ('038100','Burton Albion',38,'Michael','Mancienne','8-jan-1988','Difensore'),
  ('195679','Burton Albion',4,'Adedeji','Oshilaja','16-jul-1993','Difensore'),
  ('255626','Burton Albion',16,'Conor','Shaughnessy','30-jun-1996','Difensore'),
  ('344008','Burton Albion',26,'Ryan','Leak','28-feb-1998','Difensore'),
  ('675993','Burton Albion',18,'Frazer','Blake-Tracy','10-sep-1995','Difensore'),
  ('395797','Burton Albion',12,'Sam','Hughes','15-apr-1997','Difensore'),
  ('258879','Burton Albion',3,'Cameron','Borthwick-Jackson','2-feb-1997','Difensore'),
  ('510686','Burton Albion',22,'William','Kokolo','9-jun-2000','Difensore'),
  ('821524','Burton Albion',null,'Thierry','Latty-Fairweather','5-dec-2002','Difensore'),
  ('091286','Burton Albion',2,'John','Brayford','29-dec-1987','Difensore'),
  ('533833','Burton Albion',37,'Tom','Hamer','16-nov-1999','Difensore'),
  ('463758','Burton Albion',23,'Terry','Taylor','29-jun-2001','Centrocampista'),
  ('074768','Burton Albion',6,'Adlène','Guédioura','12-nov-1985','Centrocampista'),
  ('564048','Burton Albion',40,'Charlie','Lakin','8-may-1999','Centrocampista'),
  ('809167','Burton Albion',25,'Ciaran','Gilligan','5-feb-2002','Centrocampista'),
  ('314268','Burton Albion',29,'Jacob','Maddox','3-nov-1998','Centrocampista'),
  ('354134','Burton Albion',8,'Joe','Powell','30-oct-1998','Centrocampista'),
  ('809166','Burton Albion',27,'Tom','Hewlett',null,'Attaccante'),
  ('108654','Burton Albion',17,'Danny','Rowe','9-mar-1992','Attaccante'),
  ('348488','Burton Albion',10,'Harry','Chapman','5-nov-1997','Attaccante'),
  ('424414','Burton Albion',11,'Jonny','Smith','28-jul-1997','Attaccante'),
  ('209781','Burton Albion',null,'Oumar','Niasse','18-apr-1990','Attaccante'),
  ('125561','Burton Albion',31,'Louis','Moult','14-may-1992','Attaccante'),
  ('633168','Burton Albion',9,'Gassan','Ahadme','17-nov-2000','Attaccante'),
  ('655835','Burton Albion',15,'Christian','Saydee','10-may-2002','Attaccante'),
  ('048254','Bolton Wanderers',1,'Matt','Gilks','4-jun-1982','Portiere'),
  ('222014','Bolton Wanderers',12,'Joel','Dixon','9-dec-1993','Portiere'),
  ('566799','Bolton Wanderers',19,'James','Trafford','10-oct-2002','Portiere'),
  ('693586','Bolton Wanderers',40,'Luke','Hutchinson','1-sep-2002','Portiere'),
  ('016660','Bolton Wanderers',27,'Alex','Baptiste','31-jan-1986','Difensore'),
  ('318549','Bolton Wanderers',6,'George','Johnston','1-sep-1998','Difensore'),
  ('247666','Bolton Wanderers',5,'Ricardo','Santos','18-jun-1995','Difensore'),
  ('315619','Bolton Wanderers',15,'Will','Aimson','1-jan-1994','Difensore'),
  ('344305','Bolton Wanderers',26,'Liam','Edwards','2-oct-1996','Difensore'),
  ('238585','Bolton Wanderers',3,'Declan','John','30-jun-1995','Difensore'),
  ('474225','Bolton Wanderers',29,'Liam','Gordon','15-may-1999','Difensore'),
  ('242412','Bolton Wanderers',2,'Gethin','Jones','13-oct-1995','Difensore'),
  ('408562','Bolton Wanderers',13,'Marlon','Fossey','9-sep-1998','Difensore'),
  ('050439','Bolton Wanderers',20,'Kieran','Lee','22-jun-1988','Centrocampista'),
  ('279454','Bolton Wanderers',4,'MJ','Williams','6-nov-1995','Centrocampista'),
  ('308388','Bolton Wanderers',32,'Kyle','Dempsey','17-sep-1995','Centrocampista'),
  ('197830','Bolton Wanderers',8,'Josh','Sheehan','30-mar-1995','Centrocampista'),
  ('121415','Bolton Wanderers',18,'Andrew','Tutte','21-sep-1990','Centrocampista'),
  ('451749','Bolton Wanderers',16,'Aaron','Morley','27-feb-2000','Centrocampista'),
  ('735674','Bolton Wanderers',25,'George','Thomason','12-jan-2002','Centrocampista'),
  ('222740','Bolton Wanderers',22,'Kieran','Sadlier','14-sep-1994','Attaccante'),
  ('487850','Bolton Wanderers',17,'Oladapo','Afolayan','11-sep-1997','Attaccante'),
  ('049501','Bolton Wanderers',24,'Elias','Kachunga','22-apr-1992','Attaccante'),
  ('433185','Bolton Wanderers',14,'Xavier','Amaechi','5-jan-2001','Attaccante'),
  ('226965','Bolton Wanderers',23,'Lloyd','Isgrove','12-jan-1993','Attaccante'),
  ('114090','Bolton Wanderers',9,'Jón Dadi','Bödvarsson','25-may-1992','Attaccante'),
  ('320408','Bolton Wanderers',11,'Amadou','Bakayoko','1-jan-1996','Attaccante'),
  ('284320','Bolton Wanderers',10,'Dion','Charles','7-oct-1995','Attaccante'),
  ('365544','Gillingham FC',1,'Pontus','Dahlberg','21-jan-1999','Portiere'),
  ('270571','Gillingham FC',12,'Aaron','Chapman','29-may-1990','Portiere'),
  ('293784','Gillingham FC',15,'Conor','Masterson','8-sep-1998','Difensore'),
  ('258921','Gillingham FC',26,'Christian','Maghoma','8-nov-1997','Difensore'),
  ('158718','Gillingham FC',5,'Max','Ehmer','3-feb-1992','Difensore'),
  ('542516','Gillingham FC',6,'Jack','Tucker','12-nov-1999','Difensore'),
  ('357333','Gillingham FC',3,'David','Tutonda','11-oct-1995','Difensore'),
  ('532079','Gillingham FC',14,'Robbie','McKenzie','25-sep-1998','Difensore'),
  ('169627','Gillingham FC',2,'Ryan','Jackson','31-jul-1990','Difensore'),
  ('858420','Gillingham FC',23,'Harvey','Lintott','20-feb-2003','Difensore'),
  ('337062','Gillingham FC',8,'Ben','Thompson','3-oct-1995','Centrocampista'),
  ('093626','Gillingham FC',4,'Stuart','O''Keefe','4-mar-1991','Centrocampista'),
  ('087658','Gillingham FC',10,'Olly','Lee','11-jul-1991','Centrocampista'),
  ('532464','Gillingham FC',16,'Daniel','Adshead','2-sep-2001','Centrocampista'),
  ('646996','Gillingham FC',20,'Daniel','Phillips','18-jan-2001','Centrocampista'),
  ('073033','Gillingham FC',7,'Alex','MacDonald','14-apr-1990','Centrocampista'),
  ('171234','Gillingham FC',11,'Ben','Reeves','19-nov-1991','Centrocampista'),
  ('061906','Gillingham FC',24,'Mustapha','Carayol','4-sep-1988','Attaccante'),
  ('169568','Gillingham FC',17,'Danny','Lloyd','3-dec-1991','Attaccante'),
  ('633492','Gillingham FC',33,'Charlie','Kelman','2-nov-2001','Attaccante'),
  ('566888','Gillingham FC',9,'Thomas','Dickson-Peters','16-sep-2002','Attaccante'),
  ('141905','Gillingham FC',19,'Vadaine','Oliver','21-oct-1991','Attaccante'),
  ('885376','Gillingham FC',22,'Gerald','Sithole','28-dec-2002','Attaccante'),
  ('020978','Plymouth Argyle',23,'Luke','McCormick','15-aug-1983','Portiere'),
  ('236495','Plymouth Argyle',25,'Callum','Burton','15-aug-1996','Portiere'),
  ('533078','Plymouth Argyle',1,'Michael','Cooper','8-oct-1999','Portiere'),
  ('267113','Plymouth Argyle',3,'Macaulay','Gillesphey','24-nov-1995','Difensore'),
  ('689891','Plymouth Argyle',33,'Romoney','Crichlow','3-jun-1999','Difensore'),
  ('048098','Plymouth Argyle',5,'James','Wilson','26-feb-1989','Difensore'),
  ('407363','Plymouth Argyle',6,'Dan','Scarr','24-dec-1994','Difensore'),
  ('208244','Plymouth Argyle',22,'Brendan','Galloway','17-mar-1996','Difensore'),
  ('565915','Plymouth Argyle',27,'Ryan','Law','8-sep-1999','Difensore'),
  ('406558','Plymouth Argyle',17,'Steven','Sessegnon','18-may-2000','Difensore'),
  ('208281','Plymouth Argyle',2,'James','Bolton','13-aug-1994','Difensore'),
  ('186927','Plymouth Argyle',4,'Jordan','Houghton','5-nov-1995','Centrocampista'),
  ('633463','Plymouth Argyle',20,'Adam','Randell','1-oct-2000','Centrocampista'),
  ('106708','Plymouth Argyle',10,'Danny','Mayor','18-oct-1990','Centrocampista'),
  ('218355','Plymouth Argyle',15,'Conor','Grant','18-apr-1995','Centrocampista'),
  ('512916','Plymouth Argyle',28,'Panutche','Camara','28-feb-1997','Centrocampista'),
  ('423571','Plymouth Argyle',16,'Alfie','Lewis','28-sep-1999','Centrocampista'),
  ('380029','Plymouth Argyle',7,'Ryan','Broom','4-sep-1996','Centrocampista'),
  ('121773','Plymouth Argyle',8,'Joe','Edwards','31-oct-1990','Centrocampista'),
  ('319779','Plymouth Argyle',32,'George','Cooper','30-oct-1996','Attaccante'),
  ('461559','Plymouth Argyle',14,'Jordon','Garrick','15-jul-1998','Attaccante'),
  ('249063','Plymouth Argyle',9,'Ryan','Hardie','17-mar-1997','Attaccante'),
  ('369171','Plymouth Argyle',11,'Niall','Ennis','20-may-1999','Attaccante'),
  ('565913','Plymouth Argyle',31,'Luke','Jephcott','26-jan-2000','Attaccante'),
  ('918047','Plymouth Argyle',42,'Rhys','Shirley','18-jan-2003','Attaccante'),
  ('238479','Crewe Alexandra',31,'Dave','Richards','31-dec-1993','Portiere'),
  ('328651','Crewe Alexandra',1,'Will','Jääskeläinen','25-jul-1998','Portiere'),
  ('553509','Crewe Alexandra',6,'Luke','Offord','19-nov-1999','Difensore'),
  ('526874','Crewe Alexandra',22,'Billy','Sass-Davies','17-feb-2000','Difensore'),
  ('667497','Crewe Alexandra',28,'Zac','Williams','27-mar-2004','Difensore'),
  ('929715','Crewe Alexandra',29,'Connor','O''Riordan','19-oct-2003','Difensore'),
  ('671975','Crewe Alexandra',3,'Rio','Adebisi','27-sep-2000','Difensore'),
  ('610649','Crewe Alexandra',2,'Ryan','Alebiosu','17-dec-2001','Difensore'),
  ('583888','Crewe Alexandra',23,'Travis','Johnson','28-aug-2000','Difensore'),
  ('456877','Crewe Alexandra',4,'Rekeem','Harper','8-mar-2000','Centrocampista'),
  ('091307','Crewe Alexandra',16,'Luke','Murphy','21-oct-1989','Centrocampista'),
  ('297661','Crewe Alexandra',17,'Madger','Gomes','1-feb-1997','Centrocampista'),
  ('393564','Crewe Alexandra',11,'Callum','Ainley','2-nov-1997','Centrocampista'),
  ('505693','Crewe Alexandra',null,'Josh','Lundstram','19-feb-1999','Centrocampista'),
  ('426414','Crewe Alexandra',8,'Tom','Lowery','31-dec-1997','Centrocampista'),
  ('425590','Crewe Alexandra',14,'Oli','Finney','15-dec-1997','Centrocampista'),
  ('583863','Crewe Alexandra',18,'Regan','Griffiths','1-may-2000','Centrocampista'),
  ('536533','Crewe Alexandra',35,'Scott','Robertson','27-jul-2001','Centrocampista'),
  ('396854','Crewe Alexandra',37,'Tariq','Uwakwe','19-nov-1999','Centrocampista'),
  ('568007','Crewe Alexandra',10,'Ben','Knight','14-jun-2002','Attaccante'),
  ('342690','Crewe Alexandra',36,'Scott','Kashket','25-feb-1996','Attaccante'),
  ('183298','Crewe Alexandra',7,'Chris','Long','25-feb-1995','Attaccante'),
  ('406924','Crewe Alexandra',19,'Bassala','Sambou','15-oct-1997','Attaccante'),
  ('049434','Crewe Alexandra',9,'Chris','Porter','12-dec-1983','Attaccante'),
  ('367195','Crewe Alexandra',null,'Dan','Agyei','1-jun-1997','Attaccante'),
  ('218144','Crewe Alexandra',12,'Mikael','Mandron','11-oct-1994','Attaccante'),
  ('042003','Cheltenham Town',20,'Scott','Flinders','12-jun-1986','Portiere'),
  ('300908','Cheltenham Town',1,'Owen','Evans','28-nov-1996','Portiere'),
  ('556864','Cheltenham Town',22,'Max','Harris','14-sep-1999','Portiere'),
  ('624948','Cheltenham Town',4,'Mattie','Pollock','28-sep-2001','Difensore'),
  ('247400','Cheltenham Town',15,'Will','Boyle','1-sep-1995','Difensore'),
  ('193777','Cheltenham Town',5,'Charlie','Raglan','28-apr-1993','Difensore'),
  ('457897','Cheltenham Town',6,'Lewis','Freestone','26-oct-1999','Difensore'),
  ('427873','Cheltenham Town',28,'Ben','Williams','31-mar-1999','Difensore'),
  ('578937','Cheltenham Town',18,'Reece','Hutchinson','14-apr-2000','Difensore'),
  ('105318','Cheltenham Town',17,'Matty','Blair','21-jun-1989','Difensore'),
  ('228773','Cheltenham Town',2,'Sean','Long','2-may-1995','Difensore'),
  ('131980','Cheltenham Town',7,'Conor','Thomas','29-oct-1993','Centrocampista'),
  ('612580','Cheltenham Town',26,'Dylan','Barkers','4-jun-2000','Centrocampista'),
  ('236496','Cheltenham Town',40,'Charlie','Colkett','4-sep-1996','Centrocampista'),
  ('077570','Cheltenham Town',8,'Liam','Sercombe','25-apr-1990','Centrocampista'),
  ('508343','Cheltenham Town',11,'Ellis','Chapman','8-jan-2001','Centrocampista'),
  ('502830','Cheltenham Town',16,'Callum','Wright','2-may-2000','Centrocampista'),
  ('568092','Cheltenham Town',23,'Elliot','Bonds','23-mar-2000','Centrocampista'),
  ('646658','Cheltenham Town',27,'Aaron','Ramsey','21-jan-2003','Centrocampista'),
  ('733239','Cheltenham Town',25,'Callum','Ebanks','8-oct-2002','Attaccante'),
  ('346482','Cheltenham Town',9,'Dan','N''Lundulu','5-feb-1999','Attaccante'),
  ('445548','Cheltenham Town',21,'Charlie','Brown','23-sep-1999','Attaccante'),
  ('047909','Cheltenham Town',14,'Andy','Williams','14-aug-1986','Attaccante'),
  ('479987','Cheltenham Town',10,'Alfie','May','2-jul-1993','Attaccante'),
  ('532192','Cheltenham Town',19,'George','Lloyd','11-feb-2000','Attaccante'),
  ('624967','Cheltenham Town',29,'Kion','Etete','28-nov-2001','Attaccante'),
  ('406636','Cheltenham Town',31,'Jamie','Soule','26-nov-2000','Attaccante'),
  ('194386','Fleetwood Town',1,'Alex','Cairns','4-jan-1993','Portiere'),
  ('659489','Fleetwood Town',21,'Harry','Wright','3-nov-1998','Portiere'),
  ('289791','Fleetwood Town',13,'Kieran','O''Hara','22-apr-1996','Portiere'),
  ('121265','Fleetwood Town',33,'Toto','Nsiala','25-mar-1992','Difensore'),
  ('048124','Fleetwood Town',5,'Tom','Clarke','21-dec-1987','Difensore'),
  ('309041','Fleetwood Town',4,'Zak','Jules','7-feb-1997','Difensore'),
  ('314372','Fleetwood Town',6,'Darnell','Johnson','3-sep-1998','Difensore'),
  ('624894','Fleetwood Town',18,'Harrison','Holgate','1-jul-2000','Difensore'),
  ('095245','Fleetwood Town',3,'Danny','Andrew','23-dec-1990','Difensore'),
  ('282240','Fleetwood Town',2,'Brad','Halliday','10-jul-1995','Difensore'),
  ('366834','Fleetwood Town',26,'Callum','Johnson','23-oct-1996','Difensore'),
  ('515548','Fleetwood Town',38,'Carl','Johnston','29-may-2002','Difensore'),
  ('970393','Fleetwood Town',47,'Harvey','Macadam','9-jan-2001','Centrocampista'),
  ('258924','Fleetwood Town',16,'Jordan','Rossiter','24-mar-1997','Centrocampista'),
  ('509268','Fleetwood Town',24,'Daniel','Batty','10-dec-1997','Centrocampista'),
  ('265577','Fleetwood Town',10,'Callum','Camps','30-nov-1995','Centrocampista'),
  ('533958','Fleetwood Town',27,'Harrison','Biggins','15-mar-1996','Centrocampista'),
  ('904722','Fleetwood Town',32,'Paddy','Lane','18-feb-2001','Centrocampista'),
  ('289844','Fleetwood Town',7,'Josh','Harrop','15-dec-1995','Centrocampista'),
  ('067322','Fleetwood Town',11,'Anthony','Pilkington','6-jun-1988','Attaccante'),
  ('727023','Fleetwood Town',22,'Shayden','Morris','30-mar-2002','Attaccante'),
  ('727025','Fleetwood Town',41,'Cian','Hayes','29-jun-2003','Attaccante'),
  ('046111','Fleetwood Town',14,'Joe','Garner','12-apr-1988','Attaccante'),
  ('185109','Fleetwood Town',9,'Ellis','Harrison','29-jan-1994','Attaccante'),
  ('478637','Fleetwood Town',8,'Daniel','Butterworth','14-sep-1999','Attaccante'),
  ('618883','Fleetwood Town',19,'Gerard','Garner','2-nov-1998','Attaccante'),
  ('289411','Shrewsbury Town',1,'Marko','Marosi','23-oct-1993','Portiere'),
  ('285583','Shrewsbury Town',13,'Harry','Burgoyne','28-dec-1996','Portiere'),
  ('533840','Shrewsbury Town',21,'Cameron','Gregory','20-jan-2000','Portiere'),
  ('220755','Shrewsbury Town',5,'Matthew','Pennington','6-oct-1994','Difensore'),
  ('128292','Shrewsbury Town',6,'Aaron','Pierre','17-feb-1993','Difensore'),
  ('129067','Shrewsbury Town',4,'Ethan','Ebanks-Landell','16-dec-1992','Difensore'),
  ('125786','Shrewsbury Town',33,'Tom','Flanagan','21-oct-1991','Difensore'),
  ('960862','Shrewsbury Town',26,'Ben','Kaninda','3-oct-2003','Difensore'),
  ('227315','Shrewsbury Town',3,'Luke','Leahy','19-nov-1992','Difensore'),
  ('565682','Shrewsbury Town',14,'Matthew','Bondswell','18-apr-2002','Difensore'),
  ('633129','Shrewsbury Town',23,'George','Nurse','30-apr-1999','Difensore'),
  ('173804','Shrewsbury Town',10,'Josh','Vela','14-dec-1993','Centrocampista'),
  ('129054','Shrewsbury Town',16,'David','Davis','20-feb-1991','Centrocampista'),
  ('461882','Shrewsbury Town',24,'Khanya','Leshabela','18-sep-1999','Centrocampista'),
  ('503918','Shrewsbury Town',8,'Tyrese','Fornah','11-sep-1999','Centrocampista'),
  ('043193','Shrewsbury Town',17,'Elliott','Bennett','18-dec-1988','Centrocampista'),
  ('744754','Shrewsbury Town',19,'Charlie','Caton','25-nov-2002','Centrocampista'),
  ('049637','Shrewsbury Town',7,'Shaun','Whalley','7-aug-1987','Attaccante'),
  ('263806','Shrewsbury Town',22,'Joshua','Daniels','22-feb-1996','Attaccante'),
  ('136536','Shrewsbury Town',12,'Ryan','Bowman','30-nov-1991','Attaccante'),
  ('428446','Shrewsbury Town',11,'Daniel','Udoh','30-aug-1996','Attaccante'),
  ('816515','Shrewsbury Town',18,'Tom','Bloxham','2-nov-2003','Attaccante'),
  ('607199','Shrewsbury Town',28,'Saikou','Janneh','11-jan-2000','Attaccante'),
  ('041131','Morecambe FC',30,'Trevor','Carson','5-mar-1988','Portiere'),
  ('163532','Morecambe FC',41,'Adam','Smith','23-nov-1992','Portiere'),
  ('744549','Morecambe FC',12,'André Mendes','null','15-may-2003','Portiere'),
  ('453661','Morecambe FC',5,'Jacob','Bedeau','24-dec-1999','Difensore'),
  ('121393','Morecambe FC',4,'Anthony','O''Connor','25-oct-1992','Difensore'),
  ('128227','Morecambe FC',31,'Rhys','Bennett','1-sep-1991','Difensore'),
  ('858281','Morecambe FC',16,'Jacob','Mensah','18-jul-2000','Difensore'),
  ('201586','Morecambe FC',3,'Greg','Leigh','30-sep-1994','Difensore'),
  ('312553','Morecambe FC',22,'Liam','Gibson','25-apr-1997','Difensore'),
  ('205325','Morecambe FC',2,'Ryan','McLaughlin','30-sep-1994','Difensore'),
  ('478014','Morecambe FC',21,'Ryan','Cooney','26-feb-2000','Difensore'),
  ('951730','Morecambe FC',null,'Cameron','Rooney',null,'Centrocampista'),
  ('037010','Morecambe FC',8,'Toumani','Diagouraga','9-jun-1987','Centrocampista'),
  ('415332','Morecambe FC',27,'Ousmane','Fané','13-dec-1993','Centrocampista'),
  ('121831','Morecambe FC',10,'Aaron','Wildig','15-apr-1992','Centrocampista'),
  ('314381','Morecambe FC',18,'Adam','Phillips','15-jan-1998','Centrocampista'),
  ('471368','Morecambe FC',25,'Alfie','McCalmont','25-mar-2000','Centrocampista'),
  ('376252','Morecambe FC',19,'Shane','McLoughlin','1-mar-1997','Centrocampista'),
  ('255665','Morecambe FC',24,'Arthur','Gnahoua','18-sep-1992','Attaccante'),
  ('646939','Morecambe FC',23,'Freddie','Price','12-may-2002','Attaccante'),
  ('251838','Morecambe FC',11,'Dylan','Connolly','2-may-1995','Attaccante'),
  ('538855','Morecambe FC',7,'Wes','McDonald','4-may-1997','Attaccante'),
  ('061838','Morecambe FC',14,'Jonathan','Obika','12-sep-1990','Attaccante'),
  ('213398','Morecambe FC',9,'Cole','Stockton','13-mar-1994','Attaccante'),
  ('420777','Morecambe FC',17,'Jonah','Ayunga','24-may-1997','Attaccante'),
  ('242434','Morecambe FC',28,'Courtney','Duffus','24-oct-1995','Attaccante'),
  ('363901','AFC Wimbledon',1,'Nikola','Tzanev','23-dec-1996','Portiere'),
  ('570417','AFC Wimbledon',51,'Nathan','Broome','3-jan-2002','Portiere'),
  ('951152','AFC Wimbledon',36,'Luke','Jenkins','7-oct-2002','Difensore'),
  ('156939','AFC Wimbledon',22,'Ben','Heneghan','19-sep-1993','Difensore'),
  ('040445','AFC Wimbledon',32,'Darius','Charles','10-dec-1987','Difensore'),
  ('451273','AFC Wimbledon',3,'Dániel','Csóka','4-apr-2000','Difensore'),
  ('307823','AFC Wimbledon',5,'Will','Nightingale','2-aug-1995','Difensore'),
  ('551010','AFC Wimbledon',15,'Jack','Madelin','19-apr-2002','Difensore'),
  ('426926','AFC Wimbledon',30,'Paul','Kalambayi','9-jul-1999','Difensore'),
  ('802629','AFC Wimbledon',33,'Isaac','Ogundere','6-nov-2002','Difensore'),
  ('120697','AFC Wimbledon',55,'Lee','Brown','10-aug-1990','Difensore'),
  ('636908','AFC Wimbledon',18,'Nesta','Guinness-Walker','14-sep-1999','Difensore'),
  ('696626','AFC Wimbledon',37,'Paul','Osew','25-nov-2000','Difensore'),
  ('580765','AFC Wimbledon',2,'Henry','Lawrence','21-sep-2001','Difensore'),
  ('222732','AFC Wimbledon',7,'Cheye','Alexander','6-jan-1995','Difensore'),
  ('802630','AFC Wimbledon',27,'Dylan','Adjei-Hersey','6-sep-2002','Centrocampista'),
  ('431424','AFC Wimbledon',6,'George','Marsh','5-nov-1998','Centrocampista'),
  ('491741','AFC Wimbledon',8,'Anthony','Hartigan','27-jan-2000','Centrocampista'),
  ('148683','AFC Wimbledon',4,'Alex','Woodyard','16-nov-1992','Centrocampista'),
  ('662476','AFC Wimbledon',12,'Jack','Rudoni','14-jun-2001','Centrocampista'),
  ('396858','AFC Wimbledon',21,'Luke','McCormick','21-jan-1999','Centrocampista'),
  ('636911','AFC Wimbledon',11,'Ethan','Chislett','11-aug-1998','Centrocampista'),
  ('633258','AFC Wimbledon',50,'Tomas','Kalinauskas','27-apr-2000','Centrocampista'),
  ('393753','AFC Wimbledon',25,'Egli','Kaja','26-jul-1997','Attaccante'),
  ('727129','AFC Wimbledon',10,'Ayoub','Assal','21-jan-2002','Attaccante'),
  ('351691','AFC Wimbledon',9,'Sam','Cosgrove','2-dec-1996','Attaccante'),
  ('424021','AFC Wimbledon',16,'Dapo','Mebude','29-jul-2001','Attaccante'),
  ('471003','AFC Wimbledon',19,'Aaron','Pressley','7-nov-2001','Attaccante'),
  ('727132','AFC Wimbledon',14,'Zach','Robinson','11-jun-2002','Attaccante'),
  ('434015','AFC Wimbledon',17,'Terry','Ablade','12-oct-2001','Attaccante'),
  ('605921','AFC Wimbledon',38,'Aaron','Cosgrave','17-jul-1999','Attaccante'),
  ('746813','Accrington Stanley',30,'Liam','Isherwood','13-jul-2002','Portiere'),
  ('538871','Accrington Stanley',40,'Toby','Savin','4-may-2001','Portiere'),
  ('580767','Accrington Stanley',3,'Jay','Rich-Baghuelou','22-oct-1999','Difensore'),
  ('086204','Accrington Stanley',24,'Stephen','Sama','5-mar-1993','Difensore'),
  ('450958','Accrington Stanley',5,'Ross','Sykes','26-mar-1999','Difensore'),
  ('511622','Accrington Stanley',12,'Michael','Nottingham','14-apr-1989','Difensore'),
  ('727041','Accrington Stanley',15,'Archie','Procter','13-nov-2001','Difensore'),
  ('530740','Accrington Stanley',38,'Yeboah','Amankwah','19-oct-2000','Difensore'),
  ('503794','Accrington Stanley',32,'Rosaire','Longelo','20-oct-1999','Difensore'),
  ('459873','Accrington Stanley',2,'Harvey','Rodgers','20-oct-1996','Difensore'),
  ('390693','Accrington Stanley',36,'Mitchell','Clark','13-mar-1999','Difensore'),
  ('070019','Accrington Stanley',28,'Seamus','Conneely','9-jul-1988','Centrocampista'),
  ('391132','Accrington Stanley',6,'Matt','Butcher','14-may-1997','Centrocampista'),
  ('425268','Accrington Stanley',16,'Liam','Coyle','6-dec-1999','Centrocampista'),
  ('396286','Accrington Stanley',4,'Ethan','Hamilton','18-oct-1998','Centrocampista'),
  ('150759','Accrington Stanley',8,'Harry','Pell','21-oct-1990','Centrocampista'),
  ('314302','Accrington Stanley',10,'Joe','Pritchard','10-sep-1996','Centrocampista'),
  ('227097','Accrington Stanley',37,'David','Morgan','4-jul-1994','Centrocampista'),
  ('907464','Accrington Stanley',18,'Tommy','Leigh','13-apr-2000','Centrocampista'),
  ('173592','Accrington Stanley',7,'John','O''Sullivan','18-sep-1993','Centrocampista'),
  ('123334','Accrington Stanley',11,'Sean','McConville','6-mar-1989','Centrocampista'),
  ('545432','Accrington Stanley',41,'Marcel','Lewis','30-sep-2001','Centrocampista'),
  ('503760','Accrington Stanley',35,'Jack','Nolan','25-may-2001','Attaccante'),
  ('503727','Accrington Stanley',44,'Korede','Adedoyin','14-nov-2000','Attaccante'),
  ('381156','Accrington Stanley',14,'Joel','Mumbongo','9-jan-1999','Attaccante'),
  ('359195','Accrington Stanley',26,'Lewis','Mansell','20-sep-1997','Attaccante'),
  ('307069','Accrington Stanley',9,'Colby','Bishop','4-nov-1996','Attaccante'),
  ('456111','Cambridge United',null,'Will','Mannion','5-may-1998','Portiere'),
  ('264302','Cambridge United',1,'Dimitar','Mitov','22-jan-1997','Portiere'),
  ('344534','Cambridge United',13,'Kai','McKenzie-Lyle','30-nov-1997','Portiere'),
  ('244040','Cambridge United',6,'Lloyd','Jones','7-oct-1995','Difensore'),
  ('077042','Cambridge United',5,'Greg','Taylor','15-jan-1990','Difensore'),
  ('727287','Cambridge United',null,'Tom','Dickens','10-dec-2002','Difensore'),
  ('911750','Cambridge United',null,'Mamadou','Jobe',null,'Difensore'),
  ('514370','Cambridge United',15,'Jubril','Okedina','26-oct-2000','Difensore'),
  ('820970','Cambridge United',24,'Sam','Sherring','8-may-2000','Difensore'),
  ('524537','Cambridge United',3,'Jack','Iredale','2-may-1996','Difensore'),
  ('196242','Cambridge United',11,'Harrison','Dunk','25-oct-1990','Difensore'),
  ('346244','Cambridge United',2,'George','Williams','14-apr-1993','Difensore'),
  ('911757','Cambridge United',28,'Liam','Bennett','30-nov-2001','Difensore'),
  ('202883','Cambridge United',4,'Paul','Digby','2-feb-1995','Centrocampista'),
  ('141349','Cambridge United',8,'Liam','O''Neil','31-jul-1993','Centrocampista'),
  ('520651','Cambridge United',16,'Jensen','Weir','31-jan-2002','Centrocampista'),
  ('370551','Cambridge United',19,'Adam','May','6-dec-1997','Centrocampista'),
  ('727289','Cambridge United',null,'Lewis','Simper','3-sep-2001','Centrocampista'),
  ('533919','Cambridge United',27,'Ben','Worman','30-aug-2001','Centrocampista'),
  ('386505','Cambridge United',7,'James','Brophy','25-jul-1994','Centrocampista'),
  ('024589','Cambridge United',14,'Wes','Hoolahan','20-may-1982','Centrocampista'),
  ('602544','Cambridge United',23,'Jack','Lankester','19-jan-2000','Attaccante'),
  ('417256','Cambridge United',18,'Shilow','Tracey','29-apr-1998','Attaccante'),
  ('424885','Cambridge United',10,'Sam','Smith','8-mar-1998','Attaccante'),
  ('177901','Cambridge United',9,'Joe','Ironside','16-oct-1993','Attaccante'),
  ('507498','Cambridge United',17,'Lorent','Tolaj','23-oct-2001','Attaccante'),
  ('484735','Cambridge United',26,'Harvey','Knibbs','26-apr-1999','Attaccante');

insert into Partite values
  ('GB300000',1,'Rotherham United','Plymouth Argyle',2,0),
  ('GB300001',4,'Rotherham United','Sheffield Wednesday',0,2),
  ('GB300002',5,'Rotherham United','Doncaster Rovers',2,0),
  ('GB300003',7,'Rotherham United','Fleetwood Town',2,4),
  ('GB300004',9,'Rotherham United','Crewe Alexandra',1,1),
  ('GB300005',10,'Rotherham United','AFC Wimbledon',3,0),
  ('GB300006',13,'Rotherham United','Portsmouth FC',4,1),
  ('GB300007',14,'Rotherham United','Wycombe Wanderers',0,0),
  ('GB300008',16,'Rotherham United','Sunderland AFC',5,1),
  ('GB300009',18,'Rotherham United','Cambridge United',3,1),
  ('GB300010',2,'Wigan Athletic','Rotherham United',1,0),
  ('GB300011',3,'Wigan Athletic','Wycombe Wanderers',1,1),
  ('GB300012',5,'Wigan Athletic','Portsmouth FC',1,0),
  ('GB300013',7,'Wigan Athletic','Doncaster Rovers',2,1),
  ('GB300014',9,'Wigan Athletic','Cheltenham Town',2,0),
  ('GB300015',10,'Wigan Athletic','Sheffield Wednesday',1,2),
  ('GB300016',12,'Wigan Athletic','Lincoln City',1,2),
  ('GB300017',14,'Wigan Athletic','Milton Keynes Dons',1,2),
  ('GB300018',16,'Wigan Athletic','Burton Albion',2,0),
  ('GB300019',18,'Wigan Athletic','Oxford United',1,1),
  ('GB300020',2,'Milton Keynes Dons','Sunderland AFC',1,2),
  ('GB300021',3,'Milton Keynes Dons','Charlton Athletic',2,1),
  ('GB300022',5,'Milton Keynes Dons','Accrington Stanley',2,0),
  ('GB300023',7,'Milton Keynes Dons','Portsmouth FC',1,0),
  ('GB300024',9,'Milton Keynes Dons','Wycombe Wanderers',1,0),
  ('GB300025',10,'Milton Keynes Dons','Fleetwood Town',3,3),
  ('GB300026',12,'Milton Keynes Dons','AFC Wimbledon',1,0),
  ('GB300027',15,'Milton Keynes Dons','Rotherham United',0,3),
  ('GB300028',17,'Milton Keynes Dons','Cambridge United',4,1),
  ('GB300029',18,'Milton Keynes Dons','Burton Albion',1,0),
  ('GB300030',2,'Oxford United','Charlton Athletic',2,1),
  ('GB300031',3,'Oxford United','Crewe Alexandra',1,0),
  ('GB300032',5,'Oxford United','Lincoln City',3,1),
  ('GB300033',7,'Oxford United','Wycombe Wanderers',0,0),
  ('GB300034',9,'Oxford United','Gillingham FC',1,1),
  ('GB300035',10,'Oxford United','Accrington Stanley',5,1),
  ('GB300036',13,'Oxford United','Plymouth Argyle',1,3),
  ('GB300037',14,'Oxford United','Shrewsbury Town',2,0),
  ('GB300038',16,'Oxford United','Morecambe FC',3,1),
  ('GB300039',19,'Oxford United','Fleetwood Town',3,1),
  ('GB300040',2,'Plymouth Argyle','Gillingham FC',1,0),
  ('GB300041',3,'Plymouth Argyle','Cambridge United',1,1),
  ('GB300042',5,'Plymouth Argyle','Fleetwood Town',1,1),
  ('GB300043',7,'Plymouth Argyle','Sheffield Wednesday',3,0),
  ('GB300044',9,'Plymouth Argyle','Doncaster Rovers',2,1),
  ('GB300045',10,'Plymouth Argyle','Crewe Alexandra',1,1),
  ('GB300046',12,'Plymouth Argyle','Burton Albion',2,1),
  ('GB300047',14,'Plymouth Argyle','Bolton Wanderers',3,0),
  ('GB300048',16,'Plymouth Argyle','Ipswich Town',2,1),
  ('GB300049',19,'Plymouth Argyle','Wycombe Wanderers',0,3),
  ('GB300050',1,'Sunderland AFC','Wigan Athletic',2,1),
  ('GB300051',4,'Sunderland AFC','AFC Wimbledon',1,0),
  ('GB300052',5,'Sunderland AFC','Wycombe Wanderers',3,1),
  ('GB300053',7,'Sunderland AFC','Accrington Stanley',2,1),
  ('GB300054',9,'Sunderland AFC','Bolton Wanderers',1,0),
  ('GB300055',10,'Sunderland AFC','Cheltenham Town',5,0),
  ('GB300056',12,'Sunderland AFC','Oxford United',1,1),
  ('GB300057',15,'Sunderland AFC','Charlton Athletic',0,1),
  ('GB300058',17,'Sunderland AFC','Lincoln City',1,3),
  ('GB300059',18,'Sunderland AFC','Ipswich Town',2,0),
  ('GB300060',1,'Wycombe Wanderers','Accrington Stanley',2,1),
  ('GB300061',4,'Wycombe Wanderers','Lincoln City',1,0),
  ('GB300062',6,'Wycombe Wanderers','Ipswich Town',1,4),
  ('GB300063',8,'Wycombe Wanderers','Charlton Athletic',2,1),
  ('GB300064',11,'Wycombe Wanderers','Morecambe FC',4,3),
  ('GB300065',12,'Wycombe Wanderers','Gillingham FC',2,0),
  ('GB300066',15,'Wycombe Wanderers','Crewe Alexandra',2,1),
  ('GB300067',17,'Wycombe Wanderers','Portsmouth FC',0,1),
  ('GB300068',18,'Wycombe Wanderers','Bolton Wanderers',1,0),
  ('GB300069',2,'Sheffield Wednesday','Doncaster Rovers',2,0),
  ('GB300070',3,'Sheffield Wednesday','Fleetwood Town',1,0),
  ('GB300071',6,'Sheffield Wednesday','Sunderland AFC',3,0),
  ('GB300072',8,'Sheffield Wednesday','Shrewsbury Town',1,1),
  ('GB300073',11,'Sheffield Wednesday','Oxford United',1,2),
  ('GB300074',12,'Sheffield Wednesday','Bolton Wanderers',1,0),
  ('GB300075',15,'Sheffield Wednesday','Lincoln City',1,1),
  ('GB300076',17,'Sheffield Wednesday','Gillingham FC',1,1),
  ('GB300077',19,'Sheffield Wednesday','Milton Keynes Dons',2,1),
  ('GB300078',1,'Ipswich Town','Morecambe FC',2,2),
  ('GB300079',4,'Ipswich Town','Milton Keynes Dons',2,2),
  ('GB300080',5,'Ipswich Town','AFC Wimbledon',2,2),
  ('GB300081',7,'Ipswich Town','Bolton Wanderers',2,5),
  ('GB300082',9,'Ipswich Town','Sheffield Wednesday',1,1),
  ('GB300083',10,'Ipswich Town','Doncaster Rovers',6,0),
  ('GB300084',12,'Ipswich Town','Shrewsbury Town',2,1),
  ('GB300085',15,'Ipswich Town','Fleetwood Town',2,1),
  ('GB300086',17,'Ipswich Town','Oxford United',0,0),
  ('GB300087',19,'Ipswich Town','Rotherham United',0,2),
  ('GB300088',2,'Portsmouth FC','Crewe Alexandra',2,0),
  ('GB300089',3,'Portsmouth FC','Shrewsbury Town',1,0),
  ('GB300090',6,'Portsmouth FC','Plymouth Argyle',2,2),
  ('GB300091',8,'Portsmouth FC','Cambridge United',1,2),
  ('GB300092',11,'Portsmouth FC','Sunderland AFC',4,0),
  ('GB300093',12,'Portsmouth FC','Cheltenham Town',1,1),
  ('GB300094',14,'Portsmouth FC','Ipswich Town',0,4),
  ('GB300095',16,'Portsmouth FC','Bolton Wanderers',1,0),
  ('GB300096',18,'Portsmouth FC','AFC Wimbledon',2,1),
  ('GB300097',1,'Bolton Wanderers','Milton Keynes Dons',3,3),
  ('GB300098',4,'Bolton Wanderers','Oxford United',2,1),
  ('GB300099',6,'Bolton Wanderers','Burton Albion',0,0),
  ('GB300100',8,'Bolton Wanderers','Rotherham United',0,2),
  ('GB300101',11,'Bolton Wanderers','Shrewsbury Town',2,1),
  ('GB300102',13,'Bolton Wanderers','Wigan Athletic',0,4),
  ('GB300103',15,'Bolton Wanderers','Gillingham FC',2,2),
  ('GB300104',17,'Bolton Wanderers','Crewe Alexandra',2,0),
  ('GB300105',19,'Bolton Wanderers','Doncaster Rovers',3,0),
  ('GB300106',2,'Accrington Stanley','Cambridge United',2,1),
  ('GB300107',3,'Accrington Stanley','Doncaster Rovers',1,0),
  ('GB300108',6,'Accrington Stanley','Shrewsbury Town',1,0),
  ('GB300109',8,'Accrington Stanley','Wigan Athletic',1,4),
  ('GB300110',11,'Accrington Stanley','Ipswich Town',2,1),
  ('GB300111',12,'Accrington Stanley','Fleetwood Town',5,1),
  ('GB300112',15,'Accrington Stanley','Portsmouth FC',2,2),
  ('GB300113',17,'Accrington Stanley','Plymouth Argyle',1,4),
  ('GB300114',18,'Accrington Stanley','Sheffield Wednesday',2,3),
  ('GB300115',1,'Cambridge United','Oxford United',1,1),
  ('GB300116',4,'Cambridge United','Burton Albion',3,0),
  ('GB300117',5,'Cambridge United','Bolton Wanderers',1,0),
  ('GB300118',7,'Cambridge United','Lincoln City',1,5),
  ('GB300119',9,'Cambridge United','Fleetwood Town',2,2),
  ('GB300120',10,'Cambridge United','Gillingham FC',0,2),
  ('GB300121',13,'Cambridge United','Ipswich Town',2,2),
  ('GB300122',14,'Cambridge United','Sheffield Wednesday',1,1),
  ('GB300123',16,'Cambridge United','AFC Wimbledon',1,0),
  ('GB300124',19,'Cambridge United','Wigan Athletic',2,2),
  ('GB300125',2,'Cheltenham Town','Wycombe Wanderers',1,3),
  ('GB300126',3,'Cheltenham Town','Ipswich Town',2,1),
  ('GB300127',6,'Cheltenham Town','Milton Keynes Dons',1,1),
  ('GB300128',8,'Cheltenham Town','Oxford United',1,0),
  ('GB300129',11,'Cheltenham Town','Rotherham United',0,2),
  ('GB300130',13,'Cheltenham Town','Accrington Stanley',1,0),
  ('GB300131',14,'Cheltenham Town','Morecambe FC',3,1),
  ('GB300132',16,'Cheltenham Town','Sheffield Wednesday',2,2),
  ('GB300133',18,'Cheltenham Town','Shrewsbury Town',2,1),
  ('GB300134',2,'Burton Albion','Ipswich Town',2,1),
  ('GB300135',3,'Burton Albion','Sunderland AFC',1,0),
  ('GB300136',5,'Burton Albion','Cheltenham Town',1,1),
  ('GB300137',7,'Burton Albion','Gillingham FC',1,1),
  ('GB300138',9,'Burton Albion','Lincoln City',1,2),
  ('GB300139',10,'Burton Albion','Portsmouth FC',2,1),
  ('GB300140',13,'Burton Albion','Morecambe FC',3,2),
  ('GB300141',15,'Burton Albion','Oxford United',1,3),
  ('GB300142',17,'Burton Albion','Charlton Athletic',0,1),
  ('GB300143',19,'Burton Albion','Accrington Stanley',4,0),
  ('GB300144',1,'Charlton Athletic','Sheffield Wednesday',0,0),
  ('GB300145',4,'Charlton Athletic','Wigan Athletic',0,2),
  ('GB300146',5,'Charlton Athletic','Crewe Alexandra',2,0),
  ('GB300147',7,'Charlton Athletic','Cheltenham Town',1,2),
  ('GB300148',9,'Charlton Athletic','Portsmouth FC',2,2),
  ('GB300149',10,'Charlton Athletic','Bolton Wanderers',1,4),
  ('GB300150',12,'Charlton Athletic','Rotherham United',1,1),
  ('GB300151',14,'Charlton Athletic','Accrington Stanley',2,3),
  ('GB300152',16,'Charlton Athletic','Doncaster Rovers',4,0),
  ('GB300153',18,'Charlton Athletic','Plymouth Argyle',2,0),
  ('GB300154',1,'Shrewsbury Town','Burton Albion',0,1),
  ('GB300155',4,'Shrewsbury Town','Plymouth Argyle',0,3),
  ('GB300156',5,'Shrewsbury Town','Gillingham FC',2,1),
  ('GB300157',7,'Shrewsbury Town','Crewe Alexandra',1,1),
  ('GB300158',9,'Shrewsbury Town','AFC Wimbledon',2,1),
  ('GB300159',10,'Shrewsbury Town','Wycombe Wanderers',1,2),
  ('GB300160',13,'Shrewsbury Town','Milton Keynes Dons',1,0),
  ('GB300161',15,'Shrewsbury Town','Cambridge United',4,1),
  ('GB300162',17,'Shrewsbury Town','Rotherham United',0,0),
  ('GB300163',19,'Shrewsbury Town','Sunderland AFC',1,1),
  ('GB300164',2,'Lincoln City','Fleetwood Town',2,1),
  ('GB300165',3,'Lincoln City','Bolton Wanderers',0,1),
  ('GB300166',6,'Lincoln City','Rotherham United',1,1),
  ('GB300167',8,'Lincoln City','Ipswich Town',0,1),
  ('GB300168',11,'Lincoln City','Plymouth Argyle',2,2),
  ('GB300169',13,'Lincoln City','Charlton Athletic',2,1),
  ('GB300170',14,'Lincoln City','AFC Wimbledon',0,1),
  ('GB300171',16,'Lincoln City','Shrewsbury Town',1,1),
  ('GB300172',19,'Lincoln City','Portsmouth FC',0,3),
  ('GB300173',1,'Fleetwood Town','Portsmouth FC',0,1),
  ('GB300174',4,'Fleetwood Town','Cheltenham Town',3,2),
  ('GB300175',6,'Fleetwood Town','Wigan Athletic',2,3),
  ('GB300176',8,'Fleetwood Town','Sunderland AFC',2,2),
  ('GB300177',11,'Fleetwood Town','Charlton Athletic',1,2),
  ('GB300178',13,'Fleetwood Town','Crewe Alexandra',3,0),
  ('GB300179',14,'Fleetwood Town','Burton Albion',0,1),
  ('GB300180',16,'Fleetwood Town','Wycombe Wanderers',3,3),
  ('GB300181',18,'Fleetwood Town','Morecambe FC',1,2),
  ('GB300182',2,'AFC Wimbledon','Bolton Wanderers',3,3),
  ('GB300183',3,'AFC Wimbledon','Gillingham FC',1,1),
  ('GB300184',6,'AFC Wimbledon','Oxford United',3,1),
  ('GB300185',8,'AFC Wimbledon','Plymouth Argyle',0,1),
  ('GB300186',11,'AFC Wimbledon','Burton Albion',1,1),
  ('GB300187',13,'AFC Wimbledon','Sheffield Wednesday',2,2),
  ('GB300188',15,'AFC Wimbledon','Wigan Athletic',0,2),
  ('GB300189',17,'AFC Wimbledon','Cheltenham Town',2,2),
  ('GB300190',19,'AFC Wimbledon','Crewe Alexandra',3,2),
  ('GB300191',2,'Morecambe FC','Shrewsbury Town',2,0),
  ('GB300192',3,'Morecambe FC','Rotherham United',0,1),
  ('GB300193',5,'Morecambe FC','Sheffield Wednesday',1,0),
  ('GB300194',7,'Morecambe FC','AFC Wimbledon',3,4),
  ('GB300195',9,'Morecambe FC','Accrington Stanley',3,3),
  ('GB300196',10,'Morecambe FC','Lincoln City',2,0),
  ('GB300197',12,'Morecambe FC','Cambridge United',0,2),
  ('GB300198',15,'Morecambe FC','Plymouth Argyle',1,1),
  ('GB300199',17,'Morecambe FC','Wigan Athletic',1,2),
  ('GB300200',19,'Morecambe FC','Charlton Athletic',2,2),
  ('GB300201',1,'Gillingham FC','Lincoln City',1,1),
  ('GB300202',4,'Gillingham FC','Morecambe FC',2,1),
  ('GB300203',6,'Gillingham FC','Charlton Athletic',1,1),
  ('GB300204',8,'Gillingham FC','Milton Keynes Dons',1,4),
  ('GB300205',11,'Gillingham FC','Wigan Athletic',0,2),
  ('GB300206',13,'Gillingham FC','Sunderland AFC',1,2),
  ('GB300207',14,'Gillingham FC','Doncaster Rovers',1,0),
  ('GB300208',16,'Gillingham FC','Accrington Stanley',0,0),
  ('GB300209',19,'Gillingham FC','Cheltenham Town',0,2),
  ('GB300210',1,'Doncaster Rovers','AFC Wimbledon',1,2),
  ('GB300211',4,'Doncaster Rovers','Portsmouth FC',0,0),
  ('GB300212',6,'Doncaster Rovers','Cambridge United',1,1),
  ('GB300213',8,'Doncaster Rovers','Morecambe FC',1,0),
  ('GB300214',11,'Doncaster Rovers','Milton Keynes Dons',2,1),
  ('GB300215',13,'Doncaster Rovers','Wycombe Wanderers',0,2),
  ('GB300216',15,'Doncaster Rovers','Cheltenham Town',3,2),
  ('GB300217',17,'Doncaster Rovers','Fleetwood Town',0,1),
  ('GB300218',18,'Doncaster Rovers','Lincoln City',0,0),
  ('GB300219',1,'Crewe Alexandra','Cheltenham Town',1,1),
  ('GB300220',4,'Crewe Alexandra','Accrington Stanley',0,1),
  ('GB300221',6,'Crewe Alexandra','Morecambe FC',1,3),
  ('GB300222',8,'Crewe Alexandra','Burton Albion',2,0),
  ('GB300223',11,'Crewe Alexandra','Cambridge United',2,2),
  ('GB300224',12,'Crewe Alexandra','Doncaster Rovers',1,1),
  ('GB300225',14,'Crewe Alexandra','Sunderland AFC',0,4),
  ('GB300226',16,'Crewe Alexandra','Milton Keynes Dons',1,4),
  ('GB300227',18,'Crewe Alexandra','Gillingham FC',2,0);

insert into Gol values
  ('GB300000',10,'233998',false),
  ('GB300000',38,'542471',false),
  ('GB300001',50,'284020',false),
  ('GB300001',77,'208428',false),
  ('GB300002',27,'096173',false),
  ('GB300002',47,'096173',false),
  ('GB300003',38,'096173',false),
  ('GB300003',49,'222740',false),
  ('GB300003',54,'618883',false),
  ('GB300003',61,'095245',false),
  ('GB300003',69,'265577',false),
  ('GB300004',54,'404553',false),
  ('GB300004',91,'049434',false),
  ('GB300005',36,'106676',false),
  ('GB300005',46,'096173',false),
  ('GB300005',89,'096173',false),
  ('GB300006',29,'096173',false),
  ('GB300006',49,'288323',false),
  ('GB300006',55,'096173',false),
  ('GB300006',60,'013434',false),
  ('GB300006',62,'542471',false),
  ('GB300008',10,'096173',false),
  ('GB300008',24,'447995',false),
  ('GB300008',41,'233998',false),
  ('GB300008',53,'145923',false),
  ('GB300008',73,'096173',false),
  ('GB300008',88,'233998',false),
  ('GB300009',34,'542471',false),
  ('GB300009',48,'256773',false),
  ('GB300009',51,'424885',false),
  ('GB300009',81,'233998',false),
  ('GB300010',95,'118535',false),
  ('GB300011',47,'425865',false),
  ('GB300011',91,'184684',false),
  ('GB300012',78,'425865',false),
  ('GB300013',22,'067331',false),
  ('GB300013',24,'118535',false),
  ('GB300013',52,'118535',false),
  ('GB300014',8,'425865',false),
  ('GB300014',46,'163535',false),
  ('GB300015',23,'158534',true),
  ('GB300015',60,'169555',false),
  ('GB300015',82,'163535',false),
  ('GB300016',14,'346482',false),
  ('GB300016',57,'406559',false),
  ('GB300016',95,'148258',false),
  ('GB300017',20,'163535',false),
  ('GB300017',37,'158700',true),
  ('GB300018',9,'085935',false),
  ('GB300018',51,'444571',false),
  ('GB300019',23,'067237',false),
  ('GB300019',36,'425865',false),
  ('GB300020',42,'447995',false),
  ('GB300020',52,'364828',false),
  ('GB300020',56,'552655',false),
  ('GB300021',15,'134293',false),
  ('GB300021',18,'552655',false),
  ('GB300021',64,'255619',false),
  ('GB300022',45,'255619',false),
  ('GB300023',72,'258199',false),
  ('GB300024',40,'552655',false),
  ('GB300025',12,'618883',false),
  ('GB300025',27,'433818',false),
  ('GB300025',32,'618883',false),
  ('GB300025',39,'433818',false),
  ('GB300025',73,'433818',false),
  ('GB300025',88,'509268',false),
  ('GB300027',27,'145923',false),
  ('GB300027',66,'256773',false),
  ('GB300027',72,'233998',false),
  ('GB300028',13,'433818',false),
  ('GB300028',36,'433818',false),
  ('GB300028',82,'424885',false),
  ('GB300030',23,'192239',false),
  ('GB300030',31,'261357',false),
  ('GB300030',36,'249815',false),
  ('GB300031',33,'059268',false),
  ('GB300032',12,'059268',false),
  ('GB300032',24,'059268',false),
  ('GB300032',73,'059268',false),
  ('GB300032',87,'325216',false),
  ('GB300034',5,'067237',false),
  ('GB300034',30,'073033',false),
  ('GB300035',18,'337321',false),
  ('GB300035',24,'337321',false),
  ('GB300035',50,'067237',false),
  ('GB300035',61,'396286',false),
  ('GB300035',71,'320403',false),
  ('GB300035',94,'511622',true),
  ('GB300036',5,'067237',false),
  ('GB300036',11,'461559',false),
  ('GB300036',39,'512916',false),
  ('GB300036',84,'512916',false),
  ('GB300037',46,'320403',false),
  ('GB300037',87,'261357',false),
  ('GB300038',29,'564049',false),
  ('GB300038',64,'213398',false),
  ('GB300038',73,'320403',false),
  ('GB300038',87,'067237',false),
  ('GB300039',5,'535927',false),
  ('GB300039',13,'261357',false),
  ('GB300039',40,'535479',false),
  ('GB300039',69,'337321',false),
  ('GB300040',88,'565913',false),
  ('GB300041',68,'565913',false),
  ('GB300041',76,'177901',false),
  ('GB300042',21,'249063',false),
  ('GB300042',35,'265577',false),
  ('GB300043',7,'121773',false),
  ('GB300043',40,'407363',false),
  ('GB300043',97,'565915',false),
  ('GB300044',54,'201576',false),
  ('GB300044',68,'565913',false),
  ('GB300044',92,'218355',false),
  ('GB300045',3,'342690',false),
  ('GB300045',72,'249063',false),
  ('GB300046',15,'218355',false),
  ('GB300046',43,'380029',false),
  ('GB300047',6,'208244',false),
  ('GB300047',15,'218355',false),
  ('GB300047',94,'380029',false),
  ('GB300048',14,'385848',false),
  ('GB300048',44,'565913',false),
  ('GB300048',50,'218355',false),
  ('GB300049',62,'048078',false),
  ('GB300049',84,'530813',false),
  ('GB300049',90,'530813',false),
  ('GB300050',15,'192766',false),
  ('GB300050',17,'021333',false),
  ('GB300050',53,'447995',false),
  ('GB300051',64,'169625',false),
  ('GB300052',14,'447995',false),
  ('GB300052',18,'364828',false),
  ('GB300052',83,'447995',false),
  ('GB300052',92,'104167',false),
  ('GB300053',15,'570336',false),
  ('GB300053',30,'511622',false),
  ('GB300053',58,'169625',false),
  ('GB300054',17,'169625',false),
  ('GB300055',11,'147419',false),
  ('GB300055',28,'447995',false),
  ('GB300055',38,'447995',false),
  ('GB300055',65,'282939',false),
  ('GB300055',66,'483974',false),
  ('GB300056',7,'483974',false),
  ('GB300056',36,'067237',false),
  ('GB300057',66,'134293',false),
  ('GB300058',31,'036633',false),
  ('GB300058',57,'036633',false),
  ('GB300058',68,'447995',false),
  ('GB300058',75,'036633',false),
  ('GB300059',85,'282939',false),
  ('GB300059',93,'021333',false),
  ('GB300060',9,'069653',false),
  ('GB300060',15,'069653',false),
  ('GB300060',86,'391132',false),
  ('GB300061',3,'048078',false),
  ('GB300062',17,'104167',false),
  ('GB300062',27,'229695',false),
  ('GB300062',51,'296577',false),
  ('GB300062',60,'255731',false),
  ('GB300062',94,'229695',false),
  ('GB300063',43,'069653',false),
  ('GB300063',72,'069653',false),
  ('GB300063',92,'285846',false),
  ('GB300064',4,'471368',false),
  ('GB300064',26,'314381',false),
  ('GB300064',50,'178139',false),
  ('GB300064',53,'048078',false),
  ('GB300064',74,'244154',false),
  ('GB300064',80,'420777',false),
  ('GB300064',92,'199530',false),
  ('GB300065',2,'069653',false),
  ('GB300065',7,'451736',false),
  ('GB300066',46,'244154',false),
  ('GB300066',77,'426414',false),
  ('GB300066',97,'244154',false),
  ('GB300067',73,'288323',false),
  ('GB300068',72,'048078',false),
  ('GB300069',72,'061561',false),
  ('GB300069',75,'353147',false),
  ('GB300070',15,'208428',false),
  ('GB300071',11,'568535',false),
  ('GB300071',39,'284020',false),
  ('GB300071',53,'208428',false),
  ('GB300072',6,'128897',false),
  ('GB300072',37,'136536',false),
  ('GB300073',12,'261357',false),
  ('GB300073',73,'169555',false),
  ('GB300073',93,'059268',false),
  ('GB300074',66,'208428',false),
  ('GB300075',55,'353147',false),
  ('GB300075',80,'410477',false),
  ('GB300076',22,'141905',false),
  ('GB300076',75,'284020',false),
  ('GB300077',47,'433818',false),
  ('GB300077',83,'208428',false),
  ('GB300077',93,'280813',false),
  ('GB300078',22,'213398',false),
  ('GB300078',61,'193079',false),
  ('GB300078',72,'213398',false),
  ('GB300078',91,'296577',false),
  ('GB300079',16,'296577',false),
  ('GB300079',58,'433818',false),
  ('GB300079',72,'296577',false),
  ('GB300080',52,'251831',false),
  ('GB300080',54,'255731',false),
  ('GB300080',58,'156939',false),
  ('GB300080',95,'662476',false),
  ('GB300081',5,'296577',false),
  ('GB300081',10,'487850',false),
  ('GB300081',30,'247666',true),
  ('GB300081',47,'487850',false),
  ('GB300081',48,'197830',false),
  ('GB300081',57,'318549',false),
  ('GB300082',26,'353147',false),
  ('GB300082',90,'349503',false),
  ('GB300083',13,'296577',false),
  ('GB300083',31,'221446',false),
  ('GB300083',70,'221446',false),
  ('GB300083',72,'296577',false),
  ('GB300083',76,'221446',false),
  ('GB300083',80,'385848',false),
  ('GB300084',23,'349503',false),
  ('GB300084',28,'049637',false),
  ('GB300084',54,'296577',false),
  ('GB300085',49,'349503',false),
  ('GB300085',93,'229695',false),
  ('GB300087',24,'542471',false),
  ('GB300087',59,'062052',false),
  ('GB300088',48,'130395',false),
  ('GB300088',64,'288323',false),
  ('GB300089',3,'110868',false),
  ('GB300090',6,'120697',false),
  ('GB300090',48,'249063',false),
  ('GB300090',80,'249063',false),
  ('GB300090',95,'226219',false),
  ('GB300091',38,'177901',false),
  ('GB300091',69,'141349',false),
  ('GB300091',76,'363882',false),
  ('GB300092',19,'288323',false),
  ('GB300092',33,'120697',false),
  ('GB300092',45,'130395',false),
  ('GB300092',61,'130395',false),
  ('GB300093',6,'457897',false),
  ('GB300093',32,'459843',false),
  ('GB300094',41,'296577',false),
  ('GB300094',54,'349503',false),
  ('GB300094',58,'042198',false),
  ('GB300094',75,'255731',false),
  ('GB300095',51,'130395',false),
  ('GB300096',63,'123384',false),
  ('GB300096',89,'288323',false),
  ('GB300097',22,'255619',false),
  ('GB300097',30,'197830',false),
  ('GB300097',67,'320408',false),
  ('GB300097',71,'433818',false),
  ('GB300097',83,'244125',false),
  ('GB300097',95,'016660',false),
  ('GB300098',11,'067237',false),
  ('GB300098',45,'487850',false),
  ('GB300100',18,'542471',false),
  ('GB300100',21,'542471',false),
  ('GB300101',23,'487850',false),
  ('GB300101',89,'227315',false),
  ('GB300102',6,'118535',false),
  ('GB300102',50,'085935',false),
  ('GB300102',65,'425865',false),
  ('GB300102',81,'085935',false),
  ('GB300103',14,'308388',false),
  ('GB300103',86,'487850',false),
  ('GB300103',91,'050439',false),
  ('GB300104',50,'197830',false),
  ('GB300104',54,'320408',false),
  ('GB300105',49,'049501',false),
  ('GB300105',57,'735674',false),
  ('GB300106',14,'391132',false),
  ('GB300106',30,'150759',false),
  ('GB300106',79,'177901',false),
  ('GB300107',3,'365544',true),
  ('GB300108',15,'381156',false),
  ('GB300109',7,'237505',false),
  ('GB300109',18,'118535',false),
  ('GB300109',53,'511622',false),
  ('GB300109',58,'163535',false),
  ('GB300109',94,'163535',false),
  ('GB300110',38,'296577',false),
  ('GB300110',50,'307069',false),
  ('GB300110',79,'150759',false),
  ('GB300111',29,'396286',false),
  ('GB300111',46,'307069',false),
  ('GB300111',57,'533958',false),
  ('GB300111',72,'425268',false),
  ('GB300111',78,'307069',false),
  ('GB300111',90,'396286',false),
  ('GB300112',18,'363882',false),
  ('GB300112',50,'150759',false),
  ('GB300112',77,'391132',false),
  ('GB300112',86,'288323',false),
  ('GB300113',23,'396286',true),
  ('GB300113',44,'186927',false),
  ('GB300113',50,'907464',false),
  ('GB300113',63,'380029',false),
  ('GB300113',76,'249063',false),
  ('GB300114',13,'217094',false),
  ('GB300114',20,'568535',false),
  ('GB300114',22,'284020',false),
  ('GB300114',33,'359195',false),
  ('GB300114',53,'381156',false),
  ('GB300115',42,'564049',false),
  ('GB300115',78,'177901',false),
  ('GB300116',53,'424885',false),
  ('GB300116',73,'533833',true),
  ('GB300116',79,'533833',true),
  ('GB300117',16,'417256',false),
  ('GB300118',1,'255129',false),
  ('GB300118',16,'203127',false),
  ('GB300118',24,'325216',false),
  ('GB300118',57,'566802',false),
  ('GB300118',59,'177901',false),
  ('GB300118',72,'325216',false),
  ('GB300119',35,'370551',false),
  ('GB300119',51,'417256',false),
  ('GB300119',76,'904722',false),
  ('GB300120',26,'141905',false),
  ('GB300120',60,'169568',false),
  ('GB300121',10,'042198',false),
  ('GB300121',36,'042198',false),
  ('GB300121',40,'386505',false),
  ('GB300121',88,'177901',false),
  ('GB300122',20,'346244',false),
  ('GB300122',80,'530742',false),
  ('GB300123',47,'520651',false),
  ('GB300124',44,'177901',false),
  ('GB300124',53,'370551',false),
  ('GB300124',84,'118535',false),
  ('GB300124',87,'425865',false),
  ('GB300125',14,'048078',false),
  ('GB300125',45,'047909',false),
  ('GB300126',9,'485546',false),
  ('GB300126',62,'502830',false),
  ('GB300126',81,'247400',false),
  ('GB300127',87,'244125',false),
  ('GB300128',68,'479987',false),
  ('GB300129',51,'106676',false),
  ('GB300129',75,'689893',false),
  ('GB300131',26,'077570',false),
  ('GB300131',38,'314381',false),
  ('GB300132',65,'217094',false),
  ('GB300132',82,'105318',true),
  ('GB300132',91,'105318',false),
  ('GB300133',4,'428446',false),
  ('GB300133',24,'131980',false),
  ('GB300134',19,'354134',false),
  ('GB300134',23,'251831',false),
  ('GB300135',66,'424414',false),
  ('GB300136',28,'502830',false),
  ('GB300137',18,'141905',false),
  ('GB300138',10,'566802',false),
  ('GB300138',50,'325216',false),
  ('GB300138',86,'255626',false),
  ('GB300139',64,'459843',false),
  ('GB300140',3,'312553',false),
  ('GB300140',14,'255626',false),
  ('GB300140',94,'213398',false),
  ('GB300141',1,'067237',false),
  ('GB300141',80,'564048',false),
  ('GB300141',84,'059268',false),
  ('GB300142',20,'270988',false),
  ('GB300143',49,'424414',false),
  ('GB300143',50,'424414',false),
  ('GB300145',88,'158700',false),
  ('GB300145',95,'085935',false),
  ('GB300146',36,'415816',false),
  ('GB300146',41,'134293',false),
  ('GB300147',6,'105318',false),
  ('GB300147',59,'314266',false),
  ('GB300148',6,'363882',false),
  ('GB300148',47,'425456',false),
  ('GB300148',72,'288323',false),
  ('GB300149',43,'487850',false),
  ('GB300149',73,'050439',false),
  ('GB300149',81,'050439',false),
  ('GB300150',47,'563694',false),
  ('GB300150',83,'249815',false),
  ('GB300151',9,'150759',false),
  ('GB300151',31,'227097',true),
  ('GB300151',57,'150759',false),
  ('GB300151',66,'396286',false),
  ('GB300151',78,'134293',false),
  ('GB300152',21,'229826',false),
  ('GB300152',34,'249815',false),
  ('GB300152',62,'134293',false),
  ('GB300152',71,'270988',false),
  ('GB300153',61,'270988',false),
  ('GB300153',84,'249815',false),
  ('GB300154',31,'091286',false),
  ('GB300155',24,'249063',false),
  ('GB300155',50,'565913',false),
  ('GB300155',65,'249063',false),
  ('GB300156',12,'542516',false),
  ('GB300156',59,'816515',false),
  ('GB300156',68,'351691',false),
  ('GB300157',19,'351691',false),
  ('GB300157',44,'218144',false),
  ('GB300158',32,'424021',false),
  ('GB300158',41,'227315',false),
  ('GB300158',67,'428446',false),
  ('GB300159',52,'039508',false),
  ('GB300159',66,'244154',false),
  ('GB300159',78,'220755',false),
  ('GB300160',56,'049637',false),
  ('GB300161',6,'136536',false),
  ('GB300161',58,'524537',false),
  ('GB300161',73,'136536',false),
  ('GB300161',83,'136536',false),
  ('GB300161',90,'227315',false),
  ('GB300163',16,'200777',false),
  ('GB300163',64,'428446',false),
  ('GB300164',32,'095245',false),
  ('GB300164',69,'325216',false),
  ('GB300164',87,'325216',false),
  ('GB300166',22,'096173',false),
  ('GB300166',55,'566802',false),
  ('GB300167',30,'296577',false),
  ('GB300168',25,'249063',false),
  ('GB300168',66,'357967',false),
  ('GB300168',74,'208244',false),
  ('GB300168',90,'325216',false),
  ('GB300169',58,'134293',true),
  ('GB300169',63,'285846',false),
  ('GB300169',91,'340194',false),
  ('GB300170',5,'471003',false),
  ('GB300171',43,'203127',false),
  ('GB300171',50,'227315',false),
  ('GB300172',48,'288323',false),
  ('GB300172',66,'420808',false),
  ('GB300172',89,'459843',false),
  ('GB300173',60,'120697',false),
  ('GB300174',8,'502830',false),
  ('GB300174',33,'048124',false),
  ('GB300174',81,'314372',false),
  ('GB300174',87,'479987',false),
  ('GB300174',90,'727023',false),
  ('GB300175',8,'095245',false),
  ('GB300175',62,'425865',false),
  ('GB300175',68,'118535',false),
  ('GB300175',72,'444571',false),
  ('GB300176',19,'447995',false),
  ('GB300176',76,'021333',false),
  ('GB300176',97,'618883',false),
  ('GB300177',41,'314266',false),
  ('GB300177',51,'095245',false),
  ('GB300177',69,'134293',false),
  ('GB300178',60,'366834',false),
  ('GB300178',72,'095245',false),
  ('GB300178',96,'618883',false),
  ('GB300180',5,'095245',false),
  ('GB300180',24,'451736',false),
  ('GB300180',30,'032798',false),
  ('GB300180',50,'048078',false),
  ('GB300180',60,'046111',false),
  ('GB300180',64,'727023',false),
  ('GB300181',82,'366834',false),
  ('GB300181',94,'213398',false),
  ('GB300182',20,'307823',false),
  ('GB300182',27,'197830',false),
  ('GB300182',48,'487850',false),
  ('GB300182',74,'471003',false),
  ('GB300182',75,'424021',false),
  ('GB300183',97,'426926',true),
  ('GB300184',46,'320403',false),
  ('GB300184',55,'662476',false),
  ('GB300184',78,'307823',false),
  ('GB300184',81,'662476',false),
  ('GB300185',47,'249063',false),
  ('GB300186',90,'020978',false),
  ('GB300187',13,'208428',false),
  ('GB300187',61,'208428',false),
  ('GB300187',67,'636908',false),
  ('GB300187',85,'662476',false),
  ('GB300188',50,'426926',true),
  ('GB300188',54,'085935',false),
  ('GB300189',8,'727129',false),
  ('GB300189',31,'479987',false),
  ('GB300189',34,'479987',false),
  ('GB300189',80,'605921',false),
  ('GB300190',11,'183298',false),
  ('GB300190',24,'662476',false),
  ('GB300190',89,'049434',false),
  ('GB300191',34,'314381',false),
  ('GB300191',44,'213398',false),
  ('GB300192',60,'096173',false),
  ('GB300193',63,'353147',true),
  ('GB300194',5,'491741',false),
  ('GB300194',49,'213398',false),
  ('GB300194',54,'376252',false),
  ('GB300194',61,'636911',false),
  ('GB300194',65,'213398',false),
  ('GB300194',72,'307823',false),
  ('GB300194',94,'727129',false),
  ('GB300195',15,'213398',false),
  ('GB300195',19,'307069',false),
  ('GB300195',21,'391132',false),
  ('GB300195',27,'314381',false),
  ('GB300195',68,'307069',false),
  ('GB300195',81,'213398',false),
  ('GB300196',53,'213398',false),
  ('GB300197',28,'533919',false),
  ('GB300197',72,'177901',false),
  ('GB300198',6,'420777',false),
  ('GB300198',12,'106708',false),
  ('GB300199',7,'213398',false),
  ('GB300199',46,'118535',false),
  ('GB300199',73,'354567',false),
  ('GB300200',2,'415816',false),
  ('GB300200',27,'249815',false),
  ('GB300200',29,'213398',false),
  ('GB300200',72,'121393',false),
  ('GB300201',44,'169568',false),
  ('GB300202',4,'061906',false),
  ('GB300202',25,'213398',false),
  ('GB300202',79,'141905',false),
  ('GB300203',18,'229826',false),
  ('GB300203',56,'270988',true),
  ('GB300204',20,'141905',false),
  ('GB300204',28,'433818',false),
  ('GB300204',82,'158718',true),
  ('GB300205',64,'158534',false),
  ('GB300205',82,'118535',false),
  ('GB300206',25,'169568',false),
  ('GB300206',48,'148908',false),
  ('GB300206',54,'125786',false),
  ('GB300207',79,'093626',false),
  ('GB300209',30,'228773',false),
  ('GB300209',60,'479987',false),
  ('GB300210',46,'647454',false),
  ('GB300210',58,'727129',false),
  ('GB300210',74,'020978',false),
  ('GB300212',7,'142365',true),
  ('GB300212',68,'433991',false),
  ('GB300213',81,'067331',false),
  ('GB300214',6,'067331',false),
  ('GB300215',2,'184684',false),
  ('GB300215',17,'032798',false),
  ('GB300216',23,'261738',false),
  ('GB300216',46,'128828',false),
  ('GB300216',68,'479987',false),
  ('GB300216',91,'047909',false),
  ('GB300217',50,'185109',false),
  ('GB300219',28,'218144',false),
  ('GB300219',40,'047909',false),
  ('GB300220',17,'511622',false),
  ('GB300221',8,'314381',false),
  ('GB300221',28,'255665',false),
  ('GB300221',49,'218144',false),
  ('GB300221',85,'255665',false),
  ('GB300223',10,'425590',false),
  ('GB300223',26,'536533',false),
  ('GB300223',79,'328651',true),
  ('GB300223',94,'370551',false),
  ('GB300224',33,'049434',false),
  ('GB300224',49,'469249',false),
  ('GB300225',32,'447995',false),
  ('GB300225',55,'447995',false),
  ('GB300225',73,'483974',false),
  ('GB300226',12,'255619',false),
  ('GB300226',52,'183298',false),
  ('GB300227',11,'183298',false),
  ('GB300227',91,'426414',false);
