/* File created by scraping https://www.transfermarkt.com using Antonio Cardin's program */

insert into Squadre values
  ('Salford City','3PZ Salford','Alexander'),
  ('Bolton Wanderers','6JW','Evatt'),
  ('Tranmere Rovers','9PY','Dawes'),
  ('Oldham Athletic','2PA Oldham','Kewell'),
  ('Barrow AFC','5UW Barrow-in-Furness','Jolley'),
  ('Newport County','2HJ Newport','Flynn'),
  ('Mansfield Town','5DA Mansfield','Clough'),
  ('Colchester United','7JJ Colchester Essex','Brown'),
  ('Southend United','6NQ Southend-on-Sea','Brown'),
  ('Cheltenham Town','5NA Cheltenham Spa','Duff'),
  ('Exeter City','6PX Exeter','Taylor'),
  ('Bradford City','7DY Bradford','Trueman'),
  ('Walsall FC','4SA Walsall','Clarke'),
  ('Scunthorpe United','8TD','Cox'),
  ('Leyton Orient','5NF London','McAnuff'),
  ('Morecambe FC','5JT Morecambe','Adams'),
  ('Carlisle United','1LL','Beech'),
  ('Crawley Town','9RX Crawley','Yems'),
  ('Forest Green Rovers ','0FG Nailsworth','Ball'),
  ('Grimsby Town','7PY Grimsby, South Humberside','Hurst'),
  ('Stevenage FC','8RH Stevenage','Revell'),
  ('Cambridge United','8LN Cambridge','Bonner'),
  ('Port Vale FC','1AW Burslem, Stoke-on-Trent','Pugh'),
  ('Harrogate Town','Harrogate','Weaver');

insert into Giocatori values
  ('095795','Salford City',1,'Vaclav','Hladky','14-nov-1990','Portiere'),
  ('391110','Salford City',null,'Nick','Hayes','10-apr-1999','Portiere'),
  ('716618','Salford City',31,'William','Evans','11-oct-2002','Portiere'),
  ('531677','Salford City',null,'Di''Shon','Bernard','14-oct-2000','Difensore'),
  ('048124','Salford City',6,'Tom','Clarke','21-dec-1987','Difensore'),
  ('226978','Salford City',16,'Jordan','Turnbull','31-oct-1994','Difensore'),
  ('118265','Salford City',5,'Ashley','Eastham','22-mar-1991','Difensore'),
  ('467548','Salford City',null,'Sam','Fielding','29-nov-1999','Difensore'),
  ('811356','Salford City',null,'Harry','Ditchfield',null,'Difensore'),
  ('281891','Salford City',22,'Dan','Jones','14-dec-1994','Difensore'),
  ('204960','Salford City',3,'Ibou','Touray','24-dec-1994','Difensore'),
  ('509156','Salford City',23,'Kevin','Berkoe','5-jul-2001','Difensore'),
  ('325105','Salford City',null,'Tom','James','15-apr-1996','Difensore'),
  ('173802','Salford City',18,'Oscar','Threlkeld','15-feb-1994','Difensore'),
  ('543783','Salford City',32,'Tylor','Golden','8-nov-1999','Difensore'),
  ('117997','Salford City',4,'Jason','Lowe','2-sep-1991','Centrocampista'),
  ('306034','Salford City',null,'Joey','Jones','15-apr-1994','Centrocampista'),
  ('465950','Salford City',28,'Alex','Denny','12-apr-2000','Centrocampista'),
  ('042413','Salford City',8,'Darron','Gibson','25-oct-1987','Centrocampista'),
  ('093055','Salford City',null,'Paul','Coutts','22-jul-1988','Centrocampista'),
  ('534698','Salford City',null,'Robbie','Gotts','9-nov-1999','Centrocampista'),
  ('114116','Salford City',17,'Richie','Towell','17-jul-1991','Centrocampista'),
  ('257536','Salford City',null,'Martin','Smith','2-oct-1995','Centrocampista'),
  ('547042','Salford City',null,'Matthew','Sargent','24-jul-2001','Centrocampista'),
  ('570867','Salford City',null,'Liam','Loughlan','24-apr-2002','Centrocampista'),
  ('695263','Salford City',null,'Alex','Doyle','17-feb-2001','Centrocampista'),
  ('807305','Salford City',null,'Hayden','Campbell',null,'Centrocampista'),
  ('811311','Salford City',null,'Will','Shepherd',null,'Centrocampista'),
  ('425873','Salford City',12,'Luke','Burgess','3-mar-1999','Centrocampista'),
  ('045623','Salford City',14,'George','Boyd','2-oct-1985','Attaccante'),
  ('351933','Salford City',10,'Ashley','Hunter','29-sep-1995','Attaccante'),
  ('169633','Salford City',11,'Bruno','Andrade','2-oct-1993','Attaccante'),
  ('214104','Salford City',19,'James','Wilson','1-dec-1995','Attaccante'),
  ('046805','Salford City',9,'Tom','Elliott','9-nov-1990','Attaccante'),
  ('011686','Salford City',40,'Ian','Henderson','24-jan-1985','Attaccante'),
  ('383046','Salford City',7,'Luke','Armstrong','2-jul-1996','Attaccante'),
  ('268451','Salford City',20,'Emmanuel','Dieseruvwe','20-feb-1995','Attaccante'),
  ('473832','Salford City',null,'Mo','Touray','30-jul-1999','Attaccante'),
  ('746625','Salford City',null,'Daniel','Hawkins','22-apr-2001','Attaccante'),
  ('451747','Salford City',37,'Brandon','Thomas-Asante','29-dec-1998','Attaccante'),
  ('048254','Bolton Wanderers',13,'Matt','Gilks','4-jun-1982','Portiere'),
  ('581890','Bolton Wanderers',null,'Lukas','Jensen','18-mar-1999','Portiere'),
  ('536794','Bolton Wanderers',null,'Billy','Crellin','30-jun-2000','Portiere'),
  ('693587','Bolton Wanderers',43,'Matthew','Alexander','7-may-2002','Portiere'),
  ('803418','Bolton Wanderers',null,'Markus','Assarsson','18-aug-2002','Difensore'),
  ('016660','Bolton Wanderers',27,'Alex','Baptiste','31-jan-1986','Difensore'),
  ('265231','Bolton Wanderers',16,'Reiss','Greenidge','10-aug-1996','Difensore'),
  ('247666','Bolton Wanderers',5,'Ricardo','Santos','18-jun-1995','Difensore'),
  ('177613','Bolton Wanderers',null,'George','Taft','29-jul-1993','Difensore'),
  ('316554','Bolton Wanderers',6,'Ryan','Delaney','6-sep-1996','Difensore'),
  ('344305','Bolton Wanderers',26,'Liam','Edwards','2-oct-1996','Difensore'),
  ('672607','Bolton Wanderers',34,'Adam','Senior','20-jan-2002','Difensore'),
  ('238585','Bolton Wanderers',null,'Declan','John','30-jun-1995','Difensore'),
  ('549848','Bolton Wanderers',null,'Jamie','Mascoll','15-mar-1997','Difensore'),
  ('689892','Bolton Wanderers',null,'Ben','Jackson','22-feb-2001','Difensore'),
  ('474225','Bolton Wanderers',3,'Liam','Gordon','15-may-1999','Difensore'),
  ('242412','Bolton Wanderers',2,'Gethin','Jones','13-oct-1995','Difensore'),
  ('595652','Bolton Wanderers',null,'Peter','Kioso','15-aug-1999','Difensore'),
  ('425798','Bolton Wanderers',12,'Jak','Hickman','11-sep-1998','Difensore'),
  ('527733','Bolton Wanderers',21,'Harry','Brockbank','26-sep-1998','Difensore'),
  ('803420','Bolton Wanderers',null,'Matthew','Tweedley','16-apr-2004','Centrocampista'),
  ('803421','Bolton Wanderers',null,'Max','Conway',null,'Centrocampista'),
  ('803423','Bolton Wanderers',null,'Mitchell','Henry','2-sep-2003','Centrocampista'),
  ('822050','Bolton Wanderers',null,'Kian','Le Fondre','2-feb-2005','Centrocampista'),
  ('050439','Bolton Wanderers',29,'Kieran','Lee','22-jun-1988','Centrocampista'),
  ('279454','Bolton Wanderers',4,'MJ','Williams','6-nov-1995','Centrocampista'),
  ('362809','Bolton Wanderers',8,'Brandon','Comley','18-nov-1995','Centrocampista'),
  ('680174','Bolton Wanderers',35,'Sonny','Graham','10-jun-2002','Centrocampista'),
  ('079620','Bolton Wanderers',11,'Ali','Crawford','30-jul-1991','Centrocampista'),
  ('121415','Bolton Wanderers',18,'Andrew','Tutte','21-sep-1990','Centrocampista'),
  ('496786','Bolton Wanderers',null,'Tom','White','9-may-1997','Centrocampista'),
  ('680177','Bolton Wanderers',null,'Regan','Riley','12-nov-2002','Centrocampista'),
  ('160525','Bolton Wanderers',10,'Antoni','Sarcevic','13-mar-1992','Centrocampista'),
  ('735674','Bolton Wanderers',25,'George','Thomason','12-jan-2002','Centrocampista'),
  ('550998','Bolton Wanderers',36,'Callum','King-Harmes','19-apr-2002','Centrocampista'),
  ('221561','Bolton Wanderers',null,'Marcus','Maddison','26-sep-1993','Centrocampista'),
  ('671486','Bolton Wanderers',17,'Ronan','Darcy','4-nov-2000','Centrocampista'),
  ('580800','Bolton Wanderers',19,'Bright','Amoateng','22-nov-2002','Attaccante'),
  ('255665','Bolton Wanderers',24,'Arthur','Gnahoua','18-sep-1992','Attaccante'),
  ('487850','Bolton Wanderers',null,'Oladapo','Afolayan','11-sep-1997','Attaccante'),
  ('693585','Bolton Wanderers',null,'Finlay','Lockett','10-apr-2003','Attaccante'),
  ('226965','Bolton Wanderers',23,'Lloyd','Isgrove','12-jan-1993','Attaccante'),
  ('293779','Bolton Wanderers',null,'Zack','Elbouzedi','5-apr-1998','Attaccante'),
  ('470152','Bolton Wanderers',22,'Dennis','Politic','5-mar-2000','Attaccante'),
  ('068335','Bolton Wanderers',9,'Eoin','Doyle','12-mar-1988','Attaccante'),
  ('062642','Bolton Wanderers',7,'Nathan','Delfouneso','2-feb-1991','Attaccante'),
  ('048965','Bolton Wanderers',20,'Shaun','Miller','25-sep-1987','Attaccante'),
  ('460299','Bolton Wanderers',33,'Muhammadu','Faal','1-jul-1997','Attaccante'),
  ('003655','Tranmere Rovers',13,'Joe','Murphy','21-aug-1981','Portiere'),
  ('067273','Tranmere Rovers',1,'Scott','Davies','27-feb-1987','Portiere'),
  ('734504','Tranmere Rovers',13,'Ben','Jones','29-nov-2000','Portiere'),
  ('025201','Tranmere Rovers',26,'Peter','Clarke','3-jan-1982','Difensore'),
  ('366681','Tranmere Rovers',null,'Lee','O''Connor','28-jul-2000','Difensore'),
  ('350401','Tranmere Rovers',4,'Sid','Nelson','1-jan-1996','Difensore'),
  ('052497','Tranmere Rovers',5,'Mark','Ellis','30-sep-1988','Difensore'),
  ('192696','Tranmere Rovers',21,'George','Ray','13-oct-1993','Difensore'),
  ('319630','Tranmere Rovers',6,'Manny','Monthe','26-jan-1995','Difensore'),
  ('135043','Tranmere Rovers',3,'Liam','Ridehalgh','20-apr-1991','Difensore'),
  ('411504','Tranmere Rovers',18,'Calum','MacDonald','18-dec-1997','Difensore'),
  ('734080','Tranmere Rovers',24,'Kyle','Hayde','25-sep-2001','Difensore'),
  ('052111','Tranmere Rovers',8,'Jay','Spearing','25-nov-1988','Centrocampista'),
  ('406633','Tranmere Rovers',null,'Nya','Kirby','31-jan-2000','Centrocampista'),
  ('158702','Tranmere Rovers',null,'Ollie','Banks','21-sep-1992','Centrocampista'),
  ('507235','Tranmere Rovers',null,'Jack','Young','21-oct-2000','Centrocampista'),
  ('745169','Tranmere Rovers',null,'Ethan','Gouldbourne','10-nov-2000','Centrocampista'),
  ('284931','Tranmere Rovers',22,'Paul','Lewis','17-dec-1994','Centrocampista'),
  ('633411','Tranmere Rovers',25,'George','Nugent','4-dec-2001','Centrocampista'),
  ('070273','Tranmere Rovers',null,'Liam','Feeney','21-jan-1987','Centrocampista'),
  ('823778','Tranmere Rovers',null,'Jamie','Timlin',null,'Attaccante'),
  ('277135','Tranmere Rovers',14,'Kaiyne','Woolery','11-jan-1995','Attaccante'),
  ('318799','Tranmere Rovers',17,'Otis','Khan','5-sep-1995','Attaccante'),
  ('251335','Tranmere Rovers',7,'Kieron','Morris','3-jun-1994','Attaccante'),
  ('169568','Tranmere Rovers',35,'Danny','Lloyd','3-dec-1991','Attaccante'),
  ('282821','Tranmere Rovers',11,'Corey','Blackett-Taylor','23-sep-1997','Attaccante'),
  ('580712','Tranmere Rovers',20,'Danny','Walker-Rice','10-nov-2000','Attaccante'),
  ('030471','Tranmere Rovers',9,'James','Vaughan','14-jul-1988','Attaccante'),
  ('033963','Tranmere Rovers',null,'David','Nugent','2-may-1985','Attaccante'),
  ('284736','Tranmere Rovers',null,'Morgan','Ferrier','15-nov-1994','Attaccante'),
  ('424885','Tranmere Rovers',null,'Sam','Smith','8-mar-1998','Attaccante'),
  ('647393','Tranmere Rovers',12,'Charlie','Jolley','13-jan-2001','Attaccante'),
  ('126587','Tranmere Rovers',null,'Stefan','Payne','10-aug-1991','Attaccante'),
  ('745167','Tranmere Rovers',27,'Jake','Burton','15-nov-2001','Attaccante'),
  ('073582','Oldham Athletic',13,'Gary','Woods','1-oct-1990','Portiere'),
  ('125689','Oldham Athletic',null,'Laurie','Walker','14-oct-1989','Portiere'),
  ('183166','Oldham Athletic',null,'Ian','Lawlor','27-oct-1994','Portiere'),
  ('461439','Oldham Athletic',33,'Laurence','Bilboe','21-feb-1998','Portiere'),
  ('809097','Oldham Athletic',30,'Mackenzie','Chapman','13-sep-2002','Portiere'),
  ('290940','Oldham Athletic',22,'Raphaël','Diarra','27-may-1995','Difensore'),
  ('147623','Oldham Athletic',5,'Carl','Piergianni','3-may-1992','Difensore'),
  ('528892','Oldham Athletic',null,'Harry','Clarke','2-mar-2001','Difensore'),
  ('816519','Oldham Athletic',null,'Will','Sutton','30-oct-2002','Difensore'),
  ('494684','Oldham Athletic',15,'Kyle','Jameson','11-sep-1998','Difensore'),
  ('258879','Oldham Athletic',3,'Cameron','Borthwick-Jackson','2-feb-1997','Difensore'),
  ('373359','Oldham Athletic',20,'Andrea','Badan','21-mar-1998','Difensore'),
  ('596966','Oldham Athletic',null,'Jordan','Barnett','20-oct-1999','Difensore'),
  ('533833','Oldham Athletic',null,'Tom','Hamer','16-nov-1999','Difensore'),
  ('191620','Oldham Athletic',4,'Sido','Jombati','20-aug-1987','Difensore'),
  ('689977','Oldham Athletic',14,'Dylan','Fage','18-mar-1999','Difensore'),
  ('110726','Oldham Athletic',16,'Brice','Ntambwe','29-apr-1993','Centrocampista'),
  ('396165','Oldham Athletic',8,'Callum','Whelan','24-sep-1998','Centrocampista'),
  ('741948','Oldham Athletic',null,'Ben','Garrity','21-feb-1997','Centrocampista'),
  ('471368','Oldham Athletic',null,'Alfie','McCalmont','25-mar-2000','Centrocampista'),
  ('809095','Oldham Athletic',28,'Ben','Hough','22-jun-2003','Centrocampista'),
  ('063222','Oldham Athletic',23,'Nicky','Adams','16-oct-1986','Centrocampista'),
  ('448672','Oldham Athletic',10,'Davis','Keillor-Dunn','2-nov-1997','Centrocampista'),
  ('290928','Oldham Athletic',24,'Dylan','Bahamboula','22-may-1995','Centrocampista'),
  ('526862','Oldham Athletic',null,'Serhat','Tasdemir','21-jul-2000','Centrocampista'),
  ('867909','Oldham Athletic',null,'Harry','Vaughan','6-apr-2004','Centrocampista'),
  ('153634','Oldham Athletic',null,'Marcel','Hilßner','30-jan-1995','Attaccante'),
  ('067359','Oldham Athletic',null,'Bobby','Grant','1-jul-1990','Attaccante'),
  ('121260','Oldham Athletic',18,'Conor','McAleny','12-aug-1992','Attaccante'),
  ('343050','Oldham Athletic',7,'George','Blackwood','4-jun-1997','Attaccante'),
  ('191202','Oldham Athletic',null,'Danny','Rowe','29-jan-1989','Attaccante'),
  ('396284','Oldham Athletic',19,'Zak','Dearnley','28-sep-1998','Attaccante'),
  ('339795','Oldham Athletic',26,'Marcus','Barnes','1-dec-1996','Attaccante'),
  ('809094','Oldham Athletic',27,'Vani','Da Silva','27-nov-2002','Attaccante'),
  ('809096','Oldham Athletic',29,'Junior','Luamba','27-apr-2003','Attaccante'),
  ('049537','Barrow AFC',12,'Josh','Lillis','24-jun-1987','Portiere'),
  ('222014','Barrow AFC',1,'Joel','Dixon','9-dec-1993','Portiere'),
  ('541039','Barrow AFC',21,'Scott','Moloney','5-feb-2001','Portiere'),
  ('047766','Barrow AFC',6,'Sam','Hird','7-sep-1987','Difensore'),
  ('788283','Barrow AFC',null,'Bobby','Thomas','30-jan-2001','Difensore'),
  ('316776','Barrow AFC',null,'Tom','Davies','18-apr-1992','Difensore'),
  ('405978','Barrow AFC',5,'Matty','Platt','3-oct-1997','Difensore'),
  ('352729','Barrow AFC',14,'James','Jones','13-mar-1997','Difensore'),
  ('690615','Barrow AFC',18,'Yoan','Zouma','6-may-1998','Difensore'),
  ('298214','Barrow AFC',19,'Scott','Wilson','10-jan-2000','Difensore'),
  ('386942','Barrow AFC',15,'Bobby','Burns','7-oct-1999','Difensore'),
  ('195654','Barrow AFC',24,'Kgosi','Ntlhe','21-feb-1994','Difensore'),
  ('283478','Barrow AFC',3,'Patrick','Brough','20-feb-1996','Difensore'),
  ('393575','Barrow AFC',32,'Dion','Donohue','26-aug-1993','Difensore'),
  ('049428','Barrow AFC',null,'Neal','Eardley','6-nov-1988','Difensore'),
  ('228956','Barrow AFC',2,'Connor','Brown','22-aug-1992','Difensore'),
  ('335588','Barrow AFC',27,'Brad','Barry','13-feb-1995','Difensore'),
  ('258653','Barrow AFC',16,'Tom','Beadling','16-jan-1996','Centrocampista'),
  ('382552','Barrow AFC',null,'Mace','Goodridge','13-sep-1999','Centrocampista'),
  ('049558','Barrow AFC',8,'Mike','Jones','15-aug-1987','Centrocampista'),
  ('067343','Barrow AFC',4,'Jason','Taylor','28-jan-1987','Centrocampista'),
  ('359194','Barrow AFC',null,'Lewis','Hardcastle','4-jul-1998','Centrocampista'),
  ('533958','Barrow AFC',null,'Harrison','Biggins','15-mar-1996','Centrocampista'),
  ('423669','Barrow AFC',null,'Daniel','Bramall','3-sep-1998','Centrocampista'),
  ('470839','Barrow AFC',11,'Josh','Kay','30-jan-1997','Centrocampista'),
  ('049438','Barrow AFC',28,'Chris','Taylor','20-dec-1986','Centrocampista'),
  ('085662','Barrow AFC',36,'Jamie','Devitt','6-jul-1990','Centrocampista'),
  ('314370','Barrow AFC',7,'Callum','Gribbin','19-dec-1998','Centrocampista'),
  ('559254','Barrow AFC',null,'Jayden','Reid','22-apr-2001','Attaccante'),
  ('298231','Barrow AFC',23,'Courtney','Baker-Richardson','5-dec-1995','Attaccante'),
  ('211144','Barrow AFC',33,'Luke','James','4-nov-1994','Attaccante'),
  ('033483','Barrow AFC',39,'Calvin','Andrew','19-dec-1986','Attaccante'),
  ('284922','Barrow AFC',null,'Dior','Angus','18-jan-1994','Attaccante'),
  ('588159','Barrow AFC',null,'Jack','Hindle','29-oct-1993','Attaccante'),
  ('231602','Barrow AFC',9,'Scott','Quigley','2-sep-1992','Attaccante'),
  ('457892','Barrow AFC',17,'Morgan','Penfold','3-dec-1998','Attaccante'),
  ('562256','Barrow AFC',20,'Mikael','Ndjoli','16-dec-1998','Attaccante'),
  ('541461','Barrow AFC',26,'Dimitri','Sea','2-may-2001','Attaccante'),
  ('215810','Newport County',1,'Tom','King','9-mar-1995','Portiere'),
  ('256221','Newport County',30,'Nick','Townsend','1-nov-1994','Portiere'),
  ('770269','Newport County',null,'Evan','Ovendale','21-feb-2004','Portiere'),
  ('719420','Newport County',38,'Callum','Brain','23-dec-2003','Portiere'),
  ('404381','Newport County',null,'Brandon','Cooper','14-jan-2000','Difensore'),
  ('194189','Newport County',28,'Mickey','Demetriou','12-mar-1990','Difensore'),
  ('261297','Newport County',5,'Kyle','Howkins','4-may-1996','Difensore'),
  ('652989','Newport County',6,'Priestley','Farquharson','15-mar-1997','Difensore'),
  ('678387','Newport County',15,'David','Longe-King','26-jan-1995','Difensore'),
  ('723673','Newport County',37,'Joe','Woodiwiss','10-nov-2002','Difensore'),
  ('265306','Newport County',3,'Ryan','Haynes','27-sep-1995','Difensore'),
  ('804473','Newport County',null,'Bradley','Webb','9-jun-2001','Difensore'),
  ('527493','Newport County',2,'Ash','Baker','30-oct-1996','Difensore'),
  ('197910','Newport County',32,'Liam','Shephard','22-nov-1994','Difensore'),
  ('062073','Newport County',null,'Daniel','Leadbitter','24-jun-1991','Difensore'),
  ('806431','Newport County',null,'Harrison','Bright','1-jan-2004','Difensore'),
  ('344014','Newport County',14,'Aaron','Lewis','26-jun-1998','Difensore'),
  ('225121','Newport County',null,'Luke','Gambin','16-mar-1993','Centrocampista'),
  ('770301','Newport County',null,'Callum','Ryan-Phillips','14-may-2004','Centrocampista'),
  ('163523','Newport County',8,'Matt','Dolan','11-feb-1993','Centrocampista'),
  ('124240','Newport County',17,'Scot','Bennett','30-nov-1990','Centrocampista'),
  ('034409','Newport County',34,'Joe','Ledley','23-jan-1987','Centrocampista'),
  ('197830','Newport County',10,'Josh','Sheehan','30-mar-1995','Centrocampista'),
  ('121807','Newport County',4,'Joss','Labadie','30-aug-1990','Centrocampista'),
  ('491741','Newport County',null,'Anthony','Hartigan','27-jan-2000','Centrocampista'),
  ('411480','Newport County',24,'Jack','Evans','25-apr-1998','Centrocampista'),
  ('732242','Newport County',null,'Aneurin','Livermore','18-jan-2003','Centrocampista'),
  ('066501','Newport County',7,'Robbie','Willmott','16-may-1990','Centrocampista'),
  ('727048','Newport County',null,'Zack','Maher','5-dec-2002','Centrocampista'),
  ('721404','Newport County',null,'Sonny','Lewis','2-jan-2005','Centrocampista'),
  ('721659','Newport County',null,'Lewys','Twamley','26-may-2003','Centrocampista'),
  ('433818','Newport County',null,'Scott','Twine','14-jul-1999','Centrocampista'),
  ('068333','Newport County',9,'Padraig','Amond','15-jan-1988','Attaccante'),
  ('016881','Newport County',22,'Kevin','Ellison','23-feb-1979','Attaccante'),
  ('455600','Newport County',20,'Corey','Whitely','11-jul-1991','Attaccante'),
  ('547037','Newport County',21,'Lewis','Collins','9-may-2001','Attaccante'),
  ('039705','Newport County',null,'Nicky','Maynard','11-dec-1986','Attaccante'),
  ('128420','Newport County',null,'Jamie','Proctor','25-mar-1992','Attaccante'),
  ('492391','Newport County',11,'Tristan','Abrahams','29-dec-1998','Attaccante'),
  ('333782','Newport County',19,'Dom','Telford','5-dec-1996','Attaccante'),
  ('607199','Newport County',null,'Saikou','Janneh','11-jan-2000','Attaccante'),
  ('655180','Newport County',null,'Jake','Scrimshaw','13-sep-2000','Attaccante'),
  ('680653','Newport County',null,'Owen','Windsor','17-sep-2001','Attaccante'),
  ('049459','Newport County',29,'Ryan','Taylor','4-may-1988','Attaccante'),
  ('718415','Newport County',35,'Ryan','Hillier','5-oct-2002','Attaccante'),
  ('061589','Mansfield Town',1,'Marek','Stech','28-jan-1990','Portiere'),
  ('610898','Mansfield Town',null,'Jamie','Pardington','20-jul-2000','Portiere'),
  ('750908','Mansfield Town',null,'Maison','Campbell','16-jul-2003','Portiere'),
  ('681538','Mansfield Town',31,'Aidan','Stone','20-jul-1999','Portiere'),
  ('347666','Mansfield Town',5,'Ryan','Sweeney','15-apr-1997','Difensore'),
  ('335177','Mansfield Town',6,'Farrend','Rawson','11-jul-1996','Difensore'),
  ('325213','Mansfield Town',null,'Aaron','O''Driscoll','4-apr-1999','Difensore'),
  ('810551','Mansfield Town',null,'Aiden','Walker','19-dec-1999','Difensore'),
  ('250750','Mansfield Town',4,'Rollin','Menayese','4-dec-1997','Difensore'),
  ('104677','Mansfield Town',23,'Jake','Wright','11-mar-1986','Difensore'),
  ('178067','Mansfield Town',20,'Stephen','McLaughlin','14-jun-1990','Difensore'),
  ('210545','Mansfield Town',3,'Mal','Benning','2-nov-1993','Difensore'),
  ('583191','Mansfield Town',24,'Jaden','Charles','25-jan-2002','Difensore'),
  ('125117','Mansfield Town',18,'Joe','Riley','13-oct-1991','Difensore'),
  ('325214','Mansfield Town',2,'Corey','O''Keeffe','5-jun-1998','Difensore'),
  ('370138','Mansfield Town',12,'Kellan','Gordon','25-dec-1997','Difensore'),
  ('625407','Mansfield Town',21,'James','Clarke','2-apr-2000','Difensore'),
  ('049409','Mansfield Town',14,'James','Perch','28-sep-1985','Centrocampista'),
  ('043266','Mansfield Town',null,'Stephen','Quinn','1-apr-1986','Centrocampista'),
  ('476149','Mansfield Town',32,'George','Lapslie','5-sep-1997','Centrocampista'),
  ('146542','Mansfield Town',8,'Ollie','Clarke','29-jun-1992','Centrocampista'),
  ('355489','Mansfield Town',10,'George','Maris','6-mar-1996','Centrocampista'),
  ('631258','Mansfield Town',null,'Alistair','Smith','19-may-1999','Centrocampista'),
  ('264191','Mansfield Town',7,'Harry','Charsley','1-nov-1996','Centrocampista'),
  ('826063','Mansfield Town',25,'Keaton','Ward','10-may-2000','Centrocampista'),
  ('433843','Mansfield Town',29,'Jason','Law','26-apr-1999','Centrocampista'),
  ('633388','Mansfield Town',27,'Tyrese','Sinclair','4-feb-2001','Centrocampista'),
  ('094655','Mansfield Town',9,'Jordan','Bowery','2-jul-1991','Attaccante'),
  ('185702','Mansfield Town',null,'Danny','Rose','10-dec-1993','Attaccante'),
  ('293258','Mansfield Town',null,'Oliver','Sarkic','23-jul-1997','Attaccante'),
  ('133397','Mansfield Town',11,'Andy','Cook','18-oct-1990','Attaccante'),
  ('799419','Mansfield Town',null,'Nathan','Caine','20-nov-2002','Attaccante'),
  ('250840','Mansfield Town',19,'Jamie','Reid','15-jul-1994','Attaccante'),
  ('663889','Mansfield Town',28,'Jimmy','Knowles','27-feb-2001','Attaccante'),
  ('643174','Mansfield Town',33,'Josh','Scott','20-sep-2001','Attaccante'),
  ('042055','Colchester United',1,'Dean','Gerken','22-may-1985','Portiere'),
  ('744547','Colchester United',null,'Callum','Coulter','24-oct-2000','Portiere'),
  ('337290','Colchester United',29,'Shamal','George','6-jan-1998','Portiere'),
  ('054381','Colchester United',5,'Tommy','Smith','31-mar-1990','Difensore'),
  ('123371','Colchester United',18,'Tom','Eastman','21-oct-1991','Difensore'),
  ('574585','Colchester United',null,'Ollie','Kensdale','20-apr-2000','Difensore'),
  ('344354','Colchester United',6,'Omar','Sowunmi','7-nov-1995','Difensore'),
  ('574584','Colchester United',35,'Billy','Cracknell','19-jan-2002','Difensore'),
  ('480191','Colchester United',null,'Cohen','Bramall','2-apr-1996','Difensore'),
  ('167259','Colchester United',null,'Josh','Doherty','15-mar-1996','Difensore'),
  ('614037','Colchester United',21,'Ryan','Clampin','29-jan-1999','Difensore'),
  ('451991','Colchester United',2,'Miles','Welch-Hayes','25-oct-1996','Difensore'),
  ('550681','Colchester United',null,'Miquel','Scarlett','27-sep-2000','Difensore'),
  ('851991','Colchester United',38,'Junior','Tchamadeu','22-dec-2003','Difensore'),
  ('375044','Colchester United',24,'Ben','Stevenson','23-mar-1997','Centrocampista'),
  ('150759','Colchester United',null,'Harry','Pell','21-oct-1990','Centrocampista'),
  ('467546','Colchester United',null,'Sammie','McLeod','23-apr-2000','Centrocampista'),
  ('574583','Colchester United',null,'Sam','Cornish','26-sep-2001','Centrocampista'),
  ('652836','Colchester United',null,'Marley','Marshall','22-oct-2002','Centrocampista'),
  ('342556','Colchester United',4,'Tom','Lapslie','5-oct-1995','Centrocampista'),
  ('574587','Colchester United',14,'Noah','Chilvers','22-feb-2001','Centrocampista'),
  ('608180','Colchester United',22,'Brendan','Wiredu','7-nov-1999','Centrocampista'),
  ('613633','Colchester United',36,'Harvey','Sayer','6-jan-2003','Centrocampista'),
  ('701062','Colchester United',23,'Kwame','Poku','11-aug-2001','Centrocampista'),
  ('170413','Colchester United',11,'Callum','Harriott','4-mar-1994','Attaccante'),
  ('420812','Colchester United',37,'Joshua','Bohui','3-mar-1999','Attaccante'),
  ('055504','Colchester United',12,'Paris','Cowan-Hall','5-oct-1990','Attaccante'),
  ('352633','Colchester United',7,'Courtney','Senior','30-jun-1997','Attaccante'),
  ('119123','Colchester United',null,'Frank','Nouble','24-sep-1991','Attaccante'),
  ('186277','Colchester United',null,'Luke','Norris','3-jun-1993','Attaccante'),
  ('462113','Colchester United',null,'Aramide','Oteh','10-sep-1998','Attaccante'),
  ('346474','Colchester United',null,'Martell','Taylor-Crossdale','26-dec-1999','Attaccante'),
  ('809736','Colchester United',null,'Jake','Hutchinson','8-may-2002','Attaccante'),
  ('812996','Colchester United',null,'Samson','Tovide','4-jan-2004','Attaccante'),
  ('834101','Colchester United',null,'Thomas','Stagg','9-sep-2002','Attaccante'),
  ('189751','Colchester United',10,'Jevani','Brown','16-oct-1994','Attaccante'),
  ('479939','Colchester United',39,'Michael','Folivi','25-feb-1998','Attaccante'),
  ('067232','Southend United',1,'Mark','Oxley','28-sep-1990','Portiere'),
  ('334687','Southend United',null,'Alex','Bass','1-apr-1998','Portiere'),
  ('244225','Southend United',null,'James','Montgomery','20-apr-1994','Portiere'),
  ('837485','Southend United',null,'Jamie','Grossart',null,'Portiere'),
  ('470605','Southend United',13,'Harry','Seaden','23-apr-2001','Portiere'),
  ('741932','Southend United',29,'Callum','Taylor','15-jan-2002','Portiere'),
  ('837482','Southend United',null,'Reiss','Chandler','21-may-2003','Difensore'),
  ('837483','Southend United',null,'Cameron','Brown',null,'Difensore'),
  ('837484','Southend United',null,'Tommy','Davis',null,'Difensore'),
  ('042062','Southend United',23,'Greg','Halford','8-dec-1984','Difensore'),
  ('620168','Southend United',null,'Tyler','Cordner','4-dec-1998','Difensore'),
  ('562257','Southend United',5,'Shaun','Hobson','29-jun-1998','Difensore'),
  ('696893','Southend United',22,'Richard','Taylor','2-oct-2000','Difensore'),
  ('297476','Southend United',26,'Harry','Lennon','16-dec-1994','Difensore'),
  ('306042','Southend United',27,'Harry','Kyprianou','16-mar-1997','Difensore'),
  ('582367','Southend United',30,'Miles','Mitchell-Nelson','24-nov-2000','Difensore'),
  ('042108','Southend United',48,'John','White','26-jul-1986','Difensore'),
  ('279471','Southend United',42,'Sam','Hart','10-sep-1996','Difensore'),
  ('164186','Southend United',3,'Nathan','Ralph','14-feb-1993','Difensore'),
  ('642538','Southend United',12,'Tom','Clifford','2-sep-1999','Difensore'),
  ('397101','Southend United',null,'Rob','Howard','15-sep-1999','Difensore'),
  ('531840','Southend United',2,'Elvis','Bwomono','29-nov-1998','Difensore'),
  ('048250','Southend United',24,'Jason','Dimitriou','18-nov-1987','Difensore'),
  ('810541','Southend United',null,'Oliver','Coker',null,'Centrocampista'),
  ('015814','Southend United',4,'Alan','McCormack','10-jan-1984','Centrocampista'),
  ('200127','Southend United',8,'Timothée','Dieng','9-apr-1992','Centrocampista'),
  ('562254','Southend United',null,'Kyle','Taylor','28-aug-1999','Centrocampista'),
  ('506965','Southend United',null,'James','Olayinka','5-oct-2000','Centrocampista'),
  ('531841','Southend United',null,'Michael','Klass','9-feb-1999','Centrocampista'),
  ('582366','Southend United',15,'Lewis','Gard','26-aug-1999','Centrocampista'),
  ('560535','Southend United',16,'Harry','Phillips','19-sep-1997','Centrocampista'),
  ('727031','Southend United',19,'Eren','Kinali','24-feb-2000','Centrocampista'),
  ('050379','Southend United',29,'Jacob','Mellis','8-jan-1991','Centrocampista'),
  ('858309','Southend United',31,'O''Shane','Stewart','21-dec-2000','Centrocampista'),
  ('449454','Southend United',44,'Nathan','Ferguson','12-oct-1995','Centrocampista'),
  ('632376','Southend United',32,'Louis','Walsh','5-aug-2000','Centrocampista'),
  ('590686','Southend United',20,'Ashley','Nathaniel-George','14-jun-1995','Centrocampista'),
  ('485996','Southend United',null,'Isaac','Hutchinson','10-apr-2000','Centrocampista'),
  ('156899','Southend United',30,'Ricky','Holmes','19-jun-1987','Attaccante'),
  ('416622','Southend United',null,'Jordan','Green','22-feb-1995','Attaccante'),
  ('459843','Southend United',null,'Reeco','Hackett-Fairchild','9-jan-1998','Attaccante'),
  ('718545','Southend United',11,'Terrell','Egbri','21-jun-2001','Attaccante'),
  ('357397','Southend United',null,'Kazaiah','Sterling','9-nov-1998','Attaccante'),
  ('354567','Southend United',null,'Stephen','Humphrys','15-sep-1997','Attaccante'),
  ('633492','Southend United',null,'Charlie','Kelman','2-nov-2001','Attaccante'),
  ('741930','Southend United',null,'Kenny','Coker','10-nov-2003','Attaccante'),
  ('837481','Southend United',null,'Tayo','Adedoja',null,'Attaccante'),
  ('337869','Southend United',9,'Simeon','Akinola','6-aug-1992','Attaccante'),
  ('423584','Southend United',10,'Brandon','Goodship','22-sep-1994','Attaccante'),
  ('662538','Southend United',18,'Emile','Acquah','13-jul-2000','Attaccante'),
  ('718546','Southend United',21,'Matt','Rush','11-mar-2001','Attaccante'),
  ('088750','Southend United',50,'Nile','Ranger','11-apr-1991','Attaccante'),
  ('565979','Cheltenham Town',null,'Josh','Griffiths','5-sep-2001','Portiere'),
  ('042003','Cheltenham Town',1,'Scott','Flinders','12-jun-1986','Portiere'),
  ('556864','Cheltenham Town',22,'Max','Harris','14-sep-1999','Portiere'),
  ('247400','Cheltenham Town',15,'Will','Boyle','1-sep-1995','Difensore'),
  ('193777','Cheltenham Town',5,'Charlie','Raglan','28-apr-1993','Difensore'),
  ('065927','Cheltenham Town',4,'Ben','Tozer','1-mar-1990','Difensore'),
  ('574779','Cheltenham Town',6,'Dan','Bowry','29-apr-1998','Difensore'),
  ('457897','Cheltenham Town',17,'Lewis','Freestone','26-oct-1999','Difensore'),
  ('698896','Cheltenham Town',24,'Grant','Horton','13-sep-2001','Difensore'),
  ('125875','Cheltenham Town',3,'Chris','Hussey','2-jan-1989','Difensore'),
  ('733240','Cheltenham Town',null,'Connor','Jakeways',null,'Difensore'),
  ('811417','Cheltenham Town',null,'Harvey','Skurek',null,'Difensore'),
  ('105318','Cheltenham Town',11,'Matty','Blair','21-jun-1989','Difensore'),
  ('228773','Cheltenham Town',2,'Sean','Long','2-may-1995','Difensore'),
  ('396176','Cheltenham Town',null,'Tom','Sang','29-jun-1999','Centrocampista'),
  ('131980','Cheltenham Town',7,'Conor','Thomas','29-oct-1993','Centrocampista'),
  ('077570','Cheltenham Town',26,'Liam','Sercombe','25-apr-1990','Centrocampista'),
  ('480723','Cheltenham Town',null,'Finn','Azaz','7-sep-2000','Centrocampista'),
  ('502830','Cheltenham Town',null,'Callum','Wright','2-may-2000','Centrocampista'),
  ('568092','Cheltenham Town',null,'Elliot','Bonds','23-mar-2000','Centrocampista'),
  ('091289','Cheltenham Town',8,'Chris','Clements','6-feb-1990','Centrocampista'),
  ('698011','Cheltenham Town',25,'Tom','Chamberlain','1-jun-2002','Centrocampista'),
  ('508343','Cheltenham Town',28,'Ellis','Chapman','8-jan-2001','Centrocampista'),
  ('823338','Cheltenham Town',null,'Felix','Miles','26-sep-2003','Centrocampista'),
  ('733239','Cheltenham Town',null,'Callum','Ebanks','8-oct-2002','Attaccante'),
  ('469860','Cheltenham Town',null,'Indiana','Vassilev','16-feb-2001','Attaccante'),
  ('047909','Cheltenham Town',14,'Andy','Williams','14-aug-1986','Attaccante'),
  ('479987','Cheltenham Town',10,'Alfie','May','2-jul-1993','Attaccante'),
  ('039693','Cheltenham Town',null,'Reuben','Reid','26-jul-1988','Attaccante'),
  ('471910','Cheltenham Town',16,'Alex','Addai','20-dec-1993','Attaccante'),
  ('532192','Cheltenham Town',19,'George','Lloyd','11-feb-2000','Attaccante'),
  ('286496','Cheltenham Town',21,'Tahvon','Campbell','10-jan-1997','Attaccante'),
  ('566733','Exeter City',null,'Jökull','Andrésson','25-aug-2001','Portiere'),
  ('831992','Exeter City',null,'Harry','Lee','22-dec-2004','Portiere'),
  ('258910','Exeter City',1,'Lewis','Ward','5-mar-1997','Portiere'),
  ('186184','Exeter City',23,'Jonny','Maxted','26-oct-1993','Portiere'),
  ('043099','Exeter City',6,'Rory','McArdle','1-may-1987','Difensore'),
  ('425872','Exeter City',5,'Sam','Stubbs','20-nov-1998','Difensore'),
  ('110866','Exeter City',15,'Tom','Parkes','15-jan-1992','Difensore'),
  ('821522','Exeter City',null,'Alfie','Pond','1-mar-2004','Difensore'),
  ('183172','Exeter City',26,'Pierce','Sweeney','11-sep-1994','Difensore'),
  ('589090','Exeter City',31,'Jordan','Dyer','18-jan-2000','Difensore'),
  ('527788','Exeter City',34,'Alex','Hartridge','9-mar-1999','Difensore'),
  ('745189','Exeter City',39,'Cheick','Diabate','21-jan-2002','Difensore'),
  ('554235','Exeter City',41,'Will','Dean','7-aug-2000','Difensore'),
  ('242652','Exeter City',20,'Lewis','Page','20-may-1996','Difensore'),
  ('527791','Exeter City',3,'Jack','Sparkes','29-sep-2000','Difensore'),
  ('684755','Exeter City',37,'Noah','Smerdon','9-oct-2000','Difensore'),
  ('194461','Exeter City',2,'Jake','Caprice','11-nov-1992','Difensore'),
  ('533912','Exeter City',30,'Josh','Key','19-nov-1999','Difensore'),
  ('327707','Exeter City',4,'Nigel','Atangana','9-sep-1989','Centrocampista'),
  ('130230','Exeter City',8,'Jake','Taylor','1-dec-1991','Centrocampista'),
  ('472714','Exeter City',10,'Archie','Collins','31-aug-1999','Centrocampista'),
  ('533911','Exeter City',29,'Harry','Kite','29-jun-2000','Centrocampista'),
  ('745190','Exeter City',33,'Louis','Morison','16-jul-2001','Centrocampista'),
  ('043265','Exeter City',null,'Nicky','Law','29-mar-1988','Centrocampista'),
  ('288274','Exeter City',17,'Matt','Jay','27-feb-1996','Centrocampista'),
  ('821519','Exeter City',null,'Jack','Veale','1-oct-2002','Centrocampista'),
  ('589091','Exeter City',36,'James','Dodd','27-oct-2000','Centrocampista'),
  ('811293','Exeter City',32,'Nelson','Iseguan','11-dec-2002','Attaccante'),
  ('415170','Exeter City',11,'Randell','Williams','30-dec-1996','Attaccante'),
  ('554234','Exeter City',14,'Joel','Randall','29-oct-1999','Attaccante'),
  ('130234','Exeter City',25,'Nicky','Ajose','7-oct-1991','Attaccante'),
  ('136536','Exeter City',12,'Ryan','Bowman','30-nov-1991','Attaccante'),
  ('067221','Exeter City',18,'Alex','Fisher','30-jun-1990','Attaccante'),
  ('527794','Exeter City',9,'Ben','Seymour','16-apr-1999','Attaccante'),
  ('811292','Exeter City',19,'Sonny','Cox','11-oct-2004','Attaccante'),
  ('786636','Exeter City',40,'Lewis','Wilson','18-aug-2001','Attaccante'),
  ('049667','Bradford City',1,'Richard','O''Donnell','12-sep-1988','Portiere'),
  ('372525','Bradford City',13,'Sam','Hornby','14-feb-1995','Portiere'),
  ('332337','Bradford City',20,'Will','Huffer','30-oct-1998','Portiere'),
  ('121393','Bradford City',6,'Anthony','O''Connor','25-oct-1992','Difensore'),
  ('122243','Bradford City',5,'Niall','Canavan','11-apr-1991','Difensore'),
  ('364024','Bradford City',4,'Paudie','O''Connor','14-jul-1997','Difensore'),
  ('207891','Bradford City',null,'Ben','Richards-Everton','17-oct-1991','Difensore'),
  ('550641','Bradford City',21,'Reece','Staunton','10-dec-2001','Difensore'),
  ('734498','Bradford City',25,'Jorge','Sikora','29-mar-2002','Difensore'),
  ('225077','Bradford City',null,'Jackson','Longridge','12-apr-1995','Difensore'),
  ('374062','Bradford City',14,'Matty','Foulds','1-feb-1998','Difensore'),
  ('454135','Bradford City',23,'Connor','Wood','17-jul-1996','Difensore'),
  ('529746','Bradford City',null,'Bryce','Hosannah','8-apr-1999','Difensore'),
  ('676307','Bradford City',null,'Tyler','French','12-feb-1999','Difensore'),
  ('734497','Bradford City',24,'Finn','Cousin-Dawson','4-jul-2002','Difensore'),
  ('339734','Bradford City',22,'Levi','Sutton','24-mar-1996','Centrocampista'),
  ('725768','Bradford City',null,'Olivier','Sukiennicki','25-may-2003','Centrocampista'),
  ('746387','Bradford City',null,'Charlie','Wood','5-oct-2002','Centrocampista'),
  ('403574','Bradford City',18,'Elliot','Watt','11-mar-2000','Centrocampista'),
  ('533913','Bradford City',null,'Jordan','Stevens','25-mar-2000','Centrocampista'),
  ('077369','Bradford City',17,'Gareth','Evans','26-apr-1988','Centrocampista'),
  ('104555','Bradford City',11,'Zeli','Ismail','12-dec-1993','Centrocampista'),
  ('345767','Bradford City',null,'Dylan','Mottley-Henry','2-aug-1997','Centrocampista'),
  ('409692','Bradford City',7,'Harry','Pritchard','23-apr-1993','Centrocampista'),
  ('258882','Bradford City',8,'Callum','Cooke','21-feb-1997','Centrocampista'),
  ('746385','Bradford City',26,'Kian','Scales','10-may-2002','Centrocampista'),
  ('811493','Bradford City',27,'Connor','Shanks','11-apr-2002','Centrocampista'),
  ('335181','Bradford City',15,'Charles','Vernam','8-oct-1996','Attaccante'),
  ('426285','Bradford City',31,'Oliver','Crankshaw','12-aug-1998','Attaccante'),
  ('033248','Bradford City',16,'Billy','Clarke','13-dec-1987','Attaccante'),
  ('105723','Bradford City',9,'Lee','Novak','28-sep-1988','Attaccante'),
  ('192656','Bradford City',null,'Kurtis','Guthrie','21-apr-1993','Attaccante'),
  ('392762','Bradford City',null,'Austin','Samuels','20-nov-2000','Attaccante'),
  ('624946','Bradford City',null,'Rumarn','Burrell','16-dec-2000','Attaccante'),
  ('052721','Bradford City',10,'Clayton','Donaldson','7-feb-1984','Attaccante'),
  ('186923','Walsall FC',13,'Jack','Rose','31-jan-1995','Portiere'),
  ('249164','Walsall FC',1,'Liam','Roberts','24-nov-1994','Portiere'),
  ('003930','Walsall FC',4,'Mat','Sadler','26-feb-1985','Difensore'),
  ('309041','Walsall FC',null,'Zak','Jules','7-feb-1997','Difensore'),
  ('067215','Walsall FC',5,'James','Clarke','17-nov-1989','Difensore'),
  ('407363','Walsall FC',6,'Dan','Scarr','24-dec-1994','Difensore'),
  ('690227','Walsall FC',18,'Tom','Leak','31-oct-2000','Difensore'),
  ('460255','Walsall FC',null,'Max','Melbourne','24-oct-1998','Difensore'),
  ('633129','Walsall FC',null,'George','Nurse','30-apr-1999','Difensore'),
  ('454317','Walsall FC',14,'Callum','Cockerill-Mollett','15-jan-1999','Difensore'),
  ('270157','Walsall FC',24,'Hayden','White','15-apr-1995','Difensore'),
  ('216901','Walsall FC',2,'Cameron','Norman','12-oct-1995','Difensore'),
  ('744951','Walsall FC',26,'Joe','Foulkes','23-jun-2003','Difensore'),
  ('334050','Walsall FC',8,'Liam','Kinsella','23-feb-1996','Centrocampista'),
  ('016716','Walsall FC',null,'Danny','Guthrie','18-apr-1987','Centrocampista'),
  ('208369','Walsall FC',7,'Stuart','Sinclair','9-nov-1987','Centrocampista'),
  ('624914','Walsall FC',12,'Alfie','Bates','3-may-2001','Centrocampista'),
  ('744629','Walsall FC',19,'Joe','Willis','3-oct-2001','Centrocampista'),
  ('744633','Walsall FC',20,'Sam','Perry','29-dec-2001','Centrocampista'),
  ('393284','Walsall FC',23,'Emmanuel','Osadebe','1-oct-1996','Centrocampista'),
  ('690884','Walsall FC',null,'Frank','Vincent','23-apr-1999','Centrocampista'),
  ('809090','Walsall FC',25,'Jayden','Campbell','1-oct-2002','Centrocampista'),
  ('503760','Walsall FC',17,'Jack','Nolan','25-may-2001','Attaccante'),
  ('431643','Walsall FC',22,'Rory','Holden','23-aug-1997','Attaccante'),
  ('505657','Walsall FC',null,'Tyreik','Wright','22-sep-2001','Attaccante'),
  ('538855','Walsall FC',15,'Wes','McDonald','4-may-1997','Attaccante'),
  ('319900','Walsall FC',null,'Elijah','Adebayo','7-jan-1998','Attaccante'),
  ('471243','Walsall FC',null,'Derick','Osei Yaw','10-sep-1998','Attaccante'),
  ('127983','Walsall FC',9,'Caolan','Lavery','22-oct-1992','Attaccante'),
  ('716109','Walsall FC',null,'Adan','George','30-jul-2002','Attaccante'),
  ('426426','Walsall FC',10,'Josh','Gordon','10-oct-1994','Attaccante'),
  ('025186','Scunthorpe United',33,'Mark','Howard','21-sep-1986','Portiere'),
  ('344916','Scunthorpe United',1,'Rory','Watson','5-feb-1996','Portiere'),
  ('467538','Scunthorpe United',31,'Adam','Kelsey','12-nov-1999','Portiere'),
  ('744552','Scunthorpe United',41,'Tom','Collins','4-aug-2002','Portiere'),
  ('453661','Scunthorpe United',4,'Jacob','Bedeau','24-dec-1999','Difensore'),
  ('286806','Scunthorpe United',5,'Harrison','McGahey','26-sep-1995','Difensore'),
  ('257534','Scunthorpe United',6,'Emmanuel','Onariase','21-oct-1996','Difensore'),
  ('774583','Scunthorpe United',35,'Charlie','Barks','19-jul-2002','Difensore'),
  ('066956','Scunthorpe United',12,'Junior','Brown','7-may-1989','Difensore'),
  ('457525','Scunthorpe United',16,'Lewis','Butroid','17-sep-1998','Difensore'),
  ('696225','Scunthorpe United',38,'Mason','O''Malley','8-jun-2001','Difensore'),
  ('095683','Scunthorpe United',2,'Jordan','Clarke','19-nov-1991','Difensore'),
  ('424902','Scunthorpe United',null,'Teddy','Howe','9-oct-1998','Difensore'),
  ('745161','Scunthorpe United',25,'Jai','Rowe','8-aug-2001','Difensore'),
  ('542479','Scunthorpe United',28,'George','Hornshaw','20-jan-2000','Difensore'),
  ('774586','Scunthorpe United',42,'Raynner','Silva','10-sep-2001','Centrocampista'),
  ('255340','Scunthorpe United',20,'Lewis','Spence','28-jan-1996','Centrocampista'),
  ('702715','Scunthorpe United',null,'Jake','Taylor','8-sep-1998','Centrocampista'),
  ('451862','Scunthorpe United',22,'Alfie','Beestin','1-oct-1997','Centrocampista'),
  ('061447','Scunthorpe United',23,'Jem','Karacan','21-feb-1989','Centrocampista'),
  ('625078','Scunthorpe United',30,'Tom','Pugh','27-sep-2000','Centrocampista'),
  ('774585','Scunthorpe United',36,'Finley','Shrimpton','24-aug-2002','Centrocampista'),
  ('473078','Scunthorpe United',18,'Jordan','Hallam','6-oct-1998','Centrocampista'),
  ('242802','Scunthorpe United',null,'Ryan','Colclough','27-dec-1994','Attaccante'),
  ('566408','Scunthorpe United',11,'Abo','Eisa','5-jan-1996','Attaccante'),
  ('329849','Scunthorpe United',15,'Myles','Hippolyte','9-nov-1994','Attaccante'),
  ('594092','Scunthorpe United',17,'Andy','Dales','13-nov-1994','Attaccante'),
  ('221687','Scunthorpe United',8,'Alex','Gilliead','11-feb-1996','Attaccante'),
  ('285844','Scunthorpe United',14,'Devarn','Green','26-aug-1996','Attaccante'),
  ('504855','Scunthorpe United',45,'John','McAtee','23-jul-1999','Attaccante'),
  ('159894','Scunthorpe United',10,'Kevin','van Veen','1-jun-1991','Attaccante'),
  ('238564','Scunthorpe United',27,'Kenan','Dünnwald-Turan','14-nov-1995','Attaccante'),
  ('356569','Scunthorpe United',null,'Olufela','Olomola','5-sep-1997','Attaccante'),
  ('695289','Scunthorpe United',null,'Joey','Dawson','30-may-2003','Attaccante'),
  ('364711','Scunthorpe United',9,'Ryan','Loft','14-sep-1997','Attaccante'),
  ('534559','Scunthorpe United',19,'Aaron','Jarvis','24-jan-1998','Attaccante'),
  ('425764','Scunthorpe United',21,'Kelsey','Mooney','5-feb-1999','Attaccante'),
  ('774584','Scunthorpe United',40,'Harry','Jessop','1-aug-2002','Attaccante'),
  ('243591','Leyton Orient',22,'Lawrence','Vigouroux','19-nov-1993','Portiere'),
  ('369945','Leyton Orient',1,'Sam','Sargeant','23-sep-1997','Portiere'),
  ('160163','Leyton Orient',29,'Adam','Thompson','28-sep-1992','Difensore'),
  ('347212','Leyton Orient',null,'Tunji','Akinola','21-nov-1998','Difensore'),
  ('066493','Leyton Orient',6,'Josh','Coulson','28-jan-1989','Difensore'),
  ('491174','Leyton Orient',15,'Dan','Happe','28-sep-1998','Difensore'),
  ('106359','Leyton Orient',23,'Jamie','Turley','7-apr-1990','Difensore'),
  ('061594','Leyton Orient',3,'Joe','Widdowson','28-mar-1989','Difensore'),
  ('651955','Leyton Orient',25,'Shadrach','Ogie','26-aug-2001','Difensore'),
  ('676168','Leyton Orient',29,'Jayden','Sweeney','4-dec-2001','Difensore'),
  ('563306','Leyton Orient',null,'Jordan','Thomas','2-jan-2001','Difensore'),
  ('302459','Leyton Orient',2,'Sam','Ling','17-dec-1996','Difensore'),
  ('392302','Leyton Orient',14,'Myles','Judd','3-feb-1999','Difensore'),
  ('098827','Leyton Orient',4,'Ousseynou','Cissé','7-apr-1991','Centrocampista'),
  ('661253','Leyton Orient',26,'Hector','Kyprianou','27-may-2001','Centrocampista'),
  ('138235','Leyton Orient',8,'Craig','Clay','5-may-1992','Centrocampista'),
  ('448813','Leyton Orient',null,'Nick','Freeman','7-nov-1995','Centrocampista'),
  ('055898','Leyton Orient',null,'Josh','Wright','6-nov-1989','Centrocampista'),
  ('868021','Leyton Orient',null,'Matt','Young','6-feb-2003','Centrocampista'),
  ('676167','Leyton Orient',21,'Brendon','Shabani','22-oct-2001','Centrocampista'),
  ('092548','Leyton Orient',11,'James','Dayton','12-dec-1988','Centrocampista'),
  ('386505','Leyton Orient',16,'James','Brophy','25-jul-1994','Centrocampista'),
  ('014047','Leyton Orient',null,'Jobi','McAnuff','9-nov-1981','Attaccante'),
  ('341028','Leyton Orient',10,'Jordan','Maguire-Drew','19-sep-1997','Attaccante'),
  ('396857','Leyton Orient',15,'Dan','Kemp','11-jan-1999','Attaccante'),
  ('344525','Leyton Orient',39,'Danny','Johnson','28-feb-1993','Attaccante'),
  ('233100','Leyton Orient',19,'Lee','Angol','4-aug-1994','Attaccante'),
  ('228791','Leyton Orient',9,'Conor','Wilkinson','23-jan-1995','Attaccante'),
  ('233213','Leyton Orient',17,'Louis','Dennis','9-oct-1992','Attaccante'),
  ('547479','Leyton Orient',20,'Ruel','Sotiriou','24-aug-2000','Attaccante'),
  ('042874','Morecambe FC',1,'Kyle','Letheren','26-dec-1987','Portiere'),
  ('457128','Morecambe FC',null,'Jake','Turner','25-feb-1999','Portiere'),
  ('099972','Morecambe FC',12,'Mark','Halstead','17-sep-1990','Portiere'),
  ('744549','Morecambe FC',13,'André Mendes','null','15-may-2003','Portiere'),
  ('097886','Morecambe FC',4,'Nathaniel','Knight-Percival','31-mar-1987','Difensore'),
  ('285846','Morecambe FC',5,'Sam','Lavelle','3-oct-1996','Difensore'),
  ('123675','Morecambe FC',6,'Harry','Davis','24-sep-1991','Difensore'),
  ('186269','Morecambe FC',3,'Stephen','Hendrie','8-jan-1995','Difensore'),
  ('248730','Morecambe FC',null,'Luke','Conlan','31-oct-1994','Difensore'),
  ('312553','Morecambe FC',22,'Liam','Gibson','25-apr-1997','Difensore'),
  ('143006','Morecambe FC',2,'Kelvin','Mellor','25-jan-1991','Difensore'),
  ('478014','Morecambe FC',null,'Ryan','Cooney','26-feb-2000','Difensore'),
  ('037010','Morecambe FC',8,'Toumani','Diagouraga','9-jun-1987','Centrocampista'),
  ('234824','Morecambe FC',14,'Alex','Kenyon','17-jul-1992','Centrocampista'),
  ('144341','Morecambe FC',24,'Yann','Songo''o','19-nov-1991','Centrocampista'),
  ('121831','Morecambe FC',10,'Aaron','Wildig','15-apr-1992','Centrocampista'),
  ('334816','Morecambe FC',null,'Brad','Lyons','26-may-1997','Centrocampista'),
  ('314381','Morecambe FC',null,'Adam','Phillips','15-jan-1998','Centrocampista'),
  ('173592','Morecambe FC',16,'John','O''Sullivan','18-sep-1993','Centrocampista'),
  ('029589','Morecambe FC',18,'Ben','Pringle','25-jul-1989','Centrocampista'),
  ('646939','Morecambe FC',23,'Freddie','Price','12-may-2002','Attaccante'),
  ('588412','Morecambe FC',11,'Carlos','Mendes','14-nov-1998','Attaccante'),
  ('213398','Morecambe FC',9,'Cole','Stockton','13-mar-1994','Attaccante'),
  ('164785','Morecambe FC',7,'Jordan','Slew','7-sep-1992','Attaccante'),
  ('115608','Morecambe FC',17,'AJ','Leitch-Smith','6-mar-1990','Attaccante'),
  ('166319','Morecambe FC',19,'Liam','McAlinden','26-sep-1993','Attaccante'),
  ('256436','Carlisle United',1,'Magnus','Norman','19-jan-1997','Portiere'),
  ('566348','Carlisle United',null,'Marcus','Dewhurst','20-mar-2001','Portiere'),
  ('854900','Carlisle United',null,'Gabriel','Breeze','30-dec-2003','Portiere'),
  ('097930','Carlisle United',21,'Paul','Farman','2-nov-1989','Portiere'),
  ('837236','Carlisle United',null,'Max','Kilsby','4-oct-2003','Difensore'),
  ('128227','Carlisle United',32,'Rhys','Bennett','1-sep-1991','Difensore'),
  ('129021','Carlisle United',13,'Rod','McDonald','11-apr-1992','Difensore'),
  ('554465','Carlisle United',null,'Max','Hunt','1-may-1999','Difensore'),
  ('726862','Carlisle United',null,'Joshua','Barnett','6-sep-2003','Difensore'),
  ('357297','Carlisle United',6,'Aaron','Hayden','16-jan-1997','Difensore'),
  ('781942','Carlisle United',24,'Tom','Wilson','8-dec-2001','Difensore'),
  ('744548','Carlisle United',26,'Liam','Lightfoot','2-oct-2001','Difensore'),
  ('399373','Carlisle United',30,'Morgan','Feeney','8-feb-1999','Difensore'),
  ('509423','Carlisle United',17,'Jack','Armer','16-apr-2001','Difensore'),
  ('343328','Carlisle United',3,'Nick','Anderton','22-apr-1996','Difensore'),
  ('629026','Carlisle United',23,'Charlie','Birch','23-oct-2001','Difensore'),
  ('420811','Carlisle United',2,'George','Tanner','16-nov-1999','Difensore'),
  ('745066','Carlisle United',22,'Charlie','Barnes','8-oct-2001','Difensore'),
  ('387036','Carlisle United',7,'Joe','Riley','6-dec-1996','Centrocampista'),
  ('504939','Carlisle United',12,'Jon','Mellish','19-sep-1997','Centrocampista'),
  ('039878','Carlisle United',19,'Dean','Furman','22-jun-1988','Centrocampista'),
  ('335182','Carlisle United',8,'Callum','Guy','25-nov-1996','Centrocampista'),
  ('485998','Carlisle United',null,'Connor','Malley','20-mar-2000','Centrocampista'),
  ('451732','Carlisle United',4,'Daniel','Devine','4-sep-1997','Centrocampista'),
  ('702714','Carlisle United',15,'Taylor','Charters','2-oct-2001','Centrocampista'),
  ('671643','Carlisle United',18,'Josh','Dixon','7-feb-2001','Centrocampista'),
  ('781941','Carlisle United',25,'Jamie','Armstrong','5-oct-2001','Centrocampista'),
  ('237552','Carlisle United',16,'Brennan','Dickenson','26-feb-1993','Centrocampista'),
  ('640893','Carlisle United',null,'Ethan','Walker','28-jul-2002','Attaccante'),
  ('411239','Carlisle United',11,'Omari','Patrick','24-may-1996','Attaccante'),
  ('525216','Carlisle United',20,'Gime','Touré','7-may-1994','Attaccante'),
  ('808280','Carlisle United',28,'Lewis','Bell','29-sep-2002','Attaccante'),
  ('053601','Carlisle United',9,'Lewis','Alessandra','8-feb-1989','Attaccante'),
  ('156764','Carlisle United',null,'Gavin','Reilly','10-may-1993','Attaccante'),
  ('532195','Carlisle United',null,'Joshua','Kayode','4-may-2000','Attaccante'),
  ('795638','Carlisle United',null,'Micah','Obiero','22-feb-2001','Attaccante'),
  ('837235','Carlisle United',null,'Sam','Fishburn','26-nov-2003','Attaccante'),
  ('337796','Carlisle United',10,'Offrande','Zanzala','8-nov-1996','Attaccante'),
  ('564594','Carlisle United',31,'Cedwyn','Scott','6-dec-1998','Attaccante'),
  ('016170','Crawley Town',37,'Stuart','Nelson','17-sep-1981','Portiere'),
  ('048261','Crawley Town',1,'Glenn','Morris','20-dec-1983','Portiere'),
  ('406556','Crawley Town',null,'Tom','McGill','25-mar-2000','Portiere'),
  ('580214','Crawley Town',31,'Alfie','Jones','2-oct-2000','Portiere'),
  ('013562','Crawley Town',24,'Tony','Craig','20-apr-1985','Difensore'),
  ('242607','Crawley Town',6,'Tom','Dallison','2-feb-1996','Difensore'),
  ('104345','Crawley Town',5,'Joe','McNerney','24-jan-1990','Difensore'),
  ('524700','Crawley Town',17,'Manny','Adebowale','14-sep-1997','Difensore'),
  ('199531','Crawley Town',19,'Jordan','Tunnicliffe','13-oct-1993','Difensore'),
  ('486288','Crawley Town',25,'Nick','Tsaroulla','29-mar-1999','Difensore'),
  ('854336','Crawley Town',30,'Mark','Wright','20-jan-1987','Difensore'),
  ('086078','Crawley Town',2,'Lewis','Young','27-sep-1989','Difensore'),
  ('130755','Crawley Town',4,'George','Francomb','8-sep-1991','Difensore'),
  ('386201','Crawley Town',15,'Archie','Davies','7-oct-1998','Difensore'),
  ('602158','Crawley Town',18,'David','Sesay','18-sep-1998','Difensore'),
  ('259652','Crawley Town',39,'Jake','Hessenthaler','20-apr-1994','Centrocampista'),
  ('204684','Crawley Town',8,'Jack','Powell','29-jan-1994','Centrocampista'),
  ('104668','Crawley Town',21,'Dannie','Bulman','24-jan-1979','Centrocampista'),
  ('837495','Crawley Town',null,'Szymon','Kowalczyk','20-aug-2003','Centrocampista'),
  ('824310','Crawley Town',33,'Henry','Burnett','13-apr-1998','Centrocampista'),
  ('264199','Crawley Town',7,'Reece','Grego-Cox','12-nov-1996','Centrocampista'),
  ('424883','Crawley Town',11,'Tyler','Frost','7-jul-1999','Centrocampista'),
  ('602159','Crawley Town',14,'Tarryn','Allarakhia','17-oct-1997','Centrocampista'),
  ('282901','Crawley Town',20,'Sam','Matthews','1-mar-1997','Centrocampista'),
  ('315185','Crawley Town',null,'Jake','Hesketh','27-mar-1996','Centrocampista'),
  ('809879','Crawley Town',null,'Rafiq','Khaleel','24-feb-2003','Centrocampista'),
  ('619579','Crawley Town',22,'Zaid','Al Hussaini','7-jun-2000','Centrocampista'),
  ('359693','Crawley Town',38,'James','Tilley','13-jun-1998','Attaccante'),
  ('186597','Crawley Town',16,'Tom','Nichols','28-aug-1993','Attaccante'),
  ('586023','Crawley Town',null,'Max','Watters','23-mar-1999','Attaccante'),
  ('407735','Crawley Town',null,'Brian','Galach','16-may-2001','Attaccante'),
  ('462708','Crawley Town',9,'Ricardo','German','13-jan-1999','Attaccante'),
  ('435752','Crawley Town',10,'Ashley','Nadesan','9-sep-1995','Attaccante'),
  ('788703','Crawley Town',23,'Sam','Ashford','21-dec-1995','Attaccante'),
  ('413449','Crawley Town',35,'Davide','Rodari','23-jun-1999','Attaccante'),
  ('163532','Forest Green Rovers ',null,'Adam','Smith','23-nov-1992','Portiere'),
  ('183301','Forest Green Rovers ',1,'Luke','McGee','2-sep-1995','Portiere'),
  ('319306','Forest Green Rovers ',24,'Lewis','Thomas','20-sep-1997','Portiere'),
  ('803389','Forest Green Rovers ',null,'Luke','Hallett','9-oct-2002','Difensore'),
  ('293450','Forest Green Rovers ',6,'Baily','Cargill','5-jul-1995','Difensore'),
  ('534701','Forest Green Rovers ',null,'Liam','Kitching','25-sep-1999','Difensore'),
  ('125119','Forest Green Rovers ',5,'Chris','Stokes','8-mar-1991','Difensore'),
  ('238423','Forest Green Rovers ',15,'Jordan','Moore-Taylor','21-jan-1994','Difensore'),
  ('376248','Forest Green Rovers ',3,'Dominic','Bernard','29-mar-1997','Difensore'),
  ('440112','Forest Green Rovers ',4,'Dan','Sweeney','25-apr-1994','Difensore'),
  ('636888','Forest Green Rovers ',22,'Udoka','Godwin-Malife','9-may-2000','Difensore'),
  ('504494','Forest Green Rovers ',16,'Jack','Evans','10-aug-2000','Difensore'),
  ('392774','Forest Green Rovers ',2,'Kane','Wilson','11-mar-2000','Difensore'),
  ('565675','Forest Green Rovers ',null,'Jayden','Richardson','4-sep-2000','Difensore'),
  ('811295','Forest Green Rovers ',null,'Finn','Bell',null,'Centrocampista'),
  ('811296','Forest Green Rovers ',null,'Jack','Carter',null,'Centrocampista'),
  ('169625','Forest Green Rovers ',null,'Carl','Winchester','12-apr-1993','Centrocampista'),
  ('177933','Forest Green Rovers ',20,'Elliott','Whitehouse','27-oct-1993','Centrocampista'),
  ('323652','Forest Green Rovers ',8,'Ebou','Adams','15-jan-1996','Centrocampista'),
  ('662956','Forest Green Rovers ',12,'Taylor','Allen','16-jun-2000','Centrocampista'),
  ('734509','Forest Green Rovers ',27,'Harvey','Bunker','15-apr-2003','Centrocampista'),
  ('053066','Forest Green Rovers ',21,'Scott','Wagstaff','31-mar-1990','Centrocampista'),
  ('291177','Forest Green Rovers ',11,'Nicky','Cadden','19-sep-1996','Centrocampista'),
  ('346485','Forest Green Rovers ',null,'Odin','Bailey','8-dec-1999','Centrocampista'),
  ('696230','Forest Green Rovers ',26,'Vaughn','Covil','26-jul-2003','Attaccante'),
  ('194195','Forest Green Rovers ',14,'Jamille','Matt','20-oct-1989','Attaccante'),
  ('341042','Forest Green Rovers ',10,'Aaron','Collins','27-may-1997','Attaccante'),
  ('718547','Forest Green Rovers ',null,'Josh','Davison','16-sep-1999','Attaccante'),
  ('339023','Forest Green Rovers ',9,'Mathew','Stevens','12-feb-1998','Attaccante'),
  ('794437','Forest Green Rovers ',18,'Jake','Young','22-jul-2001','Attaccante'),
  ('470371','Forest Green Rovers ',19,'Shawn','McCoulsky','6-jan-1997','Attaccante'),
  ('735677','Forest Green Rovers ',28,'Josh','March','18-mar-1997','Attaccante'),
  ('526873','Grimsby Town',null,'Jake','Eastwood','3-oct-1996','Portiere'),
  ('062327','Grimsby Town',1,'James','McKeown','24-jul-1989','Portiere'),
  ('624947','Grimsby Town',13,'Ollie','Battersby','23-jul-2001','Portiere'),
  ('004043','Grimsby Town',23,'Sam','Russell','4-oct-1982','Portiere'),
  ('077841','Grimsby Town',null,'Ludvig','Öhman','9-oct-1991','Difensore'),
  ('155972','Grimsby Town',null,'Bilel','Mohsni','21-jul-1987','Difensore'),
  ('811301','Grimsby Town',null,'Ben','Grist',null,'Difensore'),
  ('090476','Grimsby Town',6,'Luke','Waterfall','30-jul-1990','Difensore'),
  ('624948','Grimsby Town',25,'Mattie','Pollock','28-sep-2001','Difensore'),
  ('632135','Grimsby Town',32,'Duncan','Idehen','3-jul-2002','Difensore'),
  ('110862','Grimsby Town',36,'Sam','Habergham','29-feb-1992','Difensore'),
  ('565676','Grimsby Town',null,'Danny','Preston','6-aug-2000','Difensore'),
  ('696185','Grimsby Town',null,'Joey','Hope','28-jun-2002','Difensore'),
  ('253398','Grimsby Town',3,'Joe','Bunney','26-sep-1993','Difensore'),
  ('158786','Grimsby Town',2,'Luke','Hendrie','27-aug-1994','Difensore'),
  ('186624','Grimsby Town',22,'Elliott','Hewitt','30-may-1994','Difensore'),
  ('727228','Grimsby Town',29,'Joseph','Starbuck','3-aug-2002','Difensore'),
  ('811300','Grimsby Town',null,'Louis','Boyd',null,'Centrocampista'),
  ('811302','Grimsby Town',null,'Harvey','Tomlinson',null,'Centrocampista'),
  ('463758','Grimsby Town',null,'Terry','Taylor','29-jun-2001','Centrocampista'),
  ('682035','Grimsby Town',null,'James','Morton','22-apr-1999','Centrocampista'),
  ('696184','Grimsby Town',30,'Cameron','Painter','22-feb-2002','Centrocampista'),
  ('535479','Grimsby Town',null,'Jay','Matete','11-feb-2001','Centrocampista'),
  ('547045','Grimsby Town',null,'Joe','Adams','13-feb-2001','Centrocampista'),
  ('633399','Grimsby Town',null,'Idris','El Mizouni','26-sep-2000','Centrocampista'),
  ('067236','Grimsby Town',4,'Danny','Rose','21-feb-1988','Centrocampista'),
  ('061638','Grimsby Town',8,'Giles','Coke','3-jun-1986','Centrocampista'),
  ('809775','Grimsby Town',14,'Luke','Spokes','6-aug-2000','Centrocampista'),
  ('381352','Grimsby Town',15,'Harry','Clifton','12-jun-1998','Centrocampista'),
  ('671035','Grimsby Town',24,'Jock','Curran','29-jan-2001','Centrocampista'),
  ('725641','Grimsby Town',31,'Evan','Khouri','21-jan-2003','Centrocampista'),
  ('038085','Grimsby Town',18,'Filipe','Morais','21-nov-1985','Centrocampista'),
  ('136368','Grimsby Town',10,'George','Williams','7-sep-1995','Attaccante'),
  ('131593','Grimsby Town',null,'Kyle','Bennett','9-sep-1990','Attaccante'),
  ('652517','Grimsby Town',42,'Julien','Lamy','6-nov-1999','Attaccante'),
  ('809099','Grimsby Town',null,'Owura','Edwards','10-apr-2001','Attaccante'),
  ('061549','Grimsby Town',11,'Sean','Scannell','17-sep-1990','Attaccante'),
  ('451589','Grimsby Town',16,'Ira','Jackson Jr.','28-jan-1997','Attaccante'),
  ('444716','Grimsby Town',19,'Max','Wright','6-apr-1998','Attaccante'),
  ('046822','Grimsby Town',7,'Matt','Green','2-jan-1987','Attaccante'),
  ('628220','Grimsby Town',null,'Virgil','Gomis','16-apr-1999','Attaccante'),
  ('734505','Grimsby Town',null,'Luis','Adlard','13-oct-2002','Attaccante'),
  ('108160','Grimsby Town',9,'James','Hanson','9-nov-1987','Attaccante'),
  ('431151','Grimsby Town',12,'Montel','Gibson','15-dec-1997','Attaccante'),
  ('754433','Grimsby Town',17,'Alhagi Touray','Sisay','31-dec-1999','Attaccante'),
  ('067386','Grimsby Town',21,'Lenell','John-Lewis','17-may-1989','Attaccante'),
  ('396859','Stevenage FC',null,'Jamie','Cumming','4-sep-1999','Portiere'),
  ('067339','Stevenage FC',null,'David','Stockdale','20-sep-1985','Portiere'),
  ('607523','Stevenage FC',13,'Billy','Johnson','25-sep-1999','Portiere'),
  ('021330','Stevenage FC',5,'Scott','Cuthbert','15-jun-1987','Difensore'),
  ('049453','Stevenage FC',6,'Luke','Prosser','28-may-1988','Difensore'),
  ('727282','Stevenage FC',null,'Mackye','Townsend-West','1-aug-2003','Difensore'),
  ('674953','Stevenage FC',14,'Jamie','Fielding','18-aug-1999','Difensore'),
  ('406935','Stevenage FC',15,'Terence','Vancooten','29-dec-1997','Difensore'),
  ('745159','Stevenage FC',24,'Ross','Marshall','9-oct-1999','Difensore'),
  ('678927','Stevenage FC',30,'Luis','Fernandez','28-sep-2001','Difensore'),
  ('157075','Stevenage FC',3,'Ben','Coker','1-jul-1990','Difensore'),
  ('061833','Stevenage FC',28,'Joe','Martin','29-nov-1988','Difensore'),
  ('691064','Stevenage FC',null,'Remeao','Hutton','28-sep-1998','Difensore'),
  ('432181','Stevenage FC',2,'Luther','James-Wildin','3-dec-1997','Difensore'),
  ('776087','Stevenage FC',null,'Finlay','Johnson','7-jul-2004','Centrocampista'),
  ('818686','Stevenage FC',null,'Max','Granville',null,'Centrocampista'),
  ('776084','Stevenage FC',31,'Alfie','Williams','20-apr-2003','Centrocampista'),
  ('045110','Stevenage FC',4,'Romain','Vincelot','29-oct-1985','Centrocampista'),
  ('581870','Stevenage FC',16,'Arthur','Iontton','16-dec-2000','Centrocampista'),
  ('632378','Stevenage FC',23,'Jack','Smith','15-sep-2001','Centrocampista'),
  ('049748','Stevenage FC',40,'Chris','Lines','30-nov-1985','Centrocampista'),
  ('329205','Stevenage FC',26,'Tom','Pett','3-dec-1991','Centrocampista'),
  ('431425','Stevenage FC',null,'Jack','Roles','26-feb-1999','Centrocampista'),
  ('458187','Stevenage FC',null,'Arthur','Read','3-nov-1999','Centrocampista'),
  ('776078','Stevenage FC',null,'Yasin','Arai','30-nov-2003','Centrocampista'),
  ('816523','Stevenage FC',null,'Sam','Tinubu','28-sep-2004','Centrocampista'),
  ('451302','Stevenage FC',7,'Charlie','Carter','25-oct-1996','Centrocampista'),
  ('466673','Stevenage FC',8,'Elliot','Osborne','12-may-1996','Centrocampista'),
  ('186029','Stevenage FC',null,'Tyrone','Marsh','24-dec-1993','Attaccante'),
  ('372714','Stevenage FC',17,'Elliott','List','12-may-1997','Attaccante'),
  ('301129','Stevenage FC',20,'Femi','Akinwande','19-sep-1995','Attaccante'),
  ('344589','Stevenage FC',null,'Jack','Aitchison','5-mar-2000','Attaccante'),
  ('655383','Stevenage FC',null,'Jacob','Bancroft','9-apr-2001','Attaccante'),
  ('314371','Stevenage FC',null,'Jahmal','Hector-Ingram','11-nov-1998','Attaccante'),
  ('220328','Stevenage FC',9,'Inih','Effiong','2-mar-1991','Attaccante'),
  ('207881','Stevenage FC',11,'Danny','Newton','18-mar-1991','Attaccante'),
  ('556982','Stevenage FC',22,'Marcus','Dinanga','30-jun-1997','Attaccante'),
  ('629586','Stevenage FC',29,'Liam','Smyth','6-sep-2001','Attaccante'),
  ('678499','Stevenage FC',41,'Harry','Draper','5-oct-2000','Attaccante'),
  ('264302','Cambridge United',1,'Dimitar','Mitov','22-jan-1997','Portiere'),
  ('236495','Cambridge United',25,'Callum','Burton','15-aug-1996','Portiere'),
  ('344534','Cambridge United',13,'Kai','McKenzie-Lyle','30-nov-1997','Portiere'),
  ('807260','Cambridge United',30,'Louis','Chadwick','23-feb-2003','Portiere'),
  ('379711','Cambridge United',null,'Robbie','Cundy','30-may-1997','Difensore'),
  ('077042','Cambridge United',5,'Greg','Taylor','15-jan-1990','Difensore'),
  ('475554','Cambridge United',null,'Harry','Darling','8-aug-1999','Difensore'),
  ('502065','Cambridge United',null,'Aji','Alese','17-jan-2001','Difensore'),
  ('504943','Cambridge United',null,'Declan','Drysdale','14-nov-1999','Difensore'),
  ('514370','Cambridge United',null,'Jubril','Okedina','26-oct-2000','Difensore'),
  ('524537','Cambridge United',3,'Jack','Iredale','2-may-1996','Difensore'),
  ('196242','Cambridge United',11,'Harrison','Dunk','25-oct-1990','Difensore'),
  ('291171','Cambridge United',2,'Kyle','Knoyle','24-sep-1996','Difensore'),
  ('409052','Cambridge United',17,'Leon','Davies','22-nov-1999','Difensore'),
  ('202883','Cambridge United',4,'Paul','Digby','2-feb-1995','Centrocampista'),
  ('141349','Cambridge United',8,'Liam','O''Neil','31-jul-1993','Centrocampista'),
  ('244125','Cambridge United',null,'Hiram','Boateng','8-jan-1996','Centrocampista'),
  ('370551','Cambridge United',19,'Adam','May','6-dec-1997','Centrocampista'),
  ('727289','Cambridge United',22,'Lewis','Simper','3-sep-2001','Centrocampista'),
  ('533919','Cambridge United',27,'Ben','Worman','30-aug-2001','Centrocampista'),
  ('462068','Cambridge United',7,'Luke','Hannant','4-nov-1993','Centrocampista'),
  ('024589','Cambridge United',14,'Wes','Hoolahan','20-may-1982','Centrocampista'),
  ('837274','Cambridge United',null,'Kai','Yearn','21-may-2005','Centrocampista'),
  ('417256','Cambridge United',null,'Shilow','Tracey','29-apr-1998','Attaccante'),
  ('559092','Cambridge United',null,'Tom','Knowles','27-sep-1998','Attaccante'),
  ('177901','Cambridge United',20,'Joe','Ironside','16-oct-1993','Attaccante'),
  ('406736','Cambridge United',9,'Andy','Dallas','22-jul-1999','Attaccante'),
  ('278501','Cambridge United',10,'Paul','Mullin','6-nov-1994','Attaccante'),
  ('484735','Cambridge United',26,'Harvey','Knibbs','26-apr-1999','Attaccante'),
  ('671634','Cambridge United',28,'Joe','Neal','22-oct-2000','Attaccante'),
  ('021703','Port Vale FC',1,'Scott','Brown','26-apr-1985','Portiere'),
  ('139890','Port Vale FC',30,'Dino','Visser','10-jul-1989','Portiere'),
  ('858310','Port Vale FC',31,'Joseph','Collinge','6-sep-2003','Portiere'),
  ('490094','Port Vale FC',32,'Tom','Scott','28-oct-2000','Portiere'),
  ('117994','Port Vale FC',5,'Leon','Legge','28-apr-1985','Difensore'),
  ('321416','Port Vale FC',6,'Nathan','Smith','3-apr-1996','Difensore'),
  ('731754','Port Vale FC',null,'Mustapha','Olagunju','1-jan-2002','Difensore'),
  ('077368','Port Vale FC',16,'Shaun','Brisley','6-may-1990','Difensore'),
  ('690207','Port Vale FC',23,'Ryan','Campbell-Gordon','2-may-2001','Difensore'),
  ('788108','Port Vale FC',28,'Michael','Lennon','26-jun-2003','Difensore'),
  ('425896','Port Vale FC',3,'Adam','Crookes','18-nov-1997','Difensore'),
  ('284950','Port Vale FC',24,'David','Fitzpatrick','28-feb-1990','Difensore'),
  ('319381','Port Vale FC',15,'Zak','Mills','28-may-1992','Difensore'),
  ('390693','Port Vale FC',null,'Mitchell','Clark','13-mar-1999','Difensore'),
  ('453678','Port Vale FC',2,'James','Gibbons','16-mar-1998','Difensore'),
  ('033786','Port Vale FC',null,'Luke','Joyce','9-jul-1987','Centrocampista'),
  ('294056','Port Vale FC',10,'Tom','Conlon','3-feb-1996','Centrocampista'),
  ('186598','Port Vale FC',null,'Emmanuel','Oyeleke','24-dec-1992','Centrocampista'),
  ('181168','Port Vale FC',18,'Danny','Whitehead','23-oct-1993','Centrocampista'),
  ('324112','Port Vale FC',20,'Scott','Burgess','27-jun-1996','Centrocampista'),
  ('807304','Port Vale FC',26,'Luke','Chambers',null,'Centrocampista'),
  ('050742','Port Vale FC',7,'David','Worrall','12-jun-1990','Centrocampista'),
  ('087667','Port Vale FC',11,'Cristian','Montano','11-dec-1991','Centrocampista'),
  ('221765','Port Vale FC',25,'Dan','Trickett-Smith','10-sep-1995','Centrocampista'),
  ('690210','Port Vale FC',27,'Alex','Hurst','6-oct-1999','Attaccante'),
  ('053302','Port Vale FC',19,'David','Amoo','13-apr-1991','Attaccante'),
  ('483383','Port Vale FC',21,'Devante','Rodney','19-may-1998','Attaccante'),
  ('039514','Port Vale FC',12,'Theo','Robinson','22-jan-1989','Attaccante'),
  ('646208','Port Vale FC',null,'Will','Swan','26-oct-2000','Attaccante'),
  ('837061','Port Vale FC',null,'Eden','Bailey','4-feb-2004','Attaccante'),
  ('048970','Port Vale FC',9,'Tom','Pope','27-aug-1985','Attaccante'),
  ('127802','Port Vale FC',13,'Mark','Cullen','21-apr-1992','Attaccante'),
  ('291129','Port Vale FC',22,'Harry','McKirdy','29-mar-1997','Attaccante'),
  ('195632','Harrogate Town',13,'Joe','Cracknell','5-jun-1994','Portiere'),
  ('107534','Harrogate Town',1,'James','Belshaw','12-oct-1990','Portiere'),
  ('812997','Harrogate Town',25,'Melvin','Minter','7-mar-1995','Portiere'),
  ('332327','Harrogate Town',22,'Ed','Francis','11-sep-1999','Difensore'),
  ('853489','Harrogate Town',null,'Mitchell','Roberts','16-sep-2000','Difensore'),
  ('503123','Harrogate Town',5,'Will','Smith','4-nov-1998','Difensore'),
  ('382816','Harrogate Town',12,'Jake','Lawlor','8-apr-1991','Difensore'),
  ('650476','Harrogate Town',20,'Connor','Hall','23-may-1993','Difensore'),
  ('264849','Harrogate Town',26,'Kevin','Lokko','3-nov-1995','Difensore'),
  ('612093','Harrogate Town',27,'Jay','Williams','4-oct-2000','Difensore'),
  ('354111','Harrogate Town',11,'Joe','Leesley','29-mar-1994','Difensore'),
  ('244261','Harrogate Town',19,'Calvin','Miller','9-jan-1998','Difensore'),
  ('450736','Harrogate Town',2,'Ryan','Fallowfield','3-jan-1996','Difensore'),
  ('104535','Harrogate Town',6,'Warren','Burrell','3-jun-1990','Difensore'),
  ('048221','Harrogate Town',21,'Scott','Brown','8-may-1985','Centrocampista'),
  ('566815','Harrogate Town',15,'Connor','Kirby','10-sep-1998','Centrocampista'),
  ('265312','Harrogate Town',null,'Liam','Agnew','11-apr-1995','Centrocampista'),
  ('586059','Harrogate Town',null,'William','Hondermarck','21-nov-2000','Centrocampista'),
  ('604050','Harrogate Town',null,'Jack','Emmett','22-oct-1993','Centrocampista'),
  ('121326','Harrogate Town',4,'Josh','Falkingham','25-aug-1990','Centrocampista'),
  ('392860','Harrogate Town',30,'Simon','Power','13-may-1998','Centrocampista'),
  ('048108','Harrogate Town',17,'Lloyd','Kerry','22-jul-1988','Centrocampista'),
  ('353800','Harrogate Town',7,'George','Thomson','19-may-1992','Centrocampista'),
  ('192075','Harrogate Town',14,'Brendan','Kiernan','10-nov-1992','Centrocampista'),
  ('284749','Harrogate Town',23,'Tom','Walker','12-dec-1995','Centrocampista'),
  ('424014','Harrogate Town',null,'Josh','McPake','31-aug-2001','Attaccante'),
  ('223578','Harrogate Town',9,'Mark','Beck','2-feb-1994','Attaccante'),
  ('016107','Harrogate Town',null,'Jon','Stead','7-apr-1983','Attaccante'),
  ('573054','Harrogate Town',null,'Josh','Andrews','16-oct-2001','Attaccante'),
  ('796677','Harrogate Town',10,'Aaron','Martin','5-jul-1991','Attaccante'),
  ('325607','Harrogate Town',18,'Jack','Muldoon','19-may-1989','Attaccante');

insert into Partite values
  ('GB400000',1,'Cheltenham Town','Morecambe FC',1,2),
  ('GB400001',3,'Cheltenham Town','Grimsby Town',1,3),
  ('GB400002',5,'Cheltenham Town','Crawley Town',2,0),
  ('GB400003',7,'Cheltenham Town','Scunthorpe United',1,0),
  ('GB400004',8,'Cheltenham Town','Mansfield Town',0,0),
  ('GB400005',10,'Cheltenham Town','Forest Green Rovers ',2,1),
  ('GB400006',13,'Cheltenham Town','Walsall FC',3,0),
  ('GB400007',14,'Cheltenham Town','Cambridge United',1,1),
  ('GB400008',16,'Cheltenham Town','Exeter City',5,3),
  ('GB400009',18,'Cheltenham Town','Bolton Wanderers',0,1),
  ('GB400010',1,'Cambridge United','Carlisle United',3,0),
  ('GB400011',3,'Cambridge United','Tranmere Rovers',0,0),
  ('GB400012',5,'Cambridge United','Newport County',2,1),
  ('GB400013',7,'Cambridge United','Port Vale FC',3,1),
  ('GB400014',8,'Cambridge United','Bolton Wanderers',1,1),
  ('GB400015',11,'Cambridge United','Salford City',2,1),
  ('GB400016',12,'Cambridge United','Barrow AFC',1,1),
  ('GB400017',15,'Cambridge United','Mansfield Town',0,1),
  ('GB400018',16,'Cambridge United','Oldham Athletic',1,2),
  ('GB400019',18,'Cambridge United','Colchester United',2,1),
  ('GB400020',1,'Bolton Wanderers','Forest Green Rovers ',0,1),
  ('GB400021',3,'Bolton Wanderers','Newport County',0,2),
  ('GB400022',5,'Bolton Wanderers','Grimsby Town',0,0),
  ('GB400023',6,'Bolton Wanderers','Oldham Athletic',1,2),
  ('GB400024',9,'Bolton Wanderers','Bradford City',1,0),
  ('GB400025',11,'Bolton Wanderers','Mansfield Town',1,1),
  ('GB400026',12,'Bolton Wanderers','Salford City',2,0),
  ('GB400027',15,'Bolton Wanderers','Southend United',3,0),
  ('GB400028',16,'Bolton Wanderers','Port Vale FC',3,6),
  ('GB400029',19,'Bolton Wanderers','Tranmere Rovers',0,3),
  ('GB400030',2,'Morecambe FC','Cambridge United',0,5),
  ('GB400031',4,'Morecambe FC','Port Vale FC',1,0),
  ('GB400032',7,'Morecambe FC','Mansfield Town',1,1),
  ('GB400033',8,'Morecambe FC','Forest Green Rovers ',1,2),
  ('GB400034',11,'Morecambe FC','Exeter City',2,2),
  ('GB400035',12,'Morecambe FC','Stevenage FC',1,1),
  ('GB400036',15,'Morecambe FC','Barrow AFC',1,0),
  ('GB400037',17,'Morecambe FC','Harrogate Town',1,0),
  ('GB400038',18,'Morecambe FC','Leyton Orient',2,1),
  ('GB400039',2,'Newport County','Barrow AFC',2,1),
  ('GB400040',4,'Newport County','Mansfield Town',2,1),
  ('GB400041',6,'Newport County','Tranmere Rovers',1,0),
  ('GB400042',9,'Newport County','Colchester United',2,1),
  ('GB400043',10,'Newport County','Harrogate Town',2,1),
  ('GB400044',13,'Newport County','Port Vale FC',1,0),
  ('GB400045',14,'Newport County','Walsall FC',1,1),
  ('GB400046',16,'Newport County','Morecambe FC',2,1),
  ('GB400047',19,'Newport County','Oldham Athletic',2,4),
  ('GB400048',2,'Forest Green Rovers ','Bradford City',2,2),
  ('GB400049',4,'Forest Green Rovers ','Walsall FC',1,1),
  ('GB400050',6,'Forest Green Rovers ','Stevenage FC',1,0),
  ('GB400051',9,'Forest Green Rovers ','Grimsby Town',1,0),
  ('GB400052',11,'Forest Green Rovers ','Leyton Orient',2,1),
  ('GB400053',12,'Forest Green Rovers ','Mansfield Town',0,2),
  ('GB400054',15,'Forest Green Rovers ','Newport County',1,1),
  ('GB400055',17,'Forest Green Rovers ','Cambridge United',2,0),
  ('GB400056',19,'Forest Green Rovers ','Carlisle United',1,0),
  ('GB400057',2,'Tranmere Rovers','Cheltenham Town',0,3),
  ('GB400058',4,'Tranmere Rovers','Scunthorpe United',2,0),
  ('GB400059',7,'Tranmere Rovers','Leyton Orient',0,1),
  ('GB400060',8,'Tranmere Rovers','Southend United',2,0),
  ('GB400061',10,'Tranmere Rovers','Morecambe FC',0,1),
  ('GB400062',13,'Tranmere Rovers','Grimsby Town',5,0),
  ('GB400063',14,'Tranmere Rovers','Carlisle United',1,0),
  ('GB400064',16,'Tranmere Rovers','Walsall FC',1,3),
  ('GB400065',18,'Tranmere Rovers','Stevenage FC',0,1),
  ('GB400066',1,'Salford City','Exeter City',2,2),
  ('GB400067',3,'Salford City','Forest Green Rovers ',0,0),
  ('GB400068',5,'Salford City','Tranmere Rovers',2,2),
  ('GB400069',7,'Salford City','Southend United',3,0),
  ('GB400070',8,'Salford City','Crawley Town',1,1),
  ('GB400071',10,'Salford City','Oldham Athletic',2,0),
  ('GB400072',13,'Salford City','Bradford City',3,0),
  ('GB400073',14,'Salford City','Morecambe FC',2,1),
  ('GB400074',17,'Salford City','Cheltenham Town',0,0),
  ('GB400075',18,'Salford City','Newport County',1,1),
  ('GB400076',2,'Exeter City','Port Vale FC',0,2),
  ('GB400077',4,'Exeter City','Cambridge United',2,0),
  ('GB400078',7,'Exeter City','Crawley Town',2,1),
  ('GB400079',8,'Exeter City','Scunthorpe United',3,1),
  ('GB400080',10,'Exeter City','Carlisle United',1,0),
  ('GB400081',13,'Exeter City','Oldham Athletic',1,2),
  ('GB400082',14,'Exeter City','Colchester United',6,1),
  ('GB400083',17,'Exeter City','Tranmere Rovers',5,0),
  ('GB400084',18,'Exeter City','Harrogate Town',1,2),
  ('GB400085',2,'Carlisle United','Southend United',2,0),
  ('GB400086',4,'Carlisle United','Barrow AFC',1,0),
  ('GB400087',6,'Carlisle United','Colchester United',3,2),
  ('GB400088',9,'Carlisle United','Morecambe FC',3,1),
  ('GB400089',11,'Carlisle United','Newport County',3,2),
  ('GB400090',12,'Carlisle United','Cheltenham Town',1,2),
  ('GB400091',15,'Carlisle United','Salford City',2,1),
  ('GB400092',17,'Carlisle United','Stevenage FC',4,0),
  ('GB400093',18,'Carlisle United','Mansfield Town',1,0),
  ('GB400094',2,'Leyton Orient','Mansfield Town',2,2),
  ('GB400095',4,'Leyton Orient','Cheltenham Town',0,2),
  ('GB400096',6,'Leyton Orient','Grimsby Town',2,3),
  ('GB400097',9,'Leyton Orient','Exeter City',1,1),
  ('GB400098',10,'Leyton Orient','Bolton Wanderers',4,0),
  ('GB400099',13,'Leyton Orient','Harrogate Town',3,0),
  ('GB400100',14,'Leyton Orient','Bradford City',1,0),
  ('GB400101',17,'Leyton Orient','Newport County',2,1),
  ('GB400102',19,'Leyton Orient','Crawley Town',1,2),
  ('GB400103',2,'Crawley Town','Scunthorpe United',1,0),
  ('GB400104',4,'Crawley Town','Southend United',1,1),
  ('GB400105',6,'Crawley Town','Morecambe FC',4,0),
  ('GB400106',9,'Crawley Town','Tranmere Rovers',4,0),
  ('GB400107',10,'Crawley Town','Cambridge United',2,1),
  ('GB400108',13,'Crawley Town','Carlisle United',0,3),
  ('GB400109',14,'Crawley Town','Grimsby Town',1,2),
  ('GB400110',17,'Crawley Town','Barrow AFC',4,2),
  ('GB400111',18,'Crawley Town','Bradford City',1,1),
  ('GB400112',1,'Port Vale FC','Crawley Town',2,0),
  ('GB400113',3,'Port Vale FC','Harrogate Town',0,0),
  ('GB400114',5,'Port Vale FC','Carlisle United',0,1),
  ('GB400115',6,'Port Vale FC','Salford City',1,0),
  ('GB400116',9,'Port Vale FC','Cheltenham Town',2,1),
  ('GB400117',11,'Port Vale FC','Scunthorpe United',0,1),
  ('GB400118',12,'Port Vale FC','Tranmere Rovers',3,4),
  ('GB400119',15,'Port Vale FC','Leyton Orient',2,3),
  ('GB400120',17,'Port Vale FC','Colchester United',1,1),
  ('GB400121',18,'Port Vale FC','Forest Green Rovers ',1,1),
  ('GB400122',2,'Stevenage FC','Oldham Athletic',3,0),
  ('GB400123',4,'Stevenage FC','Salford City',0,1),
  ('GB400124',7,'Stevenage FC','Newport County',0,1),
  ('GB400125',8,'Stevenage FC','Leyton Orient',0,2),
  ('GB400126',10,'Stevenage FC','Grimsby Town',0,0),
  ('GB400127',13,'Stevenage FC','Bolton Wanderers',1,2),
  ('GB400128',14,'Stevenage FC','Port Vale FC',2,1),
  ('GB400129',16,'Stevenage FC','Southend United',0,0),
  ('GB400130',19,'Stevenage FC','Exeter City',0,1),
  ('GB400131',1,'Bradford City','Colchester United',0,0),
  ('GB400132',3,'Bradford City','Stevenage FC',2,1),
  ('GB400133',5,'Bradford City','Harrogate Town',0,1),
  ('GB400134',7,'Bradford City','Walsall FC',1,1),
  ('GB400135',8,'Bradford City','Newport County',0,3),
  ('GB400136',11,'Bradford City','Southend United',3,0),
  ('GB400137',12,'Bradford City','Exeter City',2,2),
  ('GB400138',15,'Bradford City','Cheltenham Town',1,2),
  ('GB400139',16,'Bradford City','Carlisle United',0,1),
  ('GB400140',19,'Bradford City','Cambridge United',1,0),
  ('GB400141',1,'Mansfield Town','Tranmere Rovers',0,0),
  ('GB400142',3,'Mansfield Town','Exeter City',1,2),
  ('GB400143',5,'Mansfield Town','Stevenage FC',0,0),
  ('GB400144',6,'Mansfield Town','Bradford City',1,3),
  ('GB400145',9,'Mansfield Town','Barrow AFC',2,4),
  ('GB400146',10,'Mansfield Town','Walsall FC',1,1),
  ('GB400147',13,'Mansfield Town','Colchester United',1,1),
  ('GB400148',14,'Mansfield Town','Harrogate Town',0,1),
  ('GB400149',16,'Mansfield Town','Crawley Town',3,3),
  ('GB400150',19,'Mansfield Town','Southend United',1,1),
  ('GB400151',2,'Harrogate Town','Walsall FC',2,2),
  ('GB400152',4,'Harrogate Town','Bolton Wanderers',1,2),
  ('GB400153',6,'Harrogate Town','Barrow AFC',1,0),
  ('GB400154',9,'Harrogate Town','Stevenage FC',0,0),
  ('GB400155',11,'Harrogate Town','Tranmere Rovers',0,1),
  ('GB400156',12,'Harrogate Town','Crawley Town',1,1),
  ('GB400157',15,'Harrogate Town','Scunthorpe United',2,5),
  ('GB400158',16,'Harrogate Town','Forest Green Rovers ',0,1),
  ('GB400159',19,'Harrogate Town','Salford City',0,1),
  ('GB400160',1,'Oldham Athletic','Leyton Orient',0,1),
  ('GB400161',3,'Oldham Athletic','Crawley Town',2,3),
  ('GB400162',5,'Oldham Athletic','Morecambe FC',2,3),
  ('GB400163',7,'Oldham Athletic','Carlisle United',1,1),
  ('GB400164',8,'Oldham Athletic','Port Vale FC',1,2),
  ('GB400165',11,'Oldham Athletic','Cheltenham Town',2,1),
  ('GB400166',12,'Oldham Athletic','Scunthorpe United',0,2),
  ('GB400167',15,'Oldham Athletic','Tranmere Rovers',0,1),
  ('GB400168',17,'Oldham Athletic','Bradford City',3,1),
  ('GB400169',18,'Oldham Athletic','Walsall FC',2,3),
  ('GB400170',1,'Walsall FC','Grimsby Town',1,0),
  ('GB400171',3,'Walsall FC','Leyton Orient',2,1),
  ('GB400172',5,'Walsall FC','Colchester United',1,1),
  ('GB400173',6,'Walsall FC','Exeter City',0,0),
  ('GB400174',9,'Walsall FC','Cambridge United',0,2),
  ('GB400175',11,'Walsall FC','Crawley Town',1,0),
  ('GB400176',12,'Walsall FC','Southend United',0,1),
  ('GB400177',15,'Walsall FC','Stevenage FC',1,1),
  ('GB400178',17,'Walsall FC','Bolton Wanderers',2,1),
  ('GB400179',19,'Walsall FC','Port Vale FC',4,3),
  ('GB400180',2,'Colchester United','Bolton Wanderers',2,0),
  ('GB400181',4,'Colchester United','Oldham Athletic',3,3),
  ('GB400182',7,'Colchester United','Forest Green Rovers ',1,0),
  ('GB400183',8,'Colchester United','Harrogate Town',2,1),
  ('GB400184',11,'Colchester United','Stevenage FC',3,1),
  ('GB400185',12,'Colchester United','Leyton Orient',2,1),
  ('GB400186',15,'Colchester United','Crawley Town',1,1),
  ('GB400187',16,'Colchester United','Grimsby Town',2,1),
  ('GB400188',19,'Colchester United','Morecambe FC',1,2),
  ('GB400189',1,'Barrow AFC','Stevenage FC',1,1),
  ('GB400190',3,'Barrow AFC','Colchester United',1,1),
  ('GB400191',5,'Barrow AFC','Leyton Orient',1,1),
  ('GB400192',7,'Barrow AFC','Bolton Wanderers',3,3),
  ('GB400193',8,'Barrow AFC','Walsall FC',2,2),
  ('GB400194',10,'Barrow AFC','Bradford City',1,0),
  ('GB400195',13,'Barrow AFC','Forest Green Rovers ',2,2),
  ('GB400196',14,'Barrow AFC','Oldham Athletic',3,4),
  ('GB400197',16,'Barrow AFC','Salford City',0,1),
  ('GB400198',19,'Barrow AFC','Cheltenham Town',3,0),
  ('GB400199',1,'Scunthorpe United','Newport County',1,1),
  ('GB400200',3,'Scunthorpe United','Carlisle United',1,0),
  ('GB400201',5,'Scunthorpe United','Forest Green Rovers ',1,4),
  ('GB400202',6,'Scunthorpe United','Cambridge United',0,5),
  ('GB400203',9,'Scunthorpe United','Salford City',0,1),
  ('GB400204',10,'Scunthorpe United','Colchester United',0,1),
  ('GB400205',13,'Scunthorpe United','Morecambe FC',1,1),
  ('GB400206',14,'Scunthorpe United','Bolton Wanderers',0,1),
  ('GB400207',16,'Scunthorpe United','Leyton Orient',2,0),
  ('GB400208',18,'Scunthorpe United','Barrow AFC',2,1),
  ('GB400209',1,'Southend United','Harrogate Town',0,4),
  ('GB400210',3,'Southend United','Morecambe FC',1,2),
  ('GB400211',5,'Southend United','Exeter City',2,2),
  ('GB400212',6,'Southend United','Cheltenham Town',0,2),
  ('GB400213',9,'Southend United','Oldham Athletic',1,2),
  ('GB400214',10,'Southend United','Port Vale FC',0,2),
  ('GB400215',13,'Southend United','Cambridge United',1,2),
  ('GB400216',14,'Southend United','Forest Green Rovers ',0,1),
  ('GB400217',17,'Southend United','Scunthorpe United',1,0),
  ('GB400218',18,'Southend United','Grimsby Town',3,1),
  ('GB400219',2,'Grimsby Town','Salford City',0,4),
  ('GB400220',4,'Grimsby Town','Bradford City',1,2),
  ('GB400221',7,'Grimsby Town','Harrogate Town',1,2),
  ('GB400222',8,'Grimsby Town','Carlisle United',1,1),
  ('GB400223',11,'Grimsby Town','Barrow AFC',1,0),
  ('GB400224',12,'Grimsby Town','Newport County',0,2),
  ('GB400225',15,'Grimsby Town','Exeter City',1,4),
  ('GB400226',17,'Grimsby Town','Mansfield Town',1,1),
  ('GB400227',19,'Grimsby Town','Scunthorpe United',1,0);

insert into Gol values
  ('GB400000',28,'479987',false),
  ('GB400000',78,'314381',false),
  ('GB400000',92,'588412',false),
  ('GB400001',23,'809099',false),
  ('GB400001',28,'047909',false),
  ('GB400001',39,'359693',false),
  ('GB400001',94,'680653',false),
  ('GB400002',33,'013562',true),
  ('GB400002',48,'047909',false),
  ('GB400003',5,'039693',false),
  ('GB400005',11,'247400',false),
  ('GB400005',57,'047909',false),
  ('GB400005',73,'341042',false),
  ('GB400006',50,'407363',true),
  ('GB400006',58,'105318',false),
  ('GB400006',88,'065927',false),
  ('GB400007',49,'065927',false),
  ('GB400007',95,'278501',false),
  ('GB400008',4,'472714',false),
  ('GB400008',7,'532192',false),
  ('GB400008',13,'479987',false),
  ('GB400008',48,'077570',false),
  ('GB400008',56,'288274',false),
  ('GB400008',77,'047909',false),
  ('GB400008',88,'043265',false),
  ('GB400008',91,'247400',false),
  ('GB400009',91,'316554',false),
  ('GB400010',9,'462068',false),
  ('GB400010',16,'278501',false),
  ('GB400010',86,'177901',false),
  ('GB400012',38,'278501',false),
  ('GB400012',61,'278501',false),
  ('GB400012',67,'433818',false),
  ('GB400013',3,'278501',false),
  ('GB400013',18,'039514',false),
  ('GB400013',51,'278501',false),
  ('GB400013',95,'278501',false),
  ('GB400014',72,'536794',true),
  ('GB400014',82,'160525',false),
  ('GB400015',31,'011686',false),
  ('GB400015',43,'524537',false),
  ('GB400015',49,'177901',false),
  ('GB400016',56,'177901',false),
  ('GB400016',96,'405978',false),
  ('GB400017',64,'250840',false),
  ('GB400018',57,'121260',false),
  ('GB400018',60,'471368',false),
  ('GB400018',91,'278501',false),
  ('GB400019',50,'278501',false),
  ('GB400019',65,'278501',false),
  ('GB400019',68,'479939',false),
  ('GB400020',50,'169625',false),
  ('GB400021',54,'492391',false),
  ('GB400021',63,'492391',false),
  ('GB400023',28,'741948',false),
  ('GB400023',32,'062642',false),
  ('GB400023',95,'396284',false),
  ('GB400024',13,'062642',false),
  ('GB400025',57,'476149',false),
  ('GB400025',90,'160525',false),
  ('GB400026',23,'068335',false),
  ('GB400026',67,'226978',true),
  ('GB400027',46,'062642',false),
  ('GB400027',65,'068335',false),
  ('GB400027',81,'068335',false),
  ('GB400028',6,'186598',false),
  ('GB400028',9,'117994',false),
  ('GB400028',11,'242412',false),
  ('GB400028',42,'294056',false),
  ('GB400028',46,'087667',false),
  ('GB400028',50,'050742',false),
  ('GB400028',62,'321416',false),
  ('GB400028',66,'068335',false),
  ('GB400028',78,'226965',false),
  ('GB400029',28,'025201',false),
  ('GB400029',68,'251335',false),
  ('GB400029',75,'030471',false),
  ('GB400030',29,'024589',false),
  ('GB400030',34,'278501',false),
  ('GB400030',37,'370551',false),
  ('GB400030',54,'278501',false),
  ('GB400030',64,'278501',false),
  ('GB400031',76,'314381',false),
  ('GB400032',3,'314381',false),
  ('GB400032',26,'264191',false),
  ('GB400033',19,'115608',false),
  ('GB400033',79,'794437',false),
  ('GB400033',83,'194195',false),
  ('GB400034',33,'554234',false),
  ('GB400034',41,'588412',false),
  ('GB400034',46,'186269',false),
  ('GB400034',72,'130230',false),
  ('GB400035',27,'462113',false),
  ('GB400035',80,'164785',false),
  ('GB400036',12,'588412',false),
  ('GB400037',56,'121831',false),
  ('GB400038',18,'344525',false),
  ('GB400038',56,'285846',false),
  ('GB400038',73,'588412',false),
  ('GB400039',19,'197910',false),
  ('GB400039',28,'359194',false),
  ('GB400039',48,'049459',false),
  ('GB400040',69,'178067',false),
  ('GB400040',78,'433818',false),
  ('GB400040',88,'163523',false),
  ('GB400041',25,'607199',false),
  ('GB400042',51,'433818',false),
  ('GB400042',89,'189751',false),
  ('GB400042',91,'068333',false),
  ('GB400043',30,'068333',false),
  ('GB400043',44,'503123',false),
  ('GB400043',88,'404381',false),
  ('GB400044',96,'016881',false),
  ('GB400045',21,'319900',false),
  ('GB400045',23,'433818',false),
  ('GB400046',11,'068333',false),
  ('GB400046',32,'588412',false),
  ('GB400046',83,'163523',false),
  ('GB400047',8,'433818',false),
  ('GB400047',14,'448672',false),
  ('GB400047',41,'124240',false),
  ('GB400047',58,'121260',false),
  ('GB400047',85,'471368',false),
  ('GB400047',93,'396284',false),
  ('GB400048',49,'105723',false),
  ('GB400048',60,'169625',false),
  ('GB400048',66,'403574',false),
  ('GB400048',96,'341042',false),
  ('GB400049',14,'127983',false),
  ('GB400049',61,'194195',false),
  ('GB400050',23,'794437',false),
  ('GB400051',24,'794437',false),
  ('GB400052',30,'346485',false),
  ('GB400052',41,'055898',false),
  ('GB400052',82,'339023',false),
  ('GB400053',6,'476149',false),
  ('GB400053',35,'264191',false),
  ('GB400054',47,'492391',false),
  ('GB400054',77,'194195',false),
  ('GB400055',58,'341042',false),
  ('GB400055',65,'194195',false),
  ('GB400056',76,'194195',false),
  ('GB400057',6,'193777',false),
  ('GB400057',20,'047909',false),
  ('GB400057',39,'284931',true),
  ('GB400058',41,'030471',false),
  ('GB400058',66,'030471',false),
  ('GB400059',71,'344525',false),
  ('GB400060',31,'025201',false),
  ('GB400060',52,'030471',false),
  ('GB400061',57,'314381',false),
  ('GB400062',10,'030471',false),
  ('GB400062',27,'025201',false),
  ('GB400062',29,'030471',false),
  ('GB400062',34,'318799',false),
  ('GB400062',86,'284931',false),
  ('GB400063',51,'282821',false),
  ('GB400064',19,'319900',false),
  ('GB400064',31,'070273',false),
  ('GB400064',48,'538855',false),
  ('GB400064',67,'407363',false),
  ('GB400065',82,'207881',false),
  ('GB400066',2,'011686',false),
  ('GB400066',22,'288274',false),
  ('GB400066',34,'554234',false),
  ('GB400066',69,'351933',false),
  ('GB400068',2,'114116',false),
  ('GB400068',20,'214104',false),
  ('GB400068',86,'251335',false),
  ('GB400068',93,'284931',false),
  ('GB400069',26,'297476',true),
  ('GB400069',58,'214104',false),
  ('GB400069',63,'011686',false),
  ('GB400070',57,'214104',false),
  ('GB400070',72,'130755',false),
  ('GB400071',24,'214104',false),
  ('GB400071',73,'351933',false),
  ('GB400072',8,'425873',false),
  ('GB400072',21,'011686',false),
  ('GB400072',46,'425873',false),
  ('GB400073',41,'351933',false),
  ('GB400073',44,'351933',false),
  ('GB400073',54,'213398',false),
  ('GB400075',44,'048124',false),
  ('GB400075',94,'197830',false),
  ('GB400076',21,'294056',false),
  ('GB400076',72,'483383',false),
  ('GB400077',16,'288274',false),
  ('GB400077',34,'554234',false),
  ('GB400078',40,'586023',false),
  ('GB400078',77,'130230',false),
  ('GB400078',84,'136536',false),
  ('GB400079',36,'554234',false),
  ('GB400079',39,'288274',false),
  ('GB400079',49,'745161',false),
  ('GB400079',90,'130230',false),
  ('GB400080',48,'110866',false),
  ('GB400081',12,'415170',false),
  ('GB400081',21,'343050',false),
  ('GB400081',32,'191202',false),
  ('GB400082',20,'288274',false),
  ('GB400082',53,'554234',false),
  ('GB400082',57,'136536',false),
  ('GB400082',71,'136536',false),
  ('GB400082',73,'479939',false),
  ('GB400082',93,'136536',false),
  ('GB400082',95,'288274',false),
  ('GB400083',8,'136536',false),
  ('GB400083',18,'288274',false),
  ('GB400083',27,'136536',false),
  ('GB400083',73,'130230',false),
  ('GB400083',77,'136536',false),
  ('GB400084',31,'192075',false),
  ('GB400084',46,'130230',false),
  ('GB400084',75,'325607',false),
  ('GB400085',36,'411239',false),
  ('GB400085',39,'532195',false),
  ('GB400086',24,'504939',false),
  ('GB400087',4,'053601',false),
  ('GB400087',29,'504939',false),
  ('GB400087',44,'186277',false),
  ('GB400087',52,'186277',false),
  ('GB400087',81,'357297',false),
  ('GB400088',1,'144341',true),
  ('GB400088',3,'504939',false),
  ('GB400088',79,'144341',false),
  ('GB400088',87,'420811',false),
  ('GB400089',15,'053601',false),
  ('GB400089',68,'504939',false),
  ('GB400089',81,'504939',false),
  ('GB400089',84,'085662',false),
  ('GB400089',92,'197830',false),
  ('GB400090',15,'247400',false),
  ('GB400090',36,'131980',false),
  ('GB400090',48,'504939',false),
  ('GB400091',33,'053601',false),
  ('GB400091',56,'128227',false),
  ('GB400091',90,'531677',false),
  ('GB400092',10,'343328',false),
  ('GB400092',19,'532195',false),
  ('GB400092',34,'053601',false),
  ('GB400092',73,'125117',false),
  ('GB400093',39,'411239',false),
  ('GB400094',52,'094655',false),
  ('GB400094',72,'133397',false),
  ('GB400094',82,'344525',false),
  ('GB400094',92,'547479',false),
  ('GB400095',16,'302459',true),
  ('GB400095',29,'480723',false),
  ('GB400096',5,'228791',false),
  ('GB400096',22,'090476',false),
  ('GB400096',32,'136368',false),
  ('GB400096',74,'341028',false),
  ('GB400096',91,'431151',false),
  ('GB400097',4,'228791',false),
  ('GB400097',47,'130230',false),
  ('GB400098',8,'344525',false),
  ('GB400098',41,'014047',false),
  ('GB400098',44,'228791',false),
  ('GB400098',57,'138235',false),
  ('GB400099',18,'344525',false),
  ('GB400099',31,'344525',false),
  ('GB400099',73,'344525',false),
  ('GB400100',64,'491174',false),
  ('GB400101',20,'128420',false),
  ('GB400101',62,'344525',false),
  ('GB400101',70,'386505',false),
  ('GB400102',15,'282901',false),
  ('GB400102',41,'242607',true),
  ('GB400102',82,'586023',false),
  ('GB400103',15,'186597',false),
  ('GB400104',21,'435752',false),
  ('GB400104',85,'164186',false),
  ('GB400105',52,'130755',false),
  ('GB400105',67,'586023',false),
  ('GB400105',71,'586023',false),
  ('GB400105',77,'424883',false),
  ('GB400106',13,'586023',false),
  ('GB400106',21,'186597',false),
  ('GB400106',24,'199531',false),
  ('GB400106',77,'424883',false),
  ('GB400107',3,'177901',false),
  ('GB400107',44,'586023',false),
  ('GB400107',56,'186597',false),
  ('GB400108',43,'128227',false),
  ('GB400108',55,'532195',false),
  ('GB400108',62,'357297',false),
  ('GB400109',4,'586023',false),
  ('GB400109',35,'046822',false),
  ('GB400109',51,'444716',false),
  ('GB400110',23,'586023',false),
  ('GB400110',33,'470839',false),
  ('GB400110',50,'047766',false),
  ('GB400110',58,'586023',false),
  ('GB400110',81,'186597',false),
  ('GB400110',93,'586023',false),
  ('GB400111',11,'105723',false),
  ('GB400111',25,'409692',true),
  ('GB400112',39,'127802',false),
  ('GB400112',66,'127802',false),
  ('GB400114',55,'504939',false),
  ('GB400115',86,'087667',false),
  ('GB400116',48,'047909',false),
  ('GB400116',52,'117994',false),
  ('GB400116',68,'050742',false),
  ('GB400117',28,'566408',false),
  ('GB400118',16,'294056',false),
  ('GB400118',24,'053302',false),
  ('GB400118',58,'030471',false),
  ('GB400118',71,'030471',false),
  ('GB400118',75,'483383',false),
  ('GB400118',93,'277135',false),
  ('GB400118',96,'251335',false),
  ('GB400119',8,'117994',false),
  ('GB400119',11,'344525',false),
  ('GB400119',31,'228791',false),
  ('GB400119',76,'087667',false),
  ('GB400119',85,'386505',false),
  ('GB400120',58,'483383',false),
  ('GB400120',65,'186277',false),
  ('GB400121',34,'125119',true),
  ('GB400121',41,'341042',false),
  ('GB400122',61,'466673',false),
  ('GB400122',65,'432181',false),
  ('GB400122',82,'049453',false),
  ('GB400123',2,'351933',false),
  ('GB400124',8,'492391',false),
  ('GB400125',62,'341028',false),
  ('GB400125',66,'228791',false),
  ('GB400127',14,'068335',false),
  ('GB400127',36,'079620',false),
  ('GB400127',44,'329205',false),
  ('GB400128',10,'462113',false),
  ('GB400128',53,'207881',false),
  ('GB400128',81,'483383',false),
  ('GB400130',28,'043099',false),
  ('GB400132',37,'372714',false),
  ('GB400132',61,'105723',false),
  ('GB400132',81,'105723',false),
  ('GB400133',74,'048108',false),
  ('GB400134',23,'633129',false),
  ('GB400134',76,'033248',false),
  ('GB400135',1,'194189',false),
  ('GB400135',44,'068333',false),
  ('GB400135',93,'163523',false),
  ('GB400136',5,'258882',false),
  ('GB400136',33,'403574',false),
  ('GB400136',43,'409692',false),
  ('GB400137',10,'033248',false),
  ('GB400137',20,'288274',false),
  ('GB400137',27,'136536',false),
  ('GB400137',46,'550641',false),
  ('GB400138',23,'052721',false),
  ('GB400138',45,'479987',false),
  ('GB400138',76,'091289',false),
  ('GB400139',57,'128227',false),
  ('GB400140',42,'409692',false),
  ('GB400142',20,'250750',false),
  ('GB400142',40,'335177',true),
  ('GB400142',76,'533912',false),
  ('GB400144',8,'061589',true),
  ('GB400144',14,'454135',false),
  ('GB400144',69,'052721',false),
  ('GB400144',85,'133397',false),
  ('GB400145',10,'335588',false),
  ('GB400145',23,'283478',false),
  ('GB400145',35,'049409',false),
  ('GB400145',61,'470839',false),
  ('GB400145',79,'470839',false),
  ('GB400145',89,'264191',false),
  ('GB400146',33,'039705',false),
  ('GB400146',49,'319900',false),
  ('GB400147',67,'039705',false),
  ('GB400147',85,'186277',false),
  ('GB400148',27,'244261',false),
  ('GB400149',4,'347666',false),
  ('GB400149',49,'586023',false),
  ('GB400149',54,'242607',false),
  ('GB400149',59,'586023',false),
  ('GB400149',72,'476149',false),
  ('GB400149',93,'133397',false),
  ('GB400150',27,'506965',false),
  ('GB400150',79,'094655',false),
  ('GB400151',4,'431643',false),
  ('GB400151',32,'796677',false),
  ('GB400151',43,'325607',false),
  ('GB400151',81,'426426',false),
  ('GB400152',11,'068335',false),
  ('GB400152',57,'062642',false),
  ('GB400152',61,'353800',false),
  ('GB400153',22,'325607',false),
  ('GB400155',79,'318799',false),
  ('GB400156',27,'586023',false),
  ('GB400156',85,'325607',false),
  ('GB400157',16,'257534',false),
  ('GB400157',35,'325607',false),
  ('GB400157',41,'566408',false),
  ('GB400157',63,'566408',false),
  ('GB400157',74,'364711',false),
  ('GB400157',89,'534559',false),
  ('GB400157',92,'650476',false),
  ('GB400158',57,'194195',false),
  ('GB400159',17,'214104',false),
  ('GB400160',89,'344525',false),
  ('GB400161',30,'191202',false),
  ('GB400161',31,'435752',false),
  ('GB400161',39,'130755',false),
  ('GB400161',69,'186597',false),
  ('GB400161',80,'121260',false),
  ('GB400162',42,'121831',false),
  ('GB400162',52,'121260',false),
  ('GB400162',59,'234824',false),
  ('GB400162',66,'213398',false),
  ('GB400162',90,'121260',false),
  ('GB400163',54,'357297',false),
  ('GB400163',80,'396284',false),
  ('GB400164',12,'321416',false),
  ('GB400164',39,'390693',false),
  ('GB400164',50,'396284',false),
  ('GB400165',30,'039693',false),
  ('GB400165',34,'343050',false),
  ('GB400165',85,'528892',false),
  ('GB400166',60,'453661',false),
  ('GB400166',78,'159894',false),
  ('GB400167',27,'030471',false),
  ('GB400168',10,'290928',false),
  ('GB400168',26,'147623',false),
  ('GB400168',74,'448672',false),
  ('GB400168',85,'364024',false),
  ('GB400169',23,'426426',false),
  ('GB400169',52,'147623',true),
  ('GB400169',55,'689977',false),
  ('GB400169',68,'147623',false),
  ('GB400169',73,'319900',false),
  ('GB400170',60,'319900',false),
  ('GB400171',15,'344525',false),
  ('GB400171',25,'431643',false),
  ('GB400171',61,'319900',false),
  ('GB400172',24,'170413',false),
  ('GB400172',53,'319900',false),
  ('GB400174',9,'278501',false),
  ('GB400174',80,'177901',false),
  ('GB400175',74,'003930',false),
  ('GB400176',88,'662538',false),
  ('GB400177',50,'462113',false),
  ('GB400177',91,'426426',false),
  ('GB400178',13,'068335',false),
  ('GB400178',44,'319900',false),
  ('GB400178',57,'431643',false),
  ('GB400179',37,'048970',false),
  ('GB400179',44,'294056',false),
  ('GB400179',52,'655180',false),
  ('GB400179',56,'407363',false),
  ('GB400179',75,'483383',false),
  ('GB400179',80,'655180',false),
  ('GB400179',82,'407363',false),
  ('GB400180',44,'123371',false),
  ('GB400180',71,'189751',false),
  ('GB400181',27,'375044',false),
  ('GB400181',37,'170413',false),
  ('GB400181',52,'121260',false),
  ('GB400181',54,'147623',false),
  ('GB400181',65,'451991',false),
  ('GB400181',89,'121260',false),
  ('GB400182',2,'574587',false),
  ('GB400183',52,'170413',false),
  ('GB400183',54,'375044',false),
  ('GB400183',61,'016107',false),
  ('GB400184',11,'189751',false),
  ('GB400184',15,'556982',false),
  ('GB400184',57,'189751',false),
  ('GB400184',81,'189751',false),
  ('GB400185',10,'189751',false),
  ('GB400185',72,'189751',false),
  ('GB400185',88,'228791',false),
  ('GB400186',13,'170413',false),
  ('GB400186',20,'199531',false),
  ('GB400187',9,'054381',false),
  ('GB400187',23,'158786',false),
  ('GB400187',56,'170413',false),
  ('GB400188',8,'173592',false),
  ('GB400188',23,'479939',false),
  ('GB400188',61,'144341',false),
  ('GB400189',12,'284922',false),
  ('GB400189',85,'220328',false),
  ('GB400190',34,'574587',false),
  ('GB400190',54,'049558',false),
  ('GB400191',16,'470839',false),
  ('GB400191',50,'344525',false),
  ('GB400192',1,'049438',false),
  ('GB400192',4,'049558',false),
  ('GB400192',16,'595652',false),
  ('GB400192',20,'284922',false),
  ('GB400192',41,'068335',false),
  ('GB400192',95,'160525',false),
  ('GB400193',25,'284922',false),
  ('GB400193',46,'127983',false),
  ('GB400193',50,'211144',false),
  ('GB400193',58,'127983',false),
  ('GB400194',18,'228956',false),
  ('GB400195',52,'177933',false),
  ('GB400195',73,'211144',false),
  ('GB400195',83,'284922',false),
  ('GB400195',96,'291177',false),
  ('GB400196',16,'231602',false),
  ('GB400196',39,'741948',false),
  ('GB400196',47,'191202',false),
  ('GB400196',79,'405978',false),
  ('GB400196',82,'191202',false),
  ('GB400196',95,'121260',false),
  ('GB400196',99,'147623',true),
  ('GB400197',49,'351933',false),
  ('GB400198',43,'231602',false),
  ('GB400198',52,'211144',false),
  ('GB400198',74,'533958',false),
  ('GB400199',32,'049459',false),
  ('GB400199',58,'364711',false),
  ('GB400200',35,'473078',false),
  ('GB400201',9,'534559',false),
  ('GB400201',24,'194195',false),
  ('GB400201',32,'194195',false),
  ('GB400201',83,'194195',false),
  ('GB400201',95,'339023',false),
  ('GB400202',35,'278501',false),
  ('GB400202',44,'278501',false),
  ('GB400202',51,'620168',true),
  ('GB400202',61,'177901',false),
  ('GB400202',83,'177901',false),
  ('GB400203',89,'011686',false),
  ('GB400204',26,'054381',false),
  ('GB400205',80,'257534',false),
  ('GB400205',93,'121831',false),
  ('GB400206',57,'595652',false),
  ('GB400207',28,'364711',false),
  ('GB400207',78,'451862',false),
  ('GB400208',13,'566408',false),
  ('GB400208',16,'231602',false),
  ('GB400208',91,'095683',false),
  ('GB400209',25,'325607',false),
  ('GB400209',44,'048108',false),
  ('GB400209',60,'796677',false),
  ('GB400209',69,'325607',false),
  ('GB400210',5,'662538',false),
  ('GB400210',55,'121831',false),
  ('GB400210',73,'314381',false),
  ('GB400211',26,'423584',false),
  ('GB400211',40,'554234',false),
  ('GB400211',65,'048250',false),
  ('GB400211',95,'067221',false),
  ('GB400212',10,'077570',false),
  ('GB400212',52,'532192',false),
  ('GB400213',49,'067359',false),
  ('GB400213',76,'642538',false),
  ('GB400213',89,'396284',false),
  ('GB400214',48,'048970',false),
  ('GB400214',64,'048970',false),
  ('GB400215',27,'337869',false),
  ('GB400215',46,'524537',false),
  ('GB400215',68,'177901',false),
  ('GB400216',63,'794437',false),
  ('GB400217',80,'506965',false),
  ('GB400218',1,'562254',false),
  ('GB400218',49,'451589',false),
  ('GB400218',57,'642538',false),
  ('GB400218',75,'042062',false),
  ('GB400219',32,'011686',false),
  ('GB400219',63,'011686',false),
  ('GB400219',76,'011686',false),
  ('GB400219',93,'114116',false),
  ('GB400220',21,'105723',false),
  ('GB400220',45,'339734',false),
  ('GB400220',49,'381352',false),
  ('GB400221',25,'325607',false),
  ('GB400221',26,'359693',false),
  ('GB400221',43,'325607',false),
  ('GB400222',24,'624948',false),
  ('GB400222',46,'062327',true),
  ('GB400223',60,'431151',false),
  ('GB400224',25,'433818',false),
  ('GB400224',46,'068333',false),
  ('GB400225',20,'136536',false),
  ('GB400225',31,'158786',false),
  ('GB400225',40,'415170',false),
  ('GB400225',44,'415170',false),
  ('GB400225',68,'288274',false),
  ('GB400226',63,'451589',false),
  ('GB400226',69,'039705',false),
  ('GB400227',21,'624948',false);
