/* File created by scraping https://www.transfermarkt.com using Antonio Cardin's program */

insert into Squadre values
  ('Mansfield Town','5DA Mansfield','Clough'),
  ('Salford City','3PZ Salford','Bowyer'),
  ('Swindon Town','2ED Swindon','Garner'),
  ('Bristol Rovers','0AQ Bristol','Barton'),
  ('Colchester United','7JJ Colchester Essex','Brown'),
  ('Tranmere Rovers','9PY','Mellon'),
  ('Northampton Town','5QA Sixfields Stadium, Northampton','Brady'),
  ('Bradford City','7DY Bradford','Hughes'),
  ('Oldham Athletic','2PA Oldham','Sheridan'),
  ('Carlisle United','1LL','Simpson'),
  ('Barrow AFC','5UW Barrow-in-Furness','Cooper'),
  ('Rochdale AFC','5DS','Stockdale'),
  ('Stevenage FC','8RH Stevenage','Tisdale'),
  ('Crawley Town','9RX Crawley','Yems'),
  ('Port Vale FC','1AW Burslem, Stoke-on-Trent','Clarke'),
  ('Leyton Orient','5NF London','Harrold'),
  ('Walsall FC','4SA Walsall','Flynn'),
  ('Forest Green Rovers ','0FG Nailsworth','Edwards'),
  ('Scunthorpe United','8TD','Hill'),
  ('Hartlepool United','8BZ Hartlepool','Lee'),
  ('Exeter City','6PX Exeter','Taylor'),
  ('Newport County','2HJ Newport','Rowberry'),
  ('Harrogate Town','Harrogate','Weaver'),
  ('Sutton United','2EY','Gray');

insert into Giocatori values
  ('495033','Mansfield Town',1,'Nathan','Bishop','15-oct-1999','Portiere'),
  ('061589','Mansfield Town',24,'Marek','Stech','28-jan-1990','Portiere'),
  ('057053','Mansfield Town',35,'John-Joe','O''Toole','30-sep-1988','Difensore'),
  ('396861','Mansfield Town',5,'Richard','Nartey','6-sep-1998','Difensore'),
  ('335177','Mansfield Town',6,'Farrend','Rawson','11-jul-1996','Difensore'),
  ('799288','Mansfield Town',34,'George','Cooper','25-oct-2002','Difensore'),
  ('178067','Mansfield Town',3,'Stephen','McLaughlin','14-jun-1990','Difensore'),
  ('183295','Mansfield Town',23,'Kieran','Wallace','26-jan-1995','Difensore'),
  ('434217','Mansfield Town',15,'Ryan','Burke','23-nov-2000','Difensore'),
  ('186624','Mansfield Town',4,'Elliott','Hewitt','30-may-1994','Difensore'),
  ('370138','Mansfield Town',2,'Kellan','Gordon','25-dec-1997','Difensore'),
  ('625407','Mansfield Town',21,'James','Clarke','2-apr-2000','Difensore'),
  ('049409','Mansfield Town',14,'James','Perch','28-sep-1985','Centrocampista'),
  ('496644','Mansfield Town',25,'Ryan','Stirk','25-sep-2000','Centrocampista'),
  ('484387','Mansfield Town',44,'Matty','Longstaff','21-mar-2000','Centrocampista'),
  ('043266','Mansfield Town',16,'Stephen','Quinn','1-apr-1986','Centrocampista'),
  ('476149','Mansfield Town',32,'George','Lapslie','5-sep-1997','Centrocampista'),
  ('146542','Mansfield Town',8,'Ollie','Clarke','29-jun-1992','Centrocampista'),
  ('355489','Mansfield Town',10,'George','Maris','6-mar-1996','Centrocampista'),
  ('826063','Mansfield Town',19,'Keaton','Ward','10-may-2000','Centrocampista'),
  ('841337','Mansfield Town',35,'Ethan','Hill','12-sep-2002','Centrocampista'),
  ('433843','Mansfield Town',26,'Jason','Law','26-apr-1999','Centrocampista'),
  ('051730','Mansfield Town',7,'Jamie','Murphy','28-aug-1989','Attaccante'),
  ('257247','Mansfield Town',18,'Rhys','Oates','4-dec-1994','Attaccante'),
  ('063199','Mansfield Town',34,'Lucas','Akins','25-feb-1989','Attaccante'),
  ('344525','Mansfield Town',11,'Danny','Johnson','28-feb-1993','Attaccante'),
  ('094655','Mansfield Town',9,'Jordan','Bowery','2-jul-1991','Attaccante'),
  ('346181','Mansfield Town',12,'Oliver','Hawkins','8-apr-1992','Attaccante'),
  ('643174','Mansfield Town',null,'Josh','Scott','20-sep-2001','Attaccante'),
  ('799419','Mansfield Town',null,'Nathan','Caine','20-nov-2002','Attaccante'),
  ('663889','Mansfield Town',22,'Jimmy','Knowles','27-feb-2001','Attaccante'),
  ('215810','Salford City',1,'Tom','King','9-mar-1995','Portiere'),
  ('226978','Salford City',16,'Jordan','Turnbull','31-oct-1994','Difensore'),
  ('118265','Salford City',5,'Ashley','Eastham','22-mar-1991','Difensore'),
  ('433329','Salford City',6,'Corrie','Ndaba','25-dec-1999','Difensore'),
  ('204960','Salford City',3,'Ibou','Touray','24-dec-1994','Difensore'),
  ('179451','Salford City',2,'Donald','Love','2-dec-1994','Difensore'),
  ('197910','Salford City',32,'Liam','Shephard','22-nov-1994','Difensore'),
  ('543783','Salford City',22,'Tylor','Golden','8-nov-1999','Difensore'),
  ('358664','Salford City',42,'Theo','Vassell','2-jan-1997','Difensore'),
  ('117997','Salford City',4,'Jason','Lowe','2-sep-1991','Centrocampista'),
  ('121269','Salford City',7,'Ryan','Watson','7-jul-1993','Centrocampista'),
  ('403572','Salford City',17,'Stephen','Kelly','13-apr-2000','Centrocampista'),
  ('118564','Salford City',8,'Matty','Lund','21-nov-1990','Centrocampista'),
  ('289845','Salford City',14,'Matty','Willock','20-aug-1996','Centrocampista'),
  ('425873','Salford City',15,'Luke','Burgess','3-mar-1999','Centrocampista'),
  ('870374','Salford City',38,'Ben','Rydel',null,'Centrocampista'),
  ('382553','Salford City',24,'Luke','Bolton','7-oct-1999','Centrocampista'),
  ('871692','Salford City',30,'Kelly','N''Mai','1-may-2004','Centrocampista'),
  ('121391','Salford City',11,'Josh','Morris','30-sep-1991','Centrocampista'),
  ('351933','Salford City',10,'Ashley','Hunter','29-sep-1995','Attaccante'),
  ('069786','Salford City',12,'Matt','Smith','7-jun-1989','Attaccante'),
  ('121260','Salford City',18,'Conor','McAleny','12-aug-1992','Attaccante'),
  ('011686','Salford City',40,'Ian','Henderson','24-jan-1985','Attaccante'),
  ('451747','Salford City',37,'Brandon','Thomas-Asante','29-dec-1998','Attaccante'),
  ('418144','Swindon Town',1,'Joe','Wollacott','8-sep-1996','Portiere'),
  ('412659','Swindon Town',15,'Emmanuel','Idem','6-dec-1998','Portiere'),
  ('258910','Swindon Town',12,'Lewis','Ward','5-mar-1997','Portiere'),
  ('404381','Swindon Town',14,'Brandon','Cooper','14-jan-2000','Difensore'),
  ('077975','Swindon Town',6,'Mathieu','Baudry','24-feb-1988','Difensore'),
  ('255816','Swindon Town',4,'Dion','Conroy','11-dec-1995','Difensore'),
  ('711544','Swindon Town',16,'Jake','O''Brien','15-may-2001','Difensore'),
  ('473544','Swindon Town',2,'Akin','Odimayo','28-nov-1999','Difensore'),
  ('506440','Swindon Town',23,'Joe','Tomlinson','9-jun-2000','Difensore'),
  ('386937','Swindon Town',3,'Ellis','Iandolo','22-aug-1997','Difensore'),
  ('335591','Swindon Town',24,'Rob','Hunt','7-jul-1995','Difensore'),
  ('424884','Swindon Town',26,'Ryan','East','7-aug-1998','Centrocampista'),
  ('251289','Swindon Town',8,'Jordan','Lyden','30-jan-1996','Centrocampista'),
  ('210986','Swindon Town',7,'Ben','Gladwin','8-jun-1992','Centrocampista'),
  ('316312','Swindon Town',25,'Louis','Reed','25-jul-1997','Centrocampista'),
  ('919509','Swindon Town',28,'Ricky','Aguiar','17-mar-2001','Centrocampista'),
  ('170322','Swindon Town',20,'Jonathan','Williams','9-oct-1993','Centrocampista'),
  ('278092','Swindon Town',10,'Jack','Payne','25-oct-1994','Centrocampista'),
  ('475455','Swindon Town',17,'Jayden','Mitchell-Lawson','17-sep-1999','Centrocampista'),
  ('581670','Swindon Town',19,'Louie','Barry','21-jun-2003','Attaccante'),
  ('718547','Swindon Town',9,'Josh','Davison','16-sep-1999','Attaccante'),
  ('291129','Swindon Town',11,'Harry','McKirdy','29-mar-1997','Attaccante'),
  ('744495','Swindon Town',29,'Harry','Parsons','9-oct-2002','Attaccante'),
  ('018223','Bristol Rovers',32,'Anssi','Jaakkola','13-mar-1987','Portiere'),
  ('107534','Bristol Rovers',1,'James','Belshaw','12-oct-1990','Portiere'),
  ('319300','Bristol Rovers',25,'Cian','Harries','1-apr-1997','Difensore'),
  ('567102','Bristol Rovers',2,'James','Connolly','2-nov-2001','Difensore'),
  ('396678','Bristol Rovers',5,'Alfie','Kilgour','18-may-1998','Difensore'),
  ('712106','Bristol Rovers',17,'Connor','Taylor','25-oct-2001','Difensore'),
  ('340920','Bristol Rovers',20,'Trevor','Clarke','26-mar-1998','Difensore'),
  ('066956','Bristol Rovers',39,'Junior','Brown','7-may-1989','Difensore'),
  ('343328','Bristol Rovers',16,'Nick','Anderton','22-apr-1996','Difensore'),
  ('698895','Bristol Rovers',30,'Luca','Hoole','2-jun-2002','Difensore'),
  ('692159','Bristol Rovers',31,'Lucas','Tomlinson','6-nov-2000','Centrocampista'),
  ('012124','Bristol Rovers',26,'Glenn','Whelan','13-jan-1984','Centrocampista'),
  ('396860','Bristol Rovers',4,'Josh','Grant','11-oct-1998','Centrocampista'),
  ('121264','Bristol Rovers',28,'Jon','Nolan','22-apr-1992','Centrocampista'),
  ('093055','Bristol Rovers',15,'Paul','Coutts','22-jul-1988','Centrocampista'),
  ('217806','Bristol Rovers',6,'Sam','Finley','4-aug-1992','Centrocampista'),
  ('533903','Bristol Rovers',14,'Cameron','Hargreaves','1-dec-1998','Centrocampista'),
  ('335765','Bristol Rovers',19,'Harry','Anderson','9-jan-1997','Centrocampista'),
  ('169573','Bristol Rovers',11,'Sam','Nicholson','20-jan-1995','Centrocampista'),
  ('374283','Bristol Rovers',21,'Antony','Evans','23-sep-1998','Centrocampista'),
  ('567576','Bristol Rovers',12,'Elliot','Anderson','6-nov-2002','Centrocampista'),
  ('496646','Bristol Rovers',24,'Sion','Spence','2-oct-2000','Centrocampista'),
  ('105599','Bristol Rovers',33,'Alex','Rodman','15-feb-1987','Attaccante'),
  ('399473','Bristol Rovers',7,'Luke','Thomas','19-feb-1999','Attaccante'),
  ('036859','Bristol Rovers',9,'Leon','Clarke','10-feb-1985','Attaccante'),
  ('341042','Bristol Rovers',10,'Aaron','Collins','27-may-1997','Attaccante'),
  ('482999','Bristol Rovers',22,'Harvey','Saunders','20-jul-1997','Attaccante'),
  ('731532','Bristol Rovers',29,'Kieran','Phillips','13-aug-2002','Attaccante'),
  ('364711','Bristol Rovers',38,'Ryan','Loft','14-sep-1997','Attaccante'),
  ('042055','Colchester United',1,'Dean','Gerken','22-may-1985','Portiere'),
  ('372525','Colchester United',23,'Sam','Hornby','14-feb-1995','Portiere'),
  ('337290','Colchester United',29,'Shamal','George','6-jan-1998','Portiere'),
  ('054381','Colchester United',5,'Tommy','Smith','31-mar-1990','Difensore'),
  ('049380','Colchester United',4,'Luke','Chambers','28-sep-1985','Difensore'),
  ('242607','Colchester United',15,'Tom','Dallison','2-feb-1996','Difensore'),
  ('123371','Colchester United',18,'Tom','Eastman','21-oct-1991','Difensore'),
  ('387391','Colchester United',17,'Myles','Kenlock','26-nov-1996','Difensore'),
  ('614037','Colchester United',3,'Ryan','Clampin','29-jan-1999','Difensore'),
  ('451991','Colchester United',2,'Miles','Welch-Hayes','25-oct-1996','Difensore'),
  ('851991','Colchester United',22,'Junior','Tchamadeu','22-dec-2003','Difensore'),
  ('344004','Colchester United',27,'Cameron','Coxe','18-dec-1998','Difensore'),
  ('048094','Colchester United',8,'Cole','Skuse','29-mar-1986','Centrocampista'),
  ('121474','Colchester United',28,'Emyr','Huws','30-sep-1993','Centrocampista'),
  ('608180','Colchester United',6,'Brendan','Wiredu','7-nov-1999','Centrocampista'),
  ('574587','Colchester United',14,'Noah','Chilvers','22-feb-2001','Centrocampista'),
  ('919617','Colchester United',21,'Gene','Kennedy','18-apr-2003','Centrocampista'),
  ('462068','Colchester United',7,'Luke','Hannant','4-nov-1993','Centrocampista'),
  ('042249','Colchester United',10,'Alan','Judge','11-nov-1988','Centrocampista'),
  ('664581','Colchester United',19,'Armando','Dobra','14-apr-2001','Attaccante'),
  ('809099','Colchester United',12,'Owura','Edwards','10-apr-2001','Attaccante'),
  ('505657','Colchester United',46,'Tyreik','Wright','22-sep-2001','Attaccante'),
  ('070714','Colchester United',11,'Freddie','Sears','27-nov-1989','Attaccante'),
  ('069749','Colchester United',24,'John','Akinde','8-jul-1989','Attaccante'),
  ('860693','Colchester United',16,'Corie','Andrews','20-sep-1997','Attaccante'),
  ('812996','Colchester United',34,'Samson','Tovide','4-jan-2004','Attaccante'),
  ('285283','Tranmere Rovers',25,'Ross','Doohan','29-mar-1998','Portiere'),
  ('003655','Tranmere Rovers',13,'Joe','Murphy','21-aug-1981','Portiere'),
  ('734504','Tranmere Rovers',30,'Ben','Jones','29-nov-2000','Portiere'),
  ('097886','Tranmere Rovers',4,'Nathaniel','Knight-Percival','31-mar-1987','Difensore'),
  ('316776','Tranmere Rovers',5,'Tom','Davies','18-apr-1992','Difensore'),
  ('025201','Tranmere Rovers',26,'Peter','Clarke','3-jan-1982','Difensore'),
  ('366681','Tranmere Rovers',22,'Lee','O''Connor','28-jul-2000','Difensore'),
  ('263556','Tranmere Rovers',23,'Joe','Maguire','18-jan-1996','Difensore'),
  ('411504','Tranmere Rovers',3,'Calum','MacDonald','18-dec-1997','Difensore'),
  ('452683','Tranmere Rovers',2,'Josh','Dacres-Cogley','12-mar-1996','Difensore'),
  ('734080','Tranmere Rovers',24,'Kyle','Hayde','25-sep-2001','Difensore'),
  ('052111','Tranmere Rovers',8,'Jay','Spearing','25-nov-1988','Centrocampista'),
  ('048226','Tranmere Rovers',17,'Sam','Foley','17-oct-1986','Centrocampista'),
  ('425879','Tranmere Rovers',6,'Chris','Merrie','2-nov-1998','Centrocampista'),
  ('652979','Tranmere Rovers',19,'Lewis','Warrington','10-oct-2002','Centrocampista'),
  ('488416','Tranmere Rovers',15,'Josh','Hawkes','28-jan-1999','Centrocampista'),
  ('061711','Tranmere Rovers',14,'Callum','McManaman','25-apr-1991','Attaccante'),
  ('251335','Tranmere Rovers',7,'Kieron','Morris','3-jun-1994','Attaccante'),
  ('424014','Tranmere Rovers',21,'Josh','McPake','31-aug-2001','Attaccante'),
  ('486001','Tranmere Rovers',19,'Stephen','Walker','11-oct-2000','Attaccante'),
  ('470604','Tranmere Rovers',16,'Paul','Glatzel','20-feb-2001','Attaccante'),
  ('039705','Tranmere Rovers',18,'Nicky','Maynard','11-dec-1986','Attaccante'),
  ('106641','Tranmere Rovers',10,'Kane','Hemmings','8-apr-1991','Attaccante'),
  ('647393','Tranmere Rovers',12,'Charlie','Jolley','13-jan-2001','Attaccante'),
  ('906902','Tranmere Rovers',20,'Elliott','Nevitt','25-mar-1996','Attaccante'),
  ('745167','Tranmere Rovers',27,'Jake','Burton','15-nov-2001','Attaccante'),
  ('249164','Northampton Town',1,'Liam','Roberts','24-nov-1994','Portiere'),
  ('186184','Northampton Town',26,'Jonny','Maxted','26-oct-1993','Portiere'),
  ('222108','Northampton Town',5,'Jon','Guthrie','29-jul-1992','Difensore'),
  ('428041','Northampton Town',20,'Tyler','Magloire','21-dec-1998','Difensore'),
  ('385396','Northampton Town',null,'Ryan','Nolan','17-feb-1999','Difensore'),
  ('350401','Northampton Town',15,'Sid','Nelson','1-jan-1996','Difensore'),
  ('525867','Northampton Town',6,'Fraser','Horsfall','12-nov-1996','Difensore'),
  ('816002','Northampton Town',35,'Max','Dyche','22-feb-2003','Difensore'),
  ('081876','Northampton Town',23,'Joseph','Mills','30-oct-1989','Difensore'),
  ('641441','Northampton Town',14,'Ali','Koiki','22-aug-1999','Difensore'),
  ('816003','Northampton Town',29,'Josh','Flanagan','30-jun-2003','Difensore'),
  ('257729','Northampton Town',3,'Aaron','McGowan','24-jul-1996','Difensore'),
  ('155233','Northampton Town',2,'Michael','Harriman','23-oct-1992','Difensore'),
  ('346780','Northampton Town',4,'Jack','Sowerby','23-mar-1995','Centrocampista'),
  ('359204','Northampton Town',17,'Shaun','McWilliams','14-aug-1998','Centrocampista'),
  ('284931','Northampton Town',8,'Paul','Lewis','17-dec-1994','Centrocampista'),
  ('821643','Northampton Town',34,'Liam','Cross','8-apr-2003','Centrocampista'),
  ('265592','Northampton Town',11,'Mitch','Pinnock','12-dec-1994','Attaccante'),
  ('577895','Northampton Town',10,'Bez','Lubala','8-jan-1998','Attaccante'),
  ('198861','Northampton Town',7,'Sam','Hoskins','4-feb-1993','Attaccante'),
  ('449019','Northampton Town',24,'Louis','Appéré','26-mar-1999','Attaccante'),
  ('455917','Northampton Town',21,'Josh','Eppiah','11-oct-1998','Attaccante'),
  ('405982','Northampton Town',19,'Idris','Kanu','5-dec-1999','Attaccante'),
  ('322089','Northampton Town',22,'Benny','Ashley-Seal','21-nov-1998','Attaccante'),
  ('185702','Northampton Town',32,'Danny','Rose','10-dec-1993','Attaccante'),
  ('568063','Northampton Town',18,'Chanka','Zimba','29-dec-2001','Attaccante'),
  ('049667','Bradford City',1,'Richard','O''Donnell','12-sep-1988','Portiere'),
  ('334687','Bradford City',12,'Alex','Bass','1-apr-1998','Portiere'),
  ('364024','Bradford City',4,'Paudie','O''Connor','14-jul-1997','Difensore'),
  ('280978','Bradford City',16,'Fiacre','Kelleher','10-mar-1996','Difensore'),
  ('550641','Bradford City',21,'Reece','Staunton','10-dec-2001','Difensore'),
  ('135043','Bradford City',3,'Liam','Ridehalgh','20-apr-1991','Difensore'),
  ('374062','Bradford City',14,'Matty','Foulds','1-feb-1998','Difensore'),
  ('158786','Bradford City',27,'Luke','Hendrie','27-aug-1994','Difensore'),
  ('173802','Bradford City',2,'Oscar','Threlkeld','15-feb-1994','Difensore'),
  ('734497','Bradford City',24,'Finn','Cousin-Dawson','4-jul-2002','Difensore'),
  ('144341','Bradford City',6,'Yann','Songo''o','19-nov-1991','Centrocampista'),
  ('339734','Bradford City',22,'Levi','Sutton','24-mar-1996','Centrocampista'),
  ('403574','Bradford City',18,'Elliot','Watt','11-mar-2000','Centrocampista'),
  ('746387','Bradford City',33,'Charlie','Wood','5-oct-2002','Centrocampista'),
  ('725768','Bradford City',34,'Olivier','Sukiennicki','25-may-2003','Centrocampista'),
  ('077369','Bradford City',17,'Gareth','Evans','26-apr-1988','Centrocampista'),
  ('566349','Bradford City',25,'Matty','Daly','10-mar-2001','Centrocampista'),
  ('258882','Bradford City',8,'Callum','Cooke','21-feb-1997','Centrocampista'),
  ('800208','Bradford City',null,'Oliver','Norman','11-dec-2002','Centrocampista'),
  ('746385','Bradford City',26,'Kian','Scales','10-may-2002','Centrocampista'),
  ('072518','Bradford City',10,'Jamie','Walker','25-jun-1993','Attaccante'),
  ('499604','Bradford City',28,'Dion','Pereira','25-mar-1999','Attaccante'),
  ('566408','Bradford City',7,'Abo','Eisa','5-jan-1996','Attaccante'),
  ('335181','Bradford City',15,'Charles','Vernam','8-oct-1996','Attaccante'),
  ('221687','Bradford City',11,'Alex','Gilliead','11-feb-1996','Attaccante'),
  ('046805','Bradford City',23,'Tom','Elliott','9-nov-1990','Attaccante'),
  ('062642','Bradford City',30,'Nathan','Delfouneso','2-feb-1991','Attaccante'),
  ('039514','Bradford City',20,'Theo','Robinson','22-jan-1989','Attaccante'),
  ('233100','Bradford City',19,'Lee','Angol','4-aug-1994','Attaccante'),
  ('127983','Bradford City',29,'Caolan','Lavery','22-oct-1992','Attaccante'),
  ('133397','Bradford City',9,'Andy','Cook','18-oct-1990','Attaccante'),
  ('200956','Oldham Athletic',23,'Danny','Rogers','23-mar-1994','Portiere'),
  ('052598','Oldham Athletic',1,'Jayson','Leutwiler','25-apr-1989','Portiere'),
  ('918880','Oldham Athletic',13,'Kacper','Danielewicz','11-jan-2004','Portiere'),
  ('952654','Oldham Athletic',40,'Luke','Southerington','20-sep-2004','Portiere'),
  ('290940','Oldham Athletic',22,'Raphaël','Diarra','27-may-1995','Difensore'),
  ('034347','Oldham Athletic',44,'Alan','Sheehan','14-sep-1986','Difensore'),
  ('286806','Oldham Athletic',5,'Harrison','McGahey','26-sep-1995','Difensore'),
  ('147623','Oldham Athletic',6,'Carl','Piergianni','3-may-1992','Difensore'),
  ('494684','Oldham Athletic',15,'Kyle','Jameson','11-sep-1998','Difensore'),
  ('816519','Oldham Athletic',32,'Will','Sutton','30-oct-2002','Difensore'),
  ('279471','Oldham Athletic',3,'Sam','Hart','10-sep-1996','Difensore'),
  ('929727','Oldham Athletic',33,'Benny','Couto','27-sep-2003','Difensore'),
  ('095683','Oldham Athletic',2,'Jordan','Clarke','19-nov-1991','Difensore'),
  ('689977','Oldham Athletic',14,'Dylan','Fage','18-mar-1999','Difensore'),
  ('098827','Oldham Athletic',4,'Ousseynou','Cissé','7-apr-1991','Centrocampista'),
  ('111052','Oldham Athletic',28,'Christopher','Missilou','18-jul-1992','Centrocampista'),
  ('396165','Oldham Athletic',8,'Callum','Whelan','24-sep-1998','Centrocampista'),
  ('606006','Oldham Athletic',26,'Alex','Hunt','29-may-2000','Centrocampista'),
  ('063222','Oldham Athletic',7,'Nicky','Adams','16-oct-1986','Centrocampista'),
  ('448672','Oldham Athletic',10,'Davis','Keillor-Dunn','2-nov-1997','Centrocampista'),
  ('290928','Oldham Athletic',24,'Dylan','Bahamboula','22-may-1995','Centrocampista'),
  ('225322','Oldham Athletic',27,'Jamie','Hopcutt','23-jun-1992','Centrocampista'),
  ('867909','Oldham Athletic',34,'Harry','Vaughan','6-apr-2004','Centrocampista'),
  ('065692','Oldham Athletic',30,'Tope','Obadeyi','29-oct-1989','Attaccante'),
  ('310437','Oldham Athletic',17,'Jack','Stobbs','27-feb-1997','Attaccante'),
  ('134418','Oldham Athletic',9,'Hallam','Hope','17-mar-1994','Attaccante'),
  ('542439','Oldham Athletic',11,'Mike','Fondop','27-nov-1993','Attaccante'),
  ('809094','Oldham Athletic',19,'Vani','Da Silva','27-nov-2002','Attaccante'),
  ('809096','Oldham Athletic',29,'Junior','Luamba','27-apr-2003','Attaccante'),
  ('025186','Carlisle United',33,'Mark','Howard','21-sep-1986','Portiere'),
  ('256436','Carlisle United',1,'Magnus','Norman','19-jan-1997','Portiere'),
  ('581890','Carlisle United',13,'Lukas','Jensen','18-mar-1999','Portiere'),
  ('503976','Carlisle United',6,'Dynel','Simeu','13-mar-2002','Difensore'),
  ('129021','Carlisle United',5,'Rod','McDonald','11-apr-1992','Difensore'),
  ('399373','Carlisle United',16,'Morgan','Feeney','8-feb-1999','Difensore'),
  ('853489','Carlisle United',28,'Mitchell','Roberts','16-sep-2000','Difensore'),
  ('509423','Carlisle United',3,'Jack','Armer','16-apr-2001','Difensore'),
  ('143006','Carlisle United',2,'Kelvin','Mellor','25-jan-1991','Difensore'),
  ('308615','Carlisle United',17,'Corey','Whelan','10-dec-1997','Difensore'),
  ('674136','Carlisle United',32,'Joel','Senior','24-jun-1999','Difensore'),
  ('387036','Carlisle United',7,'Joe','Riley','6-dec-1996','Centrocampista'),
  ('504939','Carlisle United',12,'Jon','Mellish','19-sep-1997','Centrocampista'),
  ('335182','Carlisle United',8,'Callum','Guy','25-nov-1996','Centrocampista'),
  ('451732','Carlisle United',4,'Daniel','Devine','4-sep-1997','Centrocampista'),
  ('702714','Carlisle United',null,'Taylor','Charters','2-oct-2001','Centrocampista'),
  ('671643','Carlisle United',18,'Josh','Dixon','7-feb-2001','Centrocampista'),
  ('237552','Carlisle United',11,'Brennan','Dickenson','26-feb-1993','Centrocampista'),
  ('085662','Carlisle United',10,'Jamie','Devitt','6-jul-1990','Centrocampista'),
  ('379666','Carlisle United',27,'Jordan','Gibson','26-feb-1998','Attaccante'),
  ('411239','Carlisle United',30,'Omari','Patrick','24-may-1996','Attaccante'),
  ('525216','Carlisle United',20,'Gime','Touré','7-may-1994','Attaccante'),
  ('808280','Carlisle United',23,'Lewis','Bell','29-sep-2002','Attaccante'),
  ('053601','Carlisle United',9,'Lewis','Alessandra','8-feb-1989','Attaccante'),
  ('067375','Carlisle United',31,'Kristian','Dennis','12-mar-1990','Attaccante'),
  ('261741','Carlisle United',24,'Tobi','Sho-Silva','27-mar-1995','Attaccante'),
  ('837235','Carlisle United',25,'Sam','Fishburn','26-nov-2003','Attaccante'),
  ('551309','Carlisle United',29,'Tyrese','Omotoye','23-sep-2002','Attaccante'),
  ('680653','Carlisle United',37,'Owen','Windsor','17-sep-2001','Attaccante'),
  ('049537','Barrow AFC',21,'Josh','Lillis','24-jun-1987','Portiere'),
  ('097930','Barrow AFC',1,'Paul','Farman','2-nov-1989','Portiere'),
  ('541039','Barrow AFC',22,'Scott','Moloney','5-feb-2001','Portiere'),
  ('122243','Barrow AFC',27,'Niall','Canavan','11-apr-1991','Difensore'),
  ('405978','Barrow AFC',5,'Matty','Platt','3-oct-1997','Difensore'),
  ('352729','Barrow AFC',14,'James','Jones','13-mar-1997','Difensore'),
  ('387360','Barrow AFC',18,'Joe','Grayson','26-mar-1999','Difensore'),
  ('503683','Barrow AFC',19,'Anthony','Driscoll-Glennon','26-nov-1999','Difensore'),
  ('195654','Barrow AFC',31,'Kgosi','Ntlhe','21-feb-1994','Difensore'),
  ('283478','Barrow AFC',3,'Patrick','Brough','20-feb-1996','Difensore'),
  ('228956','Barrow AFC',2,'Connor','Brown','22-aug-1992','Difensore'),
  ('691064','Barrow AFC',24,'Remeao','Hutton','28-sep-1998','Difensore'),
  ('258653','Barrow AFC',16,'Tom','Beadling','16-jan-1996','Centrocampista'),
  ('534698','Barrow AFC',15,'Robbie','Gotts','9-nov-1999','Centrocampista'),
  ('049558','Barrow AFC',8,'Mike','Jones','15-aug-1987','Centrocampista'),
  ('158702','Barrow AFC',28,'Ollie','Banks','21-sep-1992','Centrocampista'),
  ('067343','Barrow AFC',4,'Jason','Taylor','28-jan-1987','Centrocampista'),
  ('496786','Barrow AFC',13,'Tom','White','9-may-1997','Centrocampista'),
  ('533913','Barrow AFC',35,'Jordan','Stevens','25-mar-2000','Centrocampista'),
  ('470839','Barrow AFC',11,'Josh','Kay','30-jan-1997','Centrocampista'),
  ('077372','Barrow AFC',30,'John','Rooney','17-dec-1990','Centrocampista'),
  ('136368','Barrow AFC',23,'George','Williams','7-sep-1995','Attaccante'),
  ('211144','Barrow AFC',33,'Luke','James','4-nov-1994','Attaccante'),
  ('186574','Barrow AFC',25,'Aaron','Amadi-Holloway','21-feb-1993','Attaccante'),
  ('426426','Barrow AFC',12,'Josh','Gordon','10-oct-1994','Attaccante'),
  ('753894','Barrow AFC',17,'Will','Harris','1-oct-2000','Attaccante'),
  ('552615','Barrow AFC',20,'Jacob','Wakeling','15-sep-2001','Attaccante'),
  ('541461','Barrow AFC',26,'Dimitri','Sea','2-may-2001','Attaccante'),
  ('285551','Rochdale AFC',33,'Joel','Coleman','26-sep-1995','Portiere'),
  ('128273','Rochdale AFC',1,'Jay','Lynch','31-mar-1993','Portiere'),
  ('640027','Rochdale AFC',31,'Bradley','Wade','3-jul-2000','Portiere'),
  ('067310','Rochdale AFC',4,'Jim','McNulty','13-feb-1985','Difensore'),
  ('113034','Rochdale AFC',17,'Paul','Downing','26-oct-1991','Difensore'),
  ('280982','Rochdale AFC',6,'Eoghan','O''Connell','13-aug-1995','Difensore'),
  ('503989','Rochdale AFC',12,'Jeriel','Dorsett','4-may-2002','Difensore'),
  ('575633','Rochdale AFC',15,'Sam','Graham','13-aug-2000','Difensore'),
  ('460683','Rochdale AFC',5,'Max','Taylor','10-jan-2000','Difensore'),
  ('632154','Rochdale AFC',25,'Joe','Dunne','25-oct-2001','Difensore'),
  ('183291','Rochdale AFC',26,'Max','Clark','19-jan-1996','Difensore'),
  ('067411','Rochdale AFC',16,'Matt','Done','22-jul-1988','Difensore'),
  ('091347','Rochdale AFC',3,'Aidy','White','10-oct-1991','Difensore'),
  ('325214','Rochdale AFC',2,'Corey','O''Keeffe','5-jun-1998','Difensore'),
  ('252986','Rochdale AFC',23,'Liam','Kelly','22-nov-1995','Centrocampista'),
  ('579997','Rochdale AFC',11,'Conor','Grant','23-jul-2001','Centrocampista'),
  ('136179','Rochdale AFC',13,'Jimmy','Keohane','22-jan-1991','Centrocampista'),
  ('297571','Rochdale AFC',8,'James','Ball','1-dec-1995','Centrocampista'),
  ('718250','Rochdale AFC',24,'Ethan','Brierley','23-nov-2003','Centrocampista'),
  ('104077','Rochdale AFC',7,'Stephen','Dooley','19-oct-1991','Centrocampista'),
  ('390687','Rochdale AFC',10,'Alex','Newby','21-nov-1995','Attaccante'),
  ('734937','Rochdale AFC',18,'Abraham','Odoh','7-aug-2000','Attaccante'),
  ('399393','Rochdale AFC',9,'Luke','Charman','9-dec-1997','Attaccante'),
  ('573054','Rochdale AFC',19,'Josh','Andrews','16-oct-2001','Attaccante'),
  ('433165','Rochdale AFC',20,'Danny','Cashman','8-jan-2001','Attaccante'),
  ('286496','Rochdale AFC',29,'Tahvon','Campbell','10-jan-1997','Attaccante'),
  ('260368','Stevenage FC',1,'Christy','Pym','24-apr-1995','Portiere'),
  ('125689','Stevenage FC',37,'Laurie','Walker','14-oct-1989','Portiere'),
  ('286378','Stevenage FC',13,'Sacha','Bastien','22-jan-1995','Portiere'),
  ('069755','Stevenage FC',39,'Michael','Bostwick','17-may-1988','Difensore'),
  ('021330','Stevenage FC',5,'Scott','Cuthbert','15-jun-1987','Difensore'),
  ('049453','Stevenage FC',6,'Luke','Prosser','28-may-1988','Difensore'),
  ('406935','Stevenage FC',15,'Terence','Vancooten','29-dec-1997','Difensore'),
  ('157075','Stevenage FC',3,'Ben','Coker','1-jul-1990','Difensore'),
  ('602545','Stevenage FC',36,'Bailey','Clements','15-nov-2000','Difensore'),
  ('093321','Stevenage FC',18,'Luke','O''Neill','20-aug-1991','Difensore'),
  ('335588','Stevenage FC',27,'Brad','Barry','13-feb-1995','Difensore'),
  ('432181','Stevenage FC',2,'Luther','James-Wildin','3-dec-1997','Difensore'),
  ('776084','Stevenage FC',26,'Alfie','Williams','20-apr-2003','Centrocampista'),
  ('054382','Stevenage FC',16,'Ed','Upson','21-nov-1989','Centrocampista'),
  ('185467','Stevenage FC',4,'Jake','Reeves','30-may-1993','Centrocampista'),
  ('130230','Stevenage FC',8,'Jake','Taylor','1-dec-1991','Centrocampista'),
  ('049748','Stevenage FC',14,'Chris','Lines','30-nov-1985','Centrocampista'),
  ('504904','Stevenage FC',11,'Zain','Westbrooke','28-oct-1996','Centrocampista'),
  ('458187','Stevenage FC',19,'Arthur','Read','3-nov-1999','Centrocampista'),
  ('451302','Stevenage FC',10,'Charlie','Carter','25-oct-1996','Centrocampista'),
  ('169633','Stevenage FC',12,'Bruno','Andrade','2-oct-1993','Attaccante'),
  ('372714','Stevenage FC',7,'Elliott','List','12-may-1997','Attaccante'),
  ('186277','Stevenage FC',9,'Luke','Norris','3-jun-1993','Attaccante'),
  ('678499','Stevenage FC',null,'Harry','Draper','5-oct-2000','Attaccante'),
  ('577779','Stevenage FC',17,'James','Daly','12-jan-2000','Attaccante'),
  ('250840','Stevenage FC',20,'Jamie','Reid','15-jul-1994','Attaccante'),
  ('048261','Crawley Town',1,'Glenn','Morris','20-dec-1983','Portiere'),
  ('580214','Crawley Town',31,'Alfie','Jones','2-oct-2000','Portiere'),
  ('844609','Crawley Town',42,'Taylor','Seymour','17-sep-2001','Portiere'),
  ('013562','Crawley Town',5,'Tony','Craig','20-apr-1985','Difensore'),
  ('033070','Crawley Town',37,'Joel','Lynch','3-oct-1987','Difensore'),
  ('719309','Crawley Town',15,'Ludwig','Francillette','1-may-1999','Difensore'),
  ('524700','Crawley Town',17,'Manny','Adebowale','14-sep-1997','Difensore'),
  ('199531','Crawley Town',19,'Jordan','Tunnicliffe','13-oct-1993','Difensore'),
  ('344587','Crawley Town',3,'Owen','Gallacher','6-apr-1999','Difensore'),
  ('486288','Crawley Town',25,'Nick','Tsaroulla','29-mar-1999','Difensore'),
  ('130755','Crawley Town',4,'George','Francomb','8-sep-1991','Difensore'),
  ('386201','Crawley Town',2,'Archie','Davies','7-oct-1998','Difensore'),
  ('610665','Crawley Town',24,'Caleb','Watts','16-jan-2002','Centrocampista'),
  ('096000','Crawley Town',28,'Jack','Payne','5-dec-1991','Centrocampista'),
  ('259652','Crawley Town',39,'Jake','Hessenthaler','20-apr-1994','Centrocampista'),
  ('204684','Crawley Town',8,'Jack','Powell','29-jan-1994','Centrocampista'),
  ('837495','Crawley Town',26,'Szymon','Kowalczyk','20-aug-2003','Centrocampista'),
  ('824310','Crawley Town',33,'Henry','Burnett','13-apr-1998','Centrocampista'),
  ('671489','Crawley Town',30,'Amrit','Bansal-McNulty','16-mar-2000','Centrocampista'),
  ('424883','Crawley Town',11,'Tyler','Frost','7-jul-1999','Centrocampista'),
  ('504856','Crawley Town',18,'Will','Ferry','7-dec-2000','Centrocampista'),
  ('485996','Crawley Town',40,'Isaac','Hutchinson','10-apr-2000','Centrocampista'),
  ('619579','Crawley Town',22,'Zaid','Al Hussaini','7-jun-2000','Centrocampista'),
  ('943489','Crawley Town',34,'Kaan','Kevser-Junior','13-sep-2004','Centrocampista'),
  ('092250','Crawley Town',45,'Mark','Marshall','9-may-1986','Attaccante'),
  ('359693','Crawley Town',14,'James','Tilley','13-jun-1998','Attaccante'),
  ('186597','Crawley Town',9,'Tom','Nichols','28-aug-1993','Attaccante'),
  ('121223','Crawley Town',21,'Kwesi','Appiah','12-aug-1990','Attaccante'),
  ('462113','Crawley Town',23,'Aramide','Oteh','10-sep-1998','Attaccante'),
  ('462708','Crawley Town',13,'Ricardo','German','13-jan-1999','Attaccante'),
  ('435752','Crawley Town',10,'Ashley','Nadesan','9-sep-1995','Attaccante'),
  ('917062','Crawley Town',32,'Mustafa','Hussein','24-jul-2000','Attaccante'),
  ('123672','Port Vale FC',22,'Tomas','Holy','10-dec-1991','Portiere'),
  ('138136','Port Vale FC',1,'Lucas','null','6-jun-1991','Portiere'),
  ('681538','Port Vale FC',26,'Aidan','Stone','20-jul-1999','Portiere'),
  ('858310','Port Vale FC',31,'Joseph','Collinge','6-sep-2003','Portiere'),
  ('136581','Port Vale FC',16,'Aaron','Martin','29-sep-1989','Difensore'),
  ('321416','Port Vale FC',6,'Nathan','Smith','3-apr-1996','Difensore'),
  ('650476','Port Vale FC',5,'Connor','Hall','23-may-1993','Difensore'),
  ('125875','Port Vale FC',15,'Chris','Hussey','2-jan-1989','Difensore'),
  ('281891','Port Vale FC',3,'Dan','Jones','14-dec-1994','Difensore'),
  ('210545','Port Vale FC',11,'Mal','Benning','2-nov-1993','Difensore'),
  ('453678','Port Vale FC',2,'James','Gibbons','16-mar-1998','Difensore'),
  ('530743','Port Vale FC',21,'Sam','Robinson','9-jan-2002','Difensore'),
  ('261166','Port Vale FC',4,'Brad','Walker','25-apr-1995','Centrocampista'),
  ('741948','Port Vale FC',8,'Ben','Garrity','21-feb-1997','Centrocampista'),
  ('329205','Port Vale FC',23,'Tom','Pett','3-dec-1991','Centrocampista'),
  ('294056','Port Vale FC',10,'Tom','Conlon','3-feb-1996','Centrocampista'),
  ('702715','Port Vale FC',17,'Jake','Taylor','8-sep-1998','Centrocampista'),
  ('264191','Port Vale FC',20,'Harry','Charsley','1-nov-1996','Centrocampista'),
  ('050742','Port Vale FC',7,'David','Worrall','12-jun-1990','Centrocampista'),
  ('961637','Port Vale FC',28,'Kamani','McFarlane','2-oct-2003','Centrocampista'),
  ('386936','Port Vale FC',30,'Joel','Cooper','29-feb-1996','Centrocampista'),
  ('690210','Port Vale FC',14,'Alex','Hurst','6-oct-1999','Attaccante'),
  ('053302','Port Vale FC',19,'David','Amoo','13-apr-1991','Attaccante'),
  ('214104','Port Vale FC',9,'James','Wilson','1-dec-1995','Attaccante'),
  ('128420','Port Vale FC',13,'Jamie','Proctor','25-mar-1992','Attaccante'),
  ('721485','Port Vale FC',24,'Kian','Harratt','21-jun-2002','Attaccante'),
  ('559806','Port Vale FC',29,'Ryan','Edmondson','20-may-2001','Attaccante'),
  ('243591','Leyton Orient',22,'Lawrence','Vigouroux','19-nov-1993','Portiere'),
  ('369945','Leyton Orient',1,'Sam','Sargeant','23-sep-1997','Portiere'),
  ('893241','Leyton Orient',27,'Rhys','Byrne','24-aug-2002','Portiere'),
  ('508398','Leyton Orient',32,'Jordan','Brown','21-jun-2001','Difensore'),
  ('160163','Leyton Orient',6,'Adam','Thompson','28-sep-1992','Difensore'),
  ('136580','Leyton Orient',19,'Omar','Beckles','25-oct-1991','Difensore'),
  ('192696','Leyton Orient',35,'George','Ray','13-oct-1993','Difensore'),
  ('491174','Leyton Orient',5,'Dan','Happe','28-sep-1998','Difensore'),
  ('746094','Leyton Orient',15,'Alex','Mitchell','7-oct-2001','Difensore'),
  ('454135','Leyton Orient',3,'Connor','Wood','17-jul-1996','Difensore'),
  ('676168','Leyton Orient',24,'Jayden','Sweeney','4-dec-2001','Difensore'),
  ('651955','Leyton Orient',25,'Shadrach','Ogie','26-aug-2001','Difensore'),
  ('325105','Leyton Orient',2,'Tom','James','15-apr-1996','Difensore'),
  ('725701','Leyton Orient',17,'Dan','Moss','4-nov-2000','Difensore'),
  ('661253','Leyton Orient',26,'Hector','Kyprianou','27-may-2001','Centrocampista'),
  ('424903','Leyton Orient',34,'Ethan','Coleman','28-jan-2000','Centrocampista'),
  ('028957','Leyton Orient',18,'Darren','Pratley','22-apr-1985','Centrocampista'),
  ('212575','Leyton Orient',4,'Callum','Reilly','3-oct-1993','Centrocampista'),
  ('138235','Leyton Orient',8,'Craig','Clay','5-may-1992','Centrocampista'),
  ('868021','Leyton Orient',21,'Matt','Young','6-feb-2003','Centrocampista'),
  ('893356','Leyton Orient',23,'Antony','Papadopoulos','6-oct-2002','Centrocampista'),
  ('293709','Leyton Orient',11,'Theo','Archibald','5-mar-1998','Centrocampista'),
  ('318799','Leyton Orient',14,'Otis','Khan','5-sep-1995','Attaccante'),
  ('408872','Leyton Orient',7,'Paul','Smyth','10-sep-1997','Attaccante'),
  ('119123','Leyton Orient',10,'Frank','Nouble','24-sep-1991','Attaccante'),
  ('466106','Leyton Orient',16,'Aaron','Drinan','6-may-1998','Attaccante'),
  ('452019','Leyton Orient',9,'Harry','Smith','18-may-1995','Attaccante'),
  ('547479','Leyton Orient',20,'Ruel','Sotiriou','24-aug-2000','Attaccante'),
  ('917142','Leyton Orient',28,'Daniel','Nkrumah','5-nov-2003','Attaccante'),
  ('186923','Walsall FC',1,'Jack','Rose','31-jan-1995','Portiere'),
  ('646353','Walsall FC',12,'Carl','Rushworth','2-jul-2001','Portiere'),
  ('199522','Walsall FC',5,'Donervon','Daniels','24-nov-1993','Difensore'),
  ('003930','Walsall FC',23,'Mat','Sadler','26-feb-1985','Difensore'),
  ('319630','Walsall FC',6,'Manny','Monthe','26-jan-1995','Difensore'),
  ('690227','Walsall FC',18,'Tom','Leak','31-oct-2000','Difensore'),
  ('250750','Walsall FC',24,'Rollin','Menayese','4-dec-1997','Difensore'),
  ('034691','Walsall FC',3,'Stephen','Ward','20-aug-1985','Difensore'),
  ('470608','Walsall FC',30,'Reece','Devine','18-dec-2001','Difensore'),
  ('270157','Walsall FC',2,'Hayden','White','15-apr-1995','Difensore'),
  ('319381','Walsall FC',22,'Zak','Mills','28-may-1992','Difensore'),
  ('744951','Walsall FC',29,'Joe','Foulkes','23-jun-2003','Difensore'),
  ('334050','Walsall FC',8,'Liam','Kinsella','23-feb-1996','Centrocampista'),
  ('121807','Walsall FC',4,'Joss','Labadie','30-aug-1990','Centrocampista'),
  ('744629','Walsall FC',19,'Joe','Willis','3-oct-2001','Centrocampista'),
  ('744633','Walsall FC',20,'Sam','Perry','29-dec-2001','Centrocampista'),
  ('393284','Walsall FC',10,'Emmanuel','Osadebe','1-oct-1996','Centrocampista'),
  ('192075','Walsall FC',7,'Brendan','Kiernan','10-nov-1992','Centrocampista'),
  ('460216','Walsall FC',17,'Jack','Earing','21-jan-1999','Centrocampista'),
  ('431643','Walsall FC',14,'Rory','Holden','23-aug-1997','Attaccante'),
  ('483383','Walsall FC',21,'Devante','Rodney','19-may-1998','Attaccante'),
  ('500687','Walsall FC',28,'Tyrese','Shade','9-jun-2000','Attaccante'),
  ('104586','Walsall FC',15,'Lee','Tomlin','12-jan-1989','Attaccante'),
  ('228791','Walsall FC',9,'Conor','Wilkinson','23-jan-1995','Attaccante'),
  ('414892','Walsall FC',11,'George','Miller','11-aug-1998','Attaccante'),
  ('183301','Forest Green Rovers ',1,'Luke','McGee','2-sep-1995','Portiere'),
  ('319306','Forest Green Rovers ',24,'Lewis','Thomas','20-sep-1997','Portiere'),
  ('293450','Forest Green Rovers ',6,'Baily','Cargill','5-jul-1995','Difensore'),
  ('238423','Forest Green Rovers ',15,'Jordan','Moore-Taylor','21-jan-1994','Difensore'),
  ('376248','Forest Green Rovers ',3,'Dominic','Bernard','29-mar-1997','Difensore'),
  ('440112','Forest Green Rovers ',4,'Dan','Sweeney','25-apr-1994','Difensore'),
  ('636888','Forest Green Rovers ',22,'Udoka','Godwin-Malife','9-may-2000','Difensore'),
  ('392774','Forest Green Rovers ',2,'Kane','Wilson','11-mar-2000','Difensore'),
  ('314365','Forest Green Rovers ',23,'Sadou','Diallo','10-jun-1999','Centrocampista'),
  ('375044','Forest Green Rovers ',7,'Ben','Stevenson','23-mar-1997','Centrocampista'),
  ('285287','Forest Green Rovers ',21,'Regan','Hendry','21-jan-1998','Centrocampista'),
  ('323652','Forest Green Rovers ',8,'Ebou','Adams','15-jan-1996','Centrocampista'),
  ('177933','Forest Green Rovers ',20,'Elliott','Whitehouse','27-oct-1993','Centrocampista'),
  ('662956','Forest Green Rovers ',12,'Taylor','Allen','16-jun-2000','Centrocampista'),
  ('734509','Forest Green Rovers ',27,'Harvey','Bunker','15-apr-2003','Centrocampista'),
  ('291177','Forest Green Rovers ',11,'Nicky','Cadden','19-sep-1996','Centrocampista'),
  ('621193','Forest Green Rovers ',25,'Kasey','McAteer','22-nov-2001','Centrocampista'),
  ('560768','Forest Green Rovers ',17,'Opi','Edwards','30-apr-1999','Attaccante'),
  ('696230','Forest Green Rovers ',26,'Vaughn','Covil','26-jul-2003','Attaccante'),
  ('194195','Forest Green Rovers ',14,'Jamille','Matt','20-oct-1989','Attaccante'),
  ('344589','Forest Green Rovers ',10,'Jack','Aitchison','5-mar-2000','Attaccante'),
  ('339023','Forest Green Rovers ',9,'Mathew','Stevens','12-feb-1998','Attaccante'),
  ('794437','Forest Green Rovers ',18,'Jake','Young','22-jul-2001','Attaccante'),
  ('735677','Forest Green Rovers ',28,'Josh','March','18-mar-1997','Attaccante'),
  ('574037','Scunthorpe United',31,'Tom','Billson','18-oct-2000','Portiere'),
  ('344916','Scunthorpe United',1,'Rory','Watson','5-feb-1996','Portiere'),
  ('744552','Scunthorpe United',13,'Tom','Collins','4-aug-2002','Portiere'),
  ('316554','Scunthorpe United',4,'Ryan','Delaney','6-sep-1996','Difensore'),
  ('177613','Scunthorpe United',5,'George','Taft','29-jul-1993','Difensore'),
  ('257534','Scunthorpe United',6,'Emmanuel','Onariase','21-oct-1996','Difensore'),
  ('346487','Scunthorpe United',16,'Lewis','Thompson','10-oct-1999','Difensore'),
  ('696225','Scunthorpe United',3,'Mason','O''Malley','8-jun-2001','Difensore'),
  ('614084','Scunthorpe United',41,'Luke','Matheson','3-oct-2002','Difensore'),
  ('191707','Scunthorpe United',2,'Ross','Millen','28-sep-1994','Difensore'),
  ('745161','Scunthorpe United',12,'Jai','Rowe','8-aug-2001','Difensore'),
  ('335722','Scunthorpe United',25,'Alex','Perry','4-mar-1998','Centrocampista'),
  ('031698','Scunthorpe United',42,'Anthony','Grant','4-jun-1987','Centrocampista'),
  ('538216','Scunthorpe United',26,'Hayden','Hackney','26-jun-2002','Centrocampista'),
  ('451862','Scunthorpe United',8,'Alfie','Beestin','1-oct-1997','Centrocampista'),
  ('774585','Scunthorpe United',22,'Finley','Shrimpton','24-aug-2002','Centrocampista'),
  ('625078','Scunthorpe United',23,'Tom','Pugh','27-sep-2000','Centrocampista'),
  ('803818','Scunthorpe United',28,'Dan','Gallimore','21-mar-2003','Centrocampista'),
  ('070273','Scunthorpe United',24,'Liam','Feeney','21-jan-1987','Centrocampista'),
  ('803817','Scunthorpe United',null,'Cameron','Wilson','1-dec-2002','Centrocampista'),
  ('473078','Scunthorpe United',10,'Jordan','Hallam','6-oct-1998','Centrocampista'),
  ('633388','Scunthorpe United',18,'Tyrese','Sinclair','4-feb-2001','Centrocampista'),
  ('186290','Scunthorpe United',17,'Harry','Bunn','21-nov-1992','Attaccante'),
  ('277069','Scunthorpe United',9,'Joe','Nuttall','27-jan-1997','Attaccante'),
  ('238564','Scunthorpe United',27,'Kenan','Dünnwald-Turan','14-nov-1995','Attaccante'),
  ('476050','Scunthorpe United',11,'Rekeil','Pyke','1-sep-1997','Attaccante'),
  ('534559','Scunthorpe United',19,'Aaron','Jarvis','24-jan-1998','Attaccante'),
  ('546904','Scunthorpe United',30,'Sam','Burns','9-aug-2002','Attaccante'),
  ('703661','Hartlepool United',31,'Nicholas','Bilokapic','8-sep-2002','Portiere'),
  ('244970','Hartlepool United',1,'Ben','Killip','24-nov-1995','Portiere'),
  ('884864','Hartlepool United',13,'Patrick','Boyes','25-sep-2002','Portiere'),
  ('066936','Hartlepool United',4,'Gary','Liddle','15-jun-1986','Difensore'),
  ('805494','Hartlepool United',15,'Jake','Hull','22-oct-2001','Difensore'),
  ('121536','Hartlepool United',16,'Neill','Byrne','2-feb-1993','Difensore'),
  ('424878','Hartlepool United',5,'Timi','Odusina','28-oct-1999','Difensore'),
  ('193078','Hartlepool United',23,'Zaine','Francis-Angol','30-jun-1993','Difensore'),
  ('214023','Hartlepool United',3,'David','Ferguson','7-jun-1994','Difensore'),
  ('250431','Hartlepool United',2,'Jamie','Sterry','21-nov-1995','Difensore'),
  ('472330','Hartlepool United',20,'Reagan','Ogle','29-mar-1999','Difensore'),
  ('236508','Hartlepool United',28,'Bryn','Morris','25-apr-1996','Centrocampista'),
  ('045607','Hartlepool United',8,'Nicky','Featherstone','22-sep-1988','Centrocampista'),
  ('575212','Hartlepool United',21,'Isaac','Fletcher','1-jun-2002','Centrocampista'),
  ('257536','Hartlepool United',18,'Martin','Smith','2-oct-1995','Centrocampista'),
  ('357225','Hartlepool United',6,'Mark','Shelton','12-sep-1996','Centrocampista'),
  ('523536','Hartlepool United',22,'Tom','Crawford','30-may-1999','Centrocampista'),
  ('127805','Hartlepool United',14,'Gavan','Holohan','15-dec-1991','Centrocampista'),
  ('419331','Hartlepool United',10,'Luke','Molyneux','29-mar-1998','Centrocampista'),
  ('614811','Hartlepool United',30,'Joe','White','1-oct-2002','Centrocampista'),
  ('061646','Hartlepool United',19,'Jordan','Cook','20-mar-1990','Attaccante'),
  ('134657','Hartlepool United',7,'Omar','Bogle','26-jul-1993','Attaccante'),
  ('207838','Hartlepool United',11,'Marcus','Carver','22-oct-1993','Attaccante'),
  ('730305','Hartlepool United',12,'Joe','Grey','4-may-2003','Attaccante'),
  ('251056','Exeter City',1,'Cameron','Dawson','7-jul-1995','Portiere'),
  ('021703','Exeter City',40,'Scott','Brown','26-apr-1985','Portiere'),
  ('831992','Exeter City',22,'Harry','Lee','22-dec-2004','Portiere'),
  ('745188','Exeter City',38,'Jack','Arthur','14-nov-2002','Portiere'),
  ('057490','Exeter City',27,'Jonathan','Grounds','2-feb-1988','Difensore'),
  ('425872','Exeter City',6,'Sam','Stubbs','20-nov-1998','Difensore'),
  ('183172','Exeter City',26,'Pierce','Sweeney','11-sep-1994','Difensore'),
  ('527788','Exeter City',34,'Alex','Hartridge','9-mar-1999','Difensore'),
  ('745189','Exeter City',39,'Cheick','Diabate','21-jan-2002','Difensore'),
  ('527791','Exeter City',3,'Jack','Sparkes','29-sep-2000','Difensore'),
  ('194461','Exeter City',2,'Jake','Caprice','11-nov-1992','Difensore'),
  ('533912','Exeter City',12,'Josh','Key','19-nov-1999','Difensore'),
  ('200127','Exeter City',14,'Timothée','Dieng','9-apr-1992','Centrocampista'),
  ('327707','Exeter City',4,'Nigel','Atangana','9-sep-1989','Centrocampista'),
  ('562254','Exeter City',17,'Kyle','Taylor','28-aug-1999','Centrocampista'),
  ('472714','Exeter City',8,'Archie','Collins','31-aug-1999','Centrocampista'),
  ('533911','Exeter City',29,'Harry','Kite','29-jun-2000','Centrocampista'),
  ('607522','Exeter City',31,'Josh','Coley','24-jul-1998','Centrocampista'),
  ('288274','Exeter City',7,'Matt','Jay','27-feb-1996','Centrocampista'),
  ('821519','Exeter City',null,'Jack','Veale','1-oct-2002','Centrocampista'),
  ('068333','Exeter City',11,'Padraig','Amond','15-jan-1988','Attaccante'),
  ('610850','Exeter City',15,'Kieran','Phillips','18-feb-2000','Attaccante'),
  ('452380','Exeter City',10,'Sam','Nombe','22-oct-1998','Attaccante'),
  ('337796','Exeter City',18,'Offrande','Zanzala','8-nov-1996','Attaccante'),
  ('189751','Exeter City',20,'Jevani','Brown','16-oct-1994','Attaccante'),
  ('104564','Newport County',1,'Joe','Day','13-aug-1990','Portiere'),
  ('256221','Newport County',30,'Nick','Townsend','1-nov-1994','Portiere'),
  ('339789','Newport County',4,'Josh','Pask','1-nov-1997','Difensore'),
  ('067215','Newport County',5,'James','Clarke','17-nov-1989','Difensore'),
  ('194189','Newport County',28,'Mickey','Demetriou','12-mar-1990','Difensore'),
  ('652989','Newport County',6,'Priestley','Farquharson','15-mar-1997','Difensore'),
  ('265306','Newport County',3,'Ryan','Haynes','27-sep-1995','Difensore'),
  ('216901','Newport County',2,'Cameron','Norman','12-oct-1995','Difensore'),
  ('344014','Newport County',14,'Aaron','Lewis','26-jun-1998','Difensore'),
  ('163523','Newport County',8,'Matt','Dolan','11-feb-1993','Centrocampista'),
  ('124240','Newport County',17,'Scot','Bennett','30-nov-1990','Centrocampista'),
  ('480723','Newport County',18,'Finn','Azaz','7-sep-2000','Centrocampista'),
  ('565420','Newport County',24,'Jake','Cain','2-sep-2001','Centrocampista'),
  ('732242','Newport County',56,'Aneurin','Livermore','18-jan-2003','Centrocampista'),
  ('066501','Newport County',7,'Robbie','Willmott','16-may-1990','Centrocampista'),
  ('504617','Newport County',31,'Oliver','Cooper','14-dec-1999','Centrocampista'),
  ('016881','Newport County',22,'Kevin','Ellison','23-feb-1979','Attaccante'),
  ('543167','Newport County',26,'James','Waite','11-may-1999','Attaccante'),
  ('352633','Newport County',20,'Courtney','Senior','30-jun-1997','Attaccante'),
  ('547037','Newport County',21,'Lewis','Collins','9-may-2001','Attaccante'),
  ('298231','Newport County',10,'Courtney','Baker-Richardson','5-dec-1995','Attaccante'),
  ('067221','Newport County',12,'Alex','Fisher','30-jun-1990','Attaccante'),
  ('333782','Newport County',19,'Dom','Telford','5-dec-1996','Attaccante'),
  ('703474','Newport County',11,'Robert','Street','26-sep-2001','Attaccante'),
  ('506199','Newport County',16,'Timmy','Abraham','28-dec-2000','Attaccante'),
  ('067232','Harrogate Town',1,'Mark','Oxley','28-sep-1990','Portiere'),
  ('195632','Harrogate Town',13,'Joe','Cracknell','5-jun-1994','Portiere'),
  ('043099','Harrogate Town',23,'Rory','McArdle','1-may-1987','Difensore'),
  ('117994','Harrogate Town',20,'Leon','Legge','28-apr-1985','Difensore'),
  ('503123','Harrogate Town',5,'Will','Smith','4-nov-1998','Difensore'),
  ('571827','Harrogate Town',33,'Lewis','Richards','15-oct-2001','Difensore'),
  ('242652','Harrogate Town',3,'Lewis','Page','20-may-1996','Difensore'),
  ('450736','Harrogate Town',2,'Ryan','Fallowfield','3-jan-1996','Difensore'),
  ('104535','Harrogate Town',6,'Warren','Burrell','3-jun-1990','Difensore'),
  ('475441','Harrogate Town',14,'Nathan','Sheron','4-oct-1997','Centrocampista'),
  ('399454','Harrogate Town',16,'Alex','Pattison','6-sep-1997','Centrocampista'),
  ('566815','Harrogate Town',15,'Connor','Kirby','10-sep-1998','Centrocampista'),
  ('723667','Harrogate Town',22,'Brahima','Diarra','5-jul-2003','Centrocampista'),
  ('121326','Harrogate Town',4,'Josh','Falkingham','25-aug-1990','Centrocampista'),
  ('392860','Harrogate Town',30,'Simon','Power','13-may-1998','Centrocampista'),
  ('048108','Harrogate Town',17,'Lloyd','Kerry','22-jul-1988','Centrocampista'),
  ('353800','Harrogate Town',7,'George','Thomson','19-may-1992','Centrocampista'),
  ('728983','Harrogate Town',19,'Josh','Austerfield','2-nov-2001','Centrocampista'),
  ('484385','Harrogate Town',21,'Jack','Diamond','12-jan-2000','Attaccante'),
  ('383046','Harrogate Town',29,'Luke','Armstrong','2-jul-1996','Attaccante'),
  ('223578','Harrogate Town',9,'Mark','Beck','2-feb-1994','Attaccante'),
  ('698196','Harrogate Town',8,'Calum','Kavanagh','5-sep-2003','Attaccante'),
  ('325607','Harrogate Town',18,'Jack','Muldoon','19-may-1989','Attaccante'),
  ('050104','Sutton United',1,'Dean','Bouzanis','2-oct-1990','Portiere'),
  ('016170','Sutton United',12,'Stuart','Nelson','17-sep-1981','Portiere'),
  ('918861','Sutton United',32,'Filip','Chalupniczak','15-feb-2001','Portiere'),
  ('632166','Sutton United',4,'Coby','Rowe','2-oct-1995','Difensore'),
  ('454239','Sutton United',5,'Ben','Goodliffe','19-jun-1999','Difensore'),
  ('440111','Sutton United',6,'Louis','John','19-apr-1994','Difensore'),
  ('055851','Sutton United',24,'Rob','Milsom','2-jan-1987','Difensore'),
  ('250276','Sutton United',3,'Ben','Wyatt','4-feb-1996','Difensore'),
  ('374246','Sutton United',2,'Jonathan','Barden','9-nov-1992','Difensore'),
  ('632380','Sutton United',22,'Joe','Kizzi','24-jun-1993','Difensore'),
  ('067426','Sutton United',15,'Craig','Eastmond','9-dec-1990','Centrocampista'),
  ('130752','Sutton United',10,'Harry','Beautyman','1-apr-1992','Centrocampista'),
  ('092573','Sutton United',8,'Kenny','Davis','17-apr-1988','Centrocampista'),
  ('678529','Sutton United',18,'Adam','Lovatt','11-may-1999','Centrocampista'),
  ('631258','Sutton United',29,'Alistair','Smith','19-may-1999','Centrocampista'),
  ('318069','Sutton United',11,'Will','Randall','2-may-1997','Attaccante'),
  ('723350','Sutton United',19,'Ricky','Korboa','2-aug-1996','Attaccante'),
  ('195270','Sutton United',20,'Enzio','Boldewijn','17-nov-1992','Attaccante'),
  ('485994','Sutton United',7,'David','Ajiboye','28-sep-1998','Attaccante'),
  ('487847','Sutton United',9,'Omar','Bugiel','3-jan-1994','Attaccante'),
  ('330607','Sutton United',25,'Donovan','Wilson','14-mar-1997','Attaccante'),
  ('747681','Sutton United',16,'Isaac','Olaofe','21-nov-1999','Attaccante'),
  ('207911','Sutton United',14,'Craig','Dundas','16-feb-1981','Attaccante'),
  ('407393','Sutton United',26,'Richie','Bennett','3-mar-1991','Attaccante'),
  ('874017','Sutton United',27,'Kylian','Kouassi','18-jun-2003','Attaccante');

insert into Partite values
  ('GB400000',1,'Forest Green Rovers ','Sutton United',2,1),
  ('GB400001',4,'Forest Green Rovers ','Crawley Town',6,3),
  ('GB400002',5,'Forest Green Rovers ','Port Vale FC',0,2),
  ('GB400003',7,'Forest Green Rovers ','Northampton Town',1,0),
  ('GB400004',9,'Forest Green Rovers ','Tranmere Rovers',0,0),
  ('GB400005',11,'Forest Green Rovers ','Swindon Town',0,2),
  ('GB400006',14,'Forest Green Rovers ','Salford City',3,1),
  ('GB400007',16,'Forest Green Rovers ','Colchester United',2,0),
  ('GB400008',18,'Forest Green Rovers ','Barrow AFC',2,0),
  ('GB400009',19,'Forest Green Rovers ','Bristol Rovers',2,0),
  ('GB400010',1,'Northampton Town','Port Vale FC',1,0),
  ('GB400011',4,'Northampton Town','Rochdale AFC',1,3),
  ('GB400012',6,'Northampton Town','Scunthorpe United',2,0),
  ('GB400013',8,'Northampton Town','Swindon Town',1,1),
  ('GB400014',10,'Northampton Town','Sutton United',0,2),
  ('GB400015',12,'Northampton Town','Mansfield Town',2,0),
  ('GB400016',13,'Northampton Town','Stevenage FC',3,0),
  ('GB400017',15,'Northampton Town','Carlisle United',3,0),
  ('GB400018',18,'Northampton Town','Oldham Athletic',2,1),
  ('GB400019',19,'Northampton Town','Leyton Orient',1,0),
  ('GB400020',1,'Exeter City','Bradford City',0,0),
  ('GB400021',4,'Exeter City','Bristol Rovers',4,1),
  ('GB400022',6,'Exeter City','Forest Green Rovers ',0,0),
  ('GB400023',8,'Exeter City','Sutton United',2,0),
  ('GB400024',10,'Exeter City','Walsall FC',2,2),
  ('GB400025',12,'Exeter City','Newport County',2,2),
  ('GB400026',14,'Exeter City','Mansfield Town',2,1),
  ('GB400027',16,'Exeter City','Oldham Athletic',2,1),
  ('GB400028',17,'Exeter City','Carlisle United',2,1),
  ('GB400029',3,'Sutton United','Hartlepool United',1,0),
  ('GB400030',5,'Sutton United','Oldham Athletic',1,2),
  ('GB400031',7,'Sutton United','Stevenage FC',2,1),
  ('GB400032',9,'Sutton United','Carlisle United',4,0),
  ('GB400033',11,'Sutton United','Port Vale FC',4,3),
  ('GB400034',13,'Sutton United','Swindon Town',1,2),
  ('GB400035',15,'Sutton United','Walsall FC',0,1),
  ('GB400036',18,'Sutton United','Mansfield Town',2,0),
  ('GB400037',19,'Sutton United','Barrow AFC',1,0),
  ('GB400038',3,'Newport County','Northampton Town',0,1),
  ('GB400039',6,'Newport County','Leyton Orient',2,2),
  ('GB400040',8,'Newport County','Walsall FC',2,1),
  ('GB400041',10,'Newport County','Scunthorpe United',3,0),
  ('GB400042',11,'Newport County','Bradford City',0,0),
  ('GB400043',13,'Newport County','Carlisle United',2,2),
  ('GB400044',15,'Newport County','Stevenage FC',5,0),
  ('GB400045',17,'Newport County','Swindon Town',1,2),
  ('GB400046',1,'Mansfield Town','Bristol Rovers',2,1),
  ('GB400047',2,'Mansfield Town','Newport County',2,1),
  ('GB400048',4,'Mansfield Town','Bradford City',2,3),
  ('GB400049',6,'Mansfield Town','Harrogate Town',1,3),
  ('GB400050',8,'Mansfield Town','Rochdale AFC',1,1),
  ('GB400051',10,'Mansfield Town','Barrow AFC',0,1),
  ('GB400052',11,'Mansfield Town','Oldham Athletic',0,0),
  ('GB400053',13,'Mansfield Town','Port Vale FC',1,1),
  ('GB400054',15,'Mansfield Town','Tranmere Rovers',2,0),
  ('GB400055',17,'Mansfield Town','Scunthorpe United',3,1),
  ('GB400056',1,'Tranmere Rovers','Walsall FC',1,0),
  ('GB400057',4,'Tranmere Rovers','Newport County',0,1),
  ('GB400058',6,'Tranmere Rovers','Hartlepool United',1,0),
  ('GB400059',8,'Tranmere Rovers','Salford City',2,0),
  ('GB400060',10,'Tranmere Rovers','Crawley Town',2,1),
  ('GB400061',11,'Tranmere Rovers','Colchester United',2,0),
  ('GB400062',14,'Tranmere Rovers','Northampton Town',0,2),
  ('GB400063',16,'Tranmere Rovers','Sutton United',0,1),
  ('GB400064',18,'Tranmere Rovers','Bradford City',2,1),
  ('GB400065',19,'Tranmere Rovers','Stevenage FC',1,0),
  ('GB400066',2,'Swindon Town','Carlisle United',1,2),
  ('GB400067',3,'Swindon Town','Tranmere Rovers',0,0),
  ('GB400068',5,'Swindon Town','Mansfield Town',1,0),
  ('GB400069',7,'Swindon Town','Port Vale FC',1,2),
  ('GB400070',9,'Swindon Town','Colchester United',0,0),
  ('GB400071',12,'Swindon Town','Rochdale AFC',2,2),
  ('GB400072',14,'Swindon Town','Bradford City',1,3),
  ('GB400073',16,'Swindon Town','Crawley Town',1,1),
  ('GB400074',18,'Swindon Town','Hartlepool United',3,1),
  ('GB400075',19,'Swindon Town','Harrogate Town',1,1),
  ('GB400076',2,'Bristol Rovers','Stevenage FC',0,2),
  ('GB400077',3,'Bristol Rovers','Oldham Athletic',1,0),
  ('GB400078',6,'Bristol Rovers','Crawley Town',1,0),
  ('GB400079',8,'Bristol Rovers','Leyton Orient',1,3),
  ('GB400080',10,'Bristol Rovers','Swindon Town',1,3),
  ('GB400081',11,'Bristol Rovers','Carlisle United',3,0),
  ('GB400082',14,'Bristol Rovers','Newport County',1,3),
  ('GB400083',16,'Bristol Rovers','Northampton Town',2,1),
  ('GB400084',17,'Bristol Rovers','Tranmere Rovers',2,2),
  ('GB400085',2,'Port Vale FC','Tranmere Rovers',0,0),
  ('GB400086',3,'Port Vale FC','Carlisle United',0,0),
  ('GB400087',6,'Port Vale FC','Rochdale AFC',2,3),
  ('GB400088',8,'Port Vale FC','Harrogate Town',2,0),
  ('GB400089',10,'Port Vale FC','Leyton Orient',3,2),
  ('GB400090',12,'Port Vale FC','Barrow AFC',3,1),
  ('GB400091',14,'Port Vale FC','Colchester United',3,0),
  ('GB400092',16,'Port Vale FC','Bradford City',1,1),
  ('GB400093',18,'Port Vale FC','Walsall FC',0,1),
  ('GB400094',19,'Port Vale FC','Hartlepool United',2,0),
  ('GB400095',1,'Salford City','Leyton Orient',1,1),
  ('GB400096',2,'Salford City','Sutton United',0,0),
  ('GB400097',4,'Salford City','Swindon Town',0,1),
  ('GB400098',5,'Salford City','Newport County',3,0),
  ('GB400099',7,'Salford City','Bradford City',1,0),
  ('GB400100',9,'Salford City','Northampton Town',2,2),
  ('GB400101',12,'Salford City','Hartlepool United',2,0),
  ('GB400102',13,'Salford City','Rochdale AFC',0,0),
  ('GB400103',15,'Salford City','Exeter City',1,2),
  ('GB400104',18,'Salford City','Bristol Rovers',1,1),
  ('GB400105',19,'Salford City','Oldham Athletic',2,0),
  ('GB400106',1,'Hartlepool United','Crawley Town',1,0),
  ('GB400107',4,'Hartlepool United','Walsall FC',2,0),
  ('GB400108',5,'Hartlepool United','Carlisle United',2,1),
  ('GB400109',7,'Hartlepool United','Bristol Rovers',1,0),
  ('GB400110',9,'Hartlepool United','Exeter City',1,1),
  ('GB400111',11,'Hartlepool United','Northampton Town',2,1),
  ('GB400112',14,'Hartlepool United','Harrogate Town',3,2),
  ('GB400113',16,'Hartlepool United','Newport County',1,2),
  ('GB400114',17,'Hartlepool United','Forest Green Rovers ',1,3),
  ('GB400115',2,'Crawley Town','Harrogate Town',2,2),
  ('GB400116',3,'Crawley Town','Salford City',2,1),
  ('GB400117',5,'Crawley Town','Northampton Town',0,0),
  ('GB400118',7,'Crawley Town','Carlisle United',2,1),
  ('GB400119',9,'Crawley Town','Bradford City',2,1),
  ('GB400120',12,'Crawley Town','Sutton United',0,1),
  ('GB400121',13,'Crawley Town','Exeter City',1,3),
  ('GB400122',15,'Crawley Town','Port Vale FC',1,4),
  ('GB400123',18,'Crawley Town','Newport County',1,1),
  ('GB400124',19,'Crawley Town','Mansfield Town',1,2),
  ('GB400125',1,'Harrogate Town','Rochdale AFC',3,2),
  ('GB400126',4,'Harrogate Town','Barrow AFC',2,1),
  ('GB400127',5,'Harrogate Town','Exeter City',1,1),
  ('GB400128',7,'Harrogate Town','Newport County',2,2),
  ('GB400129',9,'Harrogate Town','Stevenage FC',0,0),
  ('GB400130',11,'Harrogate Town','Scunthorpe United',6,1),
  ('GB400131',13,'Harrogate Town','Tranmere Rovers',2,2),
  ('GB400132',15,'Harrogate Town','Bristol Rovers',0,1),
  ('GB400133',17,'Harrogate Town','Salford City',0,2),
  ('GB400134',2,'Bradford City','Oldham Athletic',2,1),
  ('GB400135',3,'Bradford City','Stevenage FC',4,1),
  ('GB400136',6,'Bradford City','Walsall FC',1,1),
  ('GB400137',8,'Bradford City','Barrow AFC',1,1),
  ('GB400138',10,'Bradford City','Rochdale AFC',2,0),
  ('GB400139',12,'Bradford City','Bristol Rovers',2,2),
  ('GB400140',13,'Bradford City','Hartlepool United',1,3),
  ('GB400141',15,'Bradford City','Forest Green Rovers ',1,1),
  ('GB400142',17,'Bradford City','Northampton Town',1,1),
  ('GB400143',2,'Walsall FC','Forest Green Rovers ',1,3),
  ('GB400144',3,'Walsall FC','Scunthorpe United',1,1),
  ('GB400145',5,'Walsall FC','Stevenage FC',1,0),
  ('GB400146',7,'Walsall FC','Mansfield Town',3,1),
  ('GB400147',9,'Walsall FC','Bristol Rovers',1,2),
  ('GB400148',11,'Walsall FC','Salford City',2,1),
  ('GB400149',14,'Walsall FC','Barrow AFC',2,2),
  ('GB400150',16,'Walsall FC','Harrogate Town',1,3),
  ('GB400151',17,'Walsall FC','Rochdale AFC',0,0),
  ('GB400152',2,'Rochdale AFC','Scunthorpe United',0,0),
  ('GB400153',3,'Rochdale AFC','Forest Green Rovers ',1,2),
  ('GB400154',5,'Rochdale AFC','Colchester United',1,1),
  ('GB400155',7,'Rochdale AFC','Tranmere Rovers',1,0),
  ('GB400156',9,'Rochdale AFC','Oldham Athletic',0,1),
  ('GB400157',11,'Rochdale AFC','Crawley Town',0,1),
  ('GB400158',14,'Rochdale AFC','Sutton United',3,2),
  ('GB400159',16,'Rochdale AFC','Leyton Orient',2,2),
  ('GB400160',18,'Rochdale AFC','Stevenage FC',2,2),
  ('GB400161',19,'Rochdale AFC','Exeter City',1,1),
  ('GB400162',1,'Carlisle United','Colchester United',0,0),
  ('GB400163',4,'Carlisle United','Leyton Orient',1,1),
  ('GB400164',6,'Carlisle United','Salford City',2,1),
  ('GB400165',8,'Carlisle United','Scunthorpe United',2,2),
  ('GB400166',10,'Carlisle United','Forest Green Rovers ',0,2),
  ('GB400167',12,'Carlisle United','Tranmere Rovers',0,1),
  ('GB400168',14,'Carlisle United','Oldham Athletic',0,0),
  ('GB400169',16,'Carlisle United','Barrow AFC',0,0),
  ('GB400170',18,'Carlisle United','Harrogate Town',0,2),
  ('GB400171',19,'Carlisle United','Walsall FC',1,0),
  ('GB400172',2,'Colchester United','Northampton Town',0,1),
  ('GB400173',3,'Colchester United','Mansfield Town',1,1),
  ('GB400174',6,'Colchester United','Sutton United',1,3),
  ('GB400175',8,'Colchester United','Crawley Town',0,1),
  ('GB400176',10,'Colchester United','Salford City',0,2),
  ('GB400177',12,'Colchester United','Harrogate Town',1,0),
  ('GB400178',13,'Colchester United','Bristol Rovers',1,1),
  ('GB400179',15,'Colchester United','Scunthorpe United',2,1),
  ('GB400180',18,'Colchester United','Exeter City',3,1),
  ('GB400181',19,'Colchester United','Newport County',1,1),
  ('GB400182',2,'Leyton Orient','Exeter City',3,0),
  ('GB400183',3,'Leyton Orient','Harrogate Town',0,2),
  ('GB400184',5,'Leyton Orient','Bradford City',2,0),
  ('GB400185',7,'Leyton Orient','Oldham Athletic',4,0),
  ('GB400186',9,'Leyton Orient','Mansfield Town',0,0),
  ('GB400187',12,'Leyton Orient','Walsall FC',0,0),
  ('GB400188',13,'Leyton Orient','Forest Green Rovers ',1,1),
  ('GB400189',15,'Leyton Orient','Hartlepool United',5,0),
  ('GB400190',17,'Leyton Orient','Sutton United',4,1),
  ('GB400191',1,'Stevenage FC','Barrow AFC',1,0),
  ('GB400192',4,'Stevenage FC','Port Vale FC',1,1),
  ('GB400193',6,'Stevenage FC','Swindon Town',1,1),
  ('GB400194',8,'Stevenage FC','Forest Green Rovers ',0,4),
  ('GB400195',10,'Stevenage FC','Hartlepool United',2,0),
  ('GB400196',11,'Stevenage FC','Exeter City',2,2),
  ('GB400197',14,'Stevenage FC','Leyton Orient',0,0),
  ('GB400198',16,'Stevenage FC','Mansfield Town',1,2),
  ('GB400199',17,'Stevenage FC','Colchester United',1,0),
  ('GB400200',2,'Barrow AFC','Hartlepool United',3,2),
  ('GB400201',3,'Barrow AFC','Exeter City',0,0),
  ('GB400202',5,'Barrow AFC','Bristol Rovers',1,1),
  ('GB400203',7,'Barrow AFC','Colchester United',2,3),
  ('GB400204',9,'Barrow AFC','Newport County',2,1),
  ('GB400205',11,'Barrow AFC','Leyton Orient',1,1),
  ('GB400206',13,'Barrow AFC','Scunthorpe United',1,1),
  ('GB400207',15,'Barrow AFC','Rochdale AFC',1,2),
  ('GB400208',17,'Barrow AFC','Crawley Town',0,1),
  ('GB400209',1,'Oldham Athletic','Newport County',0,1),
  ('GB400210',4,'Oldham Athletic','Colchester United',1,2),
  ('GB400211',6,'Oldham Athletic','Barrow AFC',0,3),
  ('GB400212',8,'Oldham Athletic','Hartlepool United',0,0),
  ('GB400213',10,'Oldham Athletic','Harrogate Town',1,2),
  ('GB400214',12,'Oldham Athletic','Stevenage FC',3,0),
  ('GB400215',13,'Oldham Athletic','Walsall FC',1,3),
  ('GB400216',15,'Oldham Athletic','Swindon Town',1,3),
  ('GB400217',17,'Oldham Athletic','Port Vale FC',3,2),
  ('GB400218',1,'Scunthorpe United','Swindon Town',1,3),
  ('GB400219',4,'Scunthorpe United','Sutton United',1,1),
  ('GB400220',5,'Scunthorpe United','Tranmere Rovers',1,0),
  ('GB400221',7,'Scunthorpe United','Exeter City',0,4),
  ('GB400222',9,'Scunthorpe United','Port Vale FC',0,1),
  ('GB400223',12,'Scunthorpe United','Forest Green Rovers ',0,2),
  ('GB400224',14,'Scunthorpe United','Crawley Town',2,1),
  ('GB400225',16,'Scunthorpe United','Salford City',1,1),
  ('GB400226',18,'Scunthorpe United','Leyton Orient',1,1),
  ('GB400227',19,'Scunthorpe United','Bradford City',1,1);

insert into Gol values
  ('GB400000',30,'339023',false),
  ('GB400000',69,'487847',false),
  ('GB400000',91,'323652',false),
  ('GB400001',1,'291177',false),
  ('GB400001',14,'259652',false),
  ('GB400001',24,'339023',false),
  ('GB400001',30,'259652',false),
  ('GB400001',48,'194195',false),
  ('GB400001',67,'291177',false),
  ('GB400001',69,'291177',false),
  ('GB400001',78,'794437',false),
  ('GB400001',86,'121223',false),
  ('GB400002',6,'128420',false),
  ('GB400002',9,'128420',false),
  ('GB400003',77,'194195',false),
  ('GB400005',54,'291129',false),
  ('GB400006',17,'451747',false),
  ('GB400006',46,'291177',false),
  ('GB400006',71,'392774',false),
  ('GB400006',93,'344589',false),
  ('GB400007',15,'194195',false),
  ('GB400007',92,'735677',false),
  ('GB400008',61,'339023',false),
  ('GB400008',83,'339023',false),
  ('GB400009',20,'194195',false),
  ('GB400009',77,'194195',false),
  ('GB400010',23,'322089',false),
  ('GB400011',17,'460683',false),
  ('GB400011',20,'222108',false),
  ('GB400011',73,'573054',false),
  ('GB400011',95,'734937',false),
  ('GB400012',64,'185702',false),
  ('GB400012',93,'198861',false),
  ('GB400013',83,'525867',false),
  ('GB400014',41,'632380',false),
  ('GB400014',46,'330607',false),
  ('GB400015',23,'257729',false),
  ('GB400015',74,'525867',false),
  ('GB400016',43,'198861',false),
  ('GB400016',63,'525867',false),
  ('GB400017',41,'284931',false),
  ('GB400017',57,'284931',false),
  ('GB400017',67,'284931',false),
  ('GB400018',14,'222108',false),
  ('GB400018',54,'147623',false),
  ('GB400019',41,'198861',false),
  ('GB400021',3,'288274',false),
  ('GB400021',15,'288274',false),
  ('GB400021',22,'200127',false),
  ('GB400021',24,'533911',false),
  ('GB400021',70,'217806',false),
  ('GB400023',68,'454239',true),
  ('GB400023',84,'452380',false),
  ('GB400024',5,'200127',false),
  ('GB400024',37,'414892',false),
  ('GB400024',61,'452380',false),
  ('GB400024',70,'414892',false),
  ('GB400025',12,'066501',false),
  ('GB400025',22,'288274',false),
  ('GB400025',28,'298231',false),
  ('GB400025',55,'452380',false),
  ('GB400026',50,'346181',false),
  ('GB400026',61,'200127',false),
  ('GB400026',83,'288274',false),
  ('GB400027',17,'288274',false),
  ('GB400027',50,'189751',false),
  ('GB400028',60,'452380',false),
  ('GB400028',80,'194461',false),
  ('GB400028',84,'379666',false),
  ('GB400029',25,'454239',false),
  ('GB400030',62,'485994',false),
  ('GB400030',88,'147623',false),
  ('GB400030',96,'809096',false),
  ('GB400031',55,'372714',false),
  ('GB400031',58,'407393',false),
  ('GB400031',63,'407393',false),
  ('GB400032',3,'330607',false),
  ('GB400032',37,'631258',false),
  ('GB400032',70,'631258',false),
  ('GB400032',81,'485994',false),
  ('GB400033',21,'321416',false),
  ('GB400033',28,'128420',false),
  ('GB400033',36,'055851',false),
  ('GB400033',69,'741948',true),
  ('GB400033',78,'294056',false),
  ('GB400033',87,'318069',false),
  ('GB400033',91,'632166',false),
  ('GB400034',17,'316312',false),
  ('GB400034',31,'170322',false),
  ('GB400034',39,'130752',false),
  ('GB400035',66,'500687',false),
  ('GB400036',4,'440111',false),
  ('GB400036',69,'487847',false),
  ('GB400037',16,'485994',false),
  ('GB400038',43,'222108',false),
  ('GB400039',34,'452019',false),
  ('GB400039',47,'163523',false),
  ('GB400039',53,'452019',false),
  ('GB400039',80,'333782',false),
  ('GB400040',9,'194189',false),
  ('GB400040',47,'500687',false),
  ('GB400040',87,'625407',false),
  ('GB400041',6,'504617',false),
  ('GB400041',69,'298231',false),
  ('GB400041',84,'333782',false),
  ('GB400043',1,'387036',false),
  ('GB400043',27,'333782',false),
  ('GB400043',30,'333782',false),
  ('GB400044',12,'333782',false),
  ('GB400044',28,'333782',false),
  ('GB400044',34,'298231',false),
  ('GB400044',48,'333782',false),
  ('GB400044',50,'480723',false),
  ('GB400045',73,'480723',true),
  ('GB400045',74,'333782',false),
  ('GB400045',88,'278092',false),
  ('GB400046',42,'346181',false),
  ('GB400046',62,'319300',false),
  ('GB400046',96,'344525',false),
  ('GB400047',7,'355489',false),
  ('GB400047',9,'066501',false),
  ('GB400047',43,'146542',false),
  ('GB400048',19,'364024',false),
  ('GB400048',37,'346181',false),
  ('GB400048',52,'346181',false),
  ('GB400048',61,'335181',false),
  ('GB400048',87,'133397',false),
  ('GB400049',3,'257247',false),
  ('GB400049',5,'383046',false),
  ('GB400049',47,'325607',false),
  ('GB400049',81,'353800',false),
  ('GB400050',50,'433165',false),
  ('GB400050',73,'344525',false),
  ('GB400051',55,'158702',false),
  ('GB400053',33,'294056',false),
  ('GB400053',64,'476149',false),
  ('GB400054',18,'257247',false),
  ('GB400054',67,'344525',false),
  ('GB400055',28,'146542',false),
  ('GB400055',46,'094655',false),
  ('GB400055',60,'146542',false),
  ('GB400056',73,'061711',false),
  ('GB400057',60,'067221',false),
  ('GB400058',89,'316776',false),
  ('GB400059',13,'251335',false),
  ('GB400059',48,'906902',false),
  ('GB400060',28,'025201',false),
  ('GB400060',64,'121223',false),
  ('GB400060',79,'025201',false),
  ('GB400061',54,'488416',false),
  ('GB400061',71,'025201',false),
  ('GB400062',68,'198861',false),
  ('GB400063',71,'747681',false),
  ('GB400064',26,'339734',false),
  ('GB400064',50,'251335',false),
  ('GB400064',56,'470604',false),
  ('GB400065',48,'251335',false),
  ('GB400066',13,'387036',false),
  ('GB400069',22,'741948',false),
  ('GB400069',81,'741948',false),
  ('GB400071',37,'210986',false),
  ('GB400071',79,'252986',false),
  ('GB400071',93,'170322',false),
  ('GB400072',16,'127983',false),
  ('GB400072',40,'339734',false),
  ('GB400072',75,'039514',false),
  ('GB400072',78,'278092',false),
  ('GB400073',41,'204684',false),
  ('GB400073',92,'210986',false),
  ('GB400074',52,'170322',false),
  ('GB400074',61,'566349',false),
  ('GB400074',94,'278092',false),
  ('GB400075',24,'484385',false),
  ('GB400075',83,'278092',false),
  ('GB400076',88,'049748',false),
  ('GB400076',96,'186277',false),
  ('GB400077',35,'482999',false),
  ('GB400078',47,'036859',false),
  ('GB400079',17,'452019',false),
  ('GB400079',33,'293709',false),
  ('GB400079',41,'466106',false),
  ('GB400080',17,'335765',false),
  ('GB400080',57,'278092',false),
  ('GB400080',85,'210986',false),
  ('GB400080',87,'291129',false),
  ('GB400081',35,'374283',false),
  ('GB400081',86,'169573',false),
  ('GB400081',94,'482999',false),
  ('GB400082',27,'298231',false),
  ('GB400082',31,'333782',false),
  ('GB400082',61,'333782',false),
  ('GB400083',39,'198861',false),
  ('GB400083',53,'396860',false),
  ('GB400083',59,'374283',false),
  ('GB400084',5,'396860',false),
  ('GB400084',22,'169573',false),
  ('GB400084',25,'411504',false),
  ('GB400084',75,'470604',false),
  ('GB400087',8,'128420',false),
  ('GB400087',59,'128420',false),
  ('GB400087',78,'325214',false),
  ('GB400088',27,'050742',false),
  ('GB400088',47,'214104',false),
  ('GB400089',6,'214104',false),
  ('GB400089',60,'281891',true),
  ('GB400089',86,'325105',false),
  ('GB400089',93,'128420',false),
  ('GB400090',33,'158702',false),
  ('GB400090',56,'352729',true),
  ('GB400090',85,'210545',false),
  ('GB400091',6,'453678',false),
  ('GB400091',16,'214104',false),
  ('GB400091',61,'136581',false),
  ('GB400092',56,'214104',false),
  ('GB400092',74,'233100',false),
  ('GB400093',29,'192075',false),
  ('GB400094',31,'741948',false),
  ('GB400094',90,'329205',false),
  ('GB400095',33,'136580',false),
  ('GB400095',41,'289845',false),
  ('GB400097',49,'278092',false),
  ('GB400098',1,'505657',false),
  ('GB400098',18,'121260',false),
  ('GB400098',30,'011686',false),
  ('GB400099',90,'118564',false),
  ('GB400100',16,'284931',false),
  ('GB400100',24,'118564',false),
  ('GB400100',77,'265592',false),
  ('GB400100',93,'118265',false),
  ('GB400101',3,'046805',false),
  ('GB400101',86,'289845',false),
  ('GB400103',53,'288274',false),
  ('GB400103',79,'046805',false),
  ('GB400104',14,'169573',false),
  ('GB400104',95,'451747',false),
  ('GB400105',46,'118564',false),
  ('GB400105',77,'451747',false),
  ('GB400106',88,'127805',false),
  ('GB400107',57,'045607',false),
  ('GB400108',69,'127805',false),
  ('GB400109',69,'250431',false),
  ('GB400110',25,'419331',false),
  ('GB400110',41,'452380',false),
  ('GB400111',51,'198861',false),
  ('GB400111',53,'214023',false),
  ('GB400111',83,'419331',false),
  ('GB400112',28,'353800',false),
  ('GB400112',35,'121536',true),
  ('GB400112',52,'214023',false),
  ('GB400112',59,'566349',false),
  ('GB400113',32,'298231',false),
  ('GB400113',63,'214023',false),
  ('GB400113',93,'333782',false),
  ('GB400114',4,'238423',false),
  ('GB400114',29,'194195',false),
  ('GB400114',46,'339023',false),
  ('GB400114',80,'045607',false),
  ('GB400115',2,'383046',false),
  ('GB400115',42,'033070',false),
  ('GB400115',53,'386201',true),
  ('GB400116',7,'011686',false),
  ('GB400116',38,'435752',false),
  ('GB400116',75,'259652',false),
  ('GB400118',32,'186597',false),
  ('GB400118',83,'504939',false),
  ('GB400118',90,'486288',false),
  ('GB400119',39,'504856',false),
  ('GB400119',73,'486288',false),
  ('GB400119',81,'258882',false),
  ('GB400120',84,'747681',false),
  ('GB400121',31,'121223',false),
  ('GB400121',54,'288274',false),
  ('GB400121',56,'327707',false),
  ('GB400121',90,'452380',false),
  ('GB400122',44,'121223',false),
  ('GB400122',49,'294056',false),
  ('GB400122',76,'329205',false),
  ('GB400122',80,'130755',true),
  ('GB400122',94,'053302',false),
  ('GB400123',55,'121223',false),
  ('GB400123',84,'333782',false),
  ('GB400124',24,'346181',false),
  ('GB400124',48,'359693',false),
  ('GB400124',72,'257247',false),
  ('GB400125',5,'383046',false),
  ('GB400125',10,'399454',false),
  ('GB400125',15,'390687',false),
  ('GB400125',49,'579997',false),
  ('GB400125',91,'104535',false),
  ('GB400126',17,'337796',false),
  ('GB400126',60,'399454',false),
  ('GB400126',81,'399454',false),
  ('GB400127',43,'325607',false),
  ('GB400127',79,'533912',false),
  ('GB400128',3,'124240',false),
  ('GB400128',34,'325607',false),
  ('GB400128',38,'066501',false),
  ('GB400128',43,'383046',false),
  ('GB400130',8,'325607',false),
  ('GB400130',14,'399454',false),
  ('GB400130',16,'484385',false),
  ('GB400130',30,'399454',false),
  ('GB400130',47,'325607',false),
  ('GB400131',32,'052111',false),
  ('GB400131',39,'325607',false),
  ('GB400131',51,'383046',false),
  ('GB400131',55,'251335',false),
  ('GB400132',64,'343328',false),
  ('GB400133',37,'118564',false),
  ('GB400133',74,'117997',false),
  ('GB400134',32,'233100',false),
  ('GB400134',92,'290928',false),
  ('GB400134',98,'233100',false),
  ('GB400135',1,'133397',false),
  ('GB400135',17,'372714',false),
  ('GB400135',30,'133397',false),
  ('GB400135',38,'133397',false),
  ('GB400135',88,'122243',false),
  ('GB400136',14,'403574',false),
  ('GB400136',42,'460216',false),
  ('GB400137',21,'470839',false),
  ('GB400137',59,'335181',false),
  ('GB400138',37,'221687',false),
  ('GB400138',75,'133397',false),
  ('GB400139',42,'335181',false),
  ('GB400139',48,'396678',false),
  ('GB400139',50,'133397',false),
  ('GB400140',72,'364024',false),
  ('GB400140',90,'144341',true),
  ('GB400141',10,'133397',false),
  ('GB400141',54,'794437',false),
  ('GB400142',60,'265592',false),
  ('GB400142',67,'335181',false),
  ('GB400143',20,'339023',false),
  ('GB400143',43,'194195',false),
  ('GB400143',48,'339023',false),
  ('GB400143',92,'192075',false),
  ('GB400144',47,'731532',false),
  ('GB400144',90,'451862',false),
  ('GB400145',5,'228791',false),
  ('GB400146',6,'414892',false),
  ('GB400146',48,'414892',false),
  ('GB400146',84,'344525',false),
  ('GB400147',32,'731532',false),
  ('GB400147',79,'712106',false),
  ('GB400147',91,'496646',false),
  ('GB400148',1,'731532',false),
  ('GB400148',78,'118265',false),
  ('GB400148',95,'228791',false),
  ('GB400149',4,'414892',false),
  ('GB400149',36,'136368',false),
  ('GB400149',62,'414892',false),
  ('GB400149',96,'426426',false),
  ('GB400150',20,'392860',false),
  ('GB400150',61,'484385',false),
  ('GB400150',82,'383046',false),
  ('GB400150',88,'731532',false),
  ('GB400153',33,'194195',false),
  ('GB400153',48,'390687',false),
  ('GB400153',49,'339023',false),
  ('GB400154',40,'460683',true),
  ('GB400154',61,'136179',false),
  ('GB400155',84,'433165',false),
  ('GB400156',59,'448672',false),
  ('GB400157',14,'121223',false),
  ('GB400158',23,'390687',false),
  ('GB400158',66,'252986',false),
  ('GB400158',82,'747681',false),
  ('GB400158',90,'631258',false),
  ('GB400159',1,'390687',false),
  ('GB400159',24,'466106',false),
  ('GB400159',66,'138235',false),
  ('GB400159',90,'390687',false),
  ('GB400160',27,'372714',false),
  ('GB400160',35,'573054',false),
  ('GB400160',47,'372714',false),
  ('GB400161',59,'192696',false),
  ('GB400161',69,'460683',false),
  ('GB400163',74,'452019',false),
  ('GB400164',8,'237552',false),
  ('GB400164',44,'121391',false),
  ('GB400164',60,'504939',false),
  ('GB400165',3,'534559',false),
  ('GB400165',44,'257534',false),
  ('GB400165',81,'379666',false),
  ('GB400165',95,'237552',false),
  ('GB400166',29,'194195',false),
  ('GB400166',32,'291177',false),
  ('GB400167',48,'129021',true),
  ('GB400170',46,'353800',false),
  ('GB400170',78,'399454',false),
  ('GB400172',22,'222108',false),
  ('GB400173',72,'186624',false),
  ('GB400173',95,'070714',false),
  ('GB400174',2,'070714',false),
  ('GB400174',12,'485994',false),
  ('GB400174',28,'055851',false),
  ('GB400174',61,'454239',false),
  ('GB400175',22,'278092',false),
  ('GB400176',10,'451747',false),
  ('GB400176',25,'046805',false),
  ('GB400178',88,'574587',false),
  ('GB400179',5,'070714',false),
  ('GB400179',14,'664581',false),
  ('GB400180',48,'574587',false),
  ('GB400180',69,'068333',false),
  ('GB400180',74,'070714',false),
  ('GB400181',36,'333782',false),
  ('GB400181',78,'070714',false),
  ('GB400182',7,'466106',false),
  ('GB400182',25,'136580',false),
  ('GB400182',77,'293709',false),
  ('GB400183',8,'383046',false),
  ('GB400183',31,'383046',false),
  ('GB400184',66,'547479',false),
  ('GB400184',82,'452019',false),
  ('GB400185',16,'466106',false),
  ('GB400185',27,'325105',false),
  ('GB400185',75,'293709',false),
  ('GB400185',91,'452019',false),
  ('GB400188',68,'339023',false),
  ('GB400188',76,'547479',false),
  ('GB400189',20,'466106',false),
  ('GB400189',35,'452019',false),
  ('GB400189',56,'325105',false),
  ('GB400189',84,'466106',false),
  ('GB400189',96,'466106',false),
  ('GB400190',18,'747681',false),
  ('GB400190',30,'293709',false),
  ('GB400190',46,'452019',false),
  ('GB400190',82,'452019',false),
  ('GB400190',94,'325105',false),
  ('GB400191',46,'185467',false),
  ('GB400192',20,'483383',false),
  ('GB400192',33,'186277',false),
  ('GB400193',54,'157075',false),
  ('GB400193',95,'278092',false),
  ('GB400194',2,'392774',false),
  ('GB400194',50,'339023',false),
  ('GB400194',58,'194195',false),
  ('GB400194',81,'794437',false),
  ('GB400195',21,'250840',false),
  ('GB400195',46,'372714',false),
  ('GB400196',10,'452380',false),
  ('GB400196',23,'372714',false),
  ('GB400196',50,'288274',false),
  ('GB400196',59,'372714',false),
  ('GB400198',19,'057053',false),
  ('GB400198',55,'021330',false),
  ('GB400198',65,'496644',false),
  ('GB400199',48,'372714',false),
  ('GB400200',3,'337796',false),
  ('GB400200',47,'426426',false),
  ('GB400200',72,'541461',false),
  ('GB400202',44,'169573',false),
  ('GB400202',50,'158702',false),
  ('GB400203',25,'533913',false),
  ('GB400203',35,'042249',false),
  ('GB400203',38,'070714',false),
  ('GB400203',76,'158702',false),
  ('GB400203',80,'123371',false),
  ('GB400204',10,'480723',false),
  ('GB400204',63,'470839',false),
  ('GB400204',78,'426426',false),
  ('GB400205',48,'534698',false),
  ('GB400205',69,'136580',false),
  ('GB400206',42,'177613',false),
  ('GB400206',80,'534698',false),
  ('GB400207',56,'158702',false),
  ('GB400208',56,'359693',false),
  ('GB400209',88,'016881',false),
  ('GB400210',9,'070714',false),
  ('GB400210',12,'574587',false),
  ('GB400210',73,'290928',false),
  ('GB400211',15,'158702',false),
  ('GB400211',53,'337796',false),
  ('GB400211',57,'387360',false),
  ('GB400213',29,'484385',false),
  ('GB400213',66,'383046',false),
  ('GB400213',76,'867909',false),
  ('GB400214',6,'448672',false),
  ('GB400214',17,'448672',false),
  ('GB400214',58,'290928',false),
  ('GB400215',33,'460216',false),
  ('GB400215',43,'414892',false),
  ('GB400215',67,'134418',false),
  ('GB400215',85,'393284',false),
  ('GB400216',32,'291129',false),
  ('GB400216',90,'147623',false),
  ('GB400217',20,'050742',false),
  ('GB400217',31,'448672',false),
  ('GB400217',52,'453678',false),
  ('GB400217',81,'279471',false),
  ('GB400217',93,'136581',true),
  ('GB400218',48,'364711',false),
  ('GB400218',57,'278092',false),
  ('GB400218',68,'210986',false),
  ('GB400218',88,'291129',false),
  ('GB400219',84,'330607',false),
  ('GB400221',41,'288274',false),
  ('GB400221',46,'288274',false),
  ('GB400221',57,'533912',false),
  ('GB400221',75,'200127',false),
  ('GB400222',44,'741948',false),
  ('GB400223',60,'194195',false),
  ('GB400223',65,'323652',false),
  ('GB400224',32,'130755',true),
  ('GB400224',73,'121223',false),
  ('GB400225',37,'364711',false),
  ('GB400225',59,'121260',false),
  ('GB400226',21,'466106',false),
  ('GB400227',39,'534559',false),
  ('GB400227',68,'144341',false);
