/* File created by scraping https://www.transfermarkt.com using Antonio Cardin's program */

insert into Squadre values
  ('Inter Milan','Milano','Conte'),
  ('Juventus FC','Torino','Pirlo'),
  ('AC Milan','Milano','Pioli'),
  ('SSC Napoli','Napoli','Gattuso'),
  ('Atalanta BC','Bergamo','Gasperini'),
  ('AS Roma','Roma','Fonseca'),
  ('SS Lazio','Roma','Inzaghi'),
  ('ACF Fiorentina','Firenze','Prandelli'),
  ('US Sassuolo','Sassuolo','De Zerbi'),
  ('Cagliari Calcio','Cagliari','Di Francesco'),
  ('Torino FC','Torino','Giampaolo'),
  ('Udinese Calcio','Udine','Gotti'),
  ('Hellas Verona','Verona','Juric'),
  ('Bologna FC 1909','Bologna','Mihajlovic'),
  ('Parma Calcio 1913','Parma','D''Aversa'),
  ('UC Sampdoria','Genova','Ranieri'),
  ('Genoa CFC','Genova','Ballardini'),
  ('Spezia Calcio','La Spezia','Italiano'),
  ('FC Crotone','Crotone','Stroppa'),
  ('Benevento Calcio','Benevento','Inzaghi');

insert into Giocatori values
  ('303657','Inter Milan',97,'Ionut','Radu','28-may-1997','Portiere'),
  ('028021','Inter Milan',1,'Samir','Handanovic','14-jul-1984','Portiere'),
  ('552223','Inter Milan',35,'Filip','Stankovic','25-feb-2002','Portiere'),
  ('027807','Inter Milan',27,'Daniele','Padelli','25-oct-1985','Portiere'),
  ('204069','Inter Milan',37,'Milan','Skriniar','11-feb-1995','Difensore'),
  ('315853','Inter Milan',95,'Alessandro','Bastoni','13-apr-1999','Difensore'),
  ('111196','Inter Milan',6,'Stefan','de Vrij','5-feb-1992','Difensore'),
  ('487834','Inter Milan',null,'Lorenzo','Pirola','20-feb-2002','Difensore'),
  ('044327','Inter Milan',13,'Andrea','Ranocchia','16-feb-1988','Difensore'),
  ('579299','Inter Milan',45,'Edoardo','Sottini','18-aug-2002','Difensore'),
  ('539632','Inter Milan',42,'Lorenzo','Moretti','26-feb-2002','Difensore'),
  ('614498','Inter Milan',40,'Fabio','Cortinovis','20-apr-2002','Difensore'),
  ('312862','Inter Milan',null,'Dalbert','null','8-sep-1993','Difensore'),
  ('046156','Inter Milan',11,'Aleksandar','Kolarov','10-nov-1985','Difensore'),
  ('014086','Inter Milan',15,'Ashley','Young','9-jul-1985','Difensore'),
  ('398073','Inter Milan',2,'Achraf','Hakimi','4-nov-1998','Difensore'),
  ('054906','Inter Milan',36,'Matteo','Darmian','2-dec-1989','Difensore'),
  ('055769','Inter Milan',33,'Danilo','D''Ambrosio','9-sep-1988','Difensore'),
  ('156617','Inter Milan',77,'Marcelo','Brozovic','16-nov-1992','Centrocampista'),
  ('562255','Inter Milan',51,'David','Wieser','13-feb-2002','Centrocampista'),
  ('255942','Inter Milan',23,'Nicolò','Barella','7-feb-1997','Centrocampista'),
  ('197471','Inter Milan',5,'Roberto','Gagliardini','7-apr-1994','Centrocampista'),
  ('216179','Inter Milan',12,'Stefano','Sensi','5-aug-1995','Centrocampista'),
  ('143812','Inter Milan',8,'Matías','Vecino','24-aug-1991','Centrocampista'),
  ('041982','Inter Milan',44,'Radja','Nainggolan','4-may-1988','Centrocampista'),
  ('037666','Inter Milan',22,'Arturo','Vidal','22-may-1987','Centrocampista'),
  ('487838','Inter Milan',47,'Niccolò','Squizzato','7-jan-2002','Centrocampista'),
  ('553512','Inter Milan',38,'Riccardo','Boscolo Chio','6-jul-2002','Centrocampista'),
  ('622380','Inter Milan',39,'Cesare','Casadei','10-jan-2003','Centrocampista'),
  ('486347','Inter Milan',43,'Tibo','Persyn','13-mar-2002','Centrocampista'),
  ('042460','Inter Milan',14,'Ivan','Perisic','2-feb-1989','Centrocampista'),
  ('564532','Inter Milan',46,'Franco','Vezzoni','12-nov-2001','Centrocampista'),
  ('731491','Inter Milan',48,'Franco','Carboni','4-apr-2003','Centrocampista'),
  ('069633','Inter Milan',24,'Christian','Eriksen','14-feb-1992','Centrocampista'),
  ('613393','Inter Milan',41,'Gaetano','Oristanio','28-sep-2002','Centrocampista'),
  ('096341','Inter Milan',9,'Romelu','Lukaku','13-may-1993','Attaccante'),
  ('406625','Inter Milan',10,'Lautaro','Martínez','22-aug-1997','Attaccante'),
  ('315865','Inter Milan',99,'Andrea','Pinamonti','19-may-1999','Attaccante'),
  ('040433','Inter Milan',7,'Alexis','Sánchez','19-dec-1988','Attaccante'),
  ('640109','Inter Milan',49,'Martín','Satriano','20-feb-2001','Attaccante'),
  ('553513','Inter Milan',50,'Nicholas','Bonfanti','28-mar-2002','Attaccante'),
  ('044058','Juventus FC',1,'Wojciech','Szczesny','18-apr-1990','Portiere'),
  ('005023','Juventus FC',77,'Gianluigi','Buffon','28-jan-1978','Portiere'),
  ('492319','Juventus FC',45,'Franco','Israel','22-apr-2000','Portiere'),
  ('075411','Juventus FC',31,'Carlo','Pinsoglio','16-mar-1990','Portiere'),
  ('564792','Juventus FC',null,'Giovanni','Garofani','20-oct-2002','Portiere'),
  ('326031','Juventus FC',4,'Matthijs','de Ligt','12-aug-1999','Difensore'),
  ('340879','Juventus FC',28,'Merih','Demiral','5-mar-1998','Difensore'),
  ('039983','Juventus FC',19,'Leonardo','Bonucci','1-may-1987','Difensore'),
  ('162959','Juventus FC',36,'Daniele','Rugani','29-jul-1994','Difensore'),
  ('568559','Juventus FC',37,'Radu','Dragusin','3-feb-2002','Difensore'),
  ('029260','Juventus FC',3,'Giorgio','Chiellini','14-aug-1984','Difensore'),
  ('490384','Juventus FC',null,'Koni','De Winter','12-jun-2002','Difensore'),
  ('487835','Juventus FC',null,'Alessandro Pio','Riccio','6-feb-2002','Difensore'),
  ('406842','Juventus FC',null,'Riccardo','Capellini','1-mar-2000','Difensore'),
  ('459535','Juventus FC',59,'Davide','De Marino','17-mar-2000','Difensore'),
  ('079960','Juventus FC',12,'Alex Sandro','null','26-jan-1991','Difensore'),
  ('386755','Juventus FC',38,'Gianluca','Frabotta','24-jun-1999','Difensore'),
  ('145707','Juventus FC',13,'Danilo','null','15-jul-1991','Difensore'),
  ('091970','Juventus FC',16,'Juan','Cuadrado','26-may-1988','Difensore'),
  ('088682','Juventus FC',2,'Mattia','De Sciglio','20-oct-1992','Difensore'),
  ('365451','Juventus FC',null,'Daouda','Peeters','26-jan-1999','Centrocampista'),
  ('362842','Juventus FC',5,'Arthur','null','12-aug-1996','Centrocampista'),
  ('354362','Juventus FC',30,'Rodrigo','Bentancur','25-jun-1997','Centrocampista'),
  ('182913','Juventus FC',25,'Adrien','Rabiot','3-apr-1995','Centrocampista'),
  ('332697','Juventus FC',14,'Weston','McKennie','28-aug-1998','Centrocampista'),
  ('050057','Juventus FC',8,'Aaron','Ramsey','26-dec-1990','Centrocampista'),
  ('430280','Juventus FC',null,'Hans','Nicolussi Caviglia','18-jun-2000','Centrocampista'),
  ('432090','Juventus FC',41,'Nicolò','Fagioli','12-feb-2001','Centrocampista'),
  ('394304','Juventus FC',39,'Manolo','Portanova','2-jun-2000','Centrocampista'),
  ('489611','Juventus FC',null,'Filippo','Ranocchia','14-may-2001','Centrocampista'),
  ('371967','Juventus FC',52,'Wesley','null','13-mar-2000','Centrocampista'),
  ('457674','Juventus FC',36,'Alessandro','Di Pardo','18-jul-1999','Centrocampista'),
  ('418571','Juventus FC',50,'Hamza','Rafia','2-apr-1999','Centrocampista'),
  ('682032','Juventus FC',38,'Marley','Aké','5-jan-2001','Attaccante'),
  ('479648','Juventus FC',53,'Félix','Correia','22-jan-2001','Attaccante'),
  ('341092','Juventus FC',22,'Federico','Chiesa','25-oct-1997','Attaccante'),
  ('431755','Juventus FC',44,'Dejan','Kulusevski','25-apr-2000','Attaccante'),
  ('197300','Juventus FC',33,'Federico','Bernardeschi','16-feb-1994','Attaccante'),
  ('075615','Juventus FC',11,'Douglas','Costa','14-sep-1990','Attaccante'),
  ('206050','Juventus FC',10,'Paulo','Dybala','15-nov-1993','Attaccante'),
  ('008198','Juventus FC',7,'Cristiano Ronaldo','null','5-feb-1985','Attaccante'),
  ('128223','Juventus FC',9,'Álvaro','Morata','23-oct-1992','Attaccante'),
  ('564795','Juventus FC',34,'Cosimo Marco','Da Graca','1-may-2002','Attaccante'),
  ('525602','Juventus FC',null,'Alejandro','Marqués','4-aug-2000','Attaccante'),
  ('363178','Juventus FC',40,'Giacomo','Vrioni','15-oct-1998','Attaccante'),
  ('315858','AC Milan',99,'Gianluigi','Donnarumma','25-feb-1999','Portiere'),
  ('055282','AC Milan',1,'Ciprian','Tatarusanu','9-feb-1986','Portiere'),
  ('088685','AC Milan',90,'Antonio','Donnarumma','7-jul-1990','Portiere'),
  ('592924','AC Milan',null,'Andreas','Jungdal','22-feb-2002','Portiere'),
  ('499441','AC Milan',null,'Leonardo','Moleri','18-jan-2002','Portiere'),
  ('303254','AC Milan',23,'Fikayo','Tomori','19-dec-1997','Difensore'),
  ('197747','AC Milan',13,'Alessio','Romagnoli','12-jan-1995','Difensore'),
  ('048859','AC Milan',24,'Simon','Kjaer','26-mar-1989','Difensore'),
  ('323167','AC Milan',46,'Matteo','Gabbia','21-oct-1999','Difensore'),
  ('312678','AC Milan',null,'Léo','Duarte','17-jul-1996','Difensore'),
  ('045653','AC Milan',null,'Mateo','Musacchio','26-aug-1990','Difensore'),
  ('584452','AC Milan',null,'Nikolaos','Michelis','23-mar-2001','Difensore'),
  ('339808','AC Milan',19,'Theo','Hernández','6-oct-1997','Difensore'),
  ('230552','AC Milan',null,'Diego','Laxalt','7-feb-1993','Difensore'),
  ('262523','AC Milan',2,'Davide','Calabria','6-dec-1996','Difensore'),
  ('357147','AC Milan',5,'Diogo','Dalot','18-mar-1999','Difensore'),
  ('585949','AC Milan',20,'Pierre','Kalulu','5-jun-2000','Difensore'),
  ('111227','AC Milan',null,'Andrea','Conti','2-mar-1994','Difensore'),
  ('621123','AC Milan',null,'Luca','Stanga','23-jan-2002','Difensore'),
  ('351816','AC Milan',4,'Ismaël','Bennacer','1-dec-1997','Centrocampista'),
  ('397033','AC Milan',8,'Sandro','Tonali','8-may-2000','Centrocampista'),
  ('294808','AC Milan',79,'Franck','Kessié','19-dec-1996','Centrocampista'),
  ('126414','AC Milan',10,'Hakan','Calhanoglu','8-feb-1994','Centrocampista'),
  ('259953','AC Milan',33,'Rade','Krunic','7-oct-1993','Centrocampista'),
  ('164913','AC Milan',18,'Soualiho','Meïté','17-mar-1994','Centrocampista'),
  ('582302','AC Milan',null,'Enrico','Di Gesù','26-mar-2002','Centrocampista'),
  ('492627','AC Milan',null,'Marco','Frigerio','16-jul-2001','Centrocampista'),
  ('562259','AC Milan',null,'Antonio','Mionic','31-may-2001','Centrocampista'),
  ('444523','AC Milan',null,'Lucas Paquetá','null','27-aug-1997','Centrocampista'),
  ('314678','AC Milan',21,'Brahim','Díaz','3-aug-1999','Centrocampista'),
  ('539134','AC Milan',27,'Daniel','Maldini','11-oct-2001','Centrocampista'),
  ('539132','AC Milan',null,'Giacomo','Olzer','14-apr-2001','Centrocampista'),
  ('187587','AC Milan',12,'Ante','Rebic','21-sep-1993','Attaccante'),
  ('357164','AC Milan',17,'Rafael','Leão','10-jun-1999','Attaccante'),
  ('381950','AC Milan',56,'Alexis','Saelemaekers','27-jun-1999','Attaccante'),
  ('422355','AC Milan',15,'Jens Petter','Hauge','12-oct-1999','Attaccante'),
  ('195171','AC Milan',7,'Samu','Castillejo','18-jan-1995','Attaccante'),
  ('003455','AC Milan',11,'Zlatan','Ibrahimovic','3-oct-1981','Attaccante'),
  ('487843','AC Milan',null,'Lorenzo','Colombo','8-mar-2002','Attaccante'),
  ('034572','AC Milan',9,'Mario','Mandzukic','21-may-1986','Attaccante'),
  ('421773','AC Milan',null,'Riccardo','Tonin','30-jan-2001','Attaccante'),
  ('673495','AC Milan',null,'Emil','Roback','3-may-2003','Attaccante'),
  ('240414','SSC Napoli',1,'Alex','Meret','22-mar-1997','Portiere'),
  ('073396','SSC Napoli',25,'David','Ospina','31-aug-1988','Portiere'),
  ('250683','SSC Napoli',16,'Nikita','Contini','21-may-1996','Portiere'),
  ('555557','SSC Napoli',null,'Hubert','Idasiak','3-feb-2002','Portiere'),
  ('093128','SSC Napoli',26,'Kalidou','Koulibaly','20-jun-1991','Difensore'),
  ('104752','SSC Napoli',44,'Konstantinos','Manolas','14-jun-1991','Difensore'),
  ('257732','SSC Napoli',33,'Amir','Rrahmani','24-feb-1994','Difensore'),
  ('124715','SSC Napoli',19,'Nikola','Maksimovic','25-nov-1991','Difensore'),
  ('278531','SSC Napoli',null,'Sebastiano','Luperto','6-sep-1996','Difensore'),
  ('618505','SSC Napoli',null,'Davide','Costanzo','4-jul-2002','Difensore'),
  ('087884','SSC Napoli',6,'Mário','Rui','27-may-1991','Difensore'),
  ('126656','SSC Napoli',31,'Faouzi','Ghoulam','1-feb-1991','Difensore'),
  ('169880','SSC Napoli',22,'Giovanni','Di Lorenzo','4-aug-1993','Difensore'),
  ('200056','SSC Napoli',23,'Elseid','Hysaj','2-feb-1994','Difensore'),
  ('126711','SSC Napoli',null,'Kévin','Malcuit','31-jul-1991','Difensore'),
  ('182618','SSC Napoli',5,'Tiemoué','Bakayoko','17-aug-1994','Centrocampista'),
  ('082070','SSC Napoli',4,'Diego','Demme','21-nov-1991','Centrocampista'),
  ('192735','SSC Napoli',68,'Stanislav','Lobotka','25-nov-1994','Centrocampista'),
  ('350219','SSC Napoli',8,'Fabián','Ruiz','3-apr-1996','Centrocampista'),
  ('421781','SSC Napoli',null,'Valerio','Labriola','13-apr-2001','Centrocampista'),
  ('612065','SSC Napoli',3,'Karim','Zedadka','9-jun-2000','Centrocampista'),
  ('181136','SSC Napoli',20,'Piotr','Zielinski','20-may-1994','Centrocampista'),
  ('400489','SSC Napoli',7,'Eljif','Elmas','24-sep-1999','Centrocampista'),
  ('133964','SSC Napoli',24,'Lorenzo','Insigne','4-jun-1991','Attaccante'),
  ('566936','SSC Napoli',58,'Antonio','Cioffi','19-dec-2002','Attaccante'),
  ('316889','SSC Napoli',11,'Hirving','Lozano','30-jul-1995','Attaccante'),
  ('165895','SSC Napoli',21,'Matteo','Politano','3-aug-1993','Attaccante'),
  ('662562','SSC Napoli',null,'Giuseppe','D''Agostino','11-may-2003','Attaccante'),
  ('401923','SSC Napoli',9,'Victor','Osimhen','29-dec-1998','Attaccante'),
  ('199258','SSC Napoli',37,'Andrea','Petagna','30-jun-1995','Attaccante'),
  ('056416','SSC Napoli',14,'Dries','Mertens','6-may-1987','Attaccante'),
  ('035564','SSC Napoli',null,'Fernando','Llorente','26-feb-1985','Attaccante'),
  ('244192','Atalanta BC',95,'Pierluigi','Gollini','18-mar-1995','Portiere'),
  ('459763','Atalanta BC',null,'Marco','Carnesecchi','1-jul-2000','Portiere'),
  ('199976','Atalanta BC',57,'Marco','Sportiello','10-may-1992','Portiere'),
  ('258482','Atalanta BC',1,'Boris','Radunović','26-may-1996','Portiere'),
  ('421766','Atalanta BC',null,'Ludovico','Gelmi','2-may-2001','Portiere'),
  ('126634','Atalanta BC',31,'Francesco','Rossi','27-apr-1991','Portiere'),
  ('355915','Atalanta BC',17,'Cristian','Romero','27-apr-1998','Difensore'),
  ('165513','Atalanta BC',19,'Berat','Djimsiti','19-feb-1993','Difensore'),
  ('072441','Atalanta BC',2,'Rafael','Tolói','10-oct-1990','Difensore'),
  ('125020','Atalanta BC',6,'José Luis','Palomino','5-jan-1990','Difensore'),
  ('197470','Atalanta BC',13,'Mattia','Caldara','5-may-1994','Difensore'),
  ('431698','Atalanta BC',4,'Bosko','Sutalo','1-jan-2000','Difensore'),
  ('571604','Atalanta BC',null,'Giorgio','Scalvini','11-dec-2003','Difensore'),
  ('262939','Atalanta BC',null,'Johan','Mojica','21-aug-1992','Difensore'),
  ('616631','Atalanta BC',40,'Matteo','Ruggeri','11-jul-2002','Difensore'),
  ('275303','Atalanta BC',33,'Hans','Hateboer','9-jan-1994','Difensore'),
  ('369674','Atalanta BC',3,'Joakim','Maehle','20-may-1997','Difensore'),
  ('324282','Atalanta BC',null,'Fabio','Depaoli','24-apr-1997','Difensore'),
  ('163086','Atalanta BC',null,'Cristiano','Piccini','26-sep-1992','Difensore'),
  ('357992','Atalanta BC',null,'Raoul','Bellanova','17-may-2000','Difensore'),
  ('421769','Atalanta BC',null,'Davide','Ghislandi','16-jun-2001','Difensore'),
  ('133179','Atalanta BC',15,'Marten','de Roon','29-mar-1991','Centrocampista'),
  ('487836','Atalanta BC',null,'Simone','Panada','2-jun-2002','Centrocampista'),
  ('148252','Atalanta BC',11,'Remo','Freuler','15-apr-1992','Centrocampista'),
  ('205938','Atalanta BC',88,'Mario','Pasalic','9-feb-1995','Centrocampista'),
  ('430503','Atalanta BC',null,'Jacopo','Da Riva','27-oct-2000','Centrocampista'),
  ('432089','Atalanta BC',null,'Emmanuel','Gyabuaa','21-sep-2001','Centrocampista'),
  ('273132','Atalanta BC',8,'Robin','Gosens','5-jul-1994','Centrocampista'),
  ('207877','Atalanta BC',18,'Ruslan','Malinovskyi','4-may-1993','Centrocampista'),
  ('332179','Atalanta BC',32,'Matteo','Pessina','21-apr-1997','Centrocampista'),
  ('255450','Atalanta BC',59,'Aleksey','Miranchuk','17-oct-1995','Centrocampista'),
  ('203842','Atalanta BC',20,'Viktor','Kovalenko','14-feb-1996','Centrocampista'),
  ('421768','Atalanta BC',null,'Alessandro','Cortinovis','25-jan-2001','Centrocampista'),
  ('536835','Atalanta BC',null,'Amad','Diallo','11-jul-2002','Attaccante'),
  ('020005','Atalanta BC',null,'Papu Gómez','null','15-feb-1988','Attaccante'),
  ('080351','Atalanta BC',72,'Josip','Ilicic','29-jan-1988','Attaccante'),
  ('073794','Atalanta BC',91,'Duván','Zapata','1-apr-1991','Attaccante'),
  ('119228','Atalanta BC',9,'Luis','Muriel','16-apr-1991','Attaccante'),
  ('386914','Atalanta BC',7,'Sam','Lammers','30-apr-1997','Attaccante'),
  ('286415','AS Roma',13,'Pau','López','13-dec-1994','Portiere'),
  ('075458','AS Roma',null,'Robin','Olsen','8-jan-1990','Portiere'),
  ('022141','AS Roma',83,'Antonio','Mirante','8-jul-1983','Portiere'),
  ('438682','AS Roma',87,'Daniel','Fuzato','4-jul-1997','Portiere'),
  ('581604','AS Roma',null,'Pietro','Boer','12-may-2002','Portiere'),
  ('006807','AS Roma',12,'Simone','Farelli','19-feb-1983','Portiere'),
  ('673193','AS Roma',null,'Filippo','Berti','31-jan-2003','Portiere'),
  ('256448','AS Roma',23,'Gianluca','Mancini','17-apr-1996','Difensore'),
  ('524481','AS Roma',3,'Roger Ibañez','null','23-nov-1998','Difensore'),
  ('371371','AS Roma',24,'Marash','Kumbulla','8-feb-2000','Difensore'),
  ('103427','AS Roma',6,'Chris','Smalling','22-nov-1989','Difensore'),
  ('121985','AS Roma',5,'Juan Jesus','null','10-jun-1991','Difensore'),
  ('045314','AS Roma',20,'Federico','Fazio','17-mar-1987','Difensore'),
  ('627439','AS Roma',null,'Amir','Feratovic','8-jun-2002','Difensore'),
  ('628560','AS Roma',null,'Raul','Morichelli','25-jul-2002','Difensore'),
  ('118689','AS Roma',37,'Leonardo','Spinazzola','25-mar-1993','Difensore'),
  ('502821','AS Roma',61,'Riccardo','Calafiori','19-may-2002','Difensore'),
  ('205006','AS Roma',2,'Rick','Karsdorp','11-feb-1995','Difensore'),
  ('475208','AS Roma',19,'Bryan','Reynolds','28-jun-2001','Difensore'),
  ('148751','AS Roma',33,'Bruno','Peres','1-mar-1990','Difensore'),
  ('084344','AS Roma',18,'Davide','Santon','2-jan-1991','Difensore'),
  ('199248','AS Roma',4,'Bryan','Cristante','3-mar-1995','Centrocampista'),
  ('355501','AS Roma',42,'Amadou','Diawara','17-jul-1997','Centrocampista'),
  ('647484','AS Roma',55,'Ebrima','Darboe','6-jun-2001','Centrocampista'),
  ('628645','AS Roma',null,'Filippo','Tripi','6-jan-2002','Centrocampista'),
  ('286297','AS Roma',7,'Lorenzo','Pellegrini','19-jun-1996','Centrocampista'),
  ('164771','AS Roma',17,'Jordan','Veretout','1-mar-1993','Centrocampista'),
  ('398163','AS Roma',14,'Gonzalo','Villar','23-mar-1998','Centrocampista'),
  ('538569','AS Roma',null,'Tommaso','Milanese','31-jul-2002','Centrocampista'),
  ('562049','AS Roma',52,'Edoardo','Bove','16-may-2002','Centrocampista'),
  ('550108','AS Roma',59,'Nicola','Zalewski','23-jan-2002','Centrocampista'),
  ('055735','AS Roma',77,'Henrikh','Mkhitaryan','21-jan-1989','Centrocampista'),
  ('055215','AS Roma',27,'Javier','Pastore','20-jun-1989','Centrocampista'),
  ('330659','AS Roma',null,'Justin','Kluivert','5-may-1999','Attaccante'),
  ('094529','AS Roma',92,'Stephan','El Shaarawy','27-oct-1992','Attaccante'),
  ('536520','AS Roma',null,'Ruben','Providence','7-jul-2001','Attaccante'),
  ('628558','AS Roma',null,'Riccardo','Ciervo','1-apr-2002','Attaccante'),
  ('392085','AS Roma',22,'Nicolò','Zaniolo','2-jul-1999','Attaccante'),
  ('282810','AS Roma',31,'Carles','Pérez','16-feb-1998','Attaccante'),
  ('065278','AS Roma',11,'Pedro','null','28-jul-1987','Attaccante'),
  ('540827','AS Roma',null,'Suf','Podgoreanu','20-jan-2002','Attaccante'),
  ('315852','AS Roma',null,'Mirko','Antonucci','11-mar-1999','Attaccante'),
  ('536455','AS Roma',null,'Mory','Bamba','1-jun-2002','Attaccante'),
  ('298976','AS Roma',21,'Borja','Mayoral','5-apr-1997','Attaccante'),
  ('028396','AS Roma',9,'Edin','Dzeko','17-mar-1986','Attaccante'),
  ('720868','AS Roma',null,'Lamine','Tall','5-dec-2001','Attaccante'),
  ('222209','SS Lazio',1,'Thomas','Strakosha','19-mar-1995','Portiere'),
  ('007825','SS Lazio',25,'Pepe','Reina','31-aug-1982','Portiere'),
  ('391931','SS Lazio',71,'Marco','Alia','26-apr-2000','Portiere'),
  ('538079','SS Lazio',null,'Alessio','Furlanetto','7-feb-2002','Portiere'),
  ('627213','SS Lazio',null,'Gabriel','Pereira','2-jul-2002','Portiere'),
  ('457931','SS Lazio',3,'Luiz Felipe','null','22-mar-1997','Difensore'),
  ('131075','SS Lazio',33,'Francesco','Acerbi','10-feb-1988','Difensore'),
  ('126729','SS Lazio',4,'Patric','null','17-apr-1993','Difensore'),
  ('239962','SS Lazio',null,'Denis','Vavro','10-apr-1996','Difensore'),
  ('253765','SS Lazio',14,'Wesley','Hoedt','6-mar-1994','Difensore'),
  ('195810','SS Lazio',null,'Bastos','null','27-mar-1991','Difensore'),
  ('044420','SS Lazio',26,'Stefan','Radu','22-oct-1986','Difensore'),
  ('421775','SS Lazio',13,'Nicolò','Armini','7-mar-2001','Difensore'),
  ('421778','SS Lazio',null,'Damiano','Franco','22-feb-2002','Difensore'),
  ('607586','SS Lazio',null,'Enzo','Adeagbo','11-jan-2002','Difensore'),
  ('625088','SS Lazio',null,'Marzio','Pica','4-feb-2002','Difensore'),
  ('140804','SS Lazio',null,'Jordan','Lukaku','25-jul-1994','Difensore'),
  ('539220','SS Lazio',null,'Angelo','Ndrecka','24-sep-2001','Difensore'),
  ('239802','SS Lazio',77,'Adam','Marusic','17-oct-1992','Difensore'),
  ('215089','SS Lazio',8,'Djavan','Anderson','21-apr-1995','Difensore'),
  ('500419','SS Lazio',null,'Mattia','Novella','25-jan-2001','Difensore'),
  ('041414','SS Lazio',6,'Lucas','Leiva','9-jan-1987','Centrocampista'),
  ('199733','SS Lazio',32,'Danilo','Cataldi','6-aug-1994','Centrocampista'),
  ('289087','SS Lazio',null,'Joseph Marie','Minala','24-aug-1996','Centrocampista'),
  ('613539','SS Lazio',null,'Marco','Bertini','7-aug-2002','Centrocampista'),
  ('266302','SS Lazio',21,'Sergej','Milinković-Savić','27-feb-1995','Centrocampista'),
  ('128220','SS Lazio',10,'Luis Alberto','null','28-sep-1992','Centrocampista'),
  ('203394','SS Lazio',7,'Andreas','Pereira','1-jan-1996','Centrocampista'),
  ('170481','SS Lazio',92,'Jean-Daniel','Akpa Akpro','11-oct-1992','Centrocampista'),
  ('266795','SS Lazio',18,'Gonzalo','Escalante','27-mar-1993','Centrocampista'),
  ('393804','SS Lazio',null,'Sofian','Kiyine','2-oct-1997','Centrocampista'),
  ('084545','SS Lazio',16,'Marco','Parolo','25-jan-1985','Centrocampista'),
  ('331401','SS Lazio',29,'Manuel','Lazzari','29-nov-1993','Centrocampista'),
  ('287700','SS Lazio',96,'Mohamed','Fares','15-feb-1996','Centrocampista'),
  ('061449','SS Lazio',19,'Senad','Lulic','18-jan-1986','Centrocampista'),
  ('407094','SS Lazio',null,'Szymon','Czyz','8-jul-2001','Centrocampista'),
  ('610163','SS Lazio',null,'Florent','Shehu','17-may-2002','Centrocampista'),
  ('624942','SS Lazio',null,'Raúl','Moro','5-dec-2002','Attaccante'),
  ('331514','SS Lazio',null,'Bobby','Adekanye','14-feb-1999','Attaccante'),
  ('227081','SS Lazio',11,'Joaquín','Correa','13-aug-1994','Attaccante'),
  ('105521','SS Lazio',17,'Ciro','Immobile','20-feb-1990','Attaccante'),
  ('256267','SS Lazio',94,'Vedat','Muriqi','24-apr-1994','Attaccante'),
  ('037834','SS Lazio',20,'Felipe','Caicedo','5-sep-1988','Attaccante'),
  ('208166','ACF Fiorentina',69,'Bartlomiej','Dragowski','19-aug-1997','Portiere'),
  ('096254','ACF Fiorentina',1,'Pietro','Terracciano','8-mar-1990','Portiere'),
  ('451154','ACF Fiorentina',33,'Federico','Brancolini','14-jul-2001','Portiere'),
  ('006442','ACF Fiorentina',21,'Antonio','Rosati','26-jun-1983','Portiere'),
  ('712042','ACF Fiorentina',null,'Jacopo','Ricco','9-feb-2003','Portiere'),
  ('413507','ACF Fiorentina',4,'Nikola','Milenkovic','12-oct-1997','Difensore'),
  ('373373','ACF Fiorentina',2,'Lucas','Martínez Quarta','10-may-1996','Difensore'),
  ('113133','ACF Fiorentina',20,'Germán','Pezzella','27-jun-1991','Difensore'),
  ('380350','ACF Fiorentina',98,'Igor','null','7-feb-1998','Difensore'),
  ('163639','ACF Fiorentina',null,'Federico','Ceccherini','11-may-1992','Difensore'),
  ('054935','ACF Fiorentina',22,'Martín','Cáceres','7-apr-1987','Difensore'),
  ('487829','ACF Fiorentina',null,'Christian','Dalle Mura','2-feb-2002','Difensore'),
  ('441264','ACF Fiorentina',null,'Julián','Illanes','10-mar-1997','Difensore'),
  ('459707','ACF Fiorentina',null,'Eduard','Dutu','18-apr-2001','Difensore'),
  ('625630','ACF Fiorentina',null,'Lorenzo','Chiti','13-jan-2001','Difensore'),
  ('124555','ACF Fiorentina',3,'Cristiano','Biraghi','1-sep-1992','Difensore'),
  ('241889','ACF Fiorentina',27,'Antonio','Barreca','18-mar-1995','Difensore'),
  ('179757','ACF Fiorentina',15,'Maximiliano','Olivera','5-mar-1992','Difensore'),
  ('534082','ACF Fiorentina',null,'Fabio','Ponsi','12-feb-2001','Difensore'),
  ('298975','ACF Fiorentina',null,'Pol','Lirola','13-aug-1997','Difensore'),
  ('240219','ACF Fiorentina',23,'Lorenzo','Venuti','12-apr-1995','Difensore'),
  ('287579','ACF Fiorentina',34,'Sofyan','Amrabat','21-aug-1996','Centrocampista'),
  ('215616','ACF Fiorentina',78,'Erick','Pulgar','15-jan-1994','Centrocampista'),
  ('658612','ACF Fiorentina',null,'Dimo','Krastev','10-feb-2003','Centrocampista'),
  ('303116','ACF Fiorentina',10,'Gaetano','Castrovilli','17-feb-1997','Centrocampista'),
  ('184894','ACF Fiorentina',null,'Alfred','Duncan','10-mar-1993','Centrocampista'),
  ('057280','ACF Fiorentina',5,'Giacomo','Bonaventura','22-aug-1989','Centrocampista'),
  ('040372','ACF Fiorentina',6,'Borja','Valero','12-jan-1985','Centrocampista'),
  ('602124','ACF Fiorentina',null,'Alessandro','Bianco','1-oct-2002','Centrocampista'),
  ('088909','ACF Fiorentina',null,'Riccardo','Saponara','21-dec-1991','Centrocampista'),
  ('126687','ACF Fiorentina',92,'Valentin','Eysseric','25-mar-1992','Centrocampista'),
  ('573979','ACF Fiorentina',28,'Tòfol','Montiel','11-apr-2000','Centrocampista'),
  ('022068','ACF Fiorentina',7,'Franck','Ribéry','7-apr-1983','Attaccante'),
  ('061253','ACF Fiorentina',77,'José','Callejón','11-feb-1987','Attaccante'),
  ('357498','ACF Fiorentina',9,'Dusan','Vlahovic','28-jan-2000','Attaccante'),
  ('265078','ACF Fiorentina',null,'Patrick','Cutrone','3-jan-1998','Attaccante'),
  ('337725','ACF Fiorentina',11,'Christian','Kouamé','6-dec-1997','Attaccante'),
  ('089086','ACF Fiorentina',91,'Aleksandr','Kokorin','19-mar-1991','Attaccante'),
  ('547786','ACF Fiorentina',null,'Louis','Munteanu','16-jun-2002','Attaccante'),
  ('035865','US Sassuolo',47,'Andrea','Consigli','27-jan-1987','Portiere'),
  ('543666','US Sassuolo',63,'Stefano','Turati','5-sep-2001','Portiere'),
  ('502475','US Sassuolo',null,'Samuele','Vitale','20-aug-2002','Portiere'),
  ('021872','US Sassuolo',56,'Gianluca','Pegolo','25-mar-1981','Portiere'),
  ('277167','US Sassuolo',31,'Gian Marco','Ferrari','15-may-1992','Difensore'),
  ('273236','US Sassuolo',2,'Marlon','null','7-sep-1995','Difensore'),
  ('119031','US Sassuolo',5,'Kaan','Ayhan','10-nov-1994','Difensore'),
  ('123261','US Sassuolo',21,'Vlad','Chiriches','14-nov-1989','Difensore'),
  ('256678','US Sassuolo',19,'Filippo','Romagna','26-may-1997','Difensore'),
  ('021763','US Sassuolo',13,'Federico','Peluso','20-jan-1984','Difensore'),
  ('602607','US Sassuolo',null,'Stefano','Piccinini','31-dec-2002','Difensore'),
  ('401527','US Sassuolo',6,'Rogério','null','13-jan-1998','Difensore'),
  ('311178','US Sassuolo',77,'Georgios','Kyriakopoulos','5-feb-1996','Difensore'),
  ('353922','US Sassuolo',17,'Mert','Müldür','3-apr-1999','Difensore'),
  ('129674','US Sassuolo',22,'Jeremy','Toljan','8-aug-1994','Difensore'),
  ('557132','US Sassuolo',null,'Matteo','Saccani','1-jan-2001','Difensore'),
  ('265088','US Sassuolo',73,'Manuel','Locatelli','8-jan-1998','Centrocampista'),
  ('290862','US Sassuolo',8,'Maxime','López','4-dec-1997','Centrocampista'),
  ('007093','US Sassuolo',4,'Francesco','Magnanelli','12-nov-1984','Centrocampista'),
  ('390163','US Sassuolo',null,'Andrea','Ghion','23-feb-2000','Centrocampista'),
  ('497312','US Sassuolo',null,'Federico','Artioli','12-jun-2001','Centrocampista'),
  ('101213','US Sassuolo',14,'Pedro','Obiang','27-mar-1992','Centrocampista'),
  ('131731','US Sassuolo',68,'Mehdi','Bourabia','7-aug-1991','Centrocampista'),
  ('604579','US Sassuolo',null,'Alessandro','Mercati','12-may-2002','Centrocampista'),
  ('547818','US Sassuolo',null,'Raul','Steau','22-apr-2001','Centrocampista'),
  ('391065','US Sassuolo',23,'Hamed Junior','Traorè','16-feb-2000','Centrocampista'),
  ('094307','US Sassuolo',10,'Filip','Djuricic','30-jan-1992','Centrocampista'),
  ('216569','US Sassuolo',7,'Jérémie','Boga','3-jan-1997','Attaccante'),
  ('239941','US Sassuolo',27,'Lukas','Haraslin','26-may-1996','Attaccante'),
  ('345473','US Sassuolo',null,'Nicolás','Schiappacasse','12-jan-1999','Attaccante'),
  ('177843','US Sassuolo',25,'Domenico','Berardi','1-aug-1994','Attaccante'),
  ('546176','US Sassuolo',30,'Brian','Oddei','18-sep-2002','Attaccante'),
  ('198086','US Sassuolo',null,'Federico','Ricci','27-may-1994','Attaccante'),
  ('721953','US Sassuolo',null,'Isaac','Karamoko','26-may-2002','Attaccante'),
  ('315867','US Sassuolo',null,'Gianluca','Scamacca','1-jan-1999','Attaccante'),
  ('405885','US Sassuolo',18,'Giacomo','Raspadori','18-feb-2000','Attaccante'),
  ('084765','US Sassuolo',9,'Francesco','Caputo','6-aug-1987','Attaccante'),
  ('163222','US Sassuolo',92,'Grégoire','Defrel','17-jun-1991','Attaccante'),
  ('658244','US Sassuolo',null,'Luigi','Samele','9-apr-2002','Attaccante'),
  ('012907','Cagliari Calcio',28,'Alessio','Cragno','28-jun-1994','Portiere'),
  ('286047','Cagliari Calcio',31,'Guglielmo','Vicario','7-oct-1996','Portiere'),
  ('535740','Cagliari Calcio',null,'Giuseppe','Ciocci','24-jan-2002','Portiere'),
  ('041912','Cagliari Calcio',1,'Simone','Aresti','15-mar-1986','Portiere'),
  ('345458','Cagliari Calcio',40,'Sebastian','Walukiewicz','5-apr-2000','Difensore'),
  ('481834','Cagliari Calcio',44,'Andrea','Carboni','4-feb-2001','Difensore'),
  ('054928','Cagliari Calcio',2,'Diego','Godín','16-feb-1986','Difensore'),
  ('102745','Cagliari Calcio',23,'Luca','Ceppitelli','11-aug-1989','Difensore'),
  ('026669','Cagliari Calcio',15,'Ragnar','Klavan','30-oct-1985','Difensore'),
  ('101922','Cagliari Calcio',null,'Fabio','Pisacane','28-jan-1986','Difensore'),
  ('472176','Cagliari Calcio',null,'Salvatore','Boccia','6-jun-2001','Difensore'),
  ('533134','Cagliari Calcio',null,'Francesco','Cusumano','6-feb-2001','Difensore'),
  ('136514','Cagliari Calcio',22,'Charalampos','Lykogiannis','22-oct-1993','Difensore'),
  ('357176','Cagliari Calcio',3,'Alessandro','Tripaldelli','9-feb-1999','Difensore'),
  ('190634','Cagliari Calcio',null,'Marko','Pajac','11-may-1993','Difensore'),
  ('392569','Cagliari Calcio',25,'Gabriele','Zappa','22-dec-1999','Difensore'),
  ('240897','Cagliari Calcio',16,'Arturo','Calabresi','17-mar-1996','Difensore'),
  ('303187','Cagliari Calcio',null,'Simone','Pinna','17-oct-1997','Difensore'),
  ('563812','Cagliari Calcio',null,'Christian','Oliva','1-jun-1996','Centrocampista'),
  ('459452','Cagliari Calcio',null,'Riccardo','Ladinetti','20-dec-2000','Centrocampista'),
  ('295183','Cagliari Calcio',8,'Razvan','Marin','23-may-1996','Centrocampista'),
  ('317482','Cagliari Calcio',6,'Marko','Rog','19-jul-1995','Centrocampista'),
  ('167796','Cagliari Calcio',null,'Paolo','Faragò','12-feb-1993','Centrocampista'),
  ('235931','Cagliari Calcio',14,'Alessandro','Deiola','1-aug-1995','Centrocampista'),
  ('386574','Cagliari Calcio',null,'Fabrizio','Caligara','12-apr-2000','Centrocampista'),
  ('315063','Cagliari Calcio',18,'Nahitan','Nández','28-dec-1995','Centrocampista'),
  ('063531','Cagliari Calcio',19,'Kwadwo','Asamoah','9-dec-1988','Centrocampista'),
  ('264116','Cagliari Calcio',20,'Gastón','Pereiro','11-jun-1995','Centrocampista'),
  ('736034','Cagliari Calcio',null,'Isaias','Delpupo','31-mar-2003','Centrocampista'),
  ('386455','Cagliari Calcio',33,'Riccardo','Sottil','3-jun-1999','Attaccante'),
  ('475410','Cagliari Calcio',17,'Matteo','Tramoni','20-jan-2000','Attaccante'),
  ('400485','Cagliari Calcio',null,'Adam','Ounas','11-nov-1996','Attaccante'),
  ('221540','Cagliari Calcio',null,'Kiril','Despodov','11-nov-1996','Attaccante'),
  ('666547','Cagliari Calcio',26,'Zito','Luvumbo','9-mar-2002','Attaccante'),
  ('129129','Cagliari Calcio',10,'João Pedro','null','9-mar-1992','Attaccante'),
  ('282388','Cagliari Calcio',9,'Giovanni','Simeone','5-jul-1995','Attaccante'),
  ('064793','Cagliari Calcio',30,'Leonardo','Pavoletti','26-nov-1988','Attaccante'),
  ('197751','Cagliari Calcio',27,'Alberto','Cerri','16-apr-1996','Attaccante'),
  ('481836','Cagliari Calcio',null,'Gianluca','Contini','18-jun-2001','Attaccante'),
  ('025508','Torino FC',39,'Salvatore','Sirigu','12-jan-1987','Portiere'),
  ('257474','Torino FC',32,'Vanja','Milinković-Savić','20-feb-1997','Portiere'),
  ('042744','Torino FC',18,'Samir','Ujkani','5-jul-1988','Portiere'),
  ('568617','Torino FC',null,'Razvan','Sava','21-jun-2002','Portiere'),
  ('516716','Torino FC',3,'Bremer','null','18-mar-1997','Difensore'),
  ('032113','Torino FC',5,'Armando','Izzo','2-mar-1992','Difensore'),
  ('379807','Torino FC',4,'Lyanco','null','1-feb-1997','Difensore'),
  ('060577','Torino FC',33,'Nicolas','N''Koulou','27-mar-1990','Difensore'),
  ('386446','Torino FC',99,'Alessandro','Buongiorno','6-jun-1999','Difensore'),
  ('331501','Torino FC',45,'Erick','Ferigra','7-feb-1999','Difensore'),
  ('562287','Torino FC',null,'Christian','Celesia','22-jan-2002','Difensore'),
  ('171399','Torino FC',29,'Nicola','Murru','16-dec-1994','Difensore'),
  ('086784','Torino FC',13,'Ricardo','Rodríguez','25-aug-1992','Difensore'),
  ('055854','Torino FC',15,'Cristian','Ansaldi','20-sep-1986','Difensore'),
  ('648779','Torino FC',17,'Stephane','Singo','25-dec-2000','Difensore'),
  ('336125','Torino FC',27,'Mërgim','Vojvoda','1-feb-1995','Difensore'),
  ('308279','Torino FC',38,'Rolando','Mandragora','29-jun-1997','Centrocampista'),
  ('075942','Torino FC',88,'Tomás','Rincón','13-jan-1988','Centrocampista'),
  ('637117','Torino FC',null,'Altin','Kryeziu','3-jan-2002','Centrocampista'),
  ('245056','Torino FC',7,'Sasa','Lukic','13-aug-1996','Centrocampista'),
  ('134883','Torino FC',8,'Daniele','Baselli','12-mar-1992','Centrocampista'),
  ('373899','Torino FC',null,'Jacopo','Segre','17-feb-1997','Centrocampista'),
  ('538072','Torino FC',null,'Ibrahim','Karamoko','23-jul-2001','Centrocampista'),
  ('498557','Torino FC',null,'Jean Freddi','Greco','12-feb-2001','Centrocampista'),
  ('130360','Torino FC',24,'Simone','Verdi','12-jul-1992','Centrocampista'),
  ('225873','Torino FC',77,'Karol','Linetty','2-feb-1995','Centrocampista'),
  ('293210','Torino FC',10,'Amer','Gojak','13-feb-1997','Centrocampista'),
  ('543736','Torino FC',null,'Krisztofer','Horváth','8-jan-2002','Centrocampista'),
  ('338425','Torino FC',null,'Álex','Berenguer','4-jul-1995','Attaccante'),
  ('390159','Torino FC',null,'Vincenzo','Millico','12-aug-2000','Attaccante'),
  ('059340','Torino FC',null,'Iago','Falque','4-jan-1990','Attaccante'),
  ('340070','Torino FC',null,'Simone','Edera','9-jan-1997','Attaccante'),
  ('167727','Torino FC',9,'Andrea','Belotti','20-dec-1993','Attaccante'),
  ('234523','Torino FC',19,'Antonio','Sanabria','4-mar-1996','Attaccante'),
  ('241527','Torino FC',26,'Federico','Bonazzoli','21-may-1997','Attaccante'),
  ('096828','Torino FC',11,'Simone','Zaza','25-jun-1991','Attaccante'),
  ('417896','Torino FC',null,'Nicola','Rauti','17-apr-2000','Attaccante'),
  ('534174','Torino FC',null,'Samuele','Vianni','5-jul-2001','Attaccante'),
  ('242359','Udinese Calcio',1,'Juan','Musso','6-may-1994','Portiere'),
  ('238993','Udinese Calcio',96,'Simone','Scuffet','31-may-1996','Portiere'),
  ('099523','Udinese Calcio',null,'Nícolas','null','12-apr-1988','Portiere'),
  ('487828','Udinese Calcio',31,'Manuel','Gasparini','19-may-2002','Portiere'),
  ('612059','Udinese Calcio',null,'Edoardo','Piana','29-sep-2003','Portiere'),
  ('617178','Udinese Calcio',null,'Matteo','Carnelos','22-feb-2003','Portiere'),
  ('247377','Udinese Calcio',14,'Kevin','Bonifazi','19-may-1996','Difensore'),
  ('255744','Udinese Calcio',3,'Samir','null','5-dec-1994','Difensore'),
  ('104597','Udinese Calcio',17,'Bram','Nuytinck','4-may-1990','Difensore'),
  ('410158','Udinese Calcio',50,'Rodrigo Becão','null','19-jan-1996','Difensore'),
  ('192875','Udinese Calcio',null,'William','Troost-Ekong','1-sep-1993','Difensore'),
  ('056830','Udinese Calcio',87,'Sebastien','De Maio','5-mar-1987','Difensore'),
  ('037981','Udinese Calcio',4,'Sebastian','Prödl','21-jun-1987','Difensore'),
  ('092899','Udinese Calcio',90,'Marvin','Zeegelaar','12-aug-1990','Difensore'),
  ('424042','Udinese Calcio',16,'Nahuel','Molina','6-apr-1998','Difensore'),
  ('069646','Udinese Calcio',19,'Jens','Stryger Larsen','21-feb-1991','Difensore'),
  ('258519','Udinese Calcio',null,'Hidde','ter Avest','20-may-1997','Difensore'),
  ('323954','Udinese Calcio',11,'Walace','null','4-apr-1995','Centrocampista'),
  ('047513','Udinese Calcio',8,'Mato','Jajalo','25-may-1988','Centrocampista'),
  ('568117','Udinese Calcio',null,'Alessandro','Rigo','25-feb-2002','Centrocampista'),
  ('255901','Udinese Calcio',10,'Rodrigo','de Paul','24-may-1994','Centrocampista'),
  ('322305','Udinese Calcio',6,'Jean-Victor','Makengo','12-jun-1998','Centrocampista'),
  ('053536','Udinese Calcio',22,'Tolgay','Arslan','16-aug-1990','Centrocampista'),
  ('472161','Udinese Calcio',null,'Mamadou','Coulibaly','3-feb-1999','Centrocampista'),
  ('617170','Udinese Calcio',64,'Martin','Palumbo','5-mar-2002','Centrocampista'),
  ('465279','Udinese Calcio',null,'Marco','Ballarini','28-mar-2001','Centrocampista'),
  ('473871','Udinese Calcio',null,'Thomas','Battistella','29-jul-2001','Centrocampista'),
  ('241477','Udinese Calcio',5,'Thomas','Ouwejan','30-sep-1996','Centrocampista'),
  ('112302','Udinese Calcio',37,'Roberto','Pereyra','7-jan-1991','Centrocampista'),
  ('343963','Udinese Calcio',29,'Petar','Micin','29-sep-1998','Centrocampista'),
  ('129476','Udinese Calcio',9,'Gerard','Deulofeu','13-mar-1994','Attaccante'),
  ('470391','Udinese Calcio',21,'Jayden','Braaf','31-aug-2002','Attaccante'),
  ('062713','Udinese Calcio',null,'Ryder','Matos','27-feb-1993','Attaccante'),
  ('044948','Udinese Calcio',45,'Fernando','Forestieri','15-jan-1990','Attaccante'),
  ('131951','Udinese Calcio',null,'Kevin','Lasagna','10-aug-1992','Attaccante'),
  ('283528','Udinese Calcio',23,'Ignacio','Pussetto','21-dec-1995','Attaccante'),
  ('035249','Udinese Calcio',7,'Stefano','Okaka','9-aug-1989','Attaccante'),
  ('339707','Udinese Calcio',null,'Cristo','González','24-oct-1997','Attaccante'),
  ('054581','Udinese Calcio',30,'Ilija','Nestorovski','12-mar-1990','Attaccante'),
  ('704714','Udinese Calcio',null,'Salah Basha','null','5-mar-2003','Attaccante'),
  ('085528','Hellas Verona',1,'Marco','Silvestri','2-mar-1991','Portiere'),
  ('371013','Hellas Verona',25,'Ivor','Pandur','25-mar-2000','Portiere'),
  ('415801','Hellas Verona',12,'Nicola','Borghetto','25-nov-1999','Portiere'),
  ('127217','Hellas Verona',22,'Alessandro','Berardi','16-jan-1991','Portiere'),
  ('459655','Hellas Verona',6,'Matteo','Lovato','14-feb-2000','Difensore'),
  ('115763','Hellas Verona',21,'Koray','Günter','16-aug-1994','Difensore'),
  ('310458','Hellas Verona',23,'Giangiacomo','Magnani','4-oct-1995','Difensore'),
  ('248732','Hellas Verona',27,'Pawel','Dawidowicz','20-may-1995','Difensore'),
  ('391498','Hellas Verona',15,'Mert','Cetin','1-jan-1997','Difensore'),
  ('644676','Hellas Verona',36,'Bruno','Amione','3-jan-2002','Difensore'),
  ('169179','Hellas Verona',null,'Alan Empereur','null','10-mar-1994','Difensore'),
  ('389837','Hellas Verona',null,'Nicolò','Casale','14-feb-1998','Difensore'),
  ('042678','Hellas Verona',null,'Salvatore','Bocchetti','30-nov-1986','Difensore'),
  ('546529','Hellas Verona',null,'Bernardo','Calabrese','25-apr-2002','Difensore'),
  ('615930','Hellas Verona',null,'Ilie','Matei','11-dec-2002','Difensore'),
  ('621346','Hellas Verona',null,'Eugenio','Bracelli','25-jan-2002','Difensore'),
  ('198116','Hellas Verona',3,'Federico','Dimarco','10-nov-1997','Difensore'),
  ('556385','Hellas Verona',13,'Destiny','Udogie','28-nov-2002','Difensore'),
  ('073926','Hellas Verona',5,'Davide','Faraoni','25-oct-1991','Difensore'),
  ('157507','Hellas Verona',61,'Adrien','Tamèze','4-feb-1994','Centrocampista'),
  ('043848','Hellas Verona',4,'Miguel','Veloso','11-may-1986','Centrocampista'),
  ('319171','Hellas Verona',null,'Andrea','Danzi','25-feb-1999','Centrocampista'),
  ('470794','Hellas Verona',14,'Ivan','Ilic','17-mar-2001','Centrocampista'),
  ('201040','Hellas Verona',24,'Marco','Benassi','8-sep-1994','Centrocampista'),
  ('434676','Hellas Verona',26,'Ronaldo','Vieira','19-jul-1998','Centrocampista'),
  ('167859','Hellas Verona',33,'Stefano','Sturaro','9-mar-1993','Centrocampista'),
  ('140757','Hellas Verona',40,'Daniel','Bessa','14-jan-1993','Centrocampista'),
  ('538063','Hellas Verona',null,'Lucas','Felippe','3-may-2000','Centrocampista'),
  ('554433','Hellas Verona',null,'Christian','Pierobon','26-mar-2002','Centrocampista'),
  ('631007','Hellas Verona',null,'Filippo','Terracciano','8-feb-2003','Centrocampista'),
  ('290032','Hellas Verona',19,'Kevin','Rüegg','5-aug-1998','Centrocampista'),
  ('070411','Hellas Verona',8,'Darko','Lazovic','15-sep-1990','Centrocampista'),
  ('283735','Hellas Verona',20,'Mattia','Zaccagni','16-jun-1995','Centrocampista'),
  ('272261','Hellas Verona',7,'Antonin','Barak','3-dec-1994','Centrocampista'),
  ('567217','Hellas Verona',90,'Ebrima','Colley','1-feb-2000','Attaccante'),
  ('519175','Hellas Verona',null,'Lorenzo','Bertini','17-aug-2001','Attaccante'),
  ('550106','Hellas Verona',null,'Matteo','Cancellieri','12-feb-2002','Attaccante'),
  ('459661','Hellas Verona',9,'Eddie','Salcedo','1-oct-2001','Attaccante'),
  ('340151','Hellas Verona',11,'Andrea','Favilli','17-may-1997','Attaccante'),
  ('210363','Hellas Verona',null,'Mariusz','Stepinski','12-may-1995','Attaccante'),
  ('036371','Hellas Verona',29,'Nikola','Kalinic','5-jan-1988','Attaccante'),
  ('045389','Hellas Verona',null,'Samuel','Di Carmine','29-sep-1988','Attaccante'),
  ('344806','Hellas Verona',null,'Lubomir','Tupta','27-mar-1998','Attaccante'),
  ('546527','Hellas Verona',null,'Philip','Yeboah','27-sep-2002','Attaccante'),
  ('080894','Bologna FC 1909',28,'Lukasz','Skorupski','5-may-1991','Portiere'),
  ('082693','Bologna FC 1909',1,'Angelo','da Costa','12-nov-1983','Portiere'),
  ('390304','Bologna FC 1909',34,'Federico','Ravaglia','11-nov-1999','Portiere'),
  ('459842','Bologna FC 1909',20,'Sebastian','Breza','15-mar-1998','Portiere'),
  ('574164','Bologna FC 1909',null,'Marco','Molla','19-jun-2002','Portiere'),
  ('126673','Bologna FC 1909',5,'Adama','Soumaoro','18-jun-1992','Difensore'),
  ('182923','Bologna FC 1909',null,'Stefano','Denswil','7-may-1993','Difensore'),
  ('176139','Bologna FC 1909',null,'Mattia','Bani','10-dec-1993','Difensore'),
  ('227347','Bologna FC 1909',26,'Valentin','Antov','9-nov-2000','Difensore'),
  ('060889','Bologna FC 1909',17,'Gary','Medel','3-aug-1987','Difensore'),
  ('284724','Bologna FC 1909',6,'Nehuén','Paz','28-apr-1993','Difensore'),
  ('032816','Bologna FC 1909',23,'Danilo','null','10-may-1984','Difensore'),
  ('556173','Bologna FC 1909',68,'Omar','Khailoti','5-sep-2001','Difensore'),
  ('818878','Bologna FC 1909',6,'Wisdom','Amey','11-aug-2005','Difensore'),
  ('591949','Bologna FC 1909',3,'Aaron','Hickey','10-jun-2002','Difensore'),
  ('187245','Bologna FC 1909',35,'Mitchell','Dijks','9-feb-1993','Difensore'),
  ('861221','Bologna FC 1909',null,'Ebenezer','Annan','21-aug-2002','Difensore'),
  ('331560','Bologna FC 1909',14,'Takehiro','Tomiyasu','5-nov-1998','Difensore'),
  ('033571','Bologna FC 1909',29,'Lorenzo','De Silvestri','23-may-1988','Difensore'),
  ('207715','Bologna FC 1909',15,'Ibrahima','Mbaye','19-nov-1994','Difensore'),
  ('704117','Bologna FC 1909',null,'Alex','Arnofoli','21-feb-2003','Difensore'),
  ('342405','Bologna FC 1909',32,'Mattias','Svanberg','5-jan-1999','Centrocampista'),
  ('497291','Bologna FC 1909',8,'Nicolás','Domínguez','28-jun-1998','Centrocampista'),
  ('347900','Bologna FC 1909',30,'Jerdy','Schouten','12-jan-1997','Centrocampista'),
  ('044834','Bologna FC 1909',16,'Andrea','Poli','29-sep-1989','Centrocampista'),
  ('464446','Bologna FC 1909',18,'Andri Fannar','Baldursson','10-jan-2002','Centrocampista'),
  ('401920','Bologna FC 1909',22,'Kingsley','Michael','26-aug-1999','Centrocampista'),
  ('537488','Bologna FC 1909',null,'Dion','Ruffo Luci','12-jul-2001','Centrocampista'),
  ('063186','Bologna FC 1909',21,'Roberto','Soriano','8-feb-1991','Centrocampista'),
  ('699442','Bologna FC 1909',null,'Kacper','Urbanski','7-sep-2004','Centrocampista'),
  ('486624','Bologna FC 1909',99,'Musa','Barrow','14-nov-1998','Attaccante'),
  ('082048','Bologna FC 1909',10,'Nicola','Sansone','10-sep-1991','Attaccante'),
  ('562030','Bologna FC 1909',80,'Musa','Juwara','26-dec-2001','Attaccante'),
  ('537490','Bologna FC 1909',31,'Matias','Rocchi','23-oct-2002','Attaccante'),
  ('368482','Bologna FC 1909',7,'Riccardo','Orsolini','24-jan-1997','Attaccante'),
  ('432982','Bologna FC 1909',11,'Andreas','Skov Olsen','29-dec-1999','Attaccante'),
  ('394346','Bologna FC 1909',55,'Emanuel','Vignato','24-aug-2000','Attaccante'),
  ('099180','Bologna FC 1909',9,'Federico','Santander','4-jun-1991','Attaccante'),
  ('421780','Bologna FC 1909',63,'Edoardo','Vergani','6-feb-2001','Attaccante'),
  ('039099','Bologna FC 1909',24,'Rodrigo','Palacio','5-feb-1982','Attaccante'),
  ('482792','Bologna FC 1909',19,'Simone','Rabbi','30-oct-2001','Attaccante'),
  ('616667','Bologna FC 1909',44,'Mattia','Pagliuca','25-apr-2002','Attaccante'),
  ('818888','Bologna FC 1909',76,'Antonio','Raimondo','18-mar-2004','Attaccante'),
  ('099254','Parma Calcio 1913',1,'Luigi','Sepe','8-may-1991','Portiere'),
  ('057285','Parma Calcio 1913',34,'Simone','Colombi','1-jul-1991','Portiere'),
  ('604207','Parma Calcio 1913',77,'Filippo','Rinaldi','4-dec-2002','Portiere'),
  ('287871','Parma Calcio 1913',null,'Fabrizio','Alastra','1-oct-1997','Portiere'),
  ('700643','Parma Calcio 1913',null,'Martin','Turk','21-aug-2003','Portiere'),
  ('625202','Parma Calcio 1913',30,'Lautaro','Valenti','14-jan-1999','Difensore'),
  ('358165','Parma Calcio 1913',24,'Yordan','Osorio','10-may-1994','Difensore'),
  ('240786','Parma Calcio 1913',7,'Riccardo','Gagliolo','28-apr-1990','Difensore'),
  ('621965','Parma Calcio 1913',29,'Daan','Dierckx','24-feb-2003','Difensore'),
  ('163647','Parma Calcio 1913',null,'Kastriot','Dermaku','15-jan-1992','Difensore'),
  ('059699','Parma Calcio 1913',2,'Simone','Iacoponi','30-apr-1987','Difensore'),
  ('543727','Parma Calcio 1913',4,'Botond','Balogh','6-jun-2002','Difensore'),
  ('013121','Parma Calcio 1913',22,'Bruno','Alves','27-nov-1981','Difensore'),
  ('534198','Parma Calcio 1913',null,'Abdoul Hate','Bane','21-mar-2001','Difensore'),
  ('336960','Parma Calcio 1913',3,'Giuseppe','Pezzella','29-nov-1997','Difensore'),
  ('613781','Parma Calcio 1913',20,'Vasilios','Zagaritis','4-may-2001','Difensore'),
  ('261056','Parma Calcio 1913',null,'Giacomo','Ricci','2-sep-1996','Difensore'),
  ('570817','Parma Calcio 1913',42,'Maxime','Busi','14-oct-1999','Difensore'),
  ('094936','Parma Calcio 1913',16,'Vincent','Laurini','10-jun-1989','Difensore'),
  ('651727','Parma Calcio 1913',null,'Reinaldo','Radu','7-jan-2002','Difensore'),
  ('507486','Parma Calcio 1913',19,'Simon','Sohm','11-apr-2001','Centrocampista'),
  ('131109','Parma Calcio 1913',15,'Gastón','Brugman','7-sep-1992','Centrocampista'),
  ('085208','Parma Calcio 1913',null,'Matteo','Scozzarella','5-jun-1988','Centrocampista'),
  ('181768','Parma Calcio 1913',23,'Hernani','null','27-mar-1994','Centrocampista'),
  ('182889','Parma Calcio 1913',18,'Wylan','Cyprien','28-jan-1995','Centrocampista'),
  ('197473','Parma Calcio 1913',8,'Alberto','Grassi','7-mar-1995','Centrocampista'),
  ('074943','Parma Calcio 1913',33,'Juraj','Kucka','26-feb-1987','Centrocampista'),
  ('085825','Parma Calcio 1913',14,'Jasmin','Kurtic','10-jan-1989','Centrocampista'),
  ('165531','Parma Calcio 1913',null,'Jacopo','Dezi','10-feb-1992','Centrocampista'),
  ('398576','Parma Calcio 1913',null,'Giuseppe','Carriero','4-sep-1997','Centrocampista'),
  ('614742','Parma Calcio 1913',null,'Drissa','Camara','18-feb-2002','Centrocampista'),
  ('285796','Parma Calcio 1913',null,'Lorenzo','Simonetti','28-aug-1996','Centrocampista'),
  ('543729','Parma Calcio 1913',null,'Márk','Kosznovszky','17-apr-2002','Centrocampista'),
  ('466268','Parma Calcio 1913',32,'Juan','Brunetta','12-may-1997','Centrocampista'),
  ('535469','Parma Calcio 1913',28,'Valentin','Mihaila','2-feb-2000','Attaccante'),
  ('324804','Parma Calcio 1913',10,'Yann','Karamoh','8-jul-1998','Attaccante'),
  ('033481','Parma Calcio 1913',27,'Gervinho','null','27-may-1987','Attaccante'),
  ('700998','Parma Calcio 1913',null,'Chaka','Traorè','23-dec-2004','Attaccante'),
  ('397486','Parma Calcio 1913',98,'Dennis','Man','26-aug-1998','Attaccante'),
  ('199274','Parma Calcio 1913',93,'Mattia','Sprocati','28-apr-1993','Attaccante'),
  ('086079','Parma Calcio 1913',null,'Luca','Siligardi','26-jan-1988','Attaccante'),
  ('700646','Parma Calcio 1913',null,'André','Lopes Silva','18-mar-2003','Attaccante'),
  ('435648','Parma Calcio 1913',17,'Joshua','Zirkzee','22-may-2001','Attaccante'),
  ('203412','Parma Calcio 1913',11,'Andreas','Cornelius','16-mar-1993','Attaccante'),
  ('159337','Parma Calcio 1913',45,'Roberto','Inglese','12-nov-1991','Attaccante'),
  ('029594','Parma Calcio 1913',9,'Graziano','Pellè','15-jul-1985','Attaccante'),
  ('364206','Parma Calcio 1913',null,'Andrea','Adorante','5-feb-2000','Attaccante'),
  ('604239','Parma Calcio 1913',null,'Gabriele','Artistico','14-jul-2002','Attaccante'),
  ('534202','Parma Calcio 1913',null,'Redi','Kasa','1-sep-2001','Attaccante'),
  ('256339','UC Sampdoria',1,'Emil','Audero','18-jan-1997','Portiere'),
  ('318707','UC Sampdoria',34,'Karlo','Letica','11-feb-1997','Portiere'),
  ('042796','UC Sampdoria',30,'Nicola','Ravaglia','12-dec-1988','Portiere'),
  ('463497','UC Sampdoria',null,'Lorenzo','Avogadri','21-aug-2001','Portiere'),
  ('174733','UC Sampdoria',15,'Omar','Colley','24-oct-1992','Difensore'),
  ('081789','UC Sampdoria',22,'Maya','Yoshida','24-aug-1988','Difensore'),
  ('303219','UC Sampdoria',null,'Julian','Chabot','12-feb-1998','Difensore'),
  ('111347','UC Sampdoria',21,'Lorenzo','Tonelli','17-jan-1990','Difensore'),
  ('197491','UC Sampdoria',25,'Alex','Ferrari','1-jul-1994','Difensore'),
  ('633377','UC Sampdoria',2,'Kaique Rocha','null','28-feb-2001','Difensore'),
  ('284595','UC Sampdoria',3,'Tommaso','Augello','30-aug-1994','Difensore'),
  ('072274','UC Sampdoria',19,'Vasco','Regini','9-sep-1990','Difensore'),
  ('144143','UC Sampdoria',24,'Bartosz','Bereszynski','12-jul-1992','Difensore'),
  ('049275','UC Sampdoria',6,'Albin','Ekdal','28-jul-1989','Centrocampista'),
  ('226524','UC Sampdoria',18,'Morten','Thorsby','5-may-1996','Centrocampista'),
  ('162961','UC Sampdoria',8,'Valerio','Verre','11-jan-1994','Centrocampista'),
  ('056810','UC Sampdoria',5,'Adrien','Silva','15-mar-1989','Centrocampista'),
  ('574495','UC Sampdoria',16,'Kristoffer','Askildsen','9-jan-2001','Centrocampista'),
  ('084442','UC Sampdoria',null,'Leonardo','Capezzi','28-mar-1995','Centrocampista'),
  ('287863','UC Sampdoria',null,'Antonio','Palumbo','6-aug-1996','Centrocampista'),
  ('025488','UC Sampdoria',87,'Antonio','Candreva','28-feb-1987','Centrocampista'),
  ('319160','UC Sampdoria',14,'Jakub','Jankto','19-jan-1996','Centrocampista'),
  ('123742','UC Sampdoria',11,'Gastón','Ramírez','2-dec-1990','Centrocampista'),
  ('540941','UC Sampdoria',38,'Mikkel','Damsgaard','3-jul-2000','Attaccante'),
  ('348601','UC Sampdoria',26,'Mehdi','Léris','23-may-1998','Attaccante'),
  ('238752','UC Sampdoria',10,'Keita','Baldé','8-mar-1995','Attaccante'),
  ('159883','UC Sampdoria',9,'Ernesto','Torregrossa','28-jun-1992','Attaccante'),
  ('112343','UC Sampdoria',23,'Manolo','Gabbiadini','26-nov-1991','Attaccante'),
  ('287876','UC Sampdoria',20,'Antonino','La Gumina','6-mar-1996','Attaccante'),
  ('022328','UC Sampdoria',27,'Fabio','Quagliarella','31-jan-1983','Attaccante'),
  ('469690','UC Sampdoria',null,'Nik','Prelec','10-jun-2001','Attaccante'),
  ('110923','Genoa CFC',1,'Mattia','Perin','10-nov-1992','Portiere'),
  ('163048','Genoa CFC',32,'Alberto','Paleari','29-aug-1992','Portiere'),
  ('022318','Genoa CFC',22,'Federico','Marchetti','7-feb-1983','Portiere'),
  ('147558','Genoa CFC',38,'Lukas','Zima','9-jan-1994','Portiere'),
  ('579746','Genoa CFC',null,'Giuseppe','Agostino','21-dec-2002','Portiere'),
  ('272638','Genoa CFC',25,'Jérôme','Onguéné','22-dec-1997','Difensore'),
  ('199927','Genoa CFC',14,'Davide','Biraschi','2-jul-1994','Difensore'),
  ('242940','Genoa CFC',5,'Edoardo','Goldaniga','2-nov-1993','Difensore'),
  ('044136','Genoa CFC',4,'Domenico','Criscito','30-dec-1986','Difensore'),
  ('034198','Genoa CFC',55,'Andrea','Masiello','5-feb-1986','Difensore'),
  ('034344','Genoa CFC',2,'Cristián','Zapata','30-sep-1986','Difensore'),
  ('464465','Genoa CFC',null,'Daniel','Dumbravanu','22-jul-2001','Difensore'),
  ('346567','Genoa CFC',88,'Luca','Pellegrini','7-mar-1999','Difensore'),
  ('309393','Genoa CFC',99,'Lennart','Czyborra','3-may-1999','Difensore'),
  ('173859','Genoa CFC',77,'Davide','Zappacosta','11-jun-1992','Difensore'),
  ('146889','Genoa CFC',null,'Peter','Ankersen','22-sep-1990','Difensore'),
  ('525704','Genoa CFC',65,'Nicolò','Rovella','4-dec-2001','Centrocampista'),
  ('040633','Genoa CFC',47,'Milan','Badelj','25-feb-1989','Centrocampista'),
  ('046105','Genoa CFC',21,'Ivan','Radovanovic','29-aug-1988','Centrocampista'),
  ('034784','Genoa CFC',null,'Lasse','Schöne','27-may-1986','Centrocampista'),
  ('021905','Genoa CFC',11,'Valon','Behrami','19-apr-1985','Centrocampista'),
  ('068864','Genoa CFC',20,'Kevin','Strootman','13-feb-1990','Centrocampista'),
  ('167105','Genoa CFC',null,'Lukas','Lerager','12-jul-1993','Centrocampista'),
  ('149829','Genoa CFC',16,'Miha','Zajc','1-jul-1994','Centrocampista'),
  ('301236','Genoa CFC',29,'Francesco','Cassata','16-jul-1997','Centrocampista'),
  ('315862','Genoa CFC',24,'Filippo','Melegoni','18-feb-1999','Centrocampista'),
  ('160471','Genoa CFC',null,'Petar','Brlek','29-jan-1994','Centrocampista'),
  ('702372','Genoa CFC',null,'Steeve-Mike','Eyango','20-feb-2001','Centrocampista'),
  ('313477','Genoa CFC',18,'Paolo','Ghiglione','2-feb-1997','Centrocampista'),
  ('205940','Genoa CFC',37,'Marko','Pjaca','6-may-1995','Centrocampista'),
  ('507479','Genoa CFC',null,'Darian','Males','3-may-2001','Centrocampista'),
  ('319231','Genoa CFC',null,'Claudiu','Micovschi','19-may-1999','Attaccante'),
  ('398030','Genoa CFC',30,'Giuseppe','Caso','9-dec-1998','Attaccante'),
  ('238981','Genoa CFC',null,'Vittorio','Parigini','25-mar-1996','Attaccante'),
  ('623040','Genoa CFC',null,'Yayah','Kallon','30-jun-2001','Attaccante'),
  ('012563','Genoa CFC',19,'Goran','Pandev','27-jul-1983','Attaccante'),
  ('358166','Genoa CFC',61,'Eldor','Shomurodov','29-jun-1995','Attaccante'),
  ('088683','Genoa CFC',23,'Mattia','Destro','20-mar-1991','Attaccante'),
  ('340260','Genoa CFC',null,'Raúl','Asencio','20-may-1998','Attaccante'),
  ('375391','Genoa CFC',null,'Joel','Asoro','27-apr-1999','Attaccante'),
  ('197929','Spezia Calcio',94,'Ivan','Provedel','17-mar-1994','Portiere'),
  ('079045','Spezia Calcio',1,'Jeroen','Zoet','6-jan-1991','Portiere'),
  ('353609','Spezia Calcio',12,'Titas','Krapikas','3-jan-1999','Portiere'),
  ('084467','Spezia Calcio',77,'Rafael','null','3-mar-1982','Portiere'),
  ('459300','Spezia Calcio',null,'Axel','Desjardins','13-jan-2000','Portiere'),
  ('357003','Spezia Calcio',28,'Martin','Erlic','24-jan-1998','Difensore'),
  ('435228','Spezia Calcio',34,'Ardian','Ismajli','30-sep-1996','Difensore'),
  ('238947','Spezia Calcio',13,'Elio','Capradossi','11-mar-1996','Difensore'),
  ('016873','Spezia Calcio',19,'Claudio','Terzi','19-jun-1984','Difensore'),
  ('632831','Spezia Calcio',null,'Nicolò','Bertola','23-mar-2003','Difensore'),
  ('257751','Spezia Calcio',20,'Simone','Bastoni','5-nov-1996','Difensore'),
  ('297645','Spezia Calcio',5,'Riccardo','Marchizza','26-mar-1998','Difensore'),
  ('240244','Spezia Calcio',39,'Cristian','Dell''Orco','10-feb-1994','Difensore'),
  ('288480','Spezia Calcio',3,'Juan','Ramos','1-sep-1996','Difensore'),
  ('624548','Spezia Calcio',21,'Salva','Ferrer','21-jan-1998','Difensore'),
  ('287367','Spezia Calcio',69,'Luca','Vignali','11-jan-1996','Difensore'),
  ('200194','Spezia Calcio',14,'Federico','Mattiello','14-jul-1995','Difensore'),
  ('569384','Spezia Calcio',10,'Lucien','Agoumé','9-feb-2002','Centrocampista'),
  ('198087','Spezia Calcio',8,'Matteo','Ricci','27-may-1994','Centrocampista'),
  ('435213','Spezia Calcio',88,'Léo Sena','null','31-dec-1995','Centrocampista'),
  ('353796','Spezia Calcio',25,'Giulio','Maggiore','12-mar-1998','Centrocampista'),
  ('392538','Spezia Calcio',26,'Tommaso','Pobega','15-jul-1999','Centrocampista'),
  ('552472','Spezia Calcio',24,'Nahuel','Estévez','14-nov-1995','Centrocampista'),
  ('281900','Spezia Calcio',null,'Paolo','Bartolomei','22-aug-1989','Centrocampista'),
  ('096806','Spezia Calcio',7,'Jacopo','Sala','5-dec-1991','Centrocampista'),
  ('230826','Spezia Calcio',4,'Gennaro','Acampora','29-mar-1994','Centrocampista'),
  ('110338','Spezia Calcio',null,'Luca','Mora','10-may-1988','Centrocampista'),
  ('632829','Spezia Calcio',null,'Niccolò','Pietra','28-sep-2003','Centrocampista'),
  ('241076','Spezia Calcio',11,'Emmanuel','Gyasi','11-jan-1994','Attaccante'),
  ('587458','Spezia Calcio',80,'Kevin','Agudelo','14-nov-1998','Attaccante'),
  ('256361','Spezia Calcio',31,'Daniele','Verde','20-jun-1996','Attaccante'),
  ('397950','Spezia Calcio',null,'Giuseppe','Mastinu','9-oct-1991','Attaccante'),
  ('083877','Spezia Calcio',17,'Diego','Farias','10-may-1990','Attaccante'),
  ('354814','Spezia Calcio',18,'M''Bala','Nzola','18-aug-1996','Attaccante'),
  ('432092','Spezia Calcio',91,'Roberto','Piccoli','27-jan-2001','Attaccante'),
  ('067639','Spezia Calcio',9,'Andrey','Galabinov','13-nov-1988','Attaccante'),
  ('016633','FC Crotone',1,'Alex','Cordaz','1-jan-1983','Portiere'),
  ('257660','FC Crotone',16,'Marco','Festa','6-jun-1992','Portiere'),
  ('504825','FC Crotone',22,'Gian Marco','Crespi','28-jun-2001','Portiere'),
  ('621223','FC Crotone',40,'Francesco','D''Alterio','11-jun-2002','Portiere'),
  ('066736','FC Crotone',6,'Lisandro','Magallán','27-sep-1993','Difensore'),
  ('183031','FC Crotone',26,'Koffi','Djidji','30-nov-1992','Difensore'),
  ('365565','FC Crotone',3,'Giuseppe','Cuomo','2-feb-1998','Difensore'),
  ('169841','FC Crotone',5,'Vladimir','Golemic','28-jun-1991','Difensore'),
  ('124769','FC Crotone',34,'Luca','Marrone','28-mar-1990','Difensore'),
  ('621232','FC Crotone',null,'Sergio','Yakubiv','26-jan-2002','Difensore'),
  ('051186','FC Crotone',null,'Nicolás','Spolli','20-feb-1983','Difensore'),
  ('818159','FC Crotone',null,'Giovanni','D''Aprile','1-jul-2005','Difensore'),
  ('268178','FC Crotone',69,'Arkadiusz','Reca','17-jun-1995','Difensore'),
  ('061751','FC Crotone',23,'Antonio','Mazzotta','2-aug-1989','Difensore'),
  ('074448','FC Crotone',33,'Andrea','Rispoli','29-sep-1988','Difensore'),
  ('696617','FC Crotone',null,'Massimiliano','Mignogna','18-feb-2003','Difensore'),
  ('216118','FC Crotone',95,'Eduardo Henrique','null','17-may-1995','Centrocampista'),
  ('218067','FC Crotone',44,'Jacopo','Petriccione','22-feb-1995','Centrocampista'),
  ('033218','FC Crotone',8,'Luca','Cigarini','20-jun-1986','Centrocampista'),
  ('309929','FC Crotone',null,'Aristóteles','Romero','18-oct-1995','Centrocampista'),
  ('343945','FC Crotone',21,'Niccolò','Zanellato','24-jun-1998','Centrocampista'),
  ('121402','FC Crotone',10,'Ahmad','Benali','7-feb-1992','Centrocampista'),
  ('270901','FC Crotone',77,'Milos','Vulic','19-aug-1996','Centrocampista'),
  ('291400','FC Crotone',null,'Giovanni','Crociata','11-aug-1997','Centrocampista'),
  ('210983','FC Crotone',null,'Tomislav','Gomelt','7-jan-1995','Centrocampista'),
  ('672792','FC Crotone',null,'Antonio','Ranieri','29-may-2003','Centrocampista'),
  ('705242','FC Crotone',null,'Mattia','Timmoneri','1-feb-2003','Centrocampista'),
  ('314965','FC Crotone',32,'Pedro','Pereira','22-jan-1998','Centrocampista'),
  ('163582','FC Crotone',17,'Salvatore','Molina','1-jan-1992','Centrocampista'),
  ('056803','FC Crotone',null,'Mattia','Mustacchio','17-may-1989','Centrocampista'),
  ('662752','FC Crotone',20,'Luis','Rojas','6-mar-2002','Centrocampista'),
  ('449151','FC Crotone',30,'Junior','Messias','13-may-1991','Attaccante'),
  ('373379','FC Crotone',null,'Giuseppe','Borello','28-apr-1999','Attaccante'),
  ('549791','FC Crotone',null,'Augustus','Kargbo','24-aug-1999','Attaccante'),
  ('194549','FC Crotone',25,'Simy','null','7-may-1992','Attaccante'),
  ('405399','FC Crotone',11,'Denis','Dragus','6-jul-1999','Attaccante'),
  ('061637','FC Crotone',97,'Emmanuel','Rivière','3-mar-1990','Attaccante'),
  ('241923','Benevento Calcio',1,'Lorenzo','Montipò','20-feb-1996','Portiere'),
  ('139743','Benevento Calcio',12,'Nicolò','Manfredini','1-may-1988','Portiere'),
  ('705094','Benevento Calcio',22,'Igor','Lucatelli','21-aug-2003','Portiere'),
  ('085270','Benevento Calcio',80,'Pier Graziano','Gori','10-may-1980','Portiere'),
  ('046552','Benevento Calcio',15,'Kamil','Glik','3-feb-1988','Difensore'),
  ('088680','Benevento Calcio',5,'Luca','Caldirola','1-feb-1991','Difensore'),
  ('165873','Benevento Calcio',93,'Federico','Barba','1-sep-1993','Difensore'),
  ('073943','Benevento Calcio',13,'Alessandro','Tuia','8-jun-1990','Difensore'),
  ('146743','Benevento Calcio',null,'Luca','Antei','19-apr-1992','Difensore'),
  ('476624','Benevento Calcio',58,'Christian','Pastina','15-feb-2001','Difensore'),
  ('338637','Benevento Calcio',18,'Daam','Foulon','23-mar-1999','Difensore'),
  ('160560','Benevento Calcio',3,'Gaetano','Letizia','29-jun-1990','Difensore'),
  ('021151','Benevento Calcio',null,'Christian','Maggio','11-feb-1982','Difensore'),
  ('056762','Benevento Calcio',28,'Pasquale','Schiattarella','30-may-1987','Centrocampista'),
  ('098888','Benevento Calcio',29,'Artur','Ionita','17-aug-1990','Centrocampista'),
  ('085393','Benevento Calcio',10,'Nicolas','Viola','12-oct-1989','Centrocampista'),
  ('149446','Benevento Calcio',14,'Bryan','Dabo','18-feb-1992','Centrocampista'),
  ('037295','Benevento Calcio',56,'Perparim','Hetemaj','12-dec-1986','Centrocampista'),
  ('331389','Benevento Calcio',8,'Andrés','Tello','6-sep-1996','Centrocampista'),
  ('244061','Benevento Calcio',null,'Lorenzo','Del Pinto','17-jun-1990','Centrocampista'),
  ('708868','Benevento Calcio',null,'Amadou','Diambo','12-feb-2001','Centrocampista'),
  ('539612','Benevento Calcio',26,'Siriky','Sanogo','13-dec-2001','Centrocampista'),
  ('457773','Benevento Calcio',null,'Abdallah','Basit','15-oct-1999','Centrocampista'),
  ('320915','Benevento Calcio',null,'Cy','Goddard','2-apr-1997','Centrocampista'),
  ('290698','Benevento Calcio',null,'Dejan','Vokić','12-jun-1996','Centrocampista'),
  ('550443','Benevento Calcio',30,'Davide','Masella','12-may-2002','Centrocampista'),
  ('163489','Benevento Calcio',16,'Riccardo','Improta','19-dec-1993','Attaccante'),
  ('200174','Benevento Calcio',19,'Roberto','Insigne','11-may-1994','Attaccante'),
  ('146752','Benevento Calcio',17,'Gianluca','Caprari','30-jul-1993','Attaccante'),
  ('608469','Benevento Calcio',7,'Adolfo','Gaich','26-feb-1999','Attaccante'),
  ('130394','Benevento Calcio',9,'Gianluca','Lapadula','7-feb-1990','Attaccante'),
  ('238977','Benevento Calcio',21,'Gabriele','Moncini','26-apr-1996','Attaccante'),
  ('532040','Benevento Calcio',20,'Giuseppe','Di Serio','20-jul-2001','Attaccante'),
  ('055801','Benevento Calcio',25,'Marco','Sau','3-nov-1987','Attaccante');

insert into Partite values
  ('IT100000',2,'Inter Milan','ACF Fiorentina',4,3),
  ('IT100001',4,'Inter Milan','AC Milan',1,2),
  ('IT100002',6,'Inter Milan','Parma Calcio 1913',2,2),
  ('IT100003',8,'Inter Milan','Torino FC',4,2),
  ('IT100004',10,'Inter Milan','Bologna FC 1909',3,1),
  ('IT100005',12,'Inter Milan','SSC Napoli',1,0),
  ('IT100006',13,'Inter Milan','Spezia Calcio',2,1),
  ('IT100007',15,'Inter Milan','FC Crotone',6,2),
  ('IT100008',18,'Inter Milan','Juventus FC',2,0),
  ('IT100009',1,'AC Milan','Bologna FC 1909',2,0),
  ('IT100010',3,'AC Milan','Spezia Calcio',3,0),
  ('IT100011',5,'AC Milan','AS Roma',3,3),
  ('IT100012',7,'AC Milan','Hellas Verona',2,2),
  ('IT100013',9,'AC Milan','ACF Fiorentina',2,0),
  ('IT100014',11,'AC Milan','Parma Calcio 1913',2,2),
  ('IT100015',14,'AC Milan','SS Lazio',3,2),
  ('IT100016',16,'AC Milan','Juventus FC',1,3),
  ('IT100017',17,'AC Milan','Torino FC',2,0),
  ('IT100018',19,'AC Milan','Atalanta BC',0,3),
  ('IT100019',3,'Atalanta BC','Cagliari Calcio',5,2),
  ('IT100020',5,'Atalanta BC','UC Sampdoria',1,3),
  ('IT100021',7,'Atalanta BC','Inter Milan',1,1),
  ('IT100022',9,'Atalanta BC','Hellas Verona',0,2),
  ('IT100023',11,'Atalanta BC','ACF Fiorentina',3,0),
  ('IT100024',13,'Atalanta BC','AS Roma',4,1),
  ('IT100025',15,'Atalanta BC','US Sassuolo',5,1),
  ('IT100026',16,'Atalanta BC','Parma Calcio 1913',3,0),
  ('IT100027',18,'Atalanta BC','Genoa CFC',0,0),
  ('IT100028',1,'Juventus FC','UC Sampdoria',3,0),
  ('IT100029',3,'Juventus FC','SSC Napoli',2,1),
  ('IT100030',5,'Juventus FC','Hellas Verona',1,1),
  ('IT100031',8,'Juventus FC','Cagliari Calcio',2,0),
  ('IT100032',10,'Juventus FC','Torino FC',2,1),
  ('IT100033',12,'Juventus FC','Atalanta BC',1,1),
  ('IT100034',14,'Juventus FC','ACF Fiorentina',0,3),
  ('IT100035',15,'Juventus FC','Udinese Calcio',4,1),
  ('IT100036',17,'Juventus FC','US Sassuolo',3,1),
  ('IT100037',19,'Juventus FC','Bologna FC 1909',2,0),
  ('IT100038',2,'SSC Napoli','Genoa CFC',6,0),
  ('IT100039',4,'SSC Napoli','Atalanta BC',4,1),
  ('IT100040',6,'SSC Napoli','US Sassuolo',0,2),
  ('IT100041',8,'SSC Napoli','AC Milan',1,3),
  ('IT100042',9,'SSC Napoli','AS Roma',4,0),
  ('IT100043',11,'SSC Napoli','UC Sampdoria',2,1),
  ('IT100044',14,'SSC Napoli','Torino FC',1,1),
  ('IT100045',16,'SSC Napoli','Spezia Calcio',1,2),
  ('IT100046',18,'SSC Napoli','ACF Fiorentina',6,0),
  ('IT100047',1,'SS Lazio','Atalanta BC',1,4),
  ('IT100048',3,'SS Lazio','Inter Milan',1,1),
  ('IT100049',5,'SS Lazio','Bologna FC 1909',2,1),
  ('IT100050',7,'SS Lazio','Juventus FC',1,1),
  ('IT100051',9,'SS Lazio','Udinese Calcio',1,3),
  ('IT100052',11,'SS Lazio','Hellas Verona',1,2),
  ('IT100053',13,'SS Lazio','SSC Napoli',2,0),
  ('IT100054',16,'SS Lazio','ACF Fiorentina',2,1),
  ('IT100055',18,'SS Lazio','AS Roma',3,0),
  ('IT100056',19,'SS Lazio','US Sassuolo',2,1),
  ('IT100057',2,'AS Roma','Juventus FC',2,2),
  ('IT100058',4,'AS Roma','Benevento Calcio',5,2),
  ('IT100059',6,'AS Roma','ACF Fiorentina',2,0),
  ('IT100060',8,'AS Roma','Parma Calcio 1913',3,0),
  ('IT100061',10,'AS Roma','US Sassuolo',0,0),
  ('IT100062',12,'AS Roma','Torino FC',3,1),
  ('IT100063',14,'AS Roma','Cagliari Calcio',3,2),
  ('IT100064',15,'AS Roma','UC Sampdoria',1,0),
  ('IT100065',17,'AS Roma','Inter Milan',2,2),
  ('IT100066',19,'AS Roma','Spezia Calcio',4,3),
  ('IT100067',1,'US Sassuolo','Cagliari Calcio',1,1),
  ('IT100068',3,'US Sassuolo','FC Crotone',4,1),
  ('IT100069',5,'US Sassuolo','Torino FC',3,3),
  ('IT100070',7,'US Sassuolo','Udinese Calcio',0,0),
  ('IT100071',9,'US Sassuolo','Inter Milan',0,3),
  ('IT100072',11,'US Sassuolo','Benevento Calcio',1,0),
  ('IT100073',13,'US Sassuolo','AC Milan',1,2),
  ('IT100074',16,'US Sassuolo','Genoa CFC',2,1),
  ('IT100075',18,'US Sassuolo','Parma Calcio 1913',1,1),
  ('IT100076',2,'UC Sampdoria','Benevento Calcio',2,3),
  ('IT100077',4,'UC Sampdoria','SS Lazio',3,0),
  ('IT100078',6,'UC Sampdoria','Genoa CFC',1,1),
  ('IT100079',8,'UC Sampdoria','Bologna FC 1909',1,2),
  ('IT100080',10,'UC Sampdoria','AC Milan',1,2),
  ('IT100081',13,'UC Sampdoria','FC Crotone',3,1),
  ('IT100082',14,'UC Sampdoria','US Sassuolo',2,3),
  ('IT100083',16,'UC Sampdoria','Inter Milan',2,1),
  ('IT100084',18,'UC Sampdoria','Udinese Calcio',2,1),
  ('IT100085',1,'Hellas Verona','AS Roma',3,0),
  ('IT100086',2,'Hellas Verona','Udinese Calcio',1,0),
  ('IT100087',4,'Hellas Verona','Genoa CFC',0,0),
  ('IT100088',6,'Hellas Verona','Benevento Calcio',3,1),
  ('IT100089',8,'Hellas Verona','US Sassuolo',0,2),
  ('IT100090',10,'Hellas Verona','Cagliari Calcio',1,1),
  ('IT100091',12,'Hellas Verona','UC Sampdoria',1,2),
  ('IT100092',14,'Hellas Verona','Inter Milan',1,2),
  ('IT100093',17,'Hellas Verona','FC Crotone',2,1),
  ('IT100094',19,'Hellas Verona','SSC Napoli',3,1),
  ('IT100095',1,'Genoa CFC','FC Crotone',4,1),
  ('IT100096',3,'Genoa CFC','Torino FC',1,2),
  ('IT100097',5,'Genoa CFC','Inter Milan',0,2),
  ('IT100098',7,'Genoa CFC','AS Roma',1,3),
  ('IT100099',9,'Genoa CFC','Parma Calcio 1913',1,2),
  ('IT100100',11,'Genoa CFC','Juventus FC',1,3),
  ('IT100101',12,'Genoa CFC','AC Milan',2,2),
  ('IT100102',15,'Genoa CFC','SS Lazio',1,1),
  ('IT100103',17,'Genoa CFC','Bologna FC 1909',2,0),
  ('IT100104',19,'Genoa CFC','Cagliari Calcio',1,0),
  ('IT100105',2,'Bologna FC 1909','Parma Calcio 1913',4,1),
  ('IT100106',4,'Bologna FC 1909','US Sassuolo',3,4),
  ('IT100107',6,'Bologna FC 1909','Cagliari Calcio',3,2),
  ('IT100108',7,'Bologna FC 1909','SSC Napoli',0,1),
  ('IT100109',9,'Bologna FC 1909','FC Crotone',1,0),
  ('IT100110',11,'Bologna FC 1909','AS Roma',1,5),
  ('IT100111',14,'Bologna FC 1909','Atalanta BC',2,2),
  ('IT100112',16,'Bologna FC 1909','Udinese Calcio',2,2),
  ('IT100113',18,'Bologna FC 1909','Hellas Verona',1,0),
  ('IT100114',1,'ACF Fiorentina','Torino FC',1,0),
  ('IT100115',3,'ACF Fiorentina','UC Sampdoria',1,2),
  ('IT100116',5,'ACF Fiorentina','Udinese Calcio',3,2),
  ('IT100117',8,'ACF Fiorentina','Benevento Calcio',0,1),
  ('IT100118',10,'ACF Fiorentina','Genoa CFC',1,1),
  ('IT100119',12,'ACF Fiorentina','US Sassuolo',1,1),
  ('IT100120',13,'ACF Fiorentina','Hellas Verona',1,1),
  ('IT100121',15,'ACF Fiorentina','Bologna FC 1909',0,0),
  ('IT100122',17,'ACF Fiorentina','Cagliari Calcio',1,0),
  ('IT100123',19,'ACF Fiorentina','FC Crotone',2,1),
  ('IT100124',1,'Udinese Calcio','Spezia Calcio',0,2),
  ('IT100125',3,'Udinese Calcio','AS Roma',0,1),
  ('IT100126',4,'Udinese Calcio','Parma Calcio 1913',3,2),
  ('IT100127',6,'Udinese Calcio','AC Milan',1,2),
  ('IT100128',8,'Udinese Calcio','Genoa CFC',1,0),
  ('IT100129',10,'Udinese Calcio','Atalanta BC',1,1),
  ('IT100130',12,'Udinese Calcio','FC Crotone',0,0),
  ('IT100131',14,'Udinese Calcio','Benevento Calcio',0,2),
  ('IT100132',17,'Udinese Calcio','SSC Napoli',1,2),
  ('IT100133',19,'Udinese Calcio','Inter Milan',0,0),
  ('IT100134',2,'Spezia Calcio','US Sassuolo',1,4),
  ('IT100135',4,'Spezia Calcio','ACF Fiorentina',2,2),
  ('IT100136',6,'Spezia Calcio','Juventus FC',1,4),
  ('IT100137',8,'Spezia Calcio','Atalanta BC',0,0),
  ('IT100138',10,'Spezia Calcio','SS Lazio',1,2),
  ('IT100139',12,'Spezia Calcio','Bologna FC 1909',2,2),
  ('IT100140',14,'Spezia Calcio','Genoa CFC',1,2),
  ('IT100141',15,'Spezia Calcio','Hellas Verona',0,1),
  ('IT100142',17,'Spezia Calcio','UC Sampdoria',2,1),
  ('IT100143',2,'Cagliari Calcio','SS Lazio',0,2),
  ('IT100144',5,'Cagliari Calcio','FC Crotone',4,2),
  ('IT100145',7,'Cagliari Calcio','UC Sampdoria',2,0),
  ('IT100146',9,'Cagliari Calcio','Spezia Calcio',2,2),
  ('IT100147',11,'Cagliari Calcio','Inter Milan',1,3),
  ('IT100148',13,'Cagliari Calcio','Udinese Calcio',1,1),
  ('IT100149',15,'Cagliari Calcio','SSC Napoli',1,4),
  ('IT100150',16,'Cagliari Calcio','Benevento Calcio',1,2),
  ('IT100151',18,'Cagliari Calcio','AC Milan',0,2),
  ('IT100152',2,'Torino FC','Atalanta BC',2,4),
  ('IT100153',4,'Torino FC','Cagliari Calcio',2,3),
  ('IT100154',6,'Torino FC','SS Lazio',3,4),
  ('IT100155',7,'Torino FC','FC Crotone',0,0),
  ('IT100156',9,'Torino FC','UC Sampdoria',2,2),
  ('IT100157',11,'Torino FC','Udinese Calcio',2,3),
  ('IT100158',13,'Torino FC','Bologna FC 1909',1,1),
  ('IT100159',16,'Torino FC','Hellas Verona',1,1),
  ('IT100160',18,'Torino FC','Spezia Calcio',0,0),
  ('IT100161',1,'Benevento Calcio','Inter Milan',2,5),
  ('IT100162',3,'Benevento Calcio','Bologna FC 1909',1,0),
  ('IT100163',5,'Benevento Calcio','SSC Napoli',1,2),
  ('IT100164',7,'Benevento Calcio','Spezia Calcio',0,3),
  ('IT100165',9,'Benevento Calcio','Juventus FC',1,1),
  ('IT100166',12,'Benevento Calcio','SS Lazio',1,1),
  ('IT100167',13,'Benevento Calcio','Genoa CFC',2,0),
  ('IT100168',15,'Benevento Calcio','AC Milan',0,2),
  ('IT100169',17,'Benevento Calcio','Atalanta BC',1,4),
  ('IT100170',19,'Benevento Calcio','Torino FC',2,2),
  ('IT100171',2,'FC Crotone','AC Milan',0,2),
  ('IT100172',4,'FC Crotone','Juventus FC',1,1),
  ('IT100173',6,'FC Crotone','Atalanta BC',1,2),
  ('IT100174',8,'FC Crotone','SS Lazio',0,2),
  ('IT100175',10,'FC Crotone','SSC Napoli',0,4),
  ('IT100176',11,'FC Crotone','Spezia Calcio',4,1),
  ('IT100177',14,'FC Crotone','Parma Calcio 1913',2,1),
  ('IT100178',16,'FC Crotone','AS Roma',1,3),
  ('IT100179',18,'FC Crotone','Benevento Calcio',4,1),
  ('IT100180',1,'Parma Calcio 1913','SSC Napoli',0,2),
  ('IT100181',3,'Parma Calcio 1913','Hellas Verona',1,0),
  ('IT100182',5,'Parma Calcio 1913','Spezia Calcio',2,2),
  ('IT100183',7,'Parma Calcio 1913','ACF Fiorentina',0,0),
  ('IT100184',10,'Parma Calcio 1913','Benevento Calcio',0,0),
  ('IT100185',12,'Parma Calcio 1913','Cagliari Calcio',0,0),
  ('IT100186',13,'Parma Calcio 1913','Juventus FC',0,4),
  ('IT100187',15,'Parma Calcio 1913','Torino FC',0,3),
  ('IT100188',17,'Parma Calcio 1913','SS Lazio',0,2),
  ('IT100189',19,'Parma Calcio 1913','UC Sampdoria',0,2);

insert into Gol values
  ('IT100000',3,'337725',false),
  ('IT100000',47,'406625',false),
  ('IT100000',52,'163639',true),
  ('IT100000',57,'303116',false),
  ('IT100000',63,'341092',false),
  ('IT100000',87,'096341',false),
  ('IT100000',89,'055769',false),
  ('IT100001',13,'003455',false),
  ('IT100001',16,'003455',false),
  ('IT100001',29,'096341',false),
  ('IT100002',64,'156617',false),
  ('IT100002',92,'042460',false),
  ('IT100003',47,'096828',false),
  ('IT100003',62,'055854',false),
  ('IT100003',64,'040433',false),
  ('IT100003',67,'096341',false),
  ('IT100003',84,'096341',false),
  ('IT100003',90,'406625',false),
  ('IT100004',16,'096341',false),
  ('IT100004',45,'398073',false),
  ('IT100004',67,'394346',false),
  ('IT100004',70,'398073',false),
  ('IT100005',73,'096341',false),
  ('IT100006',51,'398073',false),
  ('IT100006',71,'096341',false),
  ('IT100006',94,'432092',false),
  ('IT100007',12,'343945',false),
  ('IT100007',20,'406625',false),
  ('IT100007',31,'124769',true),
  ('IT100007',36,'169841',false),
  ('IT100007',57,'406625',false),
  ('IT100007',64,'096341',false),
  ('IT100007',78,'406625',false),
  ('IT100007',87,'398073',false),
  ('IT100008',12,'037666',false),
  ('IT100008',52,'255942',false),
  ('IT100009',35,'003455',false),
  ('IT100009',51,'003455',false),
  ('IT100010',57,'357164',false),
  ('IT100010',76,'339808',false),
  ('IT100010',78,'357164',false),
  ('IT100011',2,'003455',false),
  ('IT100011',14,'028396',false),
  ('IT100011',47,'381950',false),
  ('IT100011',71,'164771',false),
  ('IT100011',79,'003455',false),
  ('IT100011',84,'371371',false),
  ('IT100012',6,'272261',false),
  ('IT100012',19,'262523',true),
  ('IT100012',27,'310458',true),
  ('IT100012',93,'003455',false),
  ('IT100013',17,'197747',false),
  ('IT100013',28,'294808',false),
  ('IT100014',56,'085825',false),
  ('IT100014',58,'339808',false),
  ('IT100014',91,'339808',false),
  ('IT100015',10,'187587',false),
  ('IT100015',17,'126414',false),
  ('IT100015',59,'105521',false),
  ('IT100015',92,'339808',false),
  ('IT100016',18,'341092',false),
  ('IT100016',41,'262523',false),
  ('IT100016',62,'341092',false),
  ('IT100016',76,'332697',false),
  ('IT100017',25,'357164',false),
  ('IT100017',36,'294808',false),
  ('IT100018',26,'355915',false),
  ('IT100018',53,'080351',false),
  ('IT100018',77,'073794',false),
  ('IT100019',7,'119228',false),
  ('IT100019',24,'054928',false),
  ('IT100019',37,'205938',false),
  ('IT100019',42,'073794',false),
  ('IT100019',81,'386914',false),
  ('IT100020',13,'022328',false),
  ('IT100020',59,'226524',false),
  ('IT100020',80,'073794',false),
  ('IT100020',92,'319160',false),
  ('IT100021',58,'406625',false),
  ('IT100021',79,'255450',false),
  ('IT100022',62,'043848',false),
  ('IT100022',83,'283735',false),
  ('IT100023',44,'273132',false),
  ('IT100023',55,'207877',false),
  ('IT100023',63,'072441',false),
  ('IT100024',3,'028396',false),
  ('IT100024',59,'073794',false),
  ('IT100024',70,'273132',false),
  ('IT100024',72,'119228',false),
  ('IT100024',85,'080351',false),
  ('IT100025',11,'073794',false),
  ('IT100025',45,'332179',false),
  ('IT100025',49,'073794',false),
  ('IT100025',57,'273132',false),
  ('IT100025',67,'119228',false),
  ('IT100025',75,'123261',false),
  ('IT100026',15,'119228',false),
  ('IT100026',48,'073794',false),
  ('IT100026',61,'273132',false),
  ('IT100028',13,'431755',false),
  ('IT100028',78,'039983',false),
  ('IT100029',73,'206050',false),
  ('IT100029',90,'133964',false),
  ('IT100030',60,'340151',false),
  ('IT100030',77,'431755',false),
  ('IT100032',9,'060577',false),
  ('IT100032',77,'332697',false),
  ('IT100032',89,'039983',false),
  ('IT100033',29,'341092',false),
  ('IT100033',57,'148252',false),
  ('IT100034',3,'357498',false),
  ('IT100034',81,'054935',false),
  ('IT100035',49,'341092',false),
  ('IT100035',90,'092899',false),
  ('IT100035',93,'206050',false),
  ('IT100036',58,'163222',false),
  ('IT100036',82,'050057',false),
  ('IT100037',71,'332697',false),
  ('IT100038',10,'316889',false),
  ('IT100038',46,'181136',false),
  ('IT100038',57,'056416',false),
  ('IT100038',65,'316889',false),
  ('IT100038',69,'400489',false),
  ('IT100038',72,'165895',false),
  ('IT100039',23,'316889',false),
  ('IT100039',27,'316889',false),
  ('IT100039',30,'165895',false),
  ('IT100039',43,'401923',false),
  ('IT100039',69,'386914',false),
  ('IT100040',59,'265088',false),
  ('IT100040',95,'290862',false),
  ('IT100041',20,'003455',false),
  ('IT100041',54,'003455',false),
  ('IT100041',63,'056416',false),
  ('IT100041',95,'422355',false),
  ('IT100042',30,'133964',false),
  ('IT100042',64,'350219',false),
  ('IT100042',81,'056416',false),
  ('IT100042',86,'165895',false),
  ('IT100043',20,'319160',false),
  ('IT100043',53,'316889',false),
  ('IT100043',68,'199258',false),
  ('IT100044',56,'032113',false),
  ('IT100044',92,'133964',false),
  ('IT100045',58,'199258',false),
  ('IT100045',68,'354814',false),
  ('IT100045',82,'392538',false),
  ('IT100046',5,'133964',false),
  ('IT100046',36,'082070',false),
  ('IT100046',38,'316889',false),
  ('IT100046',45,'181136',false),
  ('IT100046',72,'133964',false),
  ('IT100046',89,'165895',false),
  ('IT100047',10,'273132',false),
  ('IT100047',32,'275303',false),
  ('IT100047',57,'037834',false),
  ('IT100048',30,'406625',false),
  ('IT100048',55,'266302',false),
  ('IT100049',76,'105521',false),
  ('IT100049',91,'033571',false),
  ('IT100050',95,'037834',false),
  ('IT100051',18,'053536',false),
  ('IT100051',48,'283528',false),
  ('IT100051',71,'044948',false),
  ('IT100051',74,'105521',false),
  ('IT100052',45,'331401',true),
  ('IT100052',56,'037834',false),
  ('IT100052',67,'157507',false),
  ('IT100053',9,'105521',false),
  ('IT100054',5,'037834',false),
  ('IT100054',75,'105521',false),
  ('IT100054',88,'357498',false),
  ('IT100055',14,'105521',false),
  ('IT100056',6,'084765',false),
  ('IT100056',25,'266302',false),
  ('IT100056',71,'105521',false),
  ('IT100057',31,'164771',false),
  ('IT100057',46,'164771',false),
  ('IT100058',5,'146752',false),
  ('IT100058',35,'028396',false),
  ('IT100058',55,'130394',false),
  ('IT100058',69,'164771',false),
  ('IT100058',77,'028396',false),
  ('IT100058',89,'282810',false),
  ('IT100059',12,'118689',false),
  ('IT100060',28,'298976',false),
  ('IT100060',32,'055735',false),
  ('IT100060',40,'055735',false),
  ('IT100062',27,'055735',false),
  ('IT100062',43,'164771',false),
  ('IT100062',68,'286297',false),
  ('IT100062',73,'167727',false),
  ('IT100063',11,'164771',false),
  ('IT100063',71,'028396',false),
  ('IT100063',77,'256448',false),
  ('IT100064',72,'028396',false),
  ('IT100065',17,'286297',false),
  ('IT100065',56,'204069',false),
  ('IT100065',63,'398073',false),
  ('IT100065',86,'256448',false),
  ('IT100066',17,'298976',false),
  ('IT100066',24,'432092',false),
  ('IT100066',52,'298976',false),
  ('IT100066',55,'205006',false),
  ('IT100066',59,'083877',false),
  ('IT100066',90,'256361',false),
  ('IT100066',92,'286297',false),
  ('IT100067',77,'282388',false),
  ('IT100067',87,'131731',false),
  ('IT100068',19,'177843',false),
  ('IT100068',58,'084765',false),
  ('IT100068',85,'084765',false),
  ('IT100068',93,'265088',false),
  ('IT100069',33,'225873',false),
  ('IT100069',71,'094307',false),
  ('IT100069',77,'167727',false),
  ('IT100069',79,'245056',false),
  ('IT100069',84,'123261',false),
  ('IT100069',85,'084765',false),
  ('IT100071',4,'040433',false),
  ('IT100071',14,'123261',true),
  ('IT100071',60,'197471',false),
  ('IT100072',8,'177843',false),
  ('IT100073',1,'357164',false),
  ('IT100073',26,'381950',false),
  ('IT100073',89,'177843',false),
  ('IT100074',52,'216569',false),
  ('IT100074',64,'358166',false),
  ('IT100074',83,'405885',false),
  ('IT100075',37,'074943',false),
  ('IT100075',95,'094307',false),
  ('IT100076',8,'022328',false),
  ('IT100076',18,'174733',false),
  ('IT100076',33,'088680',false),
  ('IT100076',72,'088680',false),
  ('IT100076',88,'160560',false),
  ('IT100077',32,'022328',false),
  ('IT100077',41,'284595',false),
  ('IT100077',74,'540941',false),
  ('IT100078',23,'319160',false),
  ('IT100078',28,'315867',false),
  ('IT100079',7,'226524',false),
  ('IT100079',44,'072274',true),
  ('IT100079',52,'368482',false),
  ('IT100080',45,'294808',false),
  ('IT100080',77,'195171',false),
  ('IT100080',82,'049275',false),
  ('IT100081',26,'540941',false),
  ('IT100081',36,'319160',false),
  ('IT100081',65,'022328',false),
  ('IT100082',2,'391065',false),
  ('IT100082',55,'022328',false),
  ('IT100082',56,'084765',false),
  ('IT100082',58,'177843',false),
  ('IT100082',84,'238752',false),
  ('IT100083',23,'025488',false),
  ('IT100083',38,'238752',false),
  ('IT100083',65,'111196',false),
  ('IT100084',55,'255901',false),
  ('IT100084',67,'025488',false),
  ('IT100084',81,'159883',false),
  ('IT100086',57,'340151',false),
  ('IT100088',17,'272261',false),
  ('IT100088',56,'130394',false),
  ('IT100088',63,'272261',false),
  ('IT100088',77,'070411',false),
  ('IT100089',42,'216569',false),
  ('IT100089',75,'177843',false),
  ('IT100090',21,'283735',false),
  ('IT100090',48,'295183',false),
  ('IT100091',41,'049275',false),
  ('IT100091',54,'162961',false),
  ('IT100091',70,'283735',false),
  ('IT100092',51,'406625',false),
  ('IT100092',63,'470794',false),
  ('IT100092',69,'204069',false),
  ('IT100093',16,'036371',false),
  ('IT100093',25,'198116',false),
  ('IT100093',55,'449151',false),
  ('IT100094',1,'316889',false),
  ('IT100094',34,'198116',false),
  ('IT100094',62,'272261',false),
  ('IT100094',79,'283735',false),
  ('IT100095',6,'088683',false),
  ('IT100095',9,'012563',false),
  ('IT100095',28,'061637',false),
  ('IT100095',34,'173859',false),
  ('IT100095',75,'205940',false),
  ('IT100096',10,'245056',false),
  ('IT100096',26,'346567',true),
  ('IT100096',94,'315867',false),
  ('IT100097',64,'096341',false),
  ('IT100097',79,'055769',false),
  ('IT100098',47,'055735',false),
  ('IT100098',50,'205940',false),
  ('IT100098',66,'055735',false),
  ('IT100098',85,'055735',false),
  ('IT100099',50,'358166',false),
  ('IT100100',57,'206050',false),
  ('IT100100',61,'167859',false),
  ('IT100101',47,'088683',false),
  ('IT100101',52,'262523',false),
  ('IT100101',60,'088683',false),
  ('IT100101',83,'585949',false),
  ('IT100102',15,'105521',false),
  ('IT100102',58,'088683',false),
  ('IT100103',44,'149829',false),
  ('IT100103',55,'088683',false),
  ('IT100104',10,'088683',false),
  ('IT100105',16,'063186',false),
  ('IT100105',30,'063186',false),
  ('IT100105',56,'432982',false),
  ('IT100105',91,'039099',false),
  ('IT100106',9,'063186',false),
  ('IT100106',18,'177843',false),
  ('IT100106',39,'342405',false),
  ('IT100106',60,'368482',false),
  ('IT100106',64,'094307',false),
  ('IT100106',70,'084765',false),
  ('IT100106',77,'331560',true),
  ('IT100107',45,'486624',false),
  ('IT100107',47,'282388',false),
  ('IT100107',52,'063186',false),
  ('IT100107',56,'486624',false),
  ('IT100108',23,'401923',false),
  ('IT100109',47,'063186',false),
  ('IT100110',5,'044834',true),
  ('IT100110',10,'028396',false),
  ('IT100110',15,'286297',false),
  ('IT100110',24,'199248',true),
  ('IT100110',35,'164771',false),
  ('IT100110',44,'055735',false),
  ('IT100111',22,'119228',false),
  ('IT100111',23,'119228',false),
  ('IT100111',73,'331560',false),
  ('IT100111',82,'284724',false),
  ('IT100112',19,'331560',false),
  ('IT100112',34,'112302',false),
  ('IT100112',40,'342405',false),
  ('IT100112',92,'053536',false),
  ('IT100113',18,'368482',false),
  ('IT100114',78,'303116',false),
  ('IT100115',42,'022328',false),
  ('IT100115',72,'357498',false),
  ('IT100115',83,'162961',false),
  ('IT100116',11,'303116',false),
  ('IT100116',21,'413507',false),
  ('IT100116',43,'035249',false),
  ('IT100116',51,'303116',false),
  ('IT100116',86,'035249',false),
  ('IT100117',52,'163489',false),
  ('IT100118',89,'205940',false),
  ('IT100118',98,'413507',false),
  ('IT100119',13,'391065',false),
  ('IT100119',35,'357498',false),
  ('IT100120',8,'043848',false),
  ('IT100120',19,'357498',false),
  ('IT100122',72,'357498',false),
  ('IT100123',20,'057280',false),
  ('IT100123',32,'357498',false),
  ('IT100124',29,'067639',false),
  ('IT100124',94,'067639',false),
  ('IT100126',52,'059699',true),
  ('IT100126',70,'324804',false),
  ('IT100126',88,'283528',false),
  ('IT100127',18,'294808',false),
  ('IT100127',48,'255901',false),
  ('IT100127',83,'003455',false),
  ('IT100128',34,'255901',false),
  ('IT100129',1,'112302',false),
  ('IT100129',44,'119228',false),
  ('IT100131',9,'146752',false),
  ('IT100131',77,'160560',false),
  ('IT100132',15,'133964',false),
  ('IT100132',27,'131951',false),
  ('IT100132',90,'182618',false),
  ('IT100134',12,'094307',false),
  ('IT100134',30,'067639',false),
  ('IT100134',64,'177843',false),
  ('IT100134',66,'163222',false),
  ('IT100134',76,'084765',false),
  ('IT100135',2,'113133',false),
  ('IT100135',4,'124555',false),
  ('IT100135',39,'256361',false),
  ('IT100135',75,'083877',false),
  ('IT100136',14,'128223',false),
  ('IT100136',32,'392538',false),
  ('IT100136',67,'182913',false),
  ('IT100138',15,'105521',false),
  ('IT100138',33,'266302',false),
  ('IT100138',64,'354814',false),
  ('IT100139',19,'354814',false),
  ('IT100139',63,'354814',false),
  ('IT100139',72,'497291',false),
  ('IT100139',92,'486624',false),
  ('IT100140',10,'354814',false),
  ('IT100140',15,'088683',false),
  ('IT100140',73,'044136',false),
  ('IT100141',75,'283735',false),
  ('IT100142',20,'016873',false),
  ('IT100142',24,'025488',false),
  ('IT100142',61,'354814',false),
  ('IT100143',4,'331401',false),
  ('IT100143',74,'105521',false),
  ('IT100144',21,'449151',false),
  ('IT100144',25,'136514',false),
  ('IT100144',35,'282388',false),
  ('IT100144',43,'163582',false),
  ('IT100144',45,'386455',false),
  ('IT100145',68,'315063',false),
  ('IT100146',36,'241076',false),
  ('IT100146',58,'064793',false),
  ('IT100146',94,'354814',false),
  ('IT100147',42,'386455',false),
  ('IT100147',77,'255942',false),
  ('IT100147',84,'055769',false),
  ('IT100147',94,'096341',false),
  ('IT100148',27,'136514',false),
  ('IT100148',57,'131951',false),
  ('IT100149',25,'181136',false),
  ('IT100149',62,'181136',false),
  ('IT100149',74,'316889',false),
  ('IT100149',86,'133964',false),
  ('IT100150',41,'055801',false),
  ('IT100150',44,'073943',false),
  ('IT100151',7,'003455',false),
  ('IT100151',52,'003455',false),
  ('IT100152',11,'167727',false),
  ('IT100152',21,'119228',false),
  ('IT100152',42,'275303',false),
  ('IT100152',43,'167727',false),
  ('IT100152',54,'133179',false),
  ('IT100153',4,'167727',false),
  ('IT100153',19,'282388',false),
  ('IT100153',49,'167727',false),
  ('IT100153',73,'282388',false),
  ('IT100154',15,'203394',false),
  ('IT100154',24,'167727',false),
  ('IT100154',48,'266302',false),
  ('IT100154',88,'245056',false),
  ('IT100154',95,'105521',false),
  ('IT100154',98,'037834',false),
  ('IT100156',25,'167727',false),
  ('IT100156',54,'025488',false),
  ('IT100156',63,'022328',false),
  ('IT100156',77,'164913',false),
  ('IT100157',24,'283528',false),
  ('IT100157',54,'255901',false),
  ('IT100157',66,'167727',false),
  ('IT100157',67,'241527',false),
  ('IT100157',69,'054581',false),
  ('IT100158',69,'130360',false),
  ('IT100158',78,'063186',false),
  ('IT100159',67,'198116',false),
  ('IT100161',1,'096341',false),
  ('IT100161',25,'197471',false),
  ('IT100161',28,'096341',false),
  ('IT100161',34,'146752',false),
  ('IT100161',42,'398073',false),
  ('IT100161',71,'406625',false),
  ('IT100161',76,'146752',false),
  ('IT100162',66,'130394',false),
  ('IT100163',30,'200174',false),
  ('IT100163',60,'133964',false),
  ('IT100163',67,'199258',false),
  ('IT100164',29,'392538',false),
  ('IT100164',65,'354814',false),
  ('IT100164',70,'354814',false),
  ('IT100165',21,'128223',false),
  ('IT100165',48,'160560',false),
  ('IT100166',25,'105521',false),
  ('IT100166',45,'056762',false),
  ('IT100167',57,'200174',false),
  ('IT100167',89,'055801',false),
  ('IT100168',15,'294808',false),
  ('IT100168',49,'357164',false),
  ('IT100169',30,'080351',false),
  ('IT100169',50,'055801',false),
  ('IT100169',69,'072441',false),
  ('IT100169',71,'073794',false),
  ('IT100169',86,'119228',false),
  ('IT100170',31,'085393',false),
  ('IT100170',49,'130394',false),
  ('IT100170',51,'096828',false),
  ('IT100170',93,'096828',false),
  ('IT100171',47,'294808',false),
  ('IT100171',50,'314678',false),
  ('IT100172',21,'128223',false),
  ('IT100173',26,'119228',false),
  ('IT100173',38,'119228',false),
  ('IT100174',21,'105521',false),
  ('IT100174',58,'227081',false),
  ('IT100175',31,'133964',false),
  ('IT100175',58,'316889',false),
  ('IT100175',76,'082070',false),
  ('IT100175',91,'199258',false),
  ('IT100176',7,'449151',false),
  ('IT100176',18,'083877',false),
  ('IT100176',49,'268178',false),
  ('IT100176',96,'449151',false),
  ('IT100177',24,'449151',false),
  ('IT100177',44,'449151',false),
  ('IT100177',57,'074943',false),
  ('IT100178',8,'298976',false),
  ('IT100178',29,'298976',false),
  ('IT100178',35,'055735',false),
  ('IT100178',71,'169841',false),
  ('IT100179',5,'046552',true),
  ('IT100179',65,'270901',false),
  ('IT100179',82,'059340',false),
  ('IT100180',63,'056416',false),
  ('IT100180',77,'133964',false),
  ('IT100181',1,'085825',false),
  ('IT100182',28,'303219',false),
  ('IT100182',31,'587458',false),
  ('IT100182',34,'240786',false),
  ('IT100182',92,'074943',false),
  ('IT100186',23,'431755',false),
  ('IT100186',85,'128223',false),
  ('IT100187',8,'648779',false),
  ('IT100187',88,'032113',false),
  ('IT100187',95,'293210',false),
  ('IT100188',67,'037834',false),
  ('IT100189',25,'081789',false),
  ('IT100189',34,'238752',false);
