/* File created by scraping https://www.transfermarkt.com using Antonio Cardin's program */

insert into Squadre values
  ('Juventus FC','Torino','Allegri'),
  ('Inter Milan','Milano','Inzaghi'),
  ('SSC Napoli','Napoli','Spalletti'),
  ('AC Milan','Milano','Pioli'),
  ('AS Roma','Roma','Mourinho'),
  ('Atalanta BC','Bergamo','Gasperini'),
  ('SS Lazio','Roma','Sarri'),
  ('ACF Fiorentina','Firenze','Italiano'),
  ('Torino FC','Torino','Juric'),
  ('US Sassuolo','Sassuolo','Dionisi'),
  ('Bologna FC 1909','Bologna','Mihajlovic'),
  ('Cagliari Calcio','Cagliari','Mazzarri'),
  ('Hellas Verona','Verona','Tudor'),
  ('Genoa CFC','Genova','Blessin'),
  ('UC Sampdoria','Genova','Giampaolo'),
  ('Udinese Calcio','Udine','Cioffi'),
  ('Venezia FC','Mestre','Zanetti'),
  ('FC Empoli','Empoli','Andreazzoli'),
  ('Spezia Calcio','La Spezia','Motta'),
  ('US Salernitana 1919','Salerno','Nicola');

insert into Giocatori values
  ('044058','Juventus FC',1,'Wojciech','Szczesny','18-apr-1990','Portiere'),
  ('110923','Juventus FC',36,'Mattia','Perin','10-nov-1992','Portiere'),
  ('075411','Juventus FC',23,'Carlo','Pinsoglio','16-mar-1990','Portiere'),
  ('326031','Juventus FC',4,'Matthijs','de Ligt','12-aug-1999','Difensore'),
  ('039983','Juventus FC',19,'Leonardo','Bonucci','1-may-1987','Difensore'),
  ('162959','Juventus FC',24,'Daniele','Rugani','29-jul-1994','Difensore'),
  ('029260','Juventus FC',3,'Giorgio','Chiellini','14-aug-1984','Difensore'),
  ('079960','Juventus FC',12,'Alex Sandro','null','26-jan-1991','Difensore'),
  ('346567','Juventus FC',17,'Luca','Pellegrini','7-mar-1999','Difensore'),
  ('145707','Juventus FC',6,'Danilo','null','15-jul-1991','Difensore'),
  ('091970','Juventus FC',11,'Juan','Cuadrado','26-may-1988','Difensore'),
  ('088682','Juventus FC',2,'Mattia','De Sciglio','20-oct-1992','Difensore'),
  ('265088','Juventus FC',27,'Manuel','Locatelli','8-jan-1998','Centrocampista'),
  ('334526','Juventus FC',28,'Denis','Zakaria','20-nov-1996','Centrocampista'),
  ('362842','Juventus FC',5,'Arthur','null','12-aug-1996','Centrocampista'),
  ('332697','Juventus FC',14,'Weston','McKennie','28-aug-1998','Centrocampista'),
  ('182913','Juventus FC',25,'Adrien','Rabiot','3-apr-1995','Centrocampista'),
  ('341092','Juventus FC',22,'Federico','Chiesa','25-oct-1997','Attaccante'),
  ('197300','Juventus FC',20,'Federico','Bernardeschi','16-feb-1994','Attaccante'),
  ('206050','Juventus FC',10,'Paulo','Dybala','15-nov-1993','Attaccante'),
  ('357498','Juventus FC',7,'Dusan','Vlahovic','28-jan-2000','Attaccante'),
  ('128223','Juventus FC',9,'Álvaro','Morata','23-oct-1992','Attaccante'),
  ('364135','Juventus FC',18,'Moise','Kean','28-feb-2000','Attaccante'),
  ('620477','Juventus FC',21,'Kaio Jorge','null','24-jan-2002','Attaccante'),
  ('303657','Inter Milan',97,'Ionut','Radu','28-may-1997','Portiere'),
  ('028021','Inter Milan',1,'Samir','Handanovic','14-jul-1984','Portiere'),
  ('016633','Inter Milan',21,'Alex','Cordaz','1-jan-1983','Portiere'),
  ('204069','Inter Milan',37,'Milan','Skriniar','11-feb-1995','Difensore'),
  ('315853','Inter Milan',95,'Alessandro','Bastoni','13-apr-1999','Difensore'),
  ('111196','Inter Milan',6,'Stefan','de Vrij','5-feb-1992','Difensore'),
  ('044327','Inter Milan',13,'Andrea','Ranocchia','16-feb-1988','Difensore'),
  ('198116','Inter Milan',32,'Federico','Dimarco','10-nov-1997','Difensore'),
  ('046156','Inter Milan',11,'Aleksandar','Kolarov','10-nov-1985','Difensore'),
  ('054906','Inter Milan',36,'Matteo','Darmian','2-dec-1989','Difensore'),
  ('055769','Inter Milan',33,'Danilo','D''Ambrosio','9-sep-1988','Difensore'),
  ('156617','Inter Milan',77,'Marcelo','Brozovic','16-nov-1992','Centrocampista'),
  ('255942','Inter Milan',23,'Nicolò','Barella','7-feb-1997','Centrocampista'),
  ('126414','Inter Milan',20,'Hakan','Calhanoglu','8-feb-1994','Centrocampista'),
  ('197471','Inter Milan',5,'Roberto','Gagliardini','7-apr-1994','Centrocampista'),
  ('143812','Inter Milan',8,'Matías','Vecino','24-aug-1991','Centrocampista'),
  ('037666','Inter Milan',22,'Arturo','Vidal','22-may-1987','Centrocampista'),
  ('321528','Inter Milan',2,'Denzel','Dumfries','18-apr-1996','Centrocampista'),
  ('273132','Inter Milan',18,'Robin','Gosens','5-jul-1994','Centrocampista'),
  ('042460','Inter Milan',14,'Ivan','Perisic','2-feb-1989','Centrocampista'),
  ('227081','Inter Milan',19,'Joaquín','Correa','13-aug-1994','Attaccante'),
  ('406625','Inter Milan',10,'Lautaro','Martínez','22-aug-1997','Attaccante'),
  ('028396','Inter Milan',9,'Edin','Dzeko','17-mar-1986','Attaccante'),
  ('040433','Inter Milan',7,'Alexis','Sánchez','19-dec-1988','Attaccante'),
  ('037834','Inter Milan',88,'Felipe','Caicedo','5-sep-1988','Attaccante'),
  ('240414','SSC Napoli',1,'Alex','Meret','22-mar-1997','Portiere'),
  ('073396','SSC Napoli',25,'David','Ospina','31-aug-1988','Portiere'),
  ('417414','SSC Napoli',12,'Davide','Marfella','15-sep-1999','Portiere'),
  ('093128','SSC Napoli',26,'Kalidou','Koulibaly','20-jun-1991','Difensore'),
  ('257732','SSC Napoli',13,'Amir','Rrahmani','24-feb-1994','Difensore'),
  ('342046','SSC Napoli',3,'Axel','Tuanzebe','14-nov-1997','Difensore'),
  ('121985','SSC Napoli',5,'Juan Jesus','null','10-jun-1991','Difensore'),
  ('087884','SSC Napoli',6,'Mário','Rui','27-may-1991','Difensore'),
  ('126656','SSC Napoli',31,'Faouzi','Ghoulam','1-feb-1991','Difensore'),
  ('169880','SSC Napoli',22,'Giovanni','Di Lorenzo','4-aug-1993','Difensore'),
  ('126711','SSC Napoli',2,'Kévin','Malcuit','31-jul-1991','Difensore'),
  ('397225','SSC Napoli',59,'Alessandro','Zanoli','3-oct-2000','Difensore'),
  ('354361','SSC Napoli',99,'André Zambo','Anguissa','16-nov-1995','Centrocampista'),
  ('082070','SSC Napoli',4,'Diego','Demme','21-nov-1991','Centrocampista'),
  ('192735','SSC Napoli',68,'Stanislav','Lobotka','25-nov-1994','Centrocampista'),
  ('350219','SSC Napoli',8,'Fabián','Ruiz','3-apr-1996','Centrocampista'),
  ('181136','SSC Napoli',20,'Piotr','Zielinski','20-may-1994','Centrocampista'),
  ('400489','SSC Napoli',7,'Eljif','Elmas','24-sep-1999','Centrocampista'),
  ('133964','SSC Napoli',24,'Lorenzo','Insigne','4-jun-1991','Attaccante'),
  ('316889','SSC Napoli',11,'Hirving','Lozano','30-jul-1995','Attaccante'),
  ('165895','SSC Napoli',21,'Matteo','Politano','3-aug-1993','Attaccante'),
  ('400485','SSC Napoli',33,'Adam','Ounas','11-nov-1996','Attaccante'),
  ('401923','SSC Napoli',9,'Victor','Osimhen','29-dec-1998','Attaccante'),
  ('199258','SSC Napoli',37,'Andrea','Petagna','30-jun-1995','Attaccante'),
  ('056416','SSC Napoli',14,'Dries','Mertens','6-may-1987','Attaccante'),
  ('182906','AC Milan',16,'Mike','Maignan','3-jul-1995','Portiere'),
  ('055282','AC Milan',1,'Ciprian','Tatarusanu','9-feb-1986','Portiere'),
  ('022141','AC Milan',83,'Antonio','Mirante','8-jul-1983','Portiere'),
  ('303254','AC Milan',23,'Fikayo','Tomori','19-dec-1997','Difensore'),
  ('197747','AC Milan',13,'Alessio','Romagnoli','12-jan-1995','Difensore'),
  ('048859','AC Milan',24,'Simon','Kjaer','26-mar-1989','Difensore'),
  ('323167','AC Milan',46,'Matteo','Gabbia','21-oct-1999','Difensore'),
  ('339808','AC Milan',19,'Theo','Hernández','6-oct-1997','Difensore'),
  ('296422','AC Milan',5,'Fodé','Ballo-Touré','3-jan-1997','Difensore'),
  ('262523','AC Milan',2,'Davide','Calabria','6-dec-1996','Difensore'),
  ('585949','AC Milan',20,'Pierre','Kalulu','5-jun-2000','Difensore'),
  ('130365','AC Milan',25,'Alessandro','Florenzi','11-mar-1991','Difensore'),
  ('397033','AC Milan',8,'Sandro','Tonali','8-may-2000','Centrocampista'),
  ('351816','AC Milan',4,'Ismaël','Bennacer','1-dec-1997','Centrocampista'),
  ('182618','AC Milan',41,'Tiemoué','Bakayoko','17-aug-1994','Centrocampista'),
  ('294808','AC Milan',79,'Franck','Kessié','19-dec-1996','Centrocampista'),
  ('259953','AC Milan',33,'Rade','Krunic','7-oct-1993','Centrocampista'),
  ('314678','AC Milan',10,'Brahim','Díaz','3-aug-1999','Centrocampista'),
  ('539134','AC Milan',27,'Daniel','Maldini','11-oct-2001','Centrocampista'),
  ('357164','AC Milan',17,'Rafael','Leão','10-jun-1999','Attaccante'),
  ('187587','AC Milan',12,'Ante','Rebic','21-sep-1993','Attaccante'),
  ('381950','AC Milan',56,'Alexis','Saelemaekers','27-jun-1999','Attaccante'),
  ('449151','AC Milan',30,'Junior','Messias','13-may-1991','Attaccante'),
  ('195171','AC Milan',7,'Samu','Castillejo','18-jan-1995','Attaccante'),
  ('003455','AC Milan',11,'Zlatan','Ibrahimovic','3-oct-1981','Attaccante'),
  ('082442','AC Milan',9,'Olivier','Giroud','30-sep-1986','Attaccante'),
  ('698548','AC Milan',22,'Marko','Lazetić','22-jan-2004','Attaccante'),
  ('045026','AS Roma',1,'Rui','Patrício','15-feb-1988','Portiere'),
  ('438682','AS Roma',87,'Daniel','Fuzato','4-jul-1997','Portiere'),
  ('581604','AS Roma',63,'Pietro','Boer','12-may-2002','Portiere'),
  ('256448','AS Roma',23,'Gianluca','Mancini','17-apr-1996','Difensore'),
  ('524481','AS Roma',3,'Roger Ibañez','null','23-nov-1998','Difensore'),
  ('371371','AS Roma',24,'Marash','Kumbulla','8-feb-2000','Difensore'),
  ('103427','AS Roma',6,'Chris','Smalling','22-nov-1989','Difensore'),
  ('118689','AS Roma',37,'Leonardo','Spinazzola','25-mar-1993','Difensore'),
  ('439072','AS Roma',5,'Matías','Viña','9-nov-1997','Difensore'),
  ('205006','AS Roma',2,'Rick','Karsdorp','11-feb-1995','Difensore'),
  ('084344','AS Roma',18,'Davide','Santon','2-jan-1991','Difensore'),
  ('199248','AS Roma',4,'Bryan','Cristante','3-mar-1995','Centrocampista'),
  ('355501','AS Roma',42,'Amadou','Diawara','17-jul-1997','Centrocampista'),
  ('647484','AS Roma',55,'Ebrima','Darboe','6-jun-2001','Centrocampista'),
  ('628645','AS Roma',65,'Filippo','Tripi','6-jan-2002','Centrocampista'),
  ('286297','AS Roma',7,'Lorenzo','Pellegrini','19-jun-1996','Centrocampista'),
  ('164771','AS Roma',17,'Jordan','Veretout','1-mar-1993','Centrocampista'),
  ('112465','AS Roma',27,'Sérgio','Oliveira','2-jun-1992','Centrocampista'),
  ('562049','AS Roma',52,'Edoardo','Bove','16-may-2002','Centrocampista'),
  ('285845','AS Roma',15,'Ainsley','Maitland-Niles','29-aug-1997','Centrocampista'),
  ('550108','AS Roma',59,'Nicola','Zalewski','23-jan-2002','Centrocampista'),
  ('055735','AS Roma',77,'Henrikh','Mkhitaryan','21-jan-1989','Centrocampista'),
  ('094529','AS Roma',92,'Stephan','El Shaarawy','27-oct-1992','Attaccante'),
  ('392085','AS Roma',22,'Nicolò','Zaniolo','2-jul-1999','Attaccante'),
  ('282810','AS Roma',11,'Carles','Pérez','16-feb-1998','Attaccante'),
  ('331726','AS Roma',9,'Tammy','Abraham','2-oct-1997','Attaccante'),
  ('358166','AS Roma',14,'Eldor','Shomurodov','29-jun-1995','Attaccante'),
  ('872380','AS Roma',64,'Felix','Afena-Gyan','19-jan-2003','Attaccante'),
  ('242359','Atalanta BC',1,'Juan','Musso','6-may-1994','Portiere'),
  ('199976','Atalanta BC',57,'Marco','Sportiello','10-may-1992','Portiere'),
  ('126634','Atalanta BC',31,'Francesco','Rossi','27-apr-1991','Portiere'),
  ('340879','Atalanta BC',28,'Merih','Demiral','5-mar-1998','Difensore'),
  ('165513','Atalanta BC',19,'Berat','Djimsiti','19-feb-1993','Difensore'),
  ('072441','Atalanta BC',2,'Rafael','Tolói','10-oct-1990','Difensore'),
  ('125020','Atalanta BC',6,'José Luis','Palomino','5-jan-1990','Difensore'),
  ('571604','Atalanta BC',42,'Giorgio','Scalvini','11-dec-2003','Difensore'),
  ('336960','Atalanta BC',13,'Giuseppe','Pezzella','29-nov-1997','Difensore'),
  ('369674','Atalanta BC',3,'Joakim','Maehle','20-may-1997','Difensore'),
  ('275303','Atalanta BC',33,'Hans','Hateboer','9-jan-1994','Difensore'),
  ('173859','Atalanta BC',77,'Davide','Zappacosta','11-jun-1992','Difensore'),
  ('133179','Atalanta BC',15,'Marten','de Roon','29-mar-1991','Centrocampista'),
  ('360518','Atalanta BC',7,'Teun','Koopmeiners','28-feb-1998','Centrocampista'),
  ('205938','Atalanta BC',88,'Mario','Pasalic','9-feb-1995','Centrocampista'),
  ('148252','Atalanta BC',11,'Remo','Freuler','15-apr-1992','Centrocampista'),
  ('207877','Atalanta BC',18,'Ruslan','Malinovskyi','4-may-1993','Centrocampista'),
  ('332179','Atalanta BC',32,'Matteo','Pessina','21-apr-1997','Centrocampista'),
  ('255450','Atalanta BC',59,'Aleksey','Miranchuk','17-oct-1995','Centrocampista'),
  ('216569','Atalanta BC',10,'Jérémie','Boga','3-jan-1997','Attaccante'),
  ('535469','Atalanta BC',20,'Valentin','Mihaila','2-feb-2000','Attaccante'),
  ('312735','Atalanta BC',null,'Bryan','Cabezas','20-mar-1997','Attaccante'),
  ('080351','Atalanta BC',72,'Josip','Ilicic','29-jan-1988','Attaccante'),
  ('073794','Atalanta BC',91,'Duván','Zapata','1-apr-1991','Attaccante'),
  ('119228','Atalanta BC',9,'Luis','Muriel','16-apr-1991','Attaccante'),
  ('222209','SS Lazio',1,'Thomas','Strakosha','19-mar-1995','Portiere'),
  ('007825','SS Lazio',25,'Pepe','Reina','31-aug-1982','Portiere'),
  ('300137','SS Lazio',31,'Marius','Adamonis','13-may-1997','Portiere'),
  ('457931','SS Lazio',3,'Luiz Felipe','null','22-mar-1997','Difensore'),
  ('131075','SS Lazio',33,'Francesco','Acerbi','10-feb-1988','Difensore'),
  ('126729','SS Lazio',4,'Patric','null','17-apr-1993','Difensore'),
  ('044420','SS Lazio',26,'Stefan','Radu','22-oct-1986','Difensore'),
  ('465565','SS Lazio',16,'Dimitrije','Kamenovic','16-jul-2000','Difensore'),
  ('200056','SS Lazio',23,'Elseid','Hysaj','2-feb-1994','Difensore'),
  ('239802','SS Lazio',77,'Adam','Marusic','17-oct-1992','Difensore'),
  ('199733','SS Lazio',32,'Danilo','Cataldi','6-aug-1994','Centrocampista'),
  ('041414','SS Lazio',6,'Lucas','Leiva','9-jan-1987','Centrocampista'),
  ('289165','SS Lazio',null,'Patryk','Dziczek','25-mar-1998','Centrocampista'),
  ('266302','SS Lazio',21,'Sergej','Milinković-Savić','27-feb-1995','Centrocampista'),
  ('128220','SS Lazio',10,'Luis Alberto','null','28-sep-1992','Centrocampista'),
  ('334835','SS Lazio',88,'Toma','Basic','25-nov-1996','Centrocampista'),
  ('170481','SS Lazio',8,'Jean-Daniel','Akpa Akpro','11-oct-1992','Centrocampista'),
  ('331401','SS Lazio',29,'Manuel','Lazzari','29-nov-1993','Centrocampista'),
  ('283735','SS Lazio',20,'Mattia','Zaccagni','16-jun-1995','Centrocampista'),
  ('601577','SS Lazio',28,'André','Anderson','23-sep-1999','Centrocampista'),
  ('769063','SS Lazio',18,'Luka','Romero','18-nov-2004','Centrocampista'),
  ('448466','SS Lazio',11,'Jovane','null','14-jun-1998','Attaccante'),
  ('624942','SS Lazio',27,'Raúl','Moro','5-dec-2002','Attaccante'),
  ('159372','SS Lazio',7,'Felipe Anderson','null','15-apr-1993','Attaccante'),
  ('065278','SS Lazio',9,'Pedro','null','28-jul-1987','Attaccante'),
  ('105521','SS Lazio',17,'Ciro','Immobile','20-feb-1990','Attaccante'),
  ('208166','ACF Fiorentina',69,'Bartlomiej','Dragowski','19-aug-1997','Portiere'),
  ('096254','ACF Fiorentina',1,'Pietro','Terracciano','8-mar-1990','Portiere'),
  ('006442','ACF Fiorentina',25,'Antonio','Rosati','26-jun-1983','Portiere'),
  ('413507','ACF Fiorentina',4,'Nikola','Milenkovic','12-oct-1997','Difensore'),
  ('373373','ACF Fiorentina',2,'Lucas','Martínez Quarta','10-may-1996','Difensore'),
  ('380350','ACF Fiorentina',98,'Igor','null','7-feb-1998','Difensore'),
  ('143559','ACF Fiorentina',55,'Matija','Nastasic','28-mar-1993','Difensore'),
  ('124555','ACF Fiorentina',3,'Cristiano','Biraghi','1-sep-1992','Difensore'),
  ('404260','ACF Fiorentina',17,'Aleksa','Terzic','17-aug-1999','Difensore'),
  ('280730','ACF Fiorentina',29,'Álvaro','Odriozola','14-dec-1995','Difensore'),
  ('240219','ACF Fiorentina',23,'Lorenzo','Venuti','12-apr-1995','Difensore'),
  ('318077','ACF Fiorentina',18,'Lucas','Torreira','11-feb-1996','Centrocampista'),
  ('287579','ACF Fiorentina',34,'Sofyan','Amrabat','21-aug-1996','Centrocampista'),
  ('303116','ACF Fiorentina',10,'Gaetano','Castrovilli','17-feb-1997','Centrocampista'),
  ('184894','ACF Fiorentina',32,'Alfred','Duncan','10-mar-1993','Centrocampista'),
  ('057280','ACF Fiorentina',5,'Giacomo','Bonaventura','22-aug-1989','Centrocampista'),
  ('324377','ACF Fiorentina',14,'Youssef','Maleh','22-aug-1998','Centrocampista'),
  ('088909','ACF Fiorentina',8,'Riccardo','Saponara','21-dec-1991','Centrocampista'),
  ('486031','ACF Fiorentina',22,'Nicolás','González','6-apr-1998','Attaccante'),
  ('386455','ACF Fiorentina',33,'Riccardo','Sottil','3-jun-1999','Attaccante'),
  ('324690','ACF Fiorentina',11,'Jonathan','Ikoné','2-may-1998','Attaccante'),
  ('061253','ACF Fiorentina',7,'José','Callejón','11-feb-1987','Attaccante'),
  ('390638','ACF Fiorentina',9,'Arthur','Cabral','25-apr-1998','Attaccante'),
  ('327757','ACF Fiorentina',19,'Krzysztof','Piatek','1-jul-1995','Attaccante'),
  ('089086','ACF Fiorentina',91,'Aleksandr','Kokorin','19-mar-1991','Attaccante'),
  ('257474','Torino FC',32,'Vanja','Milinković-Savić','20-feb-1997','Portiere'),
  ('077825','Torino FC',1,'Etrit','Berisha','10-mar-1989','Portiere'),
  ('463792','Torino FC',89,'Luca','Gemello','3-jul-2000','Portiere'),
  ('516716','Torino FC',3,'Bremer','null','18-mar-1997','Difensore'),
  ('544149','Torino FC',6,'David','Zima','8-nov-2000','Difensore'),
  ('032113','Torino FC',5,'Armando','Izzo','2-mar-1992','Difensore'),
  ('386446','Torino FC',99,'Alessandro','Buongiorno','6-jun-1999','Difensore'),
  ('183031','Torino FC',26,'Koffi','Djidji','30-nov-1992','Difensore'),
  ('086784','Torino FC',13,'Ricardo','Rodríguez','25-aug-1992','Difensore'),
  ('055854','Torino FC',15,'Cristian','Ansaldi','20-sep-1986','Difensore'),
  ('648779','Torino FC',17,'Stephane','Singo','25-dec-2000','Difensore'),
  ('236490','Torino FC',34,'Ola','Aina','8-oct-1996','Difensore'),
  ('336125','Torino FC',27,'Mërgim','Vojvoda','1-feb-1995','Difensore'),
  ('308279','Torino FC',38,'Rolando','Mandragora','29-jun-1997','Centrocampista'),
  ('467992','Torino FC',28,'Samuele','Ricci','21-aug-2001','Centrocampista'),
  ('129588','Torino FC',22,'Dennis','Praet','14-may-1994','Centrocampista'),
  ('392538','Torino FC',4,'Tommaso','Pobega','15-jul-1999','Centrocampista'),
  ('245056','Torino FC',10,'Sasa','Lukic','13-aug-1996','Centrocampista'),
  ('287700','Torino FC',93,'Mohamed','Fares','15-feb-1996','Centrocampista'),
  ('225873','Torino FC',77,'Karol','Linetty','2-feb-1995','Centrocampista'),
  ('205940','Torino FC',11,'Marko','Pjaca','6-may-1995','Centrocampista'),
  ('293169','Torino FC',14,'Josip','Brekalo','23-jun-1998','Attaccante'),
  ('482107','Torino FC',70,'Magnus','Warming','8-jun-2000','Attaccante'),
  ('551752','Torino FC',23,'Demba','Seck','10-feb-2001','Attaccante'),
  ('340070','Torino FC',20,'Simone','Edera','9-jan-1997','Attaccante'),
  ('167727','Torino FC',9,'Andrea','Belotti','20-dec-1993','Attaccante'),
  ('234523','Torino FC',19,'Antonio','Sanabria','4-mar-1996','Attaccante'),
  ('364133','Torino FC',64,'Pietro','Pellegri','17-mar-2001','Attaccante'),
  ('096828','Torino FC',7,'Simone','Zaza','25-jun-1991','Attaccante'),
  ('035865','US Sassuolo',47,'Andrea','Consigli','27-jan-1987','Portiere'),
  ('323255','US Sassuolo',24,'Giacomo','Satalino','20-may-1999','Portiere'),
  ('021872','US Sassuolo',56,'Gianluca','Pegolo','25-mar-1981','Portiere'),
  ('277167','US Sassuolo',31,'Gian Marco','Ferrari','15-may-1992','Difensore'),
  ('119031','US Sassuolo',5,'Kaan','Ayhan','10-nov-1994','Difensore'),
  ('555015','US Sassuolo',44,'Ruan','Tressoldi','7-jun-1999','Difensore'),
  ('256678','US Sassuolo',19,'Filippo','Romagna','26-may-1997','Difensore'),
  ('123261','US Sassuolo',21,'Vlad','Chiriches','14-nov-1989','Difensore'),
  ('021763','US Sassuolo',13,'Federico','Peluso','20-jan-1984','Difensore'),
  ('401527','US Sassuolo',6,'Rogério','null','13-jan-1998','Difensore'),
  ('311178','US Sassuolo',77,'Georgios','Kyriakopoulos','5-feb-1996','Difensore'),
  ('353922','US Sassuolo',17,'Mert','Müldür','3-apr-1999','Difensore'),
  ('129674','US Sassuolo',22,'Jeremy','Toljan','8-aug-1994','Difensore'),
  ('290862','US Sassuolo',8,'Maxime','López','4-dec-1997','Centrocampista'),
  ('007093','US Sassuolo',4,'Francesco','Magnanelli','12-nov-1984','Centrocampista'),
  ('394300','US Sassuolo',16,'Davide','Frattesi','22-sep-1999','Centrocampista'),
  ('552549','US Sassuolo',97,'Matheus Henrique','null','19-dec-1997','Centrocampista'),
  ('101213','US Sassuolo',14,'Pedro','Obiang','27-mar-1992','Centrocampista'),
  ('416386','US Sassuolo',20,'Abdou','Harroui','13-jan-1998','Centrocampista'),
  ('391065','US Sassuolo',23,'Hamed Junior','Traorè','16-feb-2000','Centrocampista'),
  ('094307','US Sassuolo',10,'Filip','Djuricic','30-jan-1992','Centrocampista'),
  ('508371','US Sassuolo',15,'Emil Konradsen','Ceide','3-sep-2001','Attaccante'),
  ('628558','US Sassuolo',11,'Riccardo','Ciervo','1-apr-2002','Attaccante'),
  ('345473','US Sassuolo',null,'Nicolás','Schiappacasse','12-jan-1999','Attaccante'),
  ('177843','US Sassuolo',25,'Domenico','Berardi','1-aug-1994','Attaccante'),
  ('546176','US Sassuolo',7,'Brian','Oddei','18-sep-2002','Attaccante'),
  ('405885','US Sassuolo',18,'Giacomo','Raspadori','18-feb-2000','Attaccante'),
  ('315867','US Sassuolo',91,'Gianluca','Scamacca','1-jan-1999','Attaccante'),
  ('163222','US Sassuolo',92,'Grégoire','Defrel','17-jun-1991','Attaccante'),
  ('080894','Bologna FC 1909',28,'Lukasz','Skorupski','5-may-1991','Portiere'),
  ('110925','Bologna FC 1909',22,'Francesco','Bardi','18-jan-1992','Portiere'),
  ('574164','Bologna FC 1909',12,'Marco','Molla','19-jun-2002','Portiere'),
  ('368891','Bologna FC 1909',6,'Arthur','Theate','25-may-2000','Difensore'),
  ('247377','Bologna FC 1909',4,'Kevin','Bonifazi','19-may-1996','Difensore'),
  ('126673','Bologna FC 1909',5,'Adama','Soumaoro','18-jun-1992','Difensore'),
  ('471004','Bologna FC 1909',2,'Luis','Binks','2-sep-2001','Difensore'),
  ('060889','Bologna FC 1909',17,'Gary','Medel','3-aug-1987','Difensore'),
  ('591949','Bologna FC 1909',3,'Aaron','Hickey','10-jun-2002','Difensore'),
  ('187245','Bologna FC 1909',35,'Mitchell','Dijks','9-feb-1993','Difensore'),
  ('033571','Bologna FC 1909',29,'Lorenzo','De Silvestri','23-may-1988','Difensore'),
  ('207715','Bologna FC 1909',15,'Ibrahima','Mbaye','19-nov-1994','Difensore'),
  ('577394','Bologna FC 1909',71,'Denso','Kasius','6-oct-2002','Difensore'),
  ('342405','Bologna FC 1909',32,'Mattias','Svanberg','5-jan-1999','Centrocampista'),
  ('497291','Bologna FC 1909',8,'Nicolás','Domínguez','28-jun-1998','Centrocampista'),
  ('347900','Bologna FC 1909',30,'Jerdy','Schouten','12-jan-1997','Centrocampista'),
  ('237658','Bologna FC 1909',20,'Michel','Aebischer','6-jan-1997','Centrocampista'),
  ('085393','Bologna FC 1909',14,'Nicolas','Viola','12-oct-1989','Centrocampista'),
  ('401920','Bologna FC 1909',16,'Kingsley','Michael','26-aug-1999','Centrocampista'),
  ('063186','Bologna FC 1909',21,'Roberto','Soriano','8-feb-1991','Centrocampista'),
  ('662752','Bologna FC 1909',11,'Luis','Rojas','6-mar-2002','Centrocampista'),
  ('486624','Bologna FC 1909',99,'Musa','Barrow','14-nov-1998','Attaccante'),
  ('082048','Bologna FC 1909',10,'Nicola','Sansone','10-sep-1991','Attaccante'),
  ('562030','Bologna FC 1909',null,'Musa','Juwara','26-dec-2001','Attaccante'),
  ('368482','Bologna FC 1909',7,'Riccardo','Orsolini','24-jan-1997','Attaccante'),
  ('394346','Bologna FC 1909',55,'Emanuel','Vignato','24-aug-2000','Attaccante'),
  ('041384','Bologna FC 1909',9,'Marko','Arnautovic','19-apr-1989','Attaccante'),
  ('099180','Bologna FC 1909',19,'Federico','Santander','4-jun-1991','Attaccante'),
  ('119115','Bologna FC 1909',91,'Diego','Falcinelli','26-jun-1991','Attaccante'),
  ('012907','Cagliari Calcio',28,'Alessio','Cragno','28-jun-1994','Portiere'),
  ('258482','Cagliari Calcio',31,'Boris','Radunović','26-may-1996','Portiere'),
  ('041912','Cagliari Calcio',1,'Simone','Aresti','15-mar-1986','Portiere'),
  ('345458','Cagliari Calcio',40,'Sebastian','Walukiewicz','5-apr-2000','Difensore'),
  ('459655','Cagliari Calcio',66,'Matteo','Lovato','14-feb-2000','Difensore'),
  ('481834','Cagliari Calcio',44,'Andrea','Carboni','4-feb-2001','Difensore'),
  ('242940','Cagliari Calcio',3,'Edoardo','Goldaniga','2-nov-1993','Difensore'),
  ('102745','Cagliari Calcio',23,'Luca','Ceppitelli','11-aug-1989','Difensore'),
  ('568333','Cagliari Calcio',33,'Adam','Obert','23-aug-2002','Difensore'),
  ('354909','Cagliari Calcio',15,'Giorgio','Altare','9-aug-1998','Difensore'),
  ('136514','Cagliari Calcio',22,'Charalampos','Lykogiannis','22-oct-1993','Difensore'),
  ('312862','Cagliari Calcio',29,'Dalbert','null','8-sep-1993','Difensore'),
  ('392569','Cagliari Calcio',25,'Gabriele','Zappa','22-dec-1999','Difensore'),
  ('357992','Cagliari Calcio',12,'Raoul','Bellanova','17-may-2000','Difensore'),
  ('295183','Cagliari Calcio',8,'Razvan','Marin','23-may-1996','Centrocampista'),
  ('317482','Cagliari Calcio',6,'Marko','Rog','19-jul-1995','Centrocampista'),
  ('068864','Cagliari Calcio',16,'Kevin','Strootman','13-feb-1990','Centrocampista'),
  ('197473','Cagliari Calcio',27,'Alberto','Grassi','7-mar-1995','Centrocampista'),
  ('235931','Cagliari Calcio',14,'Alessandro','Deiola','1-aug-1995','Centrocampista'),
  ('134883','Cagliari Calcio',4,'Daniele','Baselli','12-mar-1992','Centrocampista'),
  ('315063','Cagliari Calcio',18,'Nahitan','Nández','28-dec-1995','Centrocampista'),
  ('264116','Cagliari Calcio',20,'Gastón','Pereiro','11-jun-1995','Centrocampista'),
  ('129129','Cagliari Calcio',10,'João Pedro','null','9-mar-1992','Attaccante'),
  ('238752','Cagliari Calcio',9,'Keita','Baldé','8-mar-1995','Attaccante'),
  ('064793','Cagliari Calcio',30,'Leonardo','Pavoletti','26-nov-1988','Attaccante'),
  ('460898','Cagliari Calcio',32,'Damir','Ceter','2-nov-1997','Attaccante'),
  ('396682','Cagliari Calcio',19,'Luca','Gagliano','14-jul-2000','Attaccante'),
  ('241923','Hellas Verona',96,'Lorenzo','Montipò','20-feb-1996','Portiere'),
  ('371013','Hellas Verona',1,'Ivor','Pandur','25-mar-2000','Portiere'),
  ('535881','Hellas Verona',12,'Mattia','Chiesa','16-jul-2000','Portiere'),
  ('127217','Hellas Verona',22,'Alessandro','Berardi','16-jan-1991','Portiere'),
  ('115763','Hellas Verona',21,'Koray','Günter','16-aug-1994','Difensore'),
  ('248732','Hellas Verona',27,'Pawel','Dawidowicz','20-may-1995','Difensore'),
  ('389837','Hellas Verona',16,'Nicolò','Casale','14-feb-1998','Difensore'),
  ('163639','Hellas Verona',17,'Federico','Ceccherini','11-may-1992','Difensore'),
  ('324351','Hellas Verona',45,'Panagiotis','Retsos','9-aug-1998','Difensore'),
  ('431698','Hellas Verona',31,'Bosko','Sutalo','1-jan-2000','Difensore'),
  ('660860','Hellas Verona',42,'Diego','Coppola','28-dec-2003','Difensore'),
  ('386755','Hellas Verona',30,'Gianluca','Frabotta','24-jun-1999','Difensore'),
  ('073926','Hellas Verona',5,'Davide','Faraoni','25-oct-1991','Difensore'),
  ('324282','Hellas Verona',29,'Fabio','Depaoli','24-apr-1997','Difensore'),
  ('157507','Hellas Verona',61,'Adrien','Tamèze','4-feb-1994','Centrocampista'),
  ('398808','Hellas Verona',78,'Martin','Hongla','16-mar-1998','Centrocampista'),
  ('043848','Hellas Verona',4,'Miguel','Veloso','11-may-1986','Centrocampista'),
  ('470794','Hellas Verona',14,'Ivan','Ilic','17-mar-2001','Centrocampista'),
  ('140757','Hellas Verona',24,'Daniel','Bessa','14-jan-1993','Centrocampista'),
  ('070411','Hellas Verona',8,'Darko','Lazovic','15-sep-1990','Centrocampista'),
  ('272261','Hellas Verona',7,'Antonin','Barak','3-dec-1994','Centrocampista'),
  ('374418','Hellas Verona',88,'Mateusz','Praszelik','26-sep-2000','Centrocampista'),
  ('550106','Hellas Verona',18,'Matteo','Cancellieri','12-feb-2002','Attaccante'),
  ('146752','Hellas Verona',10,'Gianluca','Caprari','30-jul-1993','Attaccante'),
  ('282388','Hellas Verona',99,'Giovanni','Simeone','5-jul-1995','Attaccante'),
  ('131951','Hellas Verona',11,'Kevin','Lasagna','10-aug-1992','Attaccante'),
  ('317057','Genoa CFC',1,'Adrian','Semper','12-jan-1998','Portiere'),
  ('025508','Genoa CFC',57,'Salvatore','Sirigu','12-jan-1987','Portiere'),
  ('022318','Genoa CFC',22,'Federico','Marchetti','7-feb-1983','Portiere'),
  ('338672','Genoa CFC',3,'Zinho','Vanheusden','29-jul-1999','Difensore'),
  ('124715','Genoa CFC',52,'Nikola','Maksimovic','25-nov-1991','Difensore'),
  ('532937','Genoa CFC',15,'Johan','Vásquez','22-oct-1998','Difensore'),
  ('367284','Genoa CFC',55,'Leo','Östigard','28-nov-1999','Difensore'),
  ('176139','Genoa CFC',13,'Mattia','Bani','10-dec-1993','Difensore'),
  ('044136','Genoa CFC',4,'Domenico','Criscito','30-dec-1986','Difensore'),
  ('034198','Genoa CFC',5,'Andrea','Masiello','5-feb-1986','Difensore'),
  ('502821','Genoa CFC',16,'Riccardo','Calafiori','19-may-2002','Difensore'),
  ('459658','Genoa CFC',50,'Andrea','Cambiaso','20-feb-2000','Difensore'),
  ('309393','Genoa CFC',17,'Lennart','Czyborra','3-may-1999','Difensore'),
  ('237666','Genoa CFC',36,'Silvan','Hefti','25-oct-1997','Difensore'),
  ('525704','Genoa CFC',65,'Nicolò','Rovella','4-dec-2001','Centrocampista'),
  ('313830','Genoa CFC',99,'Pablo','Galdames','30-dec-1996','Centrocampista'),
  ('040633','Genoa CFC',47,'Milan','Badelj','25-feb-1989','Centrocampista'),
  ('232454','Genoa CFC',8,'Nadiem','Amiri','27-oct-1996','Centrocampista'),
  ('167859','Genoa CFC',27,'Stefano','Sturaro','9-mar-1993','Centrocampista'),
  ('181768','Genoa CFC',33,'Hernani','null','27-mar-1994','Centrocampista'),
  ('503871','Genoa CFC',32,'Morten','Frendrup','7-apr-2001','Centrocampista'),
  ('394304','Genoa CFC',90,'Manolo','Portanova','2-jun-2000','Centrocampista'),
  ('315862','Genoa CFC',10,'Filippo','Melegoni','18-feb-1999','Centrocampista'),
  ('313477','Genoa CFC',18,'Paolo','Ghiglione','2-feb-1997','Centrocampista'),
  ('305947','Genoa CFC',11,'Albert','Gudmundsson','15-jun-1997','Attaccante'),
  ('623040','Genoa CFC',91,'Yayah','Kallon','30-jun-2001','Attaccante'),
  ('432092','Genoa CFC',9,'Roberto','Piccoli','27-jan-2001','Attaccante'),
  ('088683','Genoa CFC',23,'Mattia','Destro','20-mar-1991','Attaccante'),
  ('589737','Genoa CFC',45,'Kelvin','Yeboah','6-may-2000','Attaccante'),
  ('199953','Genoa CFC',20,'Caleb','Ekuban','23-mar-1994','Attaccante'),
  ('553757','Genoa CFC',44,'Aleksander','Buksa','15-jan-2003','Attaccante'),
  ('256339','UC Sampdoria',1,'Emil','Audero','18-jan-1997','Portiere'),
  ('238537','UC Sampdoria',33,'Wladimiro','Falcone','12-apr-1995','Portiere'),
  ('042796','UC Sampdoria',30,'Nicola','Ravaglia','12-dec-1988','Portiere'),
  ('174733','UC Sampdoria',15,'Omar','Colley','24-oct-1992','Difensore'),
  ('310458','UC Sampdoria',26,'Giangiacomo','Magnani','4-oct-1995','Difensore'),
  ('081789','UC Sampdoria',22,'Maya','Yoshida','24-aug-1988','Difensore'),
  ('197491','UC Sampdoria',25,'Alex','Ferrari','1-jul-1994','Difensore'),
  ('284595','UC Sampdoria',3,'Tommaso','Augello','30-aug-1994','Difensore'),
  ('171399','UC Sampdoria',29,'Nicola','Murru','16-dec-1994','Difensore'),
  ('144143','UC Sampdoria',24,'Bartosz','Bereszynski','12-jul-1992','Difensore'),
  ('111227','UC Sampdoria',13,'Andrea','Conti','2-mar-1994','Difensore'),
  ('049275','UC Sampdoria',6,'Albin','Ekdal','28-jul-1989','Centrocampista'),
  ('075942','UC Sampdoria',88,'Tomás','Rincón','13-jan-1988','Centrocampista'),
  ('216179','UC Sampdoria',5,'Stefano','Sensi','5-aug-1995','Centrocampista'),
  ('226524','UC Sampdoria',2,'Morten','Thorsby','5-may-1996','Centrocampista'),
  ('434676','UC Sampdoria',14,'Ronaldo','Vieira','19-jul-1998','Centrocampista'),
  ('574495','UC Sampdoria',16,'Kristoffer','Askildsen','9-jan-2001','Centrocampista'),
  ('487839','UC Sampdoria',70,'Simone','Trimboli','19-apr-2002','Centrocampista'),
  ('025488','UC Sampdoria',87,'Antonio','Candreva','28-feb-1987','Centrocampista'),
  ('340394','UC Sampdoria',11,'Abdelhamid','Sabiri','28-nov-1996','Centrocampista'),
  ('540941','UC Sampdoria',38,'Mikkel','Damsgaard','3-jul-2000','Attaccante'),
  ('052312','UC Sampdoria',21,'Sebastian','Giovinco','26-jan-1987','Attaccante'),
  ('112343','UC Sampdoria',23,'Manolo','Gabbiadini','26-nov-1991','Attaccante'),
  ('419061','UC Sampdoria',7,'Vladyslav','Supryaga','15-feb-2000','Attaccante'),
  ('084765','UC Sampdoria',10,'Francesco','Caputo','6-aug-1987','Attaccante'),
  ('022328','UC Sampdoria',27,'Fabio','Quagliarella','31-jan-1983','Attaccante'),
  ('085528','Udinese Calcio',1,'Marco','Silvestri','2-mar-1991','Portiere'),
  ('027807','Udinese Calcio',20,'Daniele','Padelli','25-oct-1985','Portiere'),
  ('487828','Udinese Calcio',31,'Manuel','Gasparini','19-may-2002','Portiere'),
  ('130388','Udinese Calcio',29,'Antonio','Santurro','29-feb-1992','Portiere'),
  ('104597','Udinese Calcio',17,'Bram','Nuytinck','4-may-1990','Difensore'),
  ('210178','Udinese Calcio',22,'Pablo','Marí','31-aug-1993','Difensore'),
  ('410158','Udinese Calcio',50,'Rodrigo Becão','null','19-jan-1996','Difensore'),
  ('491693','Udinese Calcio',2,'Nehuén','Pérez','24-jun-2000','Difensore'),
  ('293168','Udinese Calcio',28,'Filip','Benkovic','13-jul-1997','Difensore'),
  ('556385','Udinese Calcio',13,'Destiny','Udogie','28-nov-2002','Difensore'),
  ('092899','Udinese Calcio',4,'Marvin','Zeegelaar','12-aug-1990','Difensore'),
  ('424042','Udinese Calcio',16,'Nahuel','Molina','6-apr-1998','Difensore'),
  ('546880','Udinese Calcio',93,'Brandon','Soppy','21-feb-2002','Difensore'),
  ('069646','Udinese Calcio',19,'Jens','Stryger Larsen','21-feb-1991','Difensore'),
  ('323954','Udinese Calcio',11,'Walace','null','4-apr-1995','Centrocampista'),
  ('047513','Udinese Calcio',8,'Mato','Jajalo','25-may-1988','Centrocampista'),
  ('322305','Udinese Calcio',6,'Jean-Victor','Makengo','12-jun-1998','Centrocampista'),
  ('053536','Udinese Calcio',5,'Tolgay','Arslan','16-aug-1990','Centrocampista'),
  ('465279','Udinese Calcio',25,'Marco','Ballarini','28-mar-2001','Centrocampista'),
  ('112302','Udinese Calcio',37,'Roberto','Pereyra','7-jan-1991','Centrocampista'),
  ('528833','Udinese Calcio',24,'Lazar','Samardzic','24-feb-2002','Centrocampista'),
  ('129476','Udinese Calcio',10,'Gerard','Deulofeu','13-mar-1994','Attaccante'),
  ('595809','Udinese Calcio',9,'Beto','null','31-jan-1998','Attaccante'),
  ('283528','Udinese Calcio',23,'Ignacio','Pussetto','21-dec-1995','Attaccante'),
  ('295331','Udinese Calcio',7,'Isaac','Success','7-jan-1996','Attaccante'),
  ('054581','Udinese Calcio',30,'Ilija','Nestorovski','12-mar-1990','Attaccante'),
  ('030690','Venezia FC',88,'Sergio','Romero','22-feb-1987','Portiere'),
  ('135747','Venezia FC',12,'Luca','Lezzerini','24-mar-1995','Portiere'),
  ('012359','Venezia FC',1,'Niki','Mäenpää','23-jan-1985','Portiere'),
  ('323929','Venezia FC',34,'Bruno','Bertinato','31-may-1998','Portiere'),
  ('616228','Venezia FC',91,'Filippo','Neri','4-dec-2002','Portiere'),
  ('392771','Venezia FC',44,'Ethan','Ampadu','14-sep-2000','Difensore'),
  ('197470','Venezia FC',31,'Mattia','Caldara','5-may-1994','Difensore'),
  ('239099','Venezia FC',32,'Pietro','Ceccaroni','21-dec-1995','Difensore'),
  ('438961','Venezia FC',30,'Michael','Svoboda','15-oct-1998','Difensore'),
  ('198873','Venezia FC',13,'Marco','Modolo','23-mar-1989','Difensore'),
  ('228444','Venezia FC',55,'Ridgeciano','Haps','12-jun-1993','Difensore'),
  ('239934','Venezia FC',19,'Maximilian','Ullmann','17-jun-1996','Difensore'),
  ('021972','Venezia FC',3,'Cristian','Molinaro','30-jul-1983','Difensore'),
  ('309944','Venezia FC',22,'Tyronne','Ebuehi','16-dec-1995','Difensore'),
  ('242078','Venezia FC',37,'Ales','Mateju','3-jun-1996','Difensore'),
  ('204987','Venezia FC',42,'Dor','Peretz','17-may-1995','Centrocampista'),
  ('287875','Venezia FC',16,'Luca','Fiordilino','25-jul-1996','Centrocampista'),
  ('102984','Venezia FC',5,'Antonio Junior','Vacca','13-may-1990','Centrocampista'),
  ('504209','Venezia FC',27,'Gianluca','Busio','28-may-2002','Centrocampista'),
  ('344600','Venezia FC',21,'Michaël','Cuisance','16-aug-1999','Centrocampista'),
  ('670096','Venezia FC',8,'Tanner','Tessmann','24-sep-2001','Centrocampista'),
  ('393804','Venezia FC',23,'Sofian','Kiyine','2-oct-1997','Centrocampista'),
  ('216599','Venezia FC',33,'Domen','Crnigoj','18-nov-1995','Centrocampista'),
  ('200188','Venezia FC',10,'Mattia','Aramu','14-may-1995','Centrocampista'),
  ('377665','Venezia FC',11,'Arnór','Sigurdsson','15-may-1999','Centrocampista'),
  ('033706','Venezia FC',20,'Nani','null','17-nov-1986','Attaccante'),
  ('406042','Venezia FC',17,'Dennis','Johnsen','17-feb-1998','Attaccante'),
  ('225055','Venezia FC',9,'Jean-Pierre','Nsame','1-may-1993','Attaccante'),
  ('412513','Venezia FC',14,'Thomas','Henry','20-sep-1994','Attaccante'),
  ('413605','Venezia FC',77,'David','Okereke','29-aug-1997','Attaccante'),
  ('286047','FC Empoli',13,'Guglielmo','Vicario','7-oct-1996','Portiere'),
  ('163652','FC Empoli',22,'Jacopo','Furlan','22-feb-1993','Portiere'),
  ('042744','FC Empoli',1,'Samir','Ujkani','5-jul-1988','Portiere'),
  ('493702','FC Empoli',42,'Mattia','Viti','24-jan-2002','Difensore'),
  ('278531','FC Empoli',33,'Sebastiano','Luperto','6-sep-1996','Difensore'),
  ('435228','FC Empoli',34,'Ardian','Ismajli','30-sep-1996','Difensore'),
  ('111347','FC Empoli',26,'Lorenzo','Tonelli','17-jan-1990','Difensore'),
  ('088706','FC Empoli',6,'Simone','Romagnoli','9-feb-1990','Difensore'),
  ('547985','FC Empoli',65,'Fabiano','Parisi','9-nov-2000','Difensore'),
  ('297645','FC Empoli',3,'Riccardo','Marchizza','26-mar-1998','Difensore'),
  ('469211','FC Empoli',21,'Liberato','Cacace','27-sep-2000','Difensore'),
  ('183841','FC Empoli',30,'Petar','Stojanovic','7-oct-1995','Difensore'),
  ('197745','FC Empoli',20,'Riccardo','Fiamozzi','18-may-1993','Difensore'),
  ('171159','FC Empoli',5,'Leo','Stulac','26-sep-1994','Centrocampista'),
  ('543771','FC Empoli',23,'Kristjan','Asllani','9-mar-2002','Centrocampista'),
  ('201040','FC Empoli',15,'Marco','Benassi','8-sep-1994','Centrocampista'),
  ('387234','FC Empoli',27,'Szymon','Zurkowski','25-sep-1997','Centrocampista'),
  ('192638','FC Empoli',32,'Nicolas','Haas','23-jan-1996','Centrocampista'),
  ('193867','FC Empoli',8,'Liam','Henderson','25-apr-1996','Centrocampista'),
  ('162961','FC Empoli',7,'Valerio','Verre','11-jan-1994','Centrocampista'),
  ('240934','FC Empoli',25,'Filippo','Bandinelli','29-mar-1995','Centrocampista'),
  ('390177','FC Empoli',10,'Nedim','Bajrami','28-feb-1999','Centrocampista'),
  ('641537','FC Empoli',35,'Tommaso','Baldanzi','23-mar-2003','Centrocampista'),
  ('038607','FC Empoli',11,'Federico','Di Francesco','14-jun-1994','Attaccante'),
  ('315865','FC Empoli',99,'Andrea','Pinamonti','19-may-1999','Attaccante'),
  ('265078','FC Empoli',9,'Patrick','Cutrone','3-jan-1998','Attaccante'),
  ('134983','FC Empoli',19,'Andrea','La Mantia','6-may-1991','Attaccante'),
  ('603891','FC Empoli',17,'Emmanuel','Ekong','25-jun-2002','Attaccante'),
  ('197929','Spezia Calcio',94,'Ivan','Provedel','17-mar-1994','Portiere'),
  ('079045','Spezia Calcio',1,'Jeroen','Zoet','6-jan-1991','Portiere'),
  ('602299','Spezia Calcio',40,'Petar','Zovko','25-mar-2002','Portiere'),
  ('357003','Spezia Calcio',28,'Martin','Erlic','24-jan-1998','Difensore'),
  ('292772','Spezia Calcio',43,'Dimitrios','Nikolaou','13-aug-1998','Difensore'),
  ('372809','Spezia Calcio',15,'Petko','Hristov','1-mar-1999','Difensore'),
  ('632831','Spezia Calcio',77,'Nicolò','Bertola','23-mar-2003','Difensore'),
  ('257751','Spezia Calcio',20,'Simone','Bastoni','5-nov-1996','Difensore'),
  ('268178','Spezia Calcio',13,'Arkadiusz','Reca','17-jun-1995','Difensore'),
  ('344072','Spezia Calcio',27,'Kelvin','Amian','8-feb-1998','Difensore'),
  ('624548','Spezia Calcio',21,'Salva','Ferrer','21-jan-1998','Difensore'),
  ('435213','Spezia Calcio',88,'Léo Sena','null','31-dec-1995','Centrocampista'),
  ('425918','Spezia Calcio',14,'Jakub','Kiwior','15-feb-2000','Centrocampista'),
  ('344595','Spezia Calcio',39,'Aurélien','Nguiamba','18-jan-1999','Centrocampista'),
  ('353796','Spezia Calcio',25,'Giulio','Maggiore','12-mar-1998','Centrocampista'),
  ('131731','Spezia Calcio',6,'Mehdi','Bourabia','7-aug-1991','Centrocampista'),
  ('579294','Spezia Calcio',31,'Aimar','Sher','20-dec-2002','Centrocampista'),
  ('096806','Spezia Calcio',7,'Jacopo','Sala','5-dec-1991','Centrocampista'),
  ('632829','Spezia Calcio',80,'Niccolò','Pietra','28-sep-2003','Centrocampista'),
  ('203842','Spezia Calcio',8,'Viktor','Kovalenko','14-feb-1996','Centrocampista'),
  ('567217','Spezia Calcio',19,'Ebrima','Colley','1-feb-2000','Attaccante'),
  ('241076','Spezia Calcio',11,'Emmanuel','Gyasi','11-jan-1994','Attaccante'),
  ('587458','Spezia Calcio',33,'Kevin','Agudelo','14-nov-1998','Attaccante'),
  ('256361','Spezia Calcio',10,'Daniele','Verde','20-jun-1996','Attaccante'),
  ('540827','Spezia Calcio',17,'Suf','Podgoreanu','20-jan-2002','Attaccante'),
  ('459661','Spezia Calcio',29,'Eddie','Salcedo','1-oct-2001','Attaccante'),
  ('538974','Spezia Calcio',22,'Janis','Antiste','18-aug-2002','Attaccante'),
  ('354814','Spezia Calcio',18,'M''Bala','Nzola','18-aug-1996','Attaccante'),
  ('482836','Spezia Calcio',44,'David','Strelec','4-apr-2001','Attaccante'),
  ('308278','Spezia Calcio',9,'Rey','Manaj','24-feb-1997','Attaccante'),
  ('581912','Spezia Calcio',99,'Diego','Zuppel','13-oct-2002','Attaccante'),
  ('099254','US Salernitana 1919',55,'Luigi','Sepe','8-may-1991','Portiere'),
  ('073090','US Salernitana 1919',72,'Vid','Belec','6-jun-1990','Portiere'),
  ('055000','US Salernitana 1919',1,'Vincenzo','Fiorillo','13-jan-1990','Portiere'),
  ('541282','US Salernitana 1919',12,'Antonio','Russo','1-feb-2000','Portiere'),
  ('568559','US Salernitana 1919',25,'Radu','Dragusin','3-feb-2002','Difensore'),
  ('240786','US Salernitana 1919',31,'Riccardo','Gagliolo','28-apr-1990','Difensore'),
  ('050617','US Salernitana 1919',6,'Stefan','Strandberg','25-jul-1990','Difensore'),
  ('205054','US Salernitana 1919',23,'Norbert','Gyomber','3-jul-1992','Difensore'),
  ('111433','US Salernitana 1919',5,'Frédéric','Veseli','20-nov-1992','Difensore'),
  ('045314','US Salernitana 1919',17,'Federico','Fazio','17-mar-1987','Difensore'),
  ('393904','US Salernitana 1919',33,'Filippo','Delli Carri','3-may-1999','Difensore'),
  ('346561','US Salernitana 1919',19,'Luca','Ranieri','23-apr-1999','Difensore'),
  ('616631','US Salernitana 1919',3,'Matteo','Ruggeri','11-jul-2002','Difensore'),
  ('287600','US Salernitana 1919',4,'Pawel','Jaroszynski','2-oct-1994','Difensore'),
  ('250153','US Salernitana 1919',30,'Pasquale','Mazzocchi','27-jul-1995','Difensore'),
  ('084766','US Salernitana 1919',14,'Francesco','Di Tacchio','20-apr-1990','Centrocampista'),
  ('046105','US Salernitana 1919',16,'Ivan','Radovanovic','29-aug-1988','Centrocampista'),
  ('136133','US Salernitana 1919',8,'Andrea','Schiavone','25-feb-1993','Centrocampista'),
  ('607854','US Salernitana 1919',13,'Éderson','null','7-jul-1999','Centrocampista'),
  ('472161','US Salernitana 1919',2,'Mamadou','Coulibaly','3-feb-1999','Centrocampista'),
  ('386552','US Salernitana 1919',18,'Lassana','Coulibaly','10-apr-1996','Centrocampista'),
  ('406806','US Salernitana 1919',15,'Emil','Bohinen','12-mar-1999','Centrocampista'),
  ('298635','US Salernitana 1919',20,'Grigoris','Kastanos','30-jan-1998','Centrocampista'),
  ('084442','US Salernitana 1919',28,'Leonardo','Capezzi','28-mar-1995','Centrocampista'),
  ('045581','US Salernitana 1919',22,'Joel','Obi','22-may-1991','Centrocampista'),
  ('407885','US Salernitana 1919',24,'Wajdi','Kechrida','5-nov-1995','Centrocampista'),
  ('392966','US Salernitana 1919',21,'Nadir','Zortea','19-jun-1999','Centrocampista'),
  ('130360','US Salernitana 1919',10,'Simone','Verdi','12-jul-1992','Centrocampista'),
  ('054984','US Salernitana 1919',88,'Diego','Perotti','26-jul-1988','Attaccante'),
  ('022068','US Salernitana 1919',7,'Franck','Ribéry','7-apr-1983','Attaccante'),
  ('291422','US Salernitana 1919',99,'Lys','Mousset','8-feb-1996','Attaccante'),
  ('241527','US Salernitana 1919',9,'Federico','Bonazzoli','21-may-1997','Attaccante'),
  ('642689','US Salernitana 1919',87,'Mikael','null','28-may-1999','Attaccante'),
  ('067556','US Salernitana 1919',11,'Milan','Djuric','22-may-1990','Attaccante'),
  ('421780','US Salernitana 1919',63,'Edoardo','Vergani','6-feb-2001','Attaccante');

insert into Partite values
  ('IT100000',2,'AC Milan','Cagliari Calcio',4,1),
  ('IT100001',3,'AC Milan','SS Lazio',2,0),
  ('IT100002',5,'AC Milan','Venezia FC',2,0),
  ('IT100003',8,'AC Milan','Hellas Verona',3,2),
  ('IT100004',10,'AC Milan','Torino FC',1,0),
  ('IT100005',12,'AC Milan','Inter Milan',1,1),
  ('IT100006',14,'AC Milan','US Sassuolo',1,3),
  ('IT100007',16,'AC Milan','US Salernitana 1919',2,0),
  ('IT100008',18,'AC Milan','SSC Napoli',0,1),
  ('IT100009',1,'Inter Milan','Genoa CFC',4,0),
  ('IT100010',4,'Inter Milan','Bologna FC 1909',6,1),
  ('IT100011',6,'Inter Milan','Atalanta BC',2,2),
  ('IT100012',9,'Inter Milan','Juventus FC',1,1),
  ('IT100013',11,'Inter Milan','Udinese Calcio',2,0),
  ('IT100014',13,'Inter Milan','SSC Napoli',3,2),
  ('IT100015',15,'Inter Milan','Spezia Calcio',2,0),
  ('IT100016',17,'Inter Milan','Cagliari Calcio',4,0),
  ('IT100017',19,'Inter Milan','Torino FC',1,0),
  ('IT100018',1,'SSC Napoli','Venezia FC',2,0),
  ('IT100019',3,'SSC Napoli','Juventus FC',2,1),
  ('IT100020',6,'SSC Napoli','Cagliari Calcio',2,0),
  ('IT100021',8,'SSC Napoli','Torino FC',1,0),
  ('IT100022',10,'SSC Napoli','Bologna FC 1909',3,0),
  ('IT100023',12,'SSC Napoli','Hellas Verona',1,1),
  ('IT100024',14,'SSC Napoli','SS Lazio',4,0),
  ('IT100025',16,'SSC Napoli','Atalanta BC',2,3),
  ('IT100026',17,'SSC Napoli','FC Empoli',0,1),
  ('IT100027',19,'SSC Napoli','Spezia Calcio',0,1),
  ('IT100028',2,'Juventus FC','FC Empoli',0,1),
  ('IT100029',4,'Juventus FC','AC Milan',1,1),
  ('IT100030',6,'Juventus FC','UC Sampdoria',3,2),
  ('IT100031',8,'Juventus FC','AS Roma',1,0),
  ('IT100032',10,'Juventus FC','US Sassuolo',1,2),
  ('IT100033',12,'Juventus FC','ACF Fiorentina',1,0),
  ('IT100034',14,'Juventus FC','Atalanta BC',0,1),
  ('IT100035',16,'Juventus FC','Genoa CFC',2,0),
  ('IT100036',19,'Juventus FC','Cagliari Calcio',2,0),
  ('IT100037',1,'AS Roma','ACF Fiorentina',3,1),
  ('IT100038',3,'AS Roma','US Sassuolo',2,1),
  ('IT100039',5,'AS Roma','Udinese Calcio',1,0),
  ('IT100040',7,'AS Roma','FC Empoli',2,0),
  ('IT100041',9,'AS Roma','SSC Napoli',0,0),
  ('IT100042',11,'AS Roma','AC Milan',1,2),
  ('IT100043',14,'AS Roma','Torino FC',1,0),
  ('IT100044',16,'AS Roma','Inter Milan',0,3),
  ('IT100045',17,'AS Roma','Spezia Calcio',2,0),
  ('IT100046',19,'AS Roma','UC Sampdoria',1,1),
  ('IT100047',2,'Atalanta BC','Bologna FC 1909',0,0),
  ('IT100048',3,'Atalanta BC','ACF Fiorentina',1,2),
  ('IT100049',5,'Atalanta BC','US Sassuolo',2,1),
  ('IT100050',7,'Atalanta BC','AC Milan',2,3),
  ('IT100051',9,'Atalanta BC','Udinese Calcio',1,1),
  ('IT100052',11,'Atalanta BC','SS Lazio',2,2),
  ('IT100053',13,'Atalanta BC','Spezia Calcio',5,2),
  ('IT100054',15,'Atalanta BC','Venezia FC',4,0),
  ('IT100055',18,'Atalanta BC','AS Roma',1,4),
  ('IT100056',2,'SS Lazio','Spezia Calcio',6,1),
  ('IT100057',4,'SS Lazio','Cagliari Calcio',2,2),
  ('IT100058',6,'SS Lazio','AS Roma',3,2),
  ('IT100059',8,'SS Lazio','Inter Milan',3,1),
  ('IT100060',10,'SS Lazio','ACF Fiorentina',1,0),
  ('IT100061',12,'SS Lazio','US Salernitana 1919',3,0),
  ('IT100062',13,'SS Lazio','Juventus FC',0,2),
  ('IT100063',15,'SS Lazio','Udinese Calcio',4,4),
  ('IT100064',18,'SS Lazio','Genoa CFC',3,1),
  ('IT100065',2,'ACF Fiorentina','Torino FC',2,1),
  ('IT100066',5,'ACF Fiorentina','Inter Milan',1,3),
  ('IT100067',7,'ACF Fiorentina','SSC Napoli',1,2),
  ('IT100068',9,'ACF Fiorentina','Cagliari Calcio',3,0),
  ('IT100069',11,'ACF Fiorentina','Spezia Calcio',3,0),
  ('IT100070',13,'ACF Fiorentina','AC Milan',4,3),
  ('IT100071',15,'ACF Fiorentina','UC Sampdoria',3,1),
  ('IT100072',17,'ACF Fiorentina','US Salernitana 1919',4,0),
  ('IT100073',18,'ACF Fiorentina','US Sassuolo',2,2),
  ('IT100074',1,'Hellas Verona','US Sassuolo',2,3),
  ('IT100075',2,'Hellas Verona','Inter Milan',1,3),
  ('IT100076',4,'Hellas Verona','AS Roma',3,2),
  ('IT100077',7,'Hellas Verona','Spezia Calcio',4,0),
  ('IT100078',9,'Hellas Verona','SS Lazio',4,1),
  ('IT100079',11,'Hellas Verona','Juventus FC',2,1),
  ('IT100080',13,'Hellas Verona','FC Empoli',2,1),
  ('IT100081',15,'Hellas Verona','Cagliari Calcio',0,0),
  ('IT100082',17,'Hellas Verona','Atalanta BC',1,2),
  ('IT100083',19,'Hellas Verona','ACF Fiorentina',1,1),
  ('IT100084',2,'US Sassuolo','UC Sampdoria',0,0),
  ('IT100085',4,'US Sassuolo','Torino FC',0,1),
  ('IT100086',6,'US Sassuolo','US Salernitana 1919',1,0),
  ('IT100087',7,'US Sassuolo','Inter Milan',1,2),
  ('IT100088',9,'US Sassuolo','Venezia FC',3,1),
  ('IT100089',11,'US Sassuolo','FC Empoli',1,2),
  ('IT100090',13,'US Sassuolo','Cagliari Calcio',2,2),
  ('IT100091',15,'US Sassuolo','SSC Napoli',2,2),
  ('IT100092',17,'US Sassuolo','SS Lazio',2,1),
  ('IT100093',19,'US Sassuolo','Bologna FC 1909',0,3),
  ('IT100094',1,'Torino FC','Atalanta BC',1,2),
  ('IT100095',3,'Torino FC','US Salernitana 1919',4,0),
  ('IT100096',5,'Torino FC','SS Lazio',1,1),
  ('IT100097',7,'Torino FC','Juventus FC',0,1),
  ('IT100098',9,'Torino FC','Genoa CFC',3,2),
  ('IT100099',11,'Torino FC','UC Sampdoria',3,0),
  ('IT100100',13,'Torino FC','Udinese Calcio',2,1),
  ('IT100101',15,'Torino FC','FC Empoli',2,2),
  ('IT100102',17,'Torino FC','Bologna FC 1909',2,1),
  ('IT100103',18,'Torino FC','Hellas Verona',1,0),
  ('IT100104',1,'Bologna FC 1909','US Salernitana 1919',3,2),
  ('IT100105',3,'Bologna FC 1909','Hellas Verona',1,0),
  ('IT100106',5,'Bologna FC 1909','Genoa CFC',2,2),
  ('IT100107',7,'Bologna FC 1909','SS Lazio',3,0),
  ('IT100108',9,'Bologna FC 1909','AC Milan',2,4),
  ('IT100109',11,'Bologna FC 1909','Cagliari Calcio',2,0),
  ('IT100110',13,'Bologna FC 1909','Venezia FC',0,1),
  ('IT100111',15,'Bologna FC 1909','AS Roma',1,0),
  ('IT100112',16,'Bologna FC 1909','ACF Fiorentina',2,3),
  ('IT100113',18,'Bologna FC 1909','Juventus FC',0,2),
  ('IT100114',1,'FC Empoli','SS Lazio',1,3),
  ('IT100115',3,'FC Empoli','Venezia FC',1,2),
  ('IT100116',4,'FC Empoli','UC Sampdoria',0,3),
  ('IT100117',6,'FC Empoli','Bologna FC 1909',4,2),
  ('IT100118',8,'FC Empoli','Atalanta BC',1,4),
  ('IT100119',10,'FC Empoli','Inter Milan',0,2),
  ('IT100120',12,'FC Empoli','Genoa CFC',2,2),
  ('IT100121',14,'FC Empoli','ACF Fiorentina',2,1),
  ('IT100122',16,'FC Empoli','Udinese Calcio',3,1),
  ('IT100123',19,'FC Empoli','AC Milan',2,4),
  ('IT100124',1,'Udinese Calcio','Juventus FC',2,2),
  ('IT100125',2,'Udinese Calcio','Venezia FC',3,0),
  ('IT100126',4,'Udinese Calcio','SSC Napoli',0,4),
  ('IT100127',6,'Udinese Calcio','ACF Fiorentina',0,1),
  ('IT100128',8,'Udinese Calcio','Bologna FC 1909',1,1),
  ('IT100129',10,'Udinese Calcio','Hellas Verona',1,1),
  ('IT100130',12,'Udinese Calcio','US Sassuolo',3,2),
  ('IT100131',14,'Udinese Calcio','Genoa CFC',0,0),
  ('IT100132',17,'Udinese Calcio','AC Milan',1,1),
  ('IT100133',19,'Udinese Calcio','US Salernitana 1919',0,0),
  ('IT100134',1,'UC Sampdoria','AC Milan',0,1),
  ('IT100135',3,'UC Sampdoria','Inter Milan',2,2),
  ('IT100136',5,'UC Sampdoria','SSC Napoli',0,4),
  ('IT100137',7,'UC Sampdoria','Udinese Calcio',3,3),
  ('IT100138',9,'UC Sampdoria','Spezia Calcio',2,1),
  ('IT100139',10,'UC Sampdoria','Atalanta BC',1,3),
  ('IT100140',12,'UC Sampdoria','Bologna FC 1909',1,2),
  ('IT100141',14,'UC Sampdoria','Hellas Verona',3,1),
  ('IT100142',16,'UC Sampdoria','SS Lazio',1,3),
  ('IT100143',18,'UC Sampdoria','Venezia FC',1,1),
  ('IT100144',3,'Spezia Calcio','Udinese Calcio',0,1),
  ('IT100145',5,'Spezia Calcio','Juventus FC',2,3),
  ('IT100146',6,'Spezia Calcio','AC Milan',1,2),
  ('IT100147',8,'Spezia Calcio','US Salernitana 1919',2,1),
  ('IT100148',10,'Spezia Calcio','Genoa CFC',1,1),
  ('IT100149',12,'Spezia Calcio','Torino FC',1,0),
  ('IT100150',14,'Spezia Calcio','Bologna FC 1909',0,1),
  ('IT100151',16,'Spezia Calcio','US Sassuolo',2,2),
  ('IT100152',18,'Spezia Calcio','FC Empoli',1,1),
  ('IT100153',1,'Cagliari Calcio','Spezia Calcio',2,2),
  ('IT100154',3,'Cagliari Calcio','Genoa CFC',2,3),
  ('IT100155',5,'Cagliari Calcio','FC Empoli',0,2),
  ('IT100156',7,'Cagliari Calcio','Venezia FC',1,1),
  ('IT100157',8,'Cagliari Calcio','UC Sampdoria',3,1),
  ('IT100158',10,'Cagliari Calcio','AS Roma',1,2),
  ('IT100159',12,'Cagliari Calcio','Atalanta BC',1,2),
  ('IT100160',14,'Cagliari Calcio','US Salernitana 1919',1,1),
  ('IT100161',16,'Cagliari Calcio','Torino FC',1,1),
  ('IT100162',18,'Cagliari Calcio','Udinese Calcio',0,4),
  ('IT100163',4,'Venezia FC','Spezia Calcio',1,2),
  ('IT100164',6,'Venezia FC','Torino FC',1,1),
  ('IT100165',8,'Venezia FC','ACF Fiorentina',1,0),
  ('IT100166',10,'Venezia FC','US Salernitana 1919',1,2),
  ('IT100167',12,'Venezia FC','AS Roma',3,2),
  ('IT100168',14,'Venezia FC','Inter Milan',0,2),
  ('IT100169',16,'Venezia FC','Hellas Verona',3,4),
  ('IT100170',17,'Venezia FC','Juventus FC',1,1),
  ('IT100171',19,'Venezia FC','SS Lazio',1,3),
  ('IT100172',2,'Genoa CFC','SSC Napoli',1,2),
  ('IT100173',4,'Genoa CFC','ACF Fiorentina',1,2),
  ('IT100174',6,'Genoa CFC','Hellas Verona',3,3),
  ('IT100175',8,'Genoa CFC','US Sassuolo',2,2),
  ('IT100176',11,'Genoa CFC','Venezia FC',0,0),
  ('IT100177',13,'Genoa CFC','AS Roma',0,2),
  ('IT100178',15,'Genoa CFC','AC Milan',0,3),
  ('IT100179',17,'Genoa CFC','UC Sampdoria',1,3),
  ('IT100180',19,'Genoa CFC','Atalanta BC',0,0),
  ('IT100181',2,'US Salernitana 1919','AS Roma',0,4),
  ('IT100182',4,'US Salernitana 1919','Atalanta BC',0,1),
  ('IT100183',5,'US Salernitana 1919','Hellas Verona',2,2),
  ('IT100184',7,'US Salernitana 1919','Genoa CFC',1,0),
  ('IT100185',9,'US Salernitana 1919','FC Empoli',2,4),
  ('IT100186',11,'US Salernitana 1919','SSC Napoli',0,1),
  ('IT100187',13,'US Salernitana 1919','UC Sampdoria',0,2),
  ('IT100188',15,'US Salernitana 1919','Juventus FC',0,2),
  ('IT100189',18,'US Salernitana 1919','Inter Milan',0,5);

insert into Gol values
  ('IT100000',12,'397033',false),
  ('IT100000',15,'235931',false),
  ('IT100000',17,'357164',false),
  ('IT100000',24,'082442',false),
  ('IT100000',43,'082442',false),
  ('IT100001',45,'357164',false),
  ('IT100001',66,'003455',false),
  ('IT100002',68,'314678',false),
  ('IT100002',82,'339808',false),
  ('IT100003',7,'146752',false),
  ('IT100003',24,'272261',false),
  ('IT100003',59,'082442',false),
  ('IT100003',76,'294808',false),
  ('IT100003',78,'115763',true),
  ('IT100004',14,'082442',false),
  ('IT100005',11,'126414',false),
  ('IT100005',17,'111196',true),
  ('IT100006',21,'197747',false),
  ('IT100006',24,'315867',false),
  ('IT100006',33,'048859',true),
  ('IT100006',66,'177843',false),
  ('IT100007',5,'294808',false),
  ('IT100007',18,'381950',false),
  ('IT100008',5,'400489',false),
  ('IT100009',6,'204069',false),
  ('IT100009',14,'126414',false),
  ('IT100009',74,'037666',false),
  ('IT100009',87,'028396',false),
  ('IT100010',6,'406625',false),
  ('IT100010',30,'204069',false),
  ('IT100010',34,'255942',false),
  ('IT100010',54,'143812',false),
  ('IT100010',63,'028396',false),
  ('IT100010',68,'028396',false),
  ('IT100010',86,'368891',false),
  ('IT100011',5,'406625',false),
  ('IT100011',30,'207877',false),
  ('IT100011',38,'072441',false),
  ('IT100011',71,'028396',false),
  ('IT100012',17,'028396',false),
  ('IT100012',89,'206050',false),
  ('IT100013',60,'227081',false),
  ('IT100013',68,'227081',false),
  ('IT100014',17,'181136',false),
  ('IT100014',25,'126414',false),
  ('IT100014',44,'042460',false),
  ('IT100014',61,'406625',false),
  ('IT100014',79,'056416',false),
  ('IT100015',36,'197471',false),
  ('IT100015',58,'406625',false),
  ('IT100016',29,'406625',false),
  ('IT100016',50,'040433',false),
  ('IT100016',66,'126414',false),
  ('IT100016',68,'406625',false),
  ('IT100017',30,'321528',false),
  ('IT100018',62,'133964',false),
  ('IT100018',72,'400489',false),
  ('IT100019',10,'128223',false),
  ('IT100019',57,'165895',false),
  ('IT100019',85,'093128',false),
  ('IT100020',11,'401923',false),
  ('IT100020',57,'133964',false),
  ('IT100021',81,'401923',false),
  ('IT100022',18,'350219',false),
  ('IT100022',41,'133964',false),
  ('IT100022',62,'133964',false),
  ('IT100023',13,'282388',false),
  ('IT100023',18,'169880',false),
  ('IT100024',7,'181136',false),
  ('IT100024',10,'056416',false),
  ('IT100024',29,'056416',false),
  ('IT100024',85,'350219',false),
  ('IT100025',7,'207877',false),
  ('IT100025',40,'181136',false),
  ('IT100025',47,'056416',false),
  ('IT100025',66,'340879',false),
  ('IT100025',71,'148252',false),
  ('IT100026',70,'265078',false),
  ('IT100029',4,'128223',false),
  ('IT100029',76,'187587',false),
  ('IT100030',10,'206050',false),
  ('IT100030',43,'039983',false),
  ('IT100030',44,'081789',false),
  ('IT100030',57,'265088',false),
  ('IT100030',83,'025488',false),
  ('IT100031',16,'364135',false),
  ('IT100032',44,'394300',false),
  ('IT100032',76,'332697',false),
  ('IT100032',94,'290862',false),
  ('IT100033',91,'091970',false),
  ('IT100034',28,'073794',false),
  ('IT100035',9,'091970',false),
  ('IT100035',82,'206050',false),
  ('IT100036',40,'364135',false),
  ('IT100036',83,'197300',false),
  ('IT100037',26,'055735',false),
  ('IT100037',60,'413507',false),
  ('IT100037',64,'164771',false),
  ('IT100037',79,'164771',false),
  ('IT100038',37,'199248',false),
  ('IT100038',57,'094307',false),
  ('IT100038',91,'094529',false),
  ('IT100039',36,'331726',false),
  ('IT100040',42,'286297',false),
  ('IT100040',48,'055735',false),
  ('IT100042',25,'003455',false),
  ('IT100042',57,'294808',false),
  ('IT100042',93,'094529',false),
  ('IT100043',32,'331726',false),
  ('IT100044',15,'126414',false),
  ('IT100044',24,'028396',false),
  ('IT100044',39,'321528',false),
  ('IT100045',6,'103427',false),
  ('IT100046',72,'358166',false),
  ('IT100046',80,'112343',false),
  ('IT100048',33,'357498',false),
  ('IT100048',49,'357498',false),
  ('IT100048',65,'073794',false),
  ('IT100049',3,'273132',false),
  ('IT100049',37,'173859',false),
  ('IT100049',44,'177843',false),
  ('IT100050',1,'262523',false),
  ('IT100050',42,'397033',false),
  ('IT100050',78,'357164',false),
  ('IT100050',86,'073794',false),
  ('IT100050',94,'205938',false),
  ('IT100051',56,'207877',false),
  ('IT100052',46,'073794',false),
  ('IT100052',74,'105521',false),
  ('IT100052',94,'133179',false),
  ('IT100053',11,'354814',false),
  ('IT100053',18,'205938',false),
  ('IT100053',38,'073794',false),
  ('IT100053',41,'205938',false),
  ('IT100053',83,'119228',false),
  ('IT100053',89,'207877',false),
  ('IT100053',91,'354814',false),
  ('IT100054',7,'205938',false),
  ('IT100054',12,'205938',false),
  ('IT100054',57,'360518',false),
  ('IT100054',67,'205938',false),
  ('IT100055',1,'331726',false),
  ('IT100055',27,'392085',false),
  ('IT100055',46,'199248',true),
  ('IT100055',72,'103427',false),
  ('IT100055',82,'331726',false),
  ('IT100056',4,'256361',false),
  ('IT100056',5,'105521',false),
  ('IT100056',15,'105521',false),
  ('IT100056',47,'105521',false),
  ('IT100056',70,'200056',false),
  ('IT100057',45,'105521',false),
  ('IT100057',62,'238752',false),
  ('IT100057',83,'199733',false),
  ('IT100058',10,'266302',false),
  ('IT100058',69,'164771',false),
  ('IT100059',12,'042460',false),
  ('IT100059',64,'105521',false),
  ('IT100059',91,'266302',false),
  ('IT100061',31,'105521',false),
  ('IT100062',23,'039983',false),
  ('IT100062',83,'039983',false),
  ('IT100063',34,'105521',false),
  ('IT100063',44,'424042',false),
  ('IT100063',56,'266302',false),
  ('IT100063',79,'131075',false),
  ('IT100063',99,'053536',false),
  ('IT100064',75,'131075',false),
  ('IT100064',81,'283735',false),
  ('IT100064',86,'315862',false),
  ('IT100065',41,'486031',false),
  ('IT100065',69,'357498',false),
  ('IT100065',89,'130360',false),
  ('IT100066',23,'386455',false),
  ('IT100066',52,'054906',false),
  ('IT100066',55,'028396',false),
  ('IT100066',87,'042460',false),
  ('IT100067',28,'373373',false),
  ('IT100067',38,'316889',false),
  ('IT100067',50,'257732',false),
  ('IT100068',21,'124555',false),
  ('IT100068',42,'486031',false),
  ('IT100068',49,'357498',false),
  ('IT100069',44,'357498',false),
  ('IT100069',62,'357498',false),
  ('IT100069',74,'357498',false),
  ('IT100070',15,'184894',false),
  ('IT100070',46,'088909',false),
  ('IT100070',60,'357498',false),
  ('IT100070',62,'003455',false),
  ('IT100070',67,'003455',false),
  ('IT100070',85,'357498',false),
  ('IT100070',96,'240219',true),
  ('IT100071',15,'112343',false),
  ('IT100071',23,'061253',false),
  ('IT100071',32,'357498',false),
  ('IT100071',45,'386455',false),
  ('IT100072',31,'057280',false),
  ('IT100072',51,'357498',false),
  ('IT100072',84,'357498',false),
  ('IT100072',90,'324377',false),
  ('IT100073',32,'315867',false),
  ('IT100073',37,'394300',false),
  ('IT100073',51,'357498',false),
  ('IT100073',61,'318077',false),
  ('IT100074',32,'405885',false),
  ('IT100074',51,'094307',false),
  ('IT100074',71,'283735',false),
  ('IT100074',77,'391065',false),
  ('IT100074',90,'283735',false),
  ('IT100075',15,'470794',false),
  ('IT100075',47,'406625',false),
  ('IT100075',83,'227081',false),
  ('IT100075',94,'227081',false),
  ('IT100076',36,'286297',false),
  ('IT100076',49,'272261',false),
  ('IT100076',54,'146752',false),
  ('IT100076',58,'470794',true),
  ('IT100076',63,'073926',false),
  ('IT100077',4,'282388',false),
  ('IT100077',15,'073926',false),
  ('IT100077',42,'146752',false),
  ('IT100077',71,'140757',false),
  ('IT100078',30,'282388',false),
  ('IT100078',36,'282388',false),
  ('IT100078',46,'105521',false),
  ('IT100078',62,'282388',false),
  ('IT100078',92,'282388',false),
  ('IT100079',11,'282388',false),
  ('IT100079',14,'282388',false),
  ('IT100079',80,'332697',false),
  ('IT100080',49,'272261',false),
  ('IT100080',67,'088706',false),
  ('IT100080',91,'157507',false),
  ('IT100082',22,'282388',false),
  ('IT100082',37,'255450',false),
  ('IT100082',62,'360518',false),
  ('IT100083',17,'131951',false),
  ('IT100083',81,'303116',false),
  ('IT100085',83,'205940',false),
  ('IT100086',54,'177843',false),
  ('IT100087',22,'177843',false),
  ('IT100087',58,'028396',false),
  ('IT100087',78,'406625',false),
  ('IT100088',32,'413605',false),
  ('IT100088',37,'177843',false),
  ('IT100088',50,'412513',true),
  ('IT100088',67,'394300',false),
  ('IT100089',43,'111347',true),
  ('IT100089',83,'315865',false),
  ('IT100089',92,'387234',false),
  ('IT100090',37,'315867',false),
  ('IT100090',40,'238752',false),
  ('IT100090',51,'177843',false),
  ('IT100091',51,'350219',false),
  ('IT100091',59,'056416',false),
  ('IT100091',71,'315867',false),
  ('IT100091',89,'277167',false),
  ('IT100092',6,'283735',false),
  ('IT100092',63,'177843',false),
  ('IT100092',69,'405885',false),
  ('IT100093',36,'368482',false),
  ('IT100093',44,'591949',false),
  ('IT100093',94,'099180',false),
  ('IT100094',6,'119228',false),
  ('IT100094',79,'167727',false),
  ('IT100094',93,'432092',false),
  ('IT100095',45,'234523',false),
  ('IT100095',87,'392538',false),
  ('IT100095',91,'245056',false),
  ('IT100096',76,'205940',false),
  ('IT100096',91,'105521',false),
  ('IT100097',86,'265088',false),
  ('IT100098',14,'234523',false),
  ('IT100098',31,'392538',false),
  ('IT100098',70,'088683',false),
  ('IT100098',77,'293169',false),
  ('IT100098',81,'037834',false),
  ('IT100099',17,'129588',false),
  ('IT100099',52,'648779',false),
  ('IT100099',93,'167727',false),
  ('IT100100',8,'293169',false),
  ('IT100101',10,'392538',false),
  ('IT100101',15,'205940',false),
  ('IT100101',34,'088706',false),
  ('IT100101',72,'134983',false),
  ('IT100102',24,'234523',false),
  ('IT100102',69,'126673',true),
  ('IT100102',79,'368482',false),
  ('IT100103',26,'392538',false),
  ('IT100104',52,'241527',false),
  ('IT100104',59,'033571',false),
  ('IT100104',70,'472161',false),
  ('IT100104',74,'041384',false),
  ('IT100104',77,'033571',false),
  ('IT100105',78,'342405',false),
  ('IT100106',49,'591949',false),
  ('IT100106',55,'088683',false),
  ('IT100106',85,'041384',false),
  ('IT100106',89,'044136',false),
  ('IT100107',14,'486624',false),
  ('IT100107',17,'368891',false),
  ('IT100107',68,'591949',false),
  ('IT100108',16,'357164',false),
  ('IT100108',35,'262523',false),
  ('IT100108',49,'003455',true),
  ('IT100108',52,'486624',false),
  ('IT100108',84,'351816',false),
  ('IT100108',90,'003455',false),
  ('IT100109',49,'033571',false),
  ('IT100109',96,'041384',false),
  ('IT100110',61,'413605',false),
  ('IT100111',35,'342405',false),
  ('IT100112',33,'324377',false),
  ('IT100112',42,'486624',false),
  ('IT100112',51,'124555',false),
  ('IT100112',67,'357498',false),
  ('IT100112',83,'591949',false),
  ('IT100113',6,'128223',false),
  ('IT100113',69,'091970',false),
  ('IT100114',4,'240934',false),
  ('IT100114',6,'266302',false),
  ('IT100114',31,'331401',false),
  ('IT100114',41,'105521',false),
  ('IT100115',13,'412513',false),
  ('IT100115',68,'413605',false),
  ('IT100115',89,'390177',false),
  ('IT100116',31,'084765',false),
  ('IT100116',52,'084765',false),
  ('IT100116',70,'025488',false),
  ('IT100117',1,'247377',true),
  ('IT100117',11,'486624',false),
  ('IT100117',32,'315865',false),
  ('IT100117',54,'390177',false),
  ('IT100117',77,'041384',false),
  ('IT100117',90,'467992',false),
  ('IT100118',11,'080351',false),
  ('IT100118',26,'080351',false),
  ('IT100118',30,'038607',false),
  ('IT100118',49,'493702',true),
  ('IT100118',89,'073794',false),
  ('IT100119',34,'055769',false),
  ('IT100119',66,'198116',false),
  ('IT100120',13,'044136',false),
  ('IT100120',62,'038607',false),
  ('IT100120',71,'387234',false),
  ('IT100121',57,'357498',false),
  ('IT100121',87,'240934',false),
  ('IT100121',89,'315865',false),
  ('IT100122',22,'129476',false),
  ('IT100122',49,'183841',false),
  ('IT100122',59,'390177',false),
  ('IT100122',78,'315865',false),
  ('IT100123',12,'294808',false),
  ('IT100123',18,'390177',false),
  ('IT100123',42,'294808',false),
  ('IT100123',62,'130365',false),
  ('IT100123',69,'339808',false),
  ('IT100123',84,'315865',false),
  ('IT100124',3,'206050',false),
  ('IT100124',23,'091970',false),
  ('IT100124',51,'112302',false),
  ('IT100124',83,'129476',false),
  ('IT100125',29,'283528',false),
  ('IT100125',70,'129476',false),
  ('IT100125',93,'424042',false),
  ('IT100126',24,'401923',false),
  ('IT100126',35,'257732',false),
  ('IT100126',52,'093128',false),
  ('IT100126',84,'316889',false),
  ('IT100127',16,'357498',false),
  ('IT100128',67,'486624',false),
  ('IT100129',3,'295331',false),
  ('IT100129',83,'272261',false),
  ('IT100130',8,'129476',false),
  ('IT100130',15,'177843',false),
  ('IT100130',28,'394300',false),
  ('IT100130',39,'394300',true),
  ('IT100132',92,'003455',false),
  ('IT100134',9,'314678',false),
  ('IT100135',18,'198116',false),
  ('IT100135',33,'081789',false),
  ('IT100135',44,'406625',false),
  ('IT100135',47,'284595',false),
  ('IT100136',10,'401923',false),
  ('IT100136',39,'350219',false),
  ('IT100136',50,'401923',false),
  ('IT100136',59,'181136',false),
  ('IT100137',15,'112302',false),
  ('IT100137',24,'069646',true),
  ('IT100137',48,'022328',false),
  ('IT100137',69,'025488',false),
  ('IT100138',15,'241076',true),
  ('IT100138',36,'025488',false),
  ('IT100138',95,'256361',false),
  ('IT100139',10,'084765',false),
  ('IT100139',17,'574495',true),
  ('IT100139',21,'073794',false),
  ('IT100139',95,'080351',false),
  ('IT100140',47,'342405',false),
  ('IT100140',77,'226524',false),
  ('IT100140',78,'041384',false),
  ('IT100141',37,'157507',false),
  ('IT100141',51,'025488',false),
  ('IT100141',77,'049275',false),
  ('IT100141',90,'171399',false),
  ('IT100142',7,'266302',false),
  ('IT100142',17,'105521',false),
  ('IT100142',37,'105521',false),
  ('IT100142',89,'112343',false),
  ('IT100143',1,'112343',false),
  ('IT100143',87,'412513',false),
  ('IT100144',89,'528833',false),
  ('IT100145',28,'364135',false),
  ('IT100145',33,'241076',false),
  ('IT100145',49,'538974',false),
  ('IT100145',66,'341092',false),
  ('IT100145',72,'326031',false),
  ('IT100146',48,'539134',false),
  ('IT100146',80,'256361',false),
  ('IT100146',86,'314678',false),
  ('IT100147',51,'482836',false),
  ('IT100147',76,'203842',false),
  ('IT100148',66,'025508',true),
  ('IT100148',86,'044136',false),
  ('IT100149',58,'096806',false),
  ('IT100150',83,'041384',false),
  ('IT100151',35,'308278',false),
  ('IT100151',47,'241076',false),
  ('IT100151',66,'405885',false),
  ('IT100151',79,'405885',false),
  ('IT100152',50,'297645',true),
  ('IT100152',71,'292772',true),
  ('IT100153',7,'241076',false),
  ('IT100153',58,'257751',false),
  ('IT100154',56,'102745',false),
  ('IT100154',59,'088683',false),
  ('IT100154',69,'287700',false),
  ('IT100154',78,'287700',false),
  ('IT100155',29,'038607',false),
  ('IT100155',69,'171159',false),
  ('IT100156',19,'238752',false),
  ('IT100156',92,'504209',false),
  ('IT100157',82,'226524',false),
  ('IT100158',52,'064793',false),
  ('IT100158',78,'286297',false),
  ('IT100159',6,'205938',false),
  ('IT100159',43,'073794',false),
  ('IT100160',73,'064793',false),
  ('IT100160',90,'241527',false),
  ('IT100161',31,'481834',true),
  ('IT100162',4,'322305',false),
  ('IT100162',45,'129476',false),
  ('IT100162',50,'424042',false),
  ('IT100162',69,'129476',false),
  ('IT100163',13,'257751',false),
  ('IT100163',59,'239099',false),
  ('IT100163',94,'131731',false),
  ('IT100164',56,'293169',false),
  ('IT100164',78,'200188',false),
  ('IT100165',36,'200188',false),
  ('IT100166',14,'200188',false),
  ('IT100166',61,'241527',false),
  ('IT100166',95,'136133',false),
  ('IT100167',3,'197470',false),
  ('IT100167',43,'358166',false),
  ('IT100167',47,'331726',false),
  ('IT100167',65,'200188',false),
  ('IT100167',74,'413605',false),
  ('IT100168',34,'126414',false),
  ('IT100168',95,'406625',false),
  ('IT100169',12,'239099',false),
  ('IT100169',19,'216599',false),
  ('IT100169',28,'412513',false),
  ('IT100169',52,'412513',true),
  ('IT100169',65,'146752',false),
  ('IT100169',67,'282388',false),
  ('IT100169',85,'282388',false),
  ('IT100170',32,'128223',false),
  ('IT100170',55,'200188',false),
  ('IT100171',48,'131075',false),
  ('IT100172',39,'350219',false),
  ('IT100172',69,'459658',false),
  ('IT100172',84,'199258',false),
  ('IT100173',60,'088909',false),
  ('IT100173',89,'057280',false),
  ('IT100173',98,'044136',false),
  ('IT100174',8,'282388',false),
  ('IT100174',49,'272261',false),
  ('IT100174',77,'044136',false),
  ('IT100174',80,'088683',false),
  ('IT100174',85,'088683',false),
  ('IT100175',17,'315867',false),
  ('IT100175',21,'315867',false),
  ('IT100175',27,'088683',false),
  ('IT100175',90,'532937',false),
  ('IT100177',82,'872380',false),
  ('IT100177',94,'872380',false),
  ('IT100178',10,'003455',false),
  ('IT100178',46,'449151',false),
  ('IT100178',61,'449151',false),
  ('IT100179',7,'112343',false),
  ('IT100179',49,'084765',false),
  ('IT100179',67,'338672',true),
  ('IT100179',78,'088683',false),
  ('IT100181',48,'286297',false),
  ('IT100181',52,'164771',false),
  ('IT100181',69,'331726',false),
  ('IT100181',79,'286297',false),
  ('IT100182',75,'073794',false),
  ('IT100183',76,'472161',false),
  ('IT100184',66,'067556',false),
  ('IT100185',2,'315865',false),
  ('IT100185',11,'265078',false),
  ('IT100185',13,'050617',true),
  ('IT100185',45,'315865',false),
  ('IT100185',48,'346561',false),
  ('IT100185',55,'435228',true),
  ('IT100186',61,'181136',false),
  ('IT100187',40,'084766',true),
  ('IT100187',43,'025488',false),
  ('IT100188',21,'206050',false),
  ('IT100188',70,'128223',false),
  ('IT100189',11,'042460',false),
  ('IT100189',33,'321528',false),
  ('IT100189',51,'040433',false),
  ('IT100189',77,'406625',false),
  ('IT100189',87,'197471',false);
