/* File created by scraping https://www.transfermarkt.com using Antonio Cardin's program */

insert into Squadre values
  ('Parma Calcio 1913','Parma','Iachini'),
  ('AC Monza','Monza','Stroppa'),
  ('Brescia Calcio','Brescia','Inzaghi'),
  ('Pisa Sporting Club','Pisa','D''Angelo'),
  ('US Lecce','Lecce','Baroni'),
  ('Benevento Calcio','Benevento','Caserta'),
  ('SPAL','Ferrara','Venturato'),
  ('US Cremonese','Cremona','Pecchia'),
  ('FC Crotone','Crotone','Modesto'),
  ('Frosinone Calcio','Frosinone','Grosso'),
  ('Cosenza Calcio','Cosenza','Bisoli'),
  ('LR Vicenza','Vicenza','Brocchi'),
  ('Como 1907','Como','Gattuso'),
  ('Reggina 1914','Reggio Calabria','Stellone'),
  ('Ternana Calcio','Terni','Lucarelli'),
  ('Ascoli Calcio','Ascoli Piceno','Sottil'),
  ('AC Perugia Calcio','Perugia','Alvini'),
  ('AS Cittadella','Cittadella','Gorini'),
  ('US Alessandria Calcio 1912','Alessandria','Longo'),
  ('Pordenone Calcio','Pordenone','Tedino');

insert into Giocatori values
  ('005023','Parma Calcio 1913',1,'Gianluigi','Buffon','28-jan-1978','Portiere'),
  ('057285','Parma Calcio 1913',34,'Simone','Colombi','1-jul-1991','Portiere'),
  ('700643','Parma Calcio 1913',22,'Martin','Turk','21-aug-2003','Portiere'),
  ('625202','Parma Calcio 1913',30,'Lautaro','Valenti','14-jan-1999','Difensore'),
  ('419723','Parma Calcio 1913',25,'Elias','Cobbaut','24-nov-1997','Difensore'),
  ('358165','Parma Calcio 1913',24,'Yordan','Osorio','10-may-1994','Difensore'),
  ('543727','Parma Calcio 1913',4,'Botond','Balogh','6-jun-2002','Difensore'),
  ('621965','Parma Calcio 1913',3,'Daan','Dierckx','24-feb-2003','Difensore'),
  ('032816','Parma Calcio 1913',5,'Danilo','null','10-may-1984','Difensore'),
  ('591361','Parma Calcio 1913',50,'Jayden','Oosterwolde','26-apr-2001','Difensore'),
  ('613781','Parma Calcio 1913',20,'Vasilios','Zagaritis','4-may-2001','Difensore'),
  ('197743','Parma Calcio 1913',44,'Filippo','Costa','21-may-1995','Difensore'),
  ('392956','Parma Calcio 1913',15,'Enrico','Del Prato','10-nov-1999','Difensore'),
  ('592975','Parma Calcio 1913',26,'Woyo','Coulibaly','26-may-1999','Difensore'),
  ('094936','Parma Calcio 1913',null,'Vincent','Laurini','10-jun-1989','Difensore'),
  ('074448','Parma Calcio 1913',90,'Andrea','Rispoli','29-sep-1988','Difensore'),
  ('507486','Parma Calcio 1913',19,'Simon','Sohm','11-apr-2001','Centrocampista'),
  ('388125','Parma Calcio 1913',11,'Stanko','Juric','16-aug-1996','Centrocampista'),
  ('056762','Parma Calcio 1913',21,'Pasquale','Schiattarella','30-may-1987','Centrocampista'),
  ('466802','Parma Calcio 1913',16,'Adrián','Bernabé','26-may-2001','Centrocampista'),
  ('301236','Parma Calcio 1913',7,'Francesco','Cassata','16-jul-1997','Centrocampista'),
  ('614742','Parma Calcio 1913',23,'Drissa','Camara','18-feb-2002','Centrocampista'),
  ('495668','Parma Calcio 1913',29,'Aliou','Traoré','8-jan-2001','Centrocampista'),
  ('076163','Parma Calcio 1913',10,'Franco','Vázquez','22-feb-1989','Centrocampista'),
  ('466268','Parma Calcio 1913',8,'Juan','Brunetta','12-may-1997','Centrocampista'),
  ('479648','Parma Calcio 1913',77,'Félix','Correia','22-jan-2001','Attaccante'),
  ('397486','Parma Calcio 1913',98,'Dennis','Man','26-aug-1998','Attaccante'),
  ('199274','Parma Calcio 1913',null,'Mattia','Sprocati','28-apr-1993','Attaccante'),
  ('012563','Parma Calcio 1913',27,'Goran','Pandev','27-jul-1983','Attaccante'),
  ('202979','Parma Calcio 1913',9,'Gennaro','Tutino','20-aug-1996','Attaccante'),
  ('194549','Parma Calcio 1913',99,'Simy','null','7-may-1992','Attaccante'),
  ('159337','Parma Calcio 1913',45,'Roberto','Inglese','12-nov-1991','Attaccante'),
  ('454386','Parma Calcio 1913',17,'Adrian','Benedyczak','24-nov-2000','Attaccante'),
  ('827734','Parma Calcio 1913',37,'Ange-Yoan','Bonny','25-oct-2003','Attaccante'),
  ('301238','AC Monza',16,'Michele','Di Gregorio','27-jul-1997','Portiere'),
  ('085240','AC Monza',1,'Eugenio','Lamanna','7-aug-1989','Portiere'),
  ('312773','AC Monza',12,'Daniele','Sommariva','18-jul-1997','Portiere'),
  ('630812','AC Monza',22,'Stefano','Rubbi','30-jul-2002','Portiere'),
  ('357995','AC Monza',18,'Davide','Bettella','7-apr-2000','Difensore'),
  ('487834','AC Monza',98,'Lorenzo','Pirola','20-feb-2002','Difensore'),
  ('088680','AC Monza',5,'Luca','Caldirola','1-feb-1991','Difensore'),
  ('227347','AC Monza',26,'Valentin','Antov','9-nov-2000','Difensore'),
  ('124769','AC Monza',34,'Luca','Marrone','28-mar-1990','Difensore'),
  ('030767','AC Monza',29,'Gabriel','Paletta','15-feb-1986','Difensore'),
  ('088684','AC Monza',2,'Giulio','Donati','5-feb-1990','Difensore'),
  ('160357','AC Monza',31,'Mario','Sampirisi','31-oct-1992','Difensore'),
  ('146680','AC Monza',8,'Andrea','Barberis','11-dec-1993','Centrocampista'),
  ('085208','AC Monza',23,'Matteo','Scozzarella','5-jun-1988','Centrocampista'),
  ('554397','AC Monza',20,'Antonis','Siatounis','26-aug-2002','Centrocampista'),
  ('226025','AC Monza',4,'Luca','Mazzitelli','15-nov-1995','Centrocampista'),
  ('167741','AC Monza',10,'Mattia','Valoti','6-sep-1993','Centrocampista'),
  ('392959','AC Monza',28,'Andrea','Colpani','11-may-1999','Centrocampista'),
  ('355104','AC Monza',7,'José','Machín','14-aug-1996','Centrocampista'),
  ('459128','AC Monza',33,'Marco','Brescianini','20-jan-2000','Centrocampista'),
  ('314965','AC Monza',13,'Pedro','Pereira','22-jan-1998','Centrocampista'),
  ('163582','AC Monza',79,'Salvatore','Molina','1-jan-1992','Centrocampista'),
  ('585982','AC Monza',30,'Carlos Augusto','null','7-jan-1999','Centrocampista'),
  ('123742','AC Monza',21,'Gastón','Ramírez','2-dec-1990','Centrocampista'),
  ('650966','AC Monza',80,'Samuele','Vignato','24-feb-2004','Centrocampista'),
  ('255838','AC Monza',84,'Patrick','Ciurria','9-feb-1995','Attaccante'),
  ('099232','AC Monza',77,'Marco','D''Alessandro','17-feb-1991','Attaccante'),
  ('347253','AC Monza',47,'Dany','Mota','2-may-1998','Attaccante'),
  ('160344','AC Monza',11,'Leonardo','Mancuso','26-may-1992','Attaccante'),
  ('340151','AC Monza',19,'Andrea','Favilli','17-may-1997','Attaccante'),
  ('076274','AC Monza',9,'Christian','Gytkjaer','6-may-1990','Attaccante'),
  ('131758','Brescia Calcio',1,'Jesse','Joronen','21-mar-1993','Portiere'),
  ('240675','Brescia Calcio',12,'Simone','Perilli','7-jan-1995','Portiere'),
  ('234880','Brescia Calcio',22,'Lorenzo','Andrenacci','2-jan-1995','Portiere'),
  ('704282','Brescia Calcio',33,'Paolo','Prandini','12-may-2003','Portiere'),
  ('337381','Brescia Calcio',15,'Andrea','Cistana','1-apr-1997','Difensore'),
  ('503619','Brescia Calcio',32,'Andrea','Papetti','3-jul-2002','Difensore'),
  ('395805','Brescia Calcio',14,'Massimiliano','Mangraviti','24-jan-1998','Difensore'),
  ('163212','Brescia Calcio',6,'Davide','Adorni','9-aug-1992','Difensore'),
  ('190634','Brescia Calcio',29,'Marko','Pajac','11-may-1993','Difensore'),
  ('588997','Brescia Calcio',19,'Matthieu','Huard','9-may-1998','Difensore'),
  ('367795','Brescia Calcio',2,'Fran','Karacic','12-may-1996','Difensore'),
  ('167491','Brescia Calcio',3,'Stefano','Sabelli','13-jan-1993','Difensore'),
  ('420189','Brescia Calcio',5,'Tom','van de Looi','2-jul-1999','Centrocampista'),
  ('021905','Brescia Calcio',30,'Valon','Behrami','19-apr-1985','Centrocampista'),
  ('536458','Brescia Calcio',31,'Lorenzo','Andreoli','15-jan-2001','Centrocampista'),
  ('163216','Brescia Calcio',25,'Dimitri','Bisoli','25-mar-1994','Centrocampista'),
  ('242813','Brescia Calcio',24,'Filip','Jagiello','8-aug-1997','Centrocampista'),
  ('287651','Brescia Calcio',23,'Federico','Proia','4-feb-1996','Centrocampista'),
  ('394352','Brescia Calcio',26,'Massimo','Bertagnoli','26-feb-1999','Centrocampista'),
  ('539132','Brescia Calcio',28,'Giacomo','Olzer','14-apr-2001','Centrocampista'),
  ('475410','Brescia Calcio',27,'Matteo','Tramoni','20-jan-2000','Attaccante'),
  ('348601','Brescia Calcio',37,'Mehdi','Léris','23-may-1998','Attaccante'),
  ('243239','Brescia Calcio',7,'Nikolas','Spalek','12-feb-1997','Attaccante'),
  ('372713','Brescia Calcio',20,'Florian','Ayé','19-jan-1997','Attaccante'),
  ('263267','Brescia Calcio',11,'Riad','Bajić','6-may-1994','Attaccante'),
  ('279823','Brescia Calcio',9,'Stefano','Moreo','30-jun-1993','Attaccante'),
  ('364132','Brescia Calcio',18,'Flavio','Bianchi','24-jan-2000','Attaccante'),
  ('039099','Brescia Calcio',8,'Rodrigo','Palacio','5-feb-1982','Attaccante'),
  ('099523','Pisa Sporting Club',1,'Nícolas','null','12-apr-1988','Portiere'),
  ('295766','Pisa Sporting Club',22,'Alessandro','Livieri','21-jan-1997','Portiere'),
  ('416587','Pisa Sporting Club',25,'Vladan','Dekić','10-aug-1999','Portiere'),
  ('383778','Pisa Sporting Club',12,'Matteo','Kucich','1-oct-1998','Portiere'),
  ('451310','Pisa Sporting Club',3,'Maxime','Leverbe','15-feb-1997','Difensore'),
  ('187147','Pisa Sporting Club',6,'Hjörtur','Hermannsson','8-feb-1995','Difensore'),
  ('149525','Pisa Sporting Club',4,'Antonio','Caracciolo','30-jun-1990','Difensore'),
  ('459535','Pisa Sporting Club',33,'Davide','De Marino','17-mar-2000','Difensore'),
  ('381370','Pisa Sporting Club',20,'Pietro','Beruatto','21-dec-1998','Difensore'),
  ('461019','Pisa Sporting Club',19,'Samuele','Birindelli','19-jul-1999','Difensore'),
  ('213952','Pisa Sporting Club',2,'Filippo','Berra','6-feb-1995','Difensore'),
  ('671302','Pisa Sporting Club',23,'Tommaso','Fischer','11-may-2003','Difensore'),
  ('368559','Pisa Sporting Club',16,'Ádám','Nagy','17-jun-1995','Centrocampista'),
  ('052188','Pisa Sporting Club',27,'Robert','Gucher','20-feb-1991','Centrocampista'),
  ('062725','Pisa Sporting Club',30,'Alessandro','De Vitis','15-feb-1992','Centrocampista'),
  ('379163','Pisa Sporting Club',8,'Marius','Marin','30-aug-1998','Centrocampista'),
  ('121402','Pisa Sporting Club',5,'Ahmad','Benali','7-feb-1992','Centrocampista'),
  ('335516','Pisa Sporting Club',15,'Idrissa','Touré','29-apr-1998','Centrocampista'),
  ('085502','Pisa Sporting Club',28,'Davide','Di Quinzio','28-apr-1989','Centrocampista'),
  ('097192','Pisa Sporting Club',7,'Nicholas','Siega','25-feb-1991','Centrocampista'),
  ('408026','Pisa Sporting Club',11,'Yonatan','Cohen','29-jun-1996','Attaccante'),
  ('163078','Pisa Sporting Club',77,'Davide','Marsura','20-feb-1994','Attaccante'),
  ('397950','Pisa Sporting Club',18,'Giuseppe','Mastinu','9-oct-1991','Attaccante'),
  ('572265','Pisa Sporting Club',9,'Lorenzo','Lucca','10-sep-2000','Attaccante'),
  ('159883','Pisa Sporting Club',10,'Ernesto','Torregrossa','28-jun-1992','Attaccante'),
  ('208690','Pisa Sporting Club',31,'George','Puscas','8-apr-1996','Attaccante'),
  ('424275','Pisa Sporting Club',17,'Giuseppe','Sibilli','7-aug-1996','Attaccante'),
  ('082751','Pisa Sporting Club',26,'Gaetano','Masucci','26-oct-1984','Attaccante'),
  ('357991','US Lecce',22,'Alessandro','Plizzari','12-mar-2000','Portiere'),
  ('079242','US Lecce',21,'Gabriel','null','27-sep-1992','Portiere'),
  ('215167','US Lecce',1,'Marco','Bleve','18-oct-1995','Portiere'),
  ('163647','US Lecce',44,'Kastriot','Dermaku','15-jan-1992','Difensore'),
  ('073943','US Lecce',13,'Alessandro','Tuia','8-jun-1990','Difensore'),
  ('226093','US Lecce',6,'Lorenco','Simic','15-jul-1996','Difensore'),
  ('160561','US Lecce',5,'Fabio','Lucioni','25-sep-1987','Difensore'),
  ('241889','US Lecce',30,'Antonio','Barreca','18-mar-1995','Difensore'),
  ('392516','US Lecce',25,'Antonino','Gallo','5-jan-2000','Difensore'),
  ('240897','US Lecce',33,'Arturo','Calabresi','17-mar-1996','Difensore'),
  ('569387','US Lecce',17,'Valentin','Gendrey','21-jun-2000','Difensore'),
  ('164231','US Lecce',null,'Romario','Benzar','26-mar-1992','Difensore'),
  ('461496','US Lecce',42,'Morten','Hjulmand','25-jun-1999','Centrocampista'),
  ('236041','US Lecce',29,'Alexis','Blin','16-sep-1996','Centrocampista'),
  ('167796','US Lecce',24,'Paolo','Faragò','12-feb-1993','Centrocampista'),
  ('180805','US Lecce',37,'Zan','Majer','25-jul-1992','Centrocampista'),
  ('242469','US Lecce',8,'Mario','Gargiulo','26-mar-1996','Centrocampista'),
  ('413942','US Lecce',23,'John','Björkengren','9-dec-1998','Centrocampista'),
  ('488996','US Lecce',14,'Thórir Jóhann','Helgason','28-sep-2000','Centrocampista'),
  ('238950','US Lecce',10,'Francesco','Di Mariano','20-apr-1996','Attaccante'),
  ('102470','US Lecce',7,'Antonino','Ragusa','27-mar-1990','Attaccante'),
  ('457673','US Lecce',27,'Gabriel Strefezza','null','18-apr-1997','Attaccante'),
  ('291276','US Lecce',19,'Marcin','Listkowski','10-feb-1998','Attaccante'),
  ('537765','US Lecce',99,'Pablo','Rodríguez','4-aug-2001','Attaccante'),
  ('033763','US Lecce',9,'Massimo','Coda','10-nov-1988','Attaccante'),
  ('340260','US Lecce',90,'Raúl','Asencio','20-may-1998','Attaccante'),
  ('163048','Benevento Calcio',29,'Alberto','Paleari','29-aug-1992','Portiere'),
  ('139743','Benevento Calcio',12,'Nicolò','Manfredini','1-may-1988','Portiere'),
  ('818543','Benevento Calcio',1,'Gaspare','Muraca','15-mar-2004','Portiere'),
  ('330208','Benevento Calcio',14,'Alessandro','Vogliacco','14-sep-1998','Difensore'),
  ('046552','Benevento Calcio',15,'Kamil','Glik','3-feb-1988','Difensore'),
  ('165873','Benevento Calcio',93,'Federico','Barba','1-sep-1993','Difensore'),
  ('476624','Benevento Calcio',58,'Christian','Pastina','15-feb-2001','Difensore'),
  ('338637','Benevento Calcio',18,'Daam','Foulon','23-mar-1999','Difensore'),
  ('286293','Benevento Calcio',32,'Edoardo','Masciangelo','8-jul-1996','Difensore'),
  ('160560','Benevento Calcio',3,'Gaetano','Letizia','29-jun-1990','Difensore'),
  ('339982','Benevento Calcio',2,'Bright','Gyamfi','20-jan-1996','Difensore'),
  ('301235','Benevento Calcio',5,'Giacomo','Calò','5-feb-1997','Centrocampista'),
  ('403845','Benevento Calcio',24,'Mattia','Viviani','4-sep-2000','Centrocampista'),
  ('218067','Benevento Calcio',17,'Jacopo','Petriccione','22-feb-1995','Centrocampista'),
  ('705288','Benevento Calcio',38,'Angelo','Talia','10-mar-2003','Centrocampista'),
  ('098888','Benevento Calcio',23,'Artur','Ionita','17-aug-1990','Centrocampista'),
  ('331389','Benevento Calcio',8,'Andrés','Tello','6-sep-1996','Centrocampista'),
  ('230826','Benevento Calcio',4,'Gennaro','Acampora','29-mar-1994','Centrocampista'),
  ('163489','Benevento Calcio',16,'Riccardo','Improta','19-dec-1993','Attaccante'),
  ('200174','Benevento Calcio',19,'Roberto','Insigne','11-may-1994','Attaccante'),
  ('392963','Benevento Calcio',7,'Salvatore','Elia','30-jun-1999','Attaccante'),
  ('083877','Benevento Calcio',11,'Diego','Farias','10-may-1990','Attaccante'),
  ('323147','Benevento Calcio',99,'Enrico','Brignola','8-jul-1999','Attaccante'),
  ('130394','Benevento Calcio',9,'Gianluca','Lapadula','7-feb-1990','Attaccante'),
  ('164534','Benevento Calcio',88,'Francesco','Forte','1-may-1993','Attaccante'),
  ('238977','Benevento Calcio',21,'Gabriele','Moncini','26-apr-1996','Attaccante'),
  ('055801','Benevento Calcio',25,'Marco','Sau','3-nov-1987','Attaccante'),
  ('435406','SPAL',22,'Demba','Thiam','5-mar-1998','Portiere'),
  ('034334','SPAL',54,'Enrico','Alfonso','4-may-1988','Portiere'),
  ('082743','SPAL',1,'Alberto','Pomini','17-mar-1981','Portiere'),
  ('240158','SPAL',23,'Francesco','Vicari','3-aug-1994','Difensore'),
  ('238947','SPAL',17,'Elio','Capradossi','11-mar-1996','Difensore'),
  ('473887','SPAL',87,'David','Heidenreich','24-jun-2000','Difensore'),
  ('124002','SPAL',6,'Biagio','Meccariello','27-mar-1991','Difensore'),
  ('555113','SPAL',29,'Patryk','Peda','16-apr-2002','Difensore'),
  ('707219','SPAL',95,'Steven','Nador','23-jun-2002','Difensore'),
  ('357176','SPAL',3,'Alessandro','Tripaldelli','9-feb-1999','Difensore'),
  ('195057','SPAL',91,'Raffaele','Celia','4-mar-1999','Difensore'),
  ('283060','SPAL',24,'Lorenzo','Dickmann','24-sep-1996','Difensore'),
  ('163542','SPAL',27,'Alberto','Almici','11-jan-1993','Difensore'),
  ('464699','SPAL',2,'Mark','Pabai','30-sep-2000','Difensore'),
  ('390160','SPAL',5,'Salvatore','Esposito','7-oct-2000','Centrocampista'),
  ('165900','SPAL',77,'Federico','Viviani','24-mar-1992','Centrocampista'),
  ('343945','SPAL',10,'Niccolò','Zanellato','24-jun-1998','Centrocampista'),
  ('430503','SPAL',40,'Jacopo','Da Riva','27-oct-2000','Centrocampista'),
  ('291400','SPAL',7,'Giovanni','Crociata','11-aug-1997','Centrocampista'),
  ('566615','SPAL',20,'Mikael Egill','Ellertsson','11-mar-2002','Centrocampista'),
  ('164020','SPAL',32,'Marco','Pinato','9-jan-1995','Centrocampista'),
  ('110338','SPAL',19,'Luca','Mora','10-may-1988','Centrocampista'),
  ('073083','SPAL',14,'Franco','Zuculini','5-sep-1990','Centrocampista'),
  ('051736','SPAL',8,'Marco','Mancosu','22-aug-1988','Centrocampista'),
  ('370435','SPAL',97,'Ludovico','D''Orazio','19-feb-2000','Attaccante'),
  ('487843','SPAL',9,'Lorenzo','Colombo','8-mar-2002','Attaccante'),
  ('264514','SPAL',28,'Luca','Vido','3-feb-1997','Attaccante'),
  ('284604','SPAL',18,'Mattia','Finotto','28-dec-1992','Attaccante'),
  ('046060','SPAL',11,'Federico','Melchiorri','6-jan-1987','Attaccante'),
  ('392964','SPAL',99,'Emmanuel','Latte Lath','2-jan-1999','Attaccante'),
  ('019104','SPAL',49,'Giuseppe','Rossi','1-feb-1987','Attaccante'),
  ('459763','US Cremonese',12,'Marco','Carnesecchi','1-jul-2000','Portiere'),
  ('338101','US Cremonese',45,'Mouhamadou','Sarr','5-jan-1997','Portiere'),
  ('466367','US Cremonese',22,'Dorian','Ciezkowski','22-mar-2001','Portiere'),
  ('461833','US Cremonese',55,'Caleb','Okoli','13-jul-2001','Difensore'),
  ('160986','US Cremonese',15,'Matteo','Bianchetti','17-mar-1993','Difensore'),
  ('312341','US Cremonese',6,'Luca','Ravanelli','6-jan-1997','Difensore'),
  ('337149','US Cremonese',13,'Andrea','Meroni','9-jan-1997','Difensore'),
  ('445126','US Cremonese',3,'Emanuele','Valeri','7-dec-1998','Difensore'),
  ('340707','US Cremonese',17,'Leonardo','Sernicola','30-jul-1997','Difensore'),
  ('096758','US Cremonese',23,'Alessandro','Crescenzi','25-sep-1991','Difensore'),
  ('224044','US Cremonese',5,'Tiago','Casasola','11-aug-1995','Difensore'),
  ('386447','US Cremonese',2,'Alessandro','Fiordaliso','20-mar-1999','Difensore'),
  ('623441','US Cremonese',27,'Daniel','Frey','27-feb-2002','Difensore'),
  ('195335','US Cremonese',19,'Michele','Castagnetti','27-dec-1989','Centrocampista'),
  ('432090','US Cremonese',21,'Nicolò','Fagioli','12-feb-2001','Centrocampista'),
  ('287663','US Cremonese',14,'Luca','Valzania','5-mar-1996','Centrocampista'),
  ('281900','US Cremonese',16,'Paolo','Bartolomei','22-aug-1989','Centrocampista'),
  ('358008','US Cremonese',70,'Gianluca','Gaetano','5-may-2000','Centrocampista'),
  ('418571','US Cremonese',99,'Hamza','Rafia','2-apr-1999','Centrocampista'),
  ('238654','US Cremonese',7,'Jaime','Báez','25-apr-1995','Attaccante'),
  ('187384','US Cremonese',10,'Cristian','Buonaiuto','29-dec-1992','Attaccante'),
  ('407265','US Cremonese',98,'Luca','Zanimacchia','19-jul-1998','Attaccante'),
  ('470152','US Cremonese',20,'Dennis','Politic','5-mar-2000','Attaccante'),
  ('213854','US Cremonese',8,'Cedric','Gondo','25-nov-1996','Attaccante'),
  ('045389','US Cremonese',29,'Samuel','Di Carmine','29-sep-1988','Attaccante'),
  ('155802','US Cremonese',11,'Luca','Strizzolo','29-apr-1992','Attaccante'),
  ('029605','US Cremonese',9,'Daniel','Ciofani','31-jul-1985','Attaccante'),
  ('257660','FC Crotone',1,'Marco','Festa','6-jun-1992','Portiere'),
  ('420179','FC Crotone',22,'Gianluca','Saro','25-jun-2000','Portiere'),
  ('045583','FC Crotone',70,'Paolo','Tornaghi','21-jun-1988','Portiere'),
  ('358003','FC Crotone',19,'Simone','Canestrelli','11-sep-2000','Difensore'),
  ('274694','FC Crotone',27,'Ionut','Nedelcearu','25-apr-1996','Difensore'),
  ('365565','FC Crotone',3,'Giuseppe','Cuomo','2-feb-1998','Difensore'),
  ('169841','FC Crotone',5,'Vladimir','Golemic','28-jun-1991','Difensore'),
  ('347588','FC Crotone',6,'Davide','Mondonico','25-may-1997','Difensore'),
  ('500164','FC Crotone',2,'Laurens','Serpe','7-feb-2001','Difensore'),
  ('647701','FC Crotone',26,'Artemijus','Tutyskinas','8-aug-2003','Difensore'),
  ('392570','FC Crotone',29,'Marco','Sala','4-jun-1999','Difensore'),
  ('378260','FC Crotone',16,'David','Schnegg','29-sep-1998','Difensore'),
  ('318058','FC Crotone',21,'Manuel','Nicoletti','9-dec-1998','Difensore'),
  ('324214','FC Crotone',32,'Vasile','Mogos','31-oct-1992','Difensore'),
  ('168189','FC Crotone',14,'Luca','Calapai','20-may-1993','Difensore'),
  ('270901','FC Crotone',7,'Milos','Vulic','19-aug-1996','Centrocampista'),
  ('552472','FC Crotone',8,'Nahuel','Estévez','14-nov-1995','Centrocampista'),
  ('427576','FC Crotone',86,'Theophilus','Awua','24-apr-1998','Centrocampista'),
  ('357997','FC Crotone',44,'Thomas','Schirò','25-apr-2000','Centrocampista'),
  ('373381','FC Crotone',23,'Pasquale','Giannotti','5-jun-1999','Centrocampista'),
  ('522681','FC Crotone',10,'Ben Lhassine','Kone','14-mar-2000','Centrocampista'),
  ('496270','FC Crotone',74,'Gianmarco','Cangiano','16-nov-2001','Attaccante'),
  ('198128','FC Crotone',17,'Manuel','Marras','9-jul-1993','Attaccante'),
  ('331514','FC Crotone',11,'Bobby','Adekanye','14-feb-1999','Attaccante'),
  ('373379','FC Crotone',28,'Giuseppe','Borello','28-apr-1999','Attaccante'),
  ('549791','FC Crotone',24,'Augustus','Kargbo','24-aug-1999','Attaccante'),
  ('457422','FC Crotone',9,'Samuele','Mulattieri','7-oct-2000','Attaccante'),
  ('215649','FC Crotone',99,'Mirko','Maric','16-may-1995','Attaccante'),
  ('390304','Frosinone Calcio',1,'Federico','Ravaglia','11-nov-1999','Portiere'),
  ('197901','Frosinone Calcio',94,'Stefano','Minelli','5-mar-1994','Portiere'),
  ('460034','Frosinone Calcio',22,'Giuseppe','Marcianò','27-may-2000','Portiere'),
  ('509022','Frosinone Calcio',6,'Federico','Gatti','24-jun-1998','Difensore'),
  ('255461','Frosinone Calcio',25,'Przemyslaw','Szyminski','24-jun-1994','Difensore'),
  ('625206','Frosinone Calcio',44,'Adrian Leon','Barisic','19-jul-2001','Difensore'),
  ('109110','Frosinone Calcio',23,'Nicolò','Brighenti','1-aug-1989','Difensore'),
  ('457237','Frosinone Calcio',4,'Sergio','Kalaj','28-jan-2000','Difensore'),
  ('531188','Frosinone Calcio',43,'Milan','Kremenovic','8-mar-2002','Difensore'),
  ('490842','Frosinone Calcio',3,'Lukas','Klitten','1-may-2000','Difensore'),
  ('382567','Frosinone Calcio',29,'Matteo','Cotali','22-apr-1997','Difensore'),
  ('062365','Frosinone Calcio',32,'Salvatore','D''Elia','10-feb-1989','Difensore'),
  ('216872','Frosinone Calcio',11,'Francesco','Zampano','30-sep-1993','Difensore'),
  ('804812','Frosinone Calcio',2,'Anthony','Oyono','12-apr-2001','Difensore'),
  ('198087','Frosinone Calcio',88,'Matteo','Ricci','27-may-1994','Centrocampista'),
  ('240252','Frosinone Calcio',26,'Karlo','Lulic','10-may-1996','Centrocampista'),
  ('441515','Frosinone Calcio',21,'Daniel','Boloca','22-dec-1998','Centrocampista'),
  ('205809','Frosinone Calcio',7,'Marcus','Rohdén','11-may-1991','Centrocampista'),
  ('134369','Frosinone Calcio',34,'Andrea','Tabanelli','2-feb-1990','Centrocampista'),
  ('307427','Frosinone Calcio',77,'Marko','Bozic','14-may-1998','Centrocampista'),
  ('205677','Frosinone Calcio',16,'Luca','Garritano','11-feb-1994','Centrocampista'),
  ('265320','Frosinone Calcio',17,'Emanuele','Cicerelli','12-aug-1994','Attaccante'),
  ('433584','Frosinone Calcio',24,'Alessio','Zerbin','3-mar-1999','Attaccante'),
  ('572658','Frosinone Calcio',15,'Hamza','Haoudi','9-mar-2001','Attaccante'),
  ('459953','Frosinone Calcio',78,'Giacomo','Manzari','21-sep-2000','Attaccante'),
  ('188436','Frosinone Calcio',27,'Luigi','Canotto','19-may-1994','Attaccante'),
  ('395546','Frosinone Calcio',19,'Alessio','Tribuzzi','19-nov-1998','Attaccante'),
  ('660342','Frosinone Calcio',9,'Gabriel','Charpentier','17-may-1999','Attaccante'),
  ('336160','Frosinone Calcio',18,'Andrija','Novakovich','21-sep-1996','Attaccante'),
  ('061511','Frosinone Calcio',28,'Camillo','Ciano','22-feb-1990','Attaccante'),
  ('088595','Cosenza Calcio',26,'Mauro','Vigorito','22-may-1990','Portiere'),
  ('392027','Cosenza Calcio',24,'Edoardo','Sarri','24-jun-1999','Portiere'),
  ('340448','Cosenza Calcio',31,'Kristjan','Matosevic','5-jun-1997','Portiere'),
  ('062716','Cosenza Calcio',23,'Michele','Camporese','19-may-1992','Difensore'),
  ('415520','Cosenza Calcio',55,'Andrea','Hristov','1-mar-1999','Difensore'),
  ('248695','Cosenza Calcio',14,'Andrea','Tiritiello','28-mar-1995','Difensore'),
  ('261095','Cosenza Calcio',15,'Sauli','Väisänen','5-jun-1994','Difensore'),
  ('088705','Cosenza Calcio',5,'Michele','Rigione','7-mar-1991','Difensore'),
  ('250781','Cosenza Calcio',17,'Roberto','Pirrello','30-may-1996','Difensore'),
  ('441611','Cosenza Calcio',16,'Michael','Venturi','23-jan-1999','Difensore'),
  ('606451','Cosenza Calcio',18,'Sanasi','Sy','4-apr-1999','Difensore'),
  ('199767','Cosenza Calcio',94,'Daniele','Liotti','8-jun-1994','Difensore'),
  ('163062','Cosenza Calcio',27,'Luca','Bittante','14-aug-1993','Difensore'),
  ('240357','Cosenza Calcio',19,'Luca','Palmiero','1-may-1996','Centrocampista'),
  ('342098','Cosenza Calcio',42,'Idriz','Voca','15-may-1997','Centrocampista'),
  ('297630','Cosenza Calcio',4,'Marco','Carraro','9-jan-1998','Centrocampista'),
  ('287717','Cosenza Calcio',77,'Emanuele','Ndoj','20-nov-1996','Centrocampista'),
  ('264748','Cosenza Calcio',36,'Rodney','Kongolo','9-jan-1998','Centrocampista'),
  ('619326','Cosenza Calcio',34,'Aldo','Florenzi','2-apr-2002','Centrocampista'),
  ('088690','Cosenza Calcio',25,'Alberto','Gerbo','9-nov-1989','Centrocampista'),
  ('355929','Cosenza Calcio',21,'Andrea','Vallocchia','22-may-1997','Centrocampista'),
  ('457674','Cosenza Calcio',99,'Alessandro','Di Pardo','18-jul-1999','Centrocampista'),
  ('360516','Cosenza Calcio',6,'Reda','Boultam','3-mar-1998','Centrocampista'),
  ('390159','Cosenza Calcio',20,'Vincenzo','Millico','12-aug-2000','Attaccante'),
  ('398030','Cosenza Calcio',10,'Giuseppe','Caso','9-dec-1998','Attaccante'),
  ('138741','Cosenza Calcio',92,'Mario','Situm','4-apr-1992','Attaccante'),
  ('291124','Cosenza Calcio',95,'Gaëtan','Laura','6-aug-1995','Attaccante'),
  ('315859','Cosenza Calcio',9,'Gabriele','Gori','13-feb-1999','Attaccante'),
  ('052428','Cosenza Calcio',32,'Joaquín','Larrivey','20-aug-1984','Attaccante'),
  ('267614','Cosenza Calcio',11,'Julian','Kristoffersen','10-may-1997','Attaccante'),
  ('438021','Cosenza Calcio',7,'Luca','Pandolfi','14-mar-1998','Attaccante'),
  ('250683','LR Vicenza',21,'Nikita','Contini','21-may-1996','Portiere'),
  ('155038','LR Vicenza',22,'Matteo','Grandi','12-oct-1992','Portiere'),
  ('393797','LR Vicenza',98,'Alessandro','Confente','7-jun-1998','Portiere'),
  ('567458','LR Vicenza',1,'Nicolas','Gerardi','7-feb-2003','Portiere'),
  ('056830','LR Vicenza',4,'Sebastien','De Maio','5-mar-1987','Difensore'),
  ('089034','LR Vicenza',17,'Riccardo','Brosco','3-feb-1991','Difensore'),
  ('130380','LR Vicenza',23,'Daniel','Cappelletti','9-oct-1991','Difensore'),
  ('160854','LR Vicenza',14,'Emanuele','Padella','24-sep-1988','Difensore'),
  ('063254','LR Vicenza',13,'Nicola','Pasini','10-apr-1991','Difensore'),
  ('140804','LR Vicenza',94,'Jordan','Lukaku','25-jul-1994','Difensore'),
  ('818134','LR Vicenza',73,'Thomas','Sandon','11-jul-2003','Difensore'),
  ('056618','LR Vicenza',15,'Matteo','Bruscagin','3-aug-1989','Difensore'),
  ('021151','LR Vicenza',35,'Christian','Maggio','11-feb-1982','Difensore'),
  ('091596','LR Vicenza',5,'Anthony','Taugourdeau','3-jun-1989','Centrocampista'),
  ('288121','LR Vicenza',16,'Janio','Bikel','28-jun-1995','Centrocampista'),
  ('489611','LR Vicenza',11,'Filippo','Ranocchia','14-may-2001','Centrocampista'),
  ('199971','LR Vicenza',7,'Michele','Cavion','8-dec-1994','Centrocampista'),
  ('377043','LR Vicenza',6,'Loris','Zonta','22-may-1997','Centrocampista'),
  ('695646','LR Vicenza',20,'Charles','Boli','30-aug-1998','Centrocampista'),
  ('228604','LR Vicenza',26,'Luca','Crecco','6-sep-1995','Centrocampista'),
  ('337670','LR Vicenza',70,'Alessio','Da Cruz','18-jan-1997','Centrocampista'),
  ('537545','LR Vicenza',77,'Stefano','Cester','15-mar-2002','Centrocampista'),
  ('301237','LR Vicenza',34,'Nicola','Dalmonte','13-sep-1997','Attaccante'),
  ('088691','LR Vicenza',10,'Stefano','Giacomelli','30-apr-1990','Attaccante'),
  ('404995','LR Vicenza',9,'Davide','Diaw','6-jan-1992','Attaccante'),
  ('157849','LR Vicenza',91,'Lukasz','Teodorczyk','3-jun-1991','Attaccante'),
  ('659416','LR Vicenza',39,'Tommaso','Mancini','23-jul-2004','Attaccante'),
  ('028936','LR Vicenza',69,'Riccardo','Meggiorini','4-sep-1985','Attaccante'),
  ('244491','Como 1907',66,'Stefano','Gori','9-mar-1996','Portiere'),
  ('045570','Como 1907',1,'Davide','Facchin','29-apr-1987','Portiere'),
  ('431417','Como 1907',12,'Pierre','Bolchini','27-feb-1999','Portiere'),
  ('202834','Como 1907',22,'Luca','Zanotti','29-apr-1994','Portiere'),
  ('163597','Como 1907',23,'Filippo','Scaglia','31-jan-1992','Difensore'),
  ('362981','Como 1907',24,'Marco','Varnier','8-jun-1998','Difensore'),
  ('136135','Como 1907',4,'Matteo','Solini','9-mar-1993','Difensore'),
  ('091914','Como 1907',5,'Davide','Bertoncini','9-may-1991','Difensore'),
  ('265033','Como 1907',44,'Nikolas','Ioannou','10-nov-1995','Difensore'),
  ('418884','Como 1907',33,'Andrea','Cagnano','17-jun-1998','Difensore'),
  ('287367','Como 1907',28,'Luca','Vignali','11-jan-1996','Difensore'),
  ('386829','Como 1907',98,'Edoardo','Bovolon','5-jun-1998','Centrocampista'),
  ('241052','Como 1907',14,'Alessandro','Bellemo','7-aug-1995','Centrocampista'),
  ('199070','Como 1907',21,'Tommaso','Arrigoni','26-feb-1994','Centrocampista'),
  ('200057','Como 1907',8,'Elvis','Kabashi','20-feb-1994','Centrocampista'),
  ('404969','Como 1907',25,'Filippo','Nardi','3-mar-1998','Centrocampista'),
  ('330472','Como 1907',6,'Alessio','Iovine','1-feb-1991','Centrocampista'),
  ('328914','Como 1907',19,'Álex','Blanco','16-dec-1998','Attaccante'),
  ('448538','Como 1907',7,'Moutir','Chajia','4-jun-1998','Attaccante'),
  ('240312','Como 1907',10,'Massimiliano','Gatto','28-oct-1995','Attaccante'),
  ('238981','Como 1907',11,'Vittorio','Parigini','25-mar-1996','Attaccante'),
  ('159902','Como 1907',17,'Amato','Ciciretti','31-dec-1993','Attaccante'),
  ('459149','Como 1907',55,'Lorenzo','Peli','24-jan-2000','Attaccante'),
  ('287876','Como 1907',20,'Antonino','La Gumina','6-mar-1996','Attaccante'),
  ('197751','Como 1907',27,'Alberto','Cerri','16-apr-1996','Attaccante'),
  ('209936','Como 1907',72,'Ettore','Gliozzi','23-sep-1995','Attaccante'),
  ('311333','Como 1907',9,'Alessandro','Gabrielloni','10-jul-1994','Attaccante'),
  ('543666','Reggina 1914',63,'Stefano','Turati','5-sep-2001','Portiere'),
  ('167685','Reggina 1914',12,'Alessandro','Micai','24-jul-1993','Portiere'),
  ('459574','Reggina 1914',22,'Tommaso','Aglietti','29-feb-2000','Portiere'),
  ('644676','Reggina 1914',2,'Bruno','Amione','3-jan-2002','Difensore'),
  ('402970','Reggina 1914',4,'Dimitrios','Stavropoulos','1-may-1997','Difensore'),
  ('057633','Reggina 1914',29,'Ramzi','Aya','8-feb-1990','Difensore'),
  ('079510','Reggina 1914',3,'Thiago','Cionek','21-apr-1986','Difensore'),
  ('331471','Reggina 1914',6,'Giuseppe','Loiacono','6-oct-1991','Difensore'),
  ('421778','Reggina 1914',77,'Damiano','Franco','22-feb-2002','Difensore'),
  ('189340','Reggina 1914',17,'Gianluca','Di Chiara','26-dec-1993','Difensore'),
  ('349715','Reggina 1914',98,'Federico','Giraudo','11-aug-1998','Difensore'),
  ('337716','Reggina 1914',27,'Claud','Adjapong','6-may-1998','Difensore'),
  ('196978','Reggina 1914',33,'Ivan','Lakicevic','27-jul-1993','Difensore'),
  ('110928','Reggina 1914',8,'Lorenzo','Crisetig','20-jan-1993','Centrocampista'),
  ('033953','Reggina 1914',91,'Ricardo','Faty','4-aug-1986','Centrocampista'),
  ('377042','Reggina 1914',90,'Michael','Folorunsho','7-feb-1998','Centrocampista'),
  ('037295','Reggina 1914',56,'Perparim','Hetemaj','12-dec-1986','Centrocampista'),
  ('167792','Reggina 1914',15,'Nicolò','Bianchi','24-feb-1992','Centrocampista'),
  ('367621','Reggina 1914',46,'Yassine','Ejjaki','15-may-1999','Centrocampista'),
  ('045185','Reggina 1914',20,'Tomasz','Kupisz','2-jan-1990','Centrocampista'),
  ('421768','Reggina 1914',72,'Alessandro','Cortinovis','25-jan-2001','Centrocampista'),
  ('107958','Reggina 1914',10,'Nicola','Bellomo','18-feb-1991','Centrocampista'),
  ('451353','Reggina 1914',99,'Rigoberto','Rivas','31-jul-1998','Attaccante'),
  ('240349','Reggina 1914',87,'Cristiano','Lombardi','19-aug-1995','Attaccante'),
  ('016993','Reggina 1914',7,'Jérémy','Ménez','7-may-1987','Attaccante'),
  ('067639','Reggina 1914',16,'Andrey','Galabinov','13-nov-1988','Attaccante'),
  ('315850','Reggina 1914',93,'Marco','Tumminello','6-nov-1998','Attaccante'),
  ('084763','Reggina 1914',30,'Adriano','Montalto','6-apr-1988','Attaccante'),
  ('030873','Reggina 1914',19,'Germán','Denis','10-sep-1981','Attaccante'),
  ('353609','Ternana Calcio',22,'Titas','Krapikas','3-jan-1999','Portiere'),
  ('073929','Ternana Calcio',1,'Antony','Iannarilli','18-dec-1990','Portiere'),
  ('102626','Ternana Calcio',33,'Angelo','Casadei','8-jan-1988','Portiere'),
  ('393150','Ternana Calcio',12,'Tommaso','Vitali','26-aug-1999','Portiere'),
  ('226058','Ternana Calcio',26,'Luka','Bogdan','26-mar-1996','Difensore'),
  ('091716','Ternana Calcio',15,'Frederik','Sörensen','14-apr-1992','Difensore'),
  ('402580','Ternana Calcio',6,'Ivan','Kontek','29-jan-1997','Difensore'),
  ('149810','Ternana Calcio',42,'Matija','Boben','26-feb-1994','Difensore'),
  ('164091','Ternana Calcio',19,'Marco','Capuano','14-oct-1991','Difensore'),
  ('617650','Ternana Calcio',4,'Ndir','Mame Ass','24-jan-2001','Difensore'),
  ('041749','Ternana Calcio',13,'Modibo','Diakité','2-mar-1987','Difensore'),
  ('164108','Ternana Calcio',87,'Bruno','Martella','14-aug-1992','Difensore'),
  ('330560','Ternana Calcio',3,'Alessandro','Celli','28-jan-1994','Difensore'),
  ('130352','Ternana Calcio',23,'Luca','Ghiringhelli','23-jan-1992','Difensore'),
  ('696550','Ternana Calcio',29,'Salim','Diakité','3-jun-2000','Difensore'),
  ('198137','Ternana Calcio',8,'Mattia','Proietti','27-feb-1992','Centrocampista'),
  ('127799','Ternana Calcio',20,'Fabrizio','Paghera','12-dec-1991','Centrocampista'),
  ('420515','Ternana Calcio',88,'Leonardo','Mazza','27-sep-2000','Centrocampista'),
  ('534161','Ternana Calcio',80,'Ilias','Koutsoupias','10-may-2001','Centrocampista'),
  ('287863','Ternana Calcio',5,'Antonio','Palumbo','6-aug-1996','Centrocampista'),
  ('197468','Ternana Calcio',34,'Davide','Agazzi','2-jun-1993','Centrocampista'),
  ('195199','Ternana Calcio',28,'Aniello','Salzano','20-jul-1991','Centrocampista'),
  ('038589','Ternana Calcio',25,'Marino','Defendi','19-aug-1985','Centrocampista'),
  ('218306','Ternana Calcio',17,'César','Falletti','2-dec-1992','Centrocampista'),
  ('315856','Ternana Calcio',11,'Christian','Capone','28-apr-1999','Attaccante'),
  ('421446','Ternana Calcio',70,'Gabriele','Capanni','2-dec-2000','Attaccante'),
  ('182517','Ternana Calcio',21,'Anthony','Partipilo','27-oct-1994','Attaccante'),
  ('088688','Ternana Calcio',7,'Federico','Furlan','25-nov-1990','Attaccante'),
  ('256659','Ternana Calcio',24,'Diego','Peralta','27-sep-1996','Attaccante'),
  ('130485','Ternana Calcio',99,'Alfredo','Donnarumma','30-nov-1990','Attaccante'),
  ('337809','Ternana Calcio',9,'Simone','Mazzocchi','17-aug-1998','Attaccante'),
  ('130369','Ternana Calcio',32,'Stefano','Pettinari','27-jan-1992','Attaccante'),
  ('421417','Ternana Calcio',18,'Pietro','Rovaglia','26-feb-2001','Attaccante'),
  ('534043','Ternana Calcio',63,'Matteo','Ortolani','15-aug-2000','Attaccante'),
  ('136111','Ascoli Calcio',1,'Nicola','Leali','17-feb-1993','Portiere'),
  ('704468','Ascoli Calcio',12,'Luca','Bolletta','26-nov-2004','Portiere'),
  ('022304','Ascoli Calcio',13,'Enrico','Guarna','11-aug-1985','Portiere'),
  ('396307','Ascoli Calcio',15,'Danilo','Quaranta','23-mar-1997','Difensore'),
  ('056601','Ascoli Calcio',33,'Eric','Botteghin','31-aug-1987','Difensore'),
  ('057354','Ascoli Calcio',55,'Giuseppe','Bellusci','21-aug-1989','Difensore'),
  ('126114','Ascoli Calcio',23,'Lukas','Spendlhofer','2-jun-1993','Difensore'),
  ('744482','Ascoli Calcio',4,'Aljaz','Tavcar','17-nov-2000','Difensore'),
  ('290733','Ascoli Calcio',5,'Gian Filippo','Felicioli','30-sep-1997','Difensore'),
  ('176180','Ascoli Calcio',54,'Nicola','Falasco','5-oct-1993','Difensore'),
  ('331199','Ascoli Calcio',3,'Tommaso','D''Orazio','3-may-1990','Difensore'),
  ('351955','Ascoli Calcio',6,'Federico','Baschirotto','20-sep-1996','Difensore'),
  ('150462','Ascoli Calcio',2,'Alessandro','Salvi','5-jun-1988','Difensore'),
  ('293228','Ascoli Calcio',30,'Dario','Saric','30-may-1997','Centrocampista'),
  ('398031','Ascoli Calcio',37,'Fabio','Maistro','5-apr-1998','Centrocampista'),
  ('386574','Ascoli Calcio',32,'Fabrizio','Caligara','12-apr-2000','Centrocampista'),
  ('434551','Ascoli Calcio',18,'Michele','Collocolo','8-nov-1999','Centrocampista'),
  ('074956','Ascoli Calcio',77,'Marcel','Büchel','18-mar-1991','Centrocampista'),
  ('061783','Ascoli Calcio',27,'Mirko','Eramo','12-jul-1989','Centrocampista'),
  ('704470','Ascoli Calcio',36,'Andrea','Franzolini','6-sep-2003','Centrocampista'),
  ('447216','Ascoli Calcio',99,'Anthony','Fontana','14-oct-1999','Centrocampista'),
  ('090118','Ascoli Calcio',26,'Soufiane','Bidaoui','20-apr-1990','Attaccante'),
  ('198086','Ascoli Calcio',8,'Federico','Ricci','27-may-1994','Attaccante'),
  ('167444','Ascoli Calcio',7,'Luca','Paganini','8-jun-1993','Attaccante'),
  ('713357','Ascoli Calcio',29,'Filippo','Palazzino','30-sep-2003','Attaccante'),
  ('392545','Ascoli Calcio',74,'Frank','Tsadjout','28-jul-1999','Attaccante'),
  ('225824','Ascoli Calcio',11,'Atanas','Iliev','9-oct-1994','Attaccante'),
  ('119369','Ascoli Calcio',9,'Federico','Dionisi','16-jun-1987','Attaccante'),
  ('391698','Ascoli Calcio',40,'Andrea','De Paoli','6-aug-1999','Attaccante'),
  ('095736','AC Perugia Calcio',22,'Leandro','Chichizola','27-mar-1990','Portiere'),
  ('231381','AC Perugia Calcio',1,'Andrea','Fulignati','31-oct-1994','Portiere'),
  ('291314','AC Perugia Calcio',null,'Andrea','Zaccagno','27-may-1997','Portiere'),
  ('616947','AC Perugia Calcio',31,'Gábor','Megyeri','16-dec-2002','Portiere'),
  ('394920','AC Perugia Calcio',39,'Filippo','Sgarbi','29-dec-1997','Difensore'),
  ('086793','AC Perugia Calcio',5,'Gabriele','Angella','28-apr-1989','Difensore'),
  ('334371','AC Perugia Calcio',21,'Marcos','Curado','9-may-1995','Difensore'),
  ('315874','AC Perugia Calcio',32,'Gianmaria','Zanandrea','26-may-1999','Difensore'),
  ('199941','AC Perugia Calcio',13,'Andrea','Beghetto','11-oct-1994','Difensore'),
  ('240244','AC Perugia Calcio',15,'Cristian','Dell''Orco','10-feb-1994','Difensore'),
  ('146937','AC Perugia Calcio',44,'Francesco','Lisi','3-sep-1989','Difensore'),
  ('392033','AC Perugia Calcio',30,'Gabriele','Ferrarini','9-apr-2000','Difensore'),
  ('034239','AC Perugia Calcio',2,'Aleandro','Rosi','17-may-1987','Difensore'),
  ('041920','AC Perugia Calcio',8,'Salvatore','Burrai','26-may-1987','Centrocampista'),
  ('390163','AC Perugia Calcio',16,'Andrea','Ghion','23-feb-2000','Centrocampista'),
  ('373899','AC Perugia Calcio',6,'Jacopo','Segre','17-feb-1997','Centrocampista'),
  ('289061','AC Perugia Calcio',14,'Alessandro','Murgia','9-aug-1996','Centrocampista'),
  ('529885','AC Perugia Calcio',28,'Christian','Kouan','20-dec-1999','Centrocampista'),
  ('340444','AC Perugia Calcio',18,'Christian','D''Urso','26-jul-1997','Centrocampista'),
  ('432089','AC Perugia Calcio',4,'Emmanuel','Gyabuaa','21-sep-2001','Centrocampista'),
  ('392515','AC Perugia Calcio',25,'Simone','Santoro','20-sep-1999','Centrocampista'),
  ('158548','AC Perugia Calcio',23,'Marcello','Falzerano','12-apr-1991','Centrocampista'),
  ('346562','AC Perugia Calcio',11,'Marco','Olivieri','30-jun-1999','Attaccante'),
  ('082648','AC Perugia Calcio',7,'Mirko','Carretta','23-nov-1990','Attaccante'),
  ('062713','AC Perugia Calcio',10,'Ryder','Matos','27-feb-1993','Attaccante'),
  ('375816','AC Perugia Calcio',9,'Manuel','De Luca','17-jul-1998','Attaccante'),
  ('258608','AS Cittadella',36,'Elhan','Kastrati','2-feb-1997','Portiere'),
  ('176182','AS Cittadella',77,'Luca','Maniero','12-jun-1995','Portiere'),
  ('707397','AS Cittadella',1,'Filippo','Manfrin','13-apr-2004','Portiere'),
  ('287639','AS Cittadella',15,'Domenico','Frare','10-may-1996','Difensore'),
  ('110475','AS Cittadella',5,'Dario','Del Fabro','24-mar-1995','Difensore'),
  ('549681','AS Cittadella',6,'Santiago','Visentin','5-mar-1999','Difensore'),
  ('044294','AS Cittadella',2,'Romano','Perticone','13-aug-1986','Difensore'),
  ('134654','AS Cittadella',25,'Nikolas','Smajlaj','30-sep-2002','Difensore'),
  ('601450','AS Cittadella',19,'Vincenzo','Ciriello','16-aug-2002','Difensore'),
  ('148585','AS Cittadella',3,'Amedeo','Benedetti','25-oct-1991','Difensore'),
  ('167900','AS Cittadella',17,'Daniele','Donnarumma','12-apr-1992','Difensore'),
  ('412649','AS Cittadella',84,'Tommaso','Cassandro','9-jan-2000','Difensore'),
  ('297646','AS Cittadella',18,'Alessandro','Mattioli','13-feb-1998','Difensore'),
  ('319171','AS Cittadella',72,'Andrea','Danzi','25-feb-1999','Centrocampista'),
  ('167480','AS Cittadella',26,'Nicola','Pavan','15-jun-1993','Centrocampista'),
  ('163606','AS Cittadella',16,'Alessio','Vita','16-mar-1993','Centrocampista'),
  ('167793','AS Cittadella',23,'Simone','Branca','25-mar-1992','Centrocampista'),
  ('240254','AS Cittadella',8,'Davide','Mazzocco','6-oct-1995','Centrocampista'),
  ('355451','AS Cittadella',24,'Simone','Icardi','13-sep-1996','Centrocampista'),
  ('459725','AS Cittadella',29,'Valerio','Mastrantonio','22-jun-1999','Centrocampista'),
  ('124911','AS Cittadella',20,'Karim','Laribi','20-apr-1991','Centrocampista'),
  ('410655','AS Cittadella',21,'Camillo','Tavernelli','10-jul-1999','Attaccante'),
  ('401935','AS Cittadella',22,'Orji','Okwonkwo','19-jan-1998','Attaccante'),
  ('315852','AS Cittadella',48,'Mirko','Antonucci','11-mar-1999','Attaccante'),
  ('139535','AS Cittadella',33,'Ignacio','Lores Varela','26-apr-1991','Attaccante'),
  ('262521','AS Cittadella',92,'Enrico','Baldini','13-nov-1996','Attaccante'),
  ('242965','AS Cittadella',9,'Mamadou','Tounkara','19-jan-1996','Attaccante'),
  ('091241','AS Cittadella',11,'Giacomo','Beretta','14-mar-1992','Attaccante'),
  ('370701','US Alessandria Calcio 1912',22,'Michele','Cerofolini','4-jan-1999','Portiere'),
  ('168444','US Alessandria Calcio 1912',12,'Matteo','Pisseri','21-nov-1991','Portiere'),
  ('340430','US Alessandria Calcio 1912',1,'Lorenzo','Crisanto','20-apr-1998','Portiere'),
  ('163187','US Alessandria Calcio 1912',19,'Giuseppe','Prestia','13-nov-1993','Difensore'),
  ('324378','US Alessandria Calcio 1912',44,'Valerio','Mantovani','18-apr-1996','Difensore'),
  ('177188','US Alessandria Calcio 1912',30,'Matteo','Di Gennaro','2-jun-1994','Difensore'),
  ('084921','US Alessandria Calcio 1912',15,'Lorenzo','Ariaudo','11-jun-1989','Difensore'),
  ('344655','US Alessandria Calcio 1912',3,'Luca','Coccolo','23-feb-1998','Difensore'),
  ('099923','US Alessandria Calcio 1912',13,'Simone','Benedetti','3-apr-1992','Difensore'),
  ('406912','US Alessandria Calcio 1912',31,'Gabriele','Bellodi','2-sep-2000','Difensore'),
  ('256688','US Alessandria Calcio 1912',7,'Luca','Parodi','6-apr-1995','Difensore'),
  ('200194','US Alessandria Calcio 1912',11,'Federico','Mattiello','14-jul-1995','Difensore'),
  ('534083','US Alessandria Calcio 1912',25,'Edoardo','Pierozzi','12-sep-2001','Difensore'),
  ('427653','US Alessandria Calcio 1912',6,'Abou','Ba','29-jul-1998','Centrocampista'),
  ('538569','US Alessandria Calcio 1912',62,'Tommaso','Milanese','31-jul-2002','Centrocampista'),
  ('039828','US Alessandria Calcio 1912',23,'Antonino','Barillà','1-apr-1988','Centrocampista'),
  ('167810','US Alessandria Calcio 1912',4,'Riccardo','Chiarello','9-oct-1993','Centrocampista'),
  ('163223','US Alessandria Calcio 1912',5,'Mirko','Gori','4-feb-1993','Centrocampista'),
  ('056853','US Alessandria Calcio 1912',21,'Federico','Casarini','7-sep-1989','Centrocampista'),
  ('238980','US Alessandria Calcio 1912',26,'Andrea','Palazzi','24-feb-1996','Centrocampista'),
  ('056803','US Alessandria Calcio 1912',17,'Mattia','Mustacchio','17-may-1989','Centrocampista'),
  ('056903','US Alessandria Calcio 1912',16,'Diego','Fabbrini','31-jul-1990','Centrocampista'),
  ('287710','US Alessandria Calcio 1912',8,'Gabriel','Lunetta','10-aug-1996','Attaccante'),
  ('334341','US Alessandria Calcio 1912',20,'Francesco','Orlando','1-oct-1996','Attaccante'),
  ('289065','US Alessandria Calcio 1912',29,'Simone','Palombi','23-apr-1996','Attaccante'),
  ('057299','US Alessandria Calcio 1912',10,'Michele','Marconi','13-may-1989','Attaccante'),
  ('396067','US Alessandria Calcio 1912',72,'Aristidi','Kolaj','9-apr-1999','Attaccante'),
  ('155036','US Alessandria Calcio 1912',18,'Simone','Corazza','22-mar-1991','Attaccante'),
  ('301240','Pordenone Calcio',22,'Samuele','Perisan','21-aug-1997','Portiere'),
  ('045568','Pordenone Calcio',1,'Giacomo','Bindi','2-jan-1987','Portiere'),
  ('418037','Pordenone Calcio',12,'Gaetano','Fasolino','21-jun-2000','Portiere'),
  ('199940','Pordenone Calcio',6,'Alberto','Barison','3-aug-1994','Difensore'),
  ('487829','Pordenone Calcio',30,'Christian','Dalle Mura','2-feb-2002','Difensore'),
  ('287472','Pordenone Calcio',3,'Alessio','Sabbione','12-dec-1991','Difensore'),
  ('112457','Pordenone Calcio',26,'Alessandro','Bassoli','19-jun-1990','Difensore'),
  ('016905','Pordenone Calcio',4,'Mirko','Stefani','25-jan-1984','Difensore'),
  ('410473','Pordenone Calcio',72,'Matteo','Perri','6-oct-1998','Difensore'),
  ('286275','Pordenone Calcio',16,'Armando','Anastasio','24-jul-1996','Difensore'),
  ('395089','Pordenone Calcio',2,'Hamza','El Kaouakibi','22-may-1998','Difensore'),
  ('315871','Pordenone Calcio',24,'Federico','Valietti','25-jan-1999','Difensore'),
  ('273126','Pordenone Calcio',99,'Cristian','Andreoni','30-may-1992','Difensore'),
  ('076895','Pordenone Calcio',18,'Simone','Pasa','21-jan-1994','Centrocampista'),
  ('315870','Pordenone Calcio',23,'Emanuele','Torrasi','16-mar-1999','Centrocampista'),
  ('565041','Pordenone Calcio',5,'Alessandro','Lovisa','22-aug-2001','Centrocampista'),
  ('331197','Pordenone Calcio',33,'Roberto','Zammarini','5-jul-1996','Centrocampista'),
  ('288896','Pordenone Calcio',10,'Francesco','Deli','17-jul-1994','Centrocampista'),
  ('124909','Pordenone Calcio',79,'Davide','Gavazzi','7-may-1986','Centrocampista'),
  ('418225','Pordenone Calcio',15,'Mihael','Onisa','15-mar-2000','Centrocampista'),
  ('290698','Pordenone Calcio',36,'Dejan','Vokić','12-jun-1996','Centrocampista'),
  ('459151','Pordenone Calcio',28,'Nicolò','Cambiaghi','28-dec-2000','Attaccante'),
  ('790885','Pordenone Calcio',98,'Daniele','Iacoponi','25-mar-2002','Attaccante'),
  ('307334','Pordenone Calcio',7,'Davis','Mensah','2-aug-1991','Attaccante'),
  ('532040','Pordenone Calcio',38,'Giuseppe','Di Serio','20-jul-2001','Attaccante'),
  ('388121','Pordenone Calcio',32,'Karlo','Butic','21-aug-1998','Attaccante'),
  ('342341','Pordenone Calcio',27,'Leonardo','Candellone','15-sep-1997','Attaccante'),
  ('494928','Pordenone Calcio',45,'Youssouph Cheikh','Sylla','20-feb-1998','Attaccante'),
  ('546627','Pordenone Calcio',11,'Jacopo','Pellegrini','12-sep-2000','Attaccante'),
  ('592513','Pordenone Calcio',19,'Federico','Secli','14-may-2002','Attaccante');

insert into Partite values
  ('IT200000',2,'US Lecce','Como 1907',1,1),
  ('IT200001',4,'US Lecce','US Alessandria Calcio 1912',3,2),
  ('IT200002',7,'US Lecce','AC Monza',3,0),
  ('IT200003',9,'US Lecce','AC Perugia Calcio',0,0),
  ('IT200004',11,'US Lecce','Cosenza Calcio',3,1),
  ('IT200005',12,'US Lecce','Parma Calcio 1913',4,0),
  ('IT200006',14,'US Lecce','Ternana Calcio',3,3),
  ('IT200007',16,'US Lecce','Reggina 1914',2,0),
  ('IT200008',18,'US Lecce','LR Vicenza',2,1),
  ('IT200009',1,'US Cremonese','US Lecce',3,0),
  ('IT200010',3,'US Cremonese','AS Cittadella',2,0),
  ('IT200011',5,'US Cremonese','AC Perugia Calcio',0,3),
  ('IT200012',7,'US Cremonese','Ternana Calcio',2,0),
  ('IT200013',8,'US Cremonese','Benevento Calcio',1,1),
  ('IT200014',10,'US Cremonese','Pisa Sporting Club',1,1),
  ('IT200015',12,'US Cremonese','SPAL',1,1),
  ('IT200016',15,'US Cremonese','Frosinone Calcio',1,1),
  ('IT200017',17,'US Cremonese','FC Crotone',3,2),
  ('IT200018',19,'US Cremonese','Como 1907',2,0),
  ('IT200019',1,'Pisa Sporting Club','SPAL',1,0),
  ('IT200020',2,'Pisa Sporting Club','US Alessandria Calcio 1912',2,0),
  ('IT200021',5,'Pisa Sporting Club','AC Monza',2,1),
  ('IT200022',7,'Pisa Sporting Club','Reggina 1914',2,0),
  ('IT200023',9,'Pisa Sporting Club','Pordenone Calcio',1,1),
  ('IT200024',11,'Pisa Sporting Club','Ascoli Calcio',1,1),
  ('IT200025',13,'Pisa Sporting Club','Benevento Calcio',1,0),
  ('IT200026',15,'Pisa Sporting Club','AC Perugia Calcio',1,1),
  ('IT200027',17,'Pisa Sporting Club','US Lecce',1,0),
  ('IT200028',19,'Pisa Sporting Club','Frosinone Calcio',1,3),
  ('IT200029',2,'Brescia Calcio','Cosenza Calcio',5,1),
  ('IT200030',4,'Brescia Calcio','FC Crotone',2,2),
  ('IT200031',7,'Brescia Calcio','Como 1907',2,4),
  ('IT200032',9,'Brescia Calcio','US Cremonese',1,0),
  ('IT200033',10,'Brescia Calcio','US Lecce',1,1),
  ('IT200034',12,'Brescia Calcio','Pordenone Calcio',1,0),
  ('IT200035',14,'Brescia Calcio','Pisa Sporting Club',0,1),
  ('IT200036',16,'Brescia Calcio','AC Monza',0,2),
  ('IT200037',18,'Brescia Calcio','AS Cittadella',1,1),
  ('IT200038',2,'AC Monza','US Cremonese',1,0),
  ('IT200039',4,'AC Monza','Ternana Calcio',1,1),
  ('IT200040',6,'AC Monza','Pordenone Calcio',3,1),
  ('IT200041',9,'AC Monza','AS Cittadella',1,0),
  ('IT200042',11,'AC Monza','US Alessandria Calcio 1912',1,0),
  ('IT200043',13,'AC Monza','Como 1907',3,2),
  ('IT200044',15,'AC Monza','Cosenza Calcio',4,1),
  ('IT200045',17,'AC Monza','Frosinone Calcio',3,2),
  ('IT200046',19,'AC Monza','AC Perugia Calcio',2,2),
  ('IT200047',1,'Benevento Calcio','US Alessandria Calcio 1912',4,3),
  ('IT200048',3,'Benevento Calcio','US Lecce',0,0),
  ('IT200049',5,'Benevento Calcio','AS Cittadella',4,1),
  ('IT200050',7,'Benevento Calcio','AC Perugia Calcio',0,0),
  ('IT200051',9,'Benevento Calcio','Cosenza Calcio',3,0),
  ('IT200052',11,'Benevento Calcio','Brescia Calcio',0,1),
  ('IT200053',12,'Benevento Calcio','Frosinone Calcio',1,4),
  ('IT200054',14,'Benevento Calcio','Reggina 1914',4,0),
  ('IT200055',16,'Benevento Calcio','Pordenone Calcio',2,1),
  ('IT200056',18,'Benevento Calcio','AC Monza',3,1),
  ('IT200057',1,'Frosinone Calcio','Parma Calcio 1913',2,2),
  ('IT200058',3,'Frosinone Calcio','AC Perugia Calcio',0,0),
  ('IT200059',5,'Frosinone Calcio','Brescia Calcio',2,2),
  ('IT200060',7,'Frosinone Calcio','AS Cittadella',0,1),
  ('IT200061',9,'Frosinone Calcio','Ascoli Calcio',2,1),
  ('IT200062',11,'Frosinone Calcio','FC Crotone',2,1),
  ('IT200063',13,'Frosinone Calcio','US Lecce',0,0),
  ('IT200064',14,'Frosinone Calcio','Pordenone Calcio',2,2),
  ('IT200065',16,'Frosinone Calcio','Ternana Calcio',1,1),
  ('IT200066',18,'Frosinone Calcio','SPAL',4,0),
  ('IT200067',1,'Ascoli Calcio','Cosenza Calcio',1,0),
  ('IT200068',4,'Ascoli Calcio','Benevento Calcio',0,2),
  ('IT200069',6,'Ascoli Calcio','Brescia Calcio',2,3),
  ('IT200070',8,'Ascoli Calcio','US Lecce',1,1),
  ('IT200071',10,'Ascoli Calcio','SPAL',0,1),
  ('IT200072',12,'Ascoli Calcio','LR Vicenza',2,1),
  ('IT200073',14,'Ascoli Calcio','AC Monza',1,1),
  ('IT200074',16,'Ascoli Calcio','Parma Calcio 1913',0,0),
  ('IT200075',18,'Ascoli Calcio','US Cremonese',1,4),
  ('IT200076',2,'AC Perugia Calcio','Ascoli Calcio',2,3),
  ('IT200077',4,'AC Perugia Calcio','Cosenza Calcio',1,1),
  ('IT200078',6,'AC Perugia Calcio','US Alessandria Calcio 1912',1,1),
  ('IT200079',8,'AC Perugia Calcio','Brescia Calcio',1,0),
  ('IT200080',10,'AC Perugia Calcio','Reggina 1914',0,2),
  ('IT200081',13,'AC Perugia Calcio','FC Crotone',2,0),
  ('IT200082',14,'AC Perugia Calcio','AS Cittadella',1,1),
  ('IT200083',16,'AC Perugia Calcio','LR Vicenza',1,0),
  ('IT200084',18,'AC Perugia Calcio','Ternana Calcio',1,1),
  ('IT200085',1,'AS Cittadella','LR Vicenza',1,0),
  ('IT200086',2,'AS Cittadella','FC Crotone',4,2),
  ('IT200087',4,'AS Cittadella','Pordenone Calcio',1,0),
  ('IT200088',6,'AS Cittadella','US Lecce',1,2),
  ('IT200089',8,'AS Cittadella','SPAL',0,0),
  ('IT200090',10,'AS Cittadella','Parma Calcio 1913',1,2),
  ('IT200091',12,'AS Cittadella','Pisa Sporting Club',2,0),
  ('IT200092',15,'AS Cittadella','Como 1907',2,2),
  ('IT200093',17,'AS Cittadella','Ascoli Calcio',2,0),
  ('IT200094',19,'AS Cittadella','Cosenza Calcio',1,1),
  ('IT200095',1,'Reggina 1914','AC Monza',0,0),
  ('IT200096',2,'Reggina 1914','Ternana Calcio',3,2),
  ('IT200097',4,'Reggina 1914','SPAL',2,1),
  ('IT200098',6,'Reggina 1914','Frosinone Calcio',0,0),
  ('IT200099',9,'Reggina 1914','Parma Calcio 1913',2,1),
  ('IT200100',11,'Reggina 1914','AS Cittadella',0,1),
  ('IT200101',13,'Reggina 1914','US Cremonese',1,2),
  ('IT200102',15,'Reggina 1914','Ascoli Calcio',1,2),
  ('IT200103',17,'Reggina 1914','US Alessandria Calcio 1912',0,4),
  ('IT200104',19,'Reggina 1914','Brescia Calcio',0,2),
  ('IT200105',3,'Como 1907','Ascoli Calcio',0,1),
  ('IT200106',4,'Como 1907','Frosinone Calcio',0,2),
  ('IT200107',6,'Como 1907','Benevento Calcio',1,1),
  ('IT200108',8,'Como 1907','US Alessandria Calcio 1912',2,0),
  ('IT200109',10,'Como 1907','Pordenone Calcio',1,0),
  ('IT200110',12,'Como 1907','AC Perugia Calcio',4,1),
  ('IT200111',14,'Como 1907','Parma Calcio 1913',1,1),
  ('IT200112',16,'Como 1907','Pisa Sporting Club',0,1),
  ('IT200113',18,'Como 1907','Reggina 1914',1,1),
  ('IT200114',2,'Parma Calcio 1913','Benevento Calcio',1,0),
  ('IT200115',4,'Parma Calcio 1913','US Cremonese',1,2),
  ('IT200116',6,'Parma Calcio 1913','Pisa Sporting Club',1,1),
  ('IT200117',8,'Parma Calcio 1913','AC Monza',0,0),
  ('IT200118',11,'Parma Calcio 1913','LR Vicenza',1,0),
  ('IT200119',13,'Parma Calcio 1913','Cosenza Calcio',1,1),
  ('IT200120',15,'Parma Calcio 1913','Brescia Calcio',0,1),
  ('IT200121',17,'Parma Calcio 1913','AC Perugia Calcio',1,1),
  ('IT200122',19,'Parma Calcio 1913','FC Crotone',1,1),
  ('IT200123',1,'Ternana Calcio','Brescia Calcio',0,2),
  ('IT200124',3,'Ternana Calcio','Pisa Sporting Club',1,4),
  ('IT200125',5,'Ternana Calcio','Parma Calcio 1913',3,1),
  ('IT200126',6,'Ternana Calcio','SPAL',1,0),
  ('IT200127',9,'Ternana Calcio','LR Vicenza',5,0),
  ('IT200128',11,'Ternana Calcio','Como 1907',1,2),
  ('IT200129',13,'Ternana Calcio','AS Cittadella',1,1),
  ('IT200130',15,'Ternana Calcio','FC Crotone',1,0),
  ('IT200131',17,'Ternana Calcio','Benevento Calcio',0,2),
  ('IT200132',19,'Ternana Calcio','Ascoli Calcio',2,4),
  ('IT200133',2,'SPAL','Pordenone Calcio',5,0),
  ('IT200134',3,'SPAL','AC Monza',1,1),
  ('IT200135',5,'SPAL','LR Vicenza',3,2),
  ('IT200136',7,'SPAL','Parma Calcio 1913',2,2),
  ('IT200137',9,'SPAL','Como 1907',1,1),
  ('IT200138',11,'SPAL','AC Perugia Calcio',1,2),
  ('IT200139',13,'SPAL','US Alessandria Calcio 1912',2,3),
  ('IT200140',15,'SPAL','US Lecce',1,3),
  ('IT200141',17,'SPAL','Brescia Calcio',0,2),
  ('IT200142',19,'SPAL','Benevento Calcio',1,1),
  ('IT200143',3,'US Alessandria Calcio 1912','Brescia Calcio',1,3),
  ('IT200144',5,'US Alessandria Calcio 1912','Ascoli Calcio',1,3),
  ('IT200145',7,'US Alessandria Calcio 1912','Cosenza Calcio',1,0),
  ('IT200146',9,'US Alessandria Calcio 1912','FC Crotone',1,0),
  ('IT200147',10,'US Alessandria Calcio 1912','Frosinone Calcio',1,1),
  ('IT200148',12,'US Alessandria Calcio 1912','Ternana Calcio',0,2),
  ('IT200149',14,'US Alessandria Calcio 1912','US Cremonese',1,0),
  ('IT200150',16,'US Alessandria Calcio 1912','AS Cittadella',0,1),
  ('IT200151',18,'US Alessandria Calcio 1912','Parma Calcio 1913',0,2),
  ('IT200152',3,'Cosenza Calcio','LR Vicenza',2,1),
  ('IT200153',5,'Cosenza Calcio','Como 1907',2,0),
  ('IT200154',6,'Cosenza Calcio','FC Crotone',1,0),
  ('IT200155',8,'Cosenza Calcio','Frosinone Calcio',1,1),
  ('IT200156',10,'Cosenza Calcio','Ternana Calcio',3,1),
  ('IT200157',12,'Cosenza Calcio','Reggina 1914',0,1),
  ('IT200158',14,'Cosenza Calcio','SPAL',0,1),
  ('IT200159',16,'Cosenza Calcio','US Cremonese',0,2),
  ('IT200160',18,'Cosenza Calcio','Pisa Sporting Club',0,2),
  ('IT200161',2,'LR Vicenza','Frosinone Calcio',0,2),
  ('IT200162',4,'LR Vicenza','Pisa Sporting Club',1,3),
  ('IT200163',6,'LR Vicenza','US Cremonese',0,1),
  ('IT200164',8,'LR Vicenza','Reggina 1914',0,1),
  ('IT200165',10,'LR Vicenza','AC Monza',1,1),
  ('IT200166',13,'LR Vicenza','Brescia Calcio',2,3),
  ('IT200167',15,'LR Vicenza','Benevento Calcio',2,3),
  ('IT200168',17,'LR Vicenza','Como 1907',0,1),
  ('IT200169',19,'LR Vicenza','US Alessandria Calcio 1912',2,1),
  ('IT200170',1,'FC Crotone','Como 1907',2,2),
  ('IT200171',3,'FC Crotone','Reggina 1914',1,1),
  ('IT200172',5,'FC Crotone','US Lecce',0,3),
  ('IT200173',7,'FC Crotone','Ascoli Calcio',2,2),
  ('IT200174',8,'FC Crotone','Pisa Sporting Club',2,1),
  ('IT200175',10,'FC Crotone','Benevento Calcio',0,2),
  ('IT200176',12,'FC Crotone','AC Monza',1,1),
  ('IT200177',14,'FC Crotone','LR Vicenza',0,1),
  ('IT200178',16,'FC Crotone','SPAL',1,2),
  ('IT200179',18,'FC Crotone','Pordenone Calcio',4,1),
  ('IT200180',1,'Pordenone Calcio','AC Perugia Calcio',0,1),
  ('IT200181',3,'Pordenone Calcio','Parma Calcio 1913',0,4),
  ('IT200182',5,'Pordenone Calcio','Reggina 1914',1,1),
  ('IT200183',7,'Pordenone Calcio','LR Vicenza',2,4),
  ('IT200184',8,'Pordenone Calcio','Ternana Calcio',1,3),
  ('IT200185',11,'Pordenone Calcio','US Cremonese',2,2),
  ('IT200186',13,'Pordenone Calcio','Ascoli Calcio',0,1),
  ('IT200187',15,'Pordenone Calcio','US Alessandria Calcio 1912',2,0),
  ('IT200188',17,'Pordenone Calcio','Cosenza Calcio',1,1),
  ('IT200189',19,'Pordenone Calcio','US Lecce',0,1);

insert into Gol values
  ('IT200000',40,'033763',false),
  ('IT200000',42,'197751',false),
  ('IT200001',12,'073943',false),
  ('IT200001',15,'155036',false),
  ('IT200001',56,'427653',false),
  ('IT200001',87,'537765',false),
  ('IT200001',96,'033763',false),
  ('IT200002',55,'238950',false),
  ('IT200002',70,'033763',false),
  ('IT200004',46,'033763',false),
  ('IT200004',47,'413942',false),
  ('IT200004',67,'398030',false),
  ('IT200005',16,'033763',false),
  ('IT200005',31,'033763',false),
  ('IT200005',44,'033763',false),
  ('IT200006',10,'218306',false),
  ('IT200006',11,'180805',false),
  ('IT200006',56,'130485',false),
  ('IT200006',72,'182517',false),
  ('IT200007',27,'242469',false),
  ('IT200007',61,'180805',false),
  ('IT200008',28,'291276',false),
  ('IT200008',38,'033763',false),
  ('IT200008',88,'028936',false),
  ('IT200009',51,'287663',false),
  ('IT200009',60,'187384',false),
  ('IT200009',65,'445126',false),
  ('IT200010',21,'187384',false),
  ('IT200010',73,'264514',false),
  ('IT200011',14,'146937',false),
  ('IT200011',29,'315874',false),
  ('IT200011',79,'529885',false),
  ('IT200012',44,'407265',false),
  ('IT200012',73,'045389',false),
  ('IT200013',21,'331389',false),
  ('IT200013',46,'432090',false),
  ('IT200014',34,'381370',false),
  ('IT200014',93,'029605',false),
  ('IT200015',33,'187384',false),
  ('IT200015',44,'046060',false),
  ('IT200016',55,'029605',false),
  ('IT200016',58,'660342',false),
  ('IT200017',4,'215649',false),
  ('IT200017',39,'432090',false),
  ('IT200017',50,'155802',false),
  ('IT200017',73,'407265',false),
  ('IT200017',83,'121402',false),
  ('IT200018',4,'187384',false),
  ('IT200018',75,'238654',false),
  ('IT200019',1,'424275',false),
  ('IT200020',80,'572265',false),
  ('IT200020',85,'572265',false),
  ('IT200021',7,'424275',false),
  ('IT200021',53,'572265',false),
  ('IT200021',64,'347253',false),
  ('IT200022',6,'079510',true),
  ('IT200022',68,'572265',false),
  ('IT200023',57,'149525',false),
  ('IT200023',96,'377042',false),
  ('IT200024',24,'082751',false),
  ('IT200024',40,'119369',false),
  ('IT200025',7,'408026',false),
  ('IT200026',11,'163078',false),
  ('IT200026',72,'375816',false),
  ('IT200027',58,'424275',false),
  ('IT200028',46,'163078',false),
  ('IT200028',47,'433584',false),
  ('IT200028',71,'433584',false),
  ('IT200028',85,'336160',false),
  ('IT200029',9,'242813',false),
  ('IT200029',14,'420189',false),
  ('IT200029',57,'475410',false),
  ('IT200029',67,'420189',false),
  ('IT200029',70,'315859',false),
  ('IT200029',90,'279823',false),
  ('IT200030',35,'348601',false),
  ('IT200030',68,'279823',false),
  ('IT200030',70,'457422',false),
  ('IT200030',83,'457422',false),
  ('IT200031',14,'197751',false),
  ('IT200031',45,'039099',false),
  ('IT200031',47,'287876',false),
  ('IT200031',84,'263267',false),
  ('IT200031',89,'241052',false),
  ('IT200031',94,'209936',false),
  ('IT200032',84,'243239',false),
  ('IT200033',81,'163647',false),
  ('IT200033',87,'163216',false),
  ('IT200034',77,'279823',false),
  ('IT200035',70,'424275',false),
  ('IT200036',40,'076274',false),
  ('IT200036',55,'355104',false),
  ('IT200037',52,'315852',false),
  ('IT200037',71,'279823',false),
  ('IT200038',65,'076274',false),
  ('IT200039',5,'347253',false),
  ('IT200039',95,'315856',false),
  ('IT200040',5,'392545',false),
  ('IT200040',13,'355104',false),
  ('IT200040',72,'160357',false),
  ('IT200040',90,'650966',false),
  ('IT200041',91,'099232',false),
  ('IT200042',6,'392959',false),
  ('IT200043',16,'347253',false),
  ('IT200043',29,'347253',false),
  ('IT200043',60,'241052',false),
  ('IT200043',65,'287367',false),
  ('IT200043',88,'355104',false),
  ('IT200044',11,'392959',false),
  ('IT200044',13,'347253',false),
  ('IT200044',22,'347253',false),
  ('IT200044',69,'297630',false),
  ('IT200044',94,'076274',false),
  ('IT200045',53,'205677',false),
  ('IT200045',62,'433584',false),
  ('IT200045',87,'255838',false),
  ('IT200045',92,'226025',false),
  ('IT200046',45,'167741',false),
  ('IT200046',64,'375816',false),
  ('IT200046',75,'529885',false),
  ('IT200046',95,'255838',false),
  ('IT200047',6,'155036',false),
  ('IT200047',23,'200174',false),
  ('IT200047',40,'155036',false),
  ('IT200047',45,'256688',true),
  ('IT200047',48,'338637',false),
  ('IT200047',55,'163489',false),
  ('IT200047',83,'155036',false),
  ('IT200049',5,'230826',false),
  ('IT200049',13,'401935',false),
  ('IT200049',69,'130394',false),
  ('IT200049',84,'130394',false),
  ('IT200049',86,'130394',false),
  ('IT200051',33,'165873',false),
  ('IT200051',56,'130394',false),
  ('IT200051',86,'331389',false),
  ('IT200052',89,'475410',false),
  ('IT200053',35,'240252',false),
  ('IT200053',48,'240252',false),
  ('IT200053',50,'660342',false),
  ('IT200053',75,'265320',false),
  ('IT200053',78,'532040',false),
  ('IT200054',11,'403845',false),
  ('IT200054',24,'130394',false),
  ('IT200054',57,'098888',false),
  ('IT200054',69,'331389',false),
  ('IT200055',52,'388121',false),
  ('IT200055',62,'392963',false),
  ('IT200055',63,'532040',false),
  ('IT200056',7,'200174',false),
  ('IT200056',40,'331389',false),
  ('IT200056',47,'167741',false),
  ('IT200056',66,'238977',false),
  ('IT200057',30,'433584',false),
  ('IT200057',40,'202979',false),
  ('IT200057',51,'397486',false),
  ('IT200057',86,'660342',false),
  ('IT200059',11,'394352',false),
  ('IT200059',38,'216872',false),
  ('IT200059',43,'188436',false),
  ('IT200059',90,'279823',false),
  ('IT200060',54,'401935',false),
  ('IT200061',32,'509022',false),
  ('IT200061',48,'198087',false),
  ('IT200061',65,'090118',false),
  ('IT200062',46,'215649',false),
  ('IT200062',48,'660342',false),
  ('IT200062',93,'265320',false),
  ('IT200064',48,'199940',false),
  ('IT200064',74,'660342',false),
  ('IT200064',86,'459151',false),
  ('IT200064',96,'660342',false),
  ('IT200065',17,'660342',false),
  ('IT200065',51,'130369',false),
  ('IT200066',33,'433584',false),
  ('IT200066',38,'433584',false),
  ('IT200066',46,'509022',false),
  ('IT200066',71,'509022',false),
  ('IT200067',36,'090118',false),
  ('IT200068',15,'055801',false),
  ('IT200068',25,'200174',false),
  ('IT200069',17,'119369',false),
  ('IT200069',23,'290733',false),
  ('IT200069',44,'337381',false),
  ('IT200069',73,'190634',false),
  ('IT200070',74,'225824',false),
  ('IT200071',63,'487843',false),
  ('IT200072',20,'119369',false),
  ('IT200072',43,'089034',true),
  ('IT200072',62,'404995',false),
  ('IT200073',33,'167741',false),
  ('IT200075',31,'445126',false),
  ('IT200075',39,'187384',false),
  ('IT200075',44,'061783',false),
  ('IT200075',70,'045389',false),
  ('IT200075',91,'264514',false),
  ('IT200076',4,'293228',false),
  ('IT200076',22,'082648',false),
  ('IT200076',49,'034239',false),
  ('IT200076',55,'293228',false),
  ('IT200076',60,'119369',false),
  ('IT200077',51,'034239',false),
  ('IT200077',67,'138741',false),
  ('IT200078',14,'375816',false),
  ('IT200078',17,'163187',false),
  ('IT200079',25,'375816',false),
  ('IT200080',5,'067639',false),
  ('IT200080',45,'107958',false),
  ('IT200081',36,'146937',false),
  ('IT200081',86,'062713',false),
  ('IT200082',38,'062713',false),
  ('IT200082',78,'091241',false),
  ('IT200083',49,'375816',false),
  ('IT200084',30,'529885',false),
  ('IT200084',48,'130369',false),
  ('IT200085',53,'287639',false),
  ('IT200086',19,'401935',false),
  ('IT200086',29,'274694',false),
  ('IT200086',62,'262521',false),
  ('IT200086',66,'262521',false),
  ('IT200086',68,'457422',false),
  ('IT200086',74,'163212',false),
  ('IT200087',57,'401935',false),
  ('IT200088',10,'033763',false),
  ('IT200088',47,'401935',false),
  ('IT200088',77,'238950',false),
  ('IT200090',23,'076163',false),
  ('IT200090',59,'454386',false),
  ('IT200090',78,'262521',false),
  ('IT200091',47,'315852',false),
  ('IT200091',91,'262521',false),
  ('IT200092',14,'262521',false),
  ('IT200092',46,'167793',false),
  ('IT200092',75,'311333',false),
  ('IT200092',94,'287876',false),
  ('IT200093',33,'262521',false),
  ('IT200093',50,'262521',false),
  ('IT200094',16,'398030',false),
  ('IT200094',41,'401935',false),
  ('IT200096',42,'218306',false),
  ('IT200096',50,'016993',false),
  ('IT200096',65,'067639',false),
  ('IT200096',69,'451353',false),
  ('IT200096',79,'337809',false),
  ('IT200097',16,'037295',false),
  ('IT200097',36,'390160',false),
  ('IT200097',68,'084763',false),
  ('IT200099',14,'016993',false),
  ('IT200099',72,'067639',false),
  ('IT200099',82,'076163',false),
  ('IT200100',13,'163606',false),
  ('IT200101',30,'084763',false),
  ('IT200101',56,'187384',false),
  ('IT200101',63,'358008',false),
  ('IT200102',36,'084763',false),
  ('IT200103',31,'155036',false),
  ('IT200103',43,'287710',false),
  ('IT200103',53,'155036',false),
  ('IT200103',84,'287710',false),
  ('IT200104',16,'372713',false),
  ('IT200104',30,'372713',false),
  ('IT200105',73,'119369',false),
  ('IT200106',15,'205677',false),
  ('IT200106',31,'205809',false),
  ('IT200107',34,'197751',false),
  ('IT200107',40,'130394',false),
  ('IT200108',48,'241052',false),
  ('IT200108',96,'238981',false),
  ('IT200109',7,'287876',false),
  ('IT200110',7,'287876',false),
  ('IT200110',15,'197751',false),
  ('IT200110',18,'241052',false),
  ('IT200110',28,'136135',false),
  ('IT200110',48,'375816',false),
  ('IT200111',52,'209936',false),
  ('IT200111',85,'159337',false),
  ('IT200112',5,'163597',true),
  ('IT200113',16,'451353',false),
  ('IT200113',55,'197751',false),
  ('IT200115',3,'432090',false),
  ('IT200115',34,'264514',false),
  ('IT200116',13,'572265',false),
  ('IT200116',54,'392956',false),
  ('IT200118',43,'454386',false),
  ('IT200119',12,'388125',false),
  ('IT200119',73,'248695',false),
  ('IT200120',7,'337381',false),
  ('IT200121',11,'159337',false),
  ('IT200121',48,'394920',false),
  ('IT200122',36,'076163',false),
  ('IT200122',88,'198128',false),
  ('IT200123',29,'263267',false),
  ('IT200123',39,'263267',false),
  ('IT200124',9,'062725',false),
  ('IT200124',30,'130485',false),
  ('IT200124',32,'091716',true),
  ('IT200124',57,'572265',false),
  ('IT200124',84,'408026',false),
  ('IT200125',66,'091716',false),
  ('IT200125',75,'038589',false),
  ('IT200125',76,'454386',false),
  ('IT200125',87,'218306',false),
  ('IT200126',26,'164108',false),
  ('IT200127',30,'287863',false),
  ('IT200127',40,'182517',false),
  ('IT200127',56,'130485',false),
  ('IT200127',66,'182517',false),
  ('IT200127',73,'130485',false),
  ('IT200128',16,'287367',false),
  ('IT200128',52,'287876',false),
  ('IT200128',76,'218306',false),
  ('IT200129',23,'163606',false),
  ('IT200129',69,'182517',false),
  ('IT200130',11,'218306',false),
  ('IT200131',23,'130394',false),
  ('IT200131',42,'130394',false),
  ('IT200132',20,'398031',false),
  ('IT200132',23,'398031',false),
  ('IT200132',42,'386574',false),
  ('IT200132',57,'218306',false),
  ('IT200132',75,'351955',false),
  ('IT200132',94,'256659',false),
  ('IT200133',18,'051736',false),
  ('IT200133',37,'487843',false),
  ('IT200133',48,'238947',false),
  ('IT200133',69,'165900',false),
  ('IT200133',75,'392964',false),
  ('IT200134',14,'487843',false),
  ('IT200135',37,'238947',true),
  ('IT200135',53,'165900',false),
  ('IT200135',62,'487843',false),
  ('IT200135',94,'287651',false),
  ('IT200136',27,'202979',false),
  ('IT200136',68,'076163',false),
  ('IT200136',82,'165900',false),
  ('IT200136',91,'487843',false),
  ('IT200137',2,'209936',false),
  ('IT200137',76,'287367',true),
  ('IT200138',18,'334371',false),
  ('IT200138',26,'051736',false),
  ('IT200138',86,'375816',false),
  ('IT200139',21,'051736',false),
  ('IT200139',23,'167810',false),
  ('IT200139',28,'283060',false),
  ('IT200139',35,'155036',false),
  ('IT200140',23,'242469',false),
  ('IT200140',41,'487843',false),
  ('IT200141',48,'475410',false),
  ('IT200141',72,'163216',false),
  ('IT200142',22,'331389',false),
  ('IT200142',87,'430503',false),
  ('IT200143',55,'348601',false),
  ('IT200143',69,'242813',false),
  ('IT200143',74,'155036',false),
  ('IT200143',93,'039099',false),
  ('IT200144',11,'119369',false),
  ('IT200144',38,'056601',false),
  ('IT200144',58,'434551',false),
  ('IT200144',68,'289065',false),
  ('IT200145',78,'177188',false),
  ('IT200146',45,'396067',false),
  ('IT200147',54,'167810',false),
  ('IT200147',97,'660342',false),
  ('IT200148',15,'130485',false),
  ('IT200148',42,'130485',false),
  ('IT200149',49,'056803',false),
  ('IT200150',2,'163606',false),
  ('IT200151',31,'076163',false),
  ('IT200151',42,'454386',false),
  ('IT200152',8,'315859',false),
  ('IT200152',61,'398030',false),
  ('IT200152',94,'028936',false),
  ('IT200153',14,'315859',false),
  ('IT200153',90,'390159',false),
  ('IT200154',77,'297630',false),
  ('IT200155',20,'315859',false),
  ('IT200155',71,'336160',false),
  ('IT200156',3,'130352',true),
  ('IT200156',8,'315859',false),
  ('IT200156',23,'337809',false),
  ('IT200156',64,'390159',false),
  ('IT200157',55,'084763',false),
  ('IT200158',58,'019104',false),
  ('IT200159',34,'155802',false),
  ('IT200159',52,'445126',false),
  ('IT200160',9,'335516',false),
  ('IT200160',52,'408026',false),
  ('IT200161',48,'061511',false),
  ('IT200162',30,'287651',false),
  ('IT200162',43,'335516',false),
  ('IT200162',81,'461019',false),
  ('IT200162',92,'397950',false),
  ('IT200163',44,'029605',false),
  ('IT200164',31,'067639',false),
  ('IT200165',34,'226025',false),
  ('IT200166',18,'287651',false),
  ('IT200166',21,'039099',false),
  ('IT200166',40,'394352',false),
  ('IT200166',81,'394352',false),
  ('IT200166',84,'088691',false),
  ('IT200167',28,'200174',false),
  ('IT200167',56,'130394',false),
  ('IT200167',77,'228604',false),
  ('IT200167',88,'301237',false),
  ('IT200167',95,'165873',false),
  ('IT200168',10,'287367',false),
  ('IT200169',27,'404995',false),
  ('IT200169',44,'167810',false),
  ('IT200169',78,'404995',false),
  ('IT200170',49,'457422',false),
  ('IT200170',54,'330472',false),
  ('IT200170',66,'457422',false),
  ('IT200170',79,'209936',false),
  ('IT200171',43,'067639',false),
  ('IT200171',58,'121402',false),
  ('IT200172',4,'238950',false),
  ('IT200172',23,'238950',false),
  ('IT200173',6,'358003',false),
  ('IT200173',20,'358003',false),
  ('IT200173',26,'119369',false),
  ('IT200173',94,'090118',false),
  ('IT200174',2,'457422',false),
  ('IT200174',24,'343945',false),
  ('IT200174',46,'335516',false),
  ('IT200175',37,'160560',false),
  ('IT200175',53,'130394',false),
  ('IT200176',17,'392959',false),
  ('IT200177',67,'088691',false),
  ('IT200178',2,'046060',false),
  ('IT200178',49,'051736',false),
  ('IT200178',88,'549791',false),
  ('IT200179',9,'215649',false),
  ('IT200179',19,'373379',false),
  ('IT200179',26,'388121',false),
  ('IT200179',69,'215649',false),
  ('IT200179',76,'549791',false),
  ('IT200181',19,'076163',false),
  ('IT200181',38,'388125',false),
  ('IT200181',64,'159337',false),
  ('IT200181',80,'397486',false),
  ('IT200182',85,'067639',false),
  ('IT200183',43,'457674',false),
  ('IT200183',45,'062716',false),
  ('IT200183',55,'459151',false),
  ('IT200183',82,'028936',false),
  ('IT200183',93,'091596',false),
  ('IT200184',10,'130485',false),
  ('IT200184',13,'218306',false),
  ('IT200184',69,'218306',false),
  ('IT200184',78,'176180',false),
  ('IT200185',20,'062716',false),
  ('IT200185',24,'407265',false),
  ('IT200185',26,'155802',false),
  ('IT200185',92,'331197',false),
  ('IT200186',41,'150462',false),
  ('IT200187',15,'164020',false),
  ('IT200187',61,'377042',false),
  ('IT200188',30,'388121',false),
  ('IT200188',77,'138741',false),
  ('IT200189',24,'242469',false);
