/* File created by scraping https://www.transfermarkt.com using Antonio Cardin's program */

insert into Squadre values
  ('AC Monza','Monza','Brocchi'),
  ('FC Empoli','Empoli','Dionisi'),
  ('SPAL','Ferrara','Rastelli'),
  ('Brescia Calcio','Brescia','López'),
  ('US Lecce','Lecce','Corini'),
  ('Venezia FC','Mestre','Zanetti'),
  ('US Salernitana 1919','Salerno','Castori'),
  ('Ascoli Calcio','Ascoli Piceno','Bertotto'),
  ('Chievo Verona','Verona','Aglietti'),
  ('Pordenone Calcio','Pordenone','Domizzi'),
  ('Frosinone Calcio','Frosinone','Grosso'),
  ('US Cremonese','Cremona','Pecchia'),
  ('Pisa Sporting Club','Pisa','D''Angelo'),
  ('Reggina 1914','Reggio Calabria','Baroni'),
  ('Delfino Pescara 1936','Pescara','Grassadonia'),
  ('AS Cittadella','Cittadella','Venturato'),
  ('Cosenza Calcio','Cosenza','Occhiuzzi'),
  ('Virtus Entella','Chiavari','Volpe'),
  ('LR Vicenza','Vicenza','Di Carlo'),
  ('AC Reggiana 1919','Reggio Emilia','Alvini');

insert into Giocatori values
  ('301238','AC Monza',22,'Michele','Di Gregorio','27-jul-1997','Portiere'),
  ('085240','AC Monza',1,'Eugenio','Lamanna','7-aug-1989','Portiere'),
  ('312773','AC Monza',12,'Daniele','Sommariva','18-jul-1997','Portiere'),
  ('630812','AC Monza',null,'Stefano','Rubbi','30-jul-2002','Portiere'),
  ('815567','AC Monza',null,'Andrea','Mazza','1-jan-2004','Portiere'),
  ('816744','AC Monza',null,'Gianluca','Ravarelli','18-jan-2003','Portiere'),
  ('357995','AC Monza',18,'Davide','Bettella','7-apr-2000','Difensore'),
  ('487834','AC Monza',98,'Lorenzo','Pirola','20-feb-2002','Difensore'),
  ('057354','AC Monza',6,'Giuseppe','Bellusci','21-aug-1989','Difensore'),
  ('163597','AC Monza',19,'Filippo','Scaglia','31-jan-1992','Difensore'),
  ('030767','AC Monza',29,'Gabriel','Paletta','15-feb-1986','Difensore'),
  ('816743','AC Monza',null,'Andrea','Robbiati','11-jan-2002','Difensore'),
  ('708070','AC Monza',null,'Pietro','Saio','4-aug-2003','Difensore'),
  ('286275','AC Monza',3,'Armando','Anastasio','24-jul-1996','Difensore'),
  ('692725','AC Monza',null,'Giuseppe','Amato','30-nov-2002','Difensore'),
  ('088684','AC Monza',2,'Giulio','Donati','5-feb-1990','Difensore'),
  ('160357','AC Monza',31,'Mario','Sampirisi','31-oct-1992','Difensore'),
  ('118938','AC Monza',null,'Franco','Lepore','16-aug-1985','Difensore'),
  ('146680','AC Monza',8,'Andrea','Barberis','11-dec-1993','Centrocampista'),
  ('085208','AC Monza',23,'Matteo','Scozzarella','5-jun-1988','Centrocampista'),
  ('110931','AC Monza',null,'Marco','Fossati','5-oct-1992','Centrocampista'),
  ('061757','AC Monza',null,'Nicola','Rigoni','12-nov-1990','Centrocampista'),
  ('394300','AC Monza',16,'Davide','Frattesi','22-sep-1999','Centrocampista'),
  ('392959','AC Monza',28,'Andrea','Colpani','11-may-1999','Centrocampista'),
  ('355104','AC Monza',null,'José','Machín','14-aug-1996','Centrocampista'),
  ('039828','AC Monza',20,'Antonino','Barillà','1-apr-1988','Centrocampista'),
  ('160302','AC Monza',10,'Andrea','D''Errico','24-mar-1992','Centrocampista'),
  ('144091','AC Monza',21,'Marco','Armellino','21-aug-1989','Centrocampista'),
  ('644156','AC Monza',null,'Luca','Lombardi','6-dec-2002','Centrocampista'),
  ('619308','AC Monza',null,'Danilo','Magli','27-apr-2002','Centrocampista'),
  ('487831','AC Monza',null,'Simone Achille','Giosuè','24-jun-2002','Centrocampista'),
  ('585982','AC Monza',30,'Carlos Augusto','null','7-jan-1999','Centrocampista'),
  ('016922','AC Monza',7,'Kevin-Prince','Boateng','6-mar-1987','Centrocampista'),
  ('302497','AC Monza',null,'Nicola','Mosti','7-feb-1998','Centrocampista'),
  ('371016','AC Monza',null,'Antonio','Marin','9-jan-2001','Attaccante'),
  ('099232','AC Monza',77,'Marco','D''Alessandro','17-feb-1991','Attaccante'),
  ('198086','AC Monza',27,'Federico','Ricci','27-may-1994','Attaccante'),
  ('566963','AC Monza',null,'Sabino','Signorile','23-feb-2002','Attaccante'),
  ('702477','AC Monza',null,'Edoardo','Colferai','21-may-2002','Attaccante'),
  ('347253','AC Monza',47,'Dany','Mota','2-may-1998','Attaccante'),
  ('215649','AC Monza',24,'Mirko','Maric','16-may-1995','Attaccante'),
  ('404995','AC Monza',66,'Davide','Diaw','6-jan-1992','Attaccante'),
  ('076274','AC Monza',9,'Christian','Gytkjaer','6-may-1990','Attaccante'),
  ('045146','AC Monza',45,'Mario','Balotelli','12-aug-1990','Attaccante'),
  ('284604','AC Monza',null,'Mattia','Finotto','28-dec-1992','Attaccante'),
  ('815787','AC Monza',null,'Luigi','Caccavo','3-feb-2004','Attaccante'),
  ('197929','FC Empoli',null,'Ivan','Provedel','17-mar-1994','Portiere'),
  ('146799','FC Empoli',1,'Alberto','Brignoli','19-aug-1991','Portiere'),
  ('163652','FC Empoli',22,'Jacopo','Furlan','22-feb-1993','Portiere'),
  ('603695','FC Empoli',12,'Leandro','Pratelli','11-dec-2002','Portiere'),
  ('691529','FC Empoli',null,'Valerio','Biagini','20-oct-2003','Portiere'),
  ('292772','FC Empoli',43,'Dimitrios','Nikolaou','13-aug-1998','Difensore'),
  ('088706','FC Empoli',6,'Simone','Romagnoli','9-feb-1990','Difensore'),
  ('389837','FC Empoli',16,'Nicolò','Casale','14-feb-1998','Difensore'),
  ('493702','FC Empoli',42,'Mattia','Viti','24-jan-2002','Difensore'),
  ('250781','FC Empoli',31,'Roberto','Pirrello','30-may-1996','Difensore'),
  ('547985','FC Empoli',65,'Fabiano','Parisi','9-nov-2000','Difensore'),
  ('404260','FC Empoli',3,'Aleksa','Terzic','17-aug-1999','Difensore'),
  ('045565','FC Empoli',null,'Luca','Antonelli','11-feb-1987','Difensore'),
  ('459658','FC Empoli',47,'Andrea','Cambiaso','20-feb-2000','Difensore'),
  ('641553','FC Empoli',null,'Alessio','Rizza','7-mar-2003','Difensore'),
  ('167491','FC Empoli',21,'Stefano','Sabelli','13-jan-1993','Difensore'),
  ('197745','FC Empoli',20,'Riccardo','Fiamozzi','18-may-1993','Difensore'),
  ('390120','FC Empoli',null,'Davide','Zappella','29-apr-1998','Difensore'),
  ('467992','FC Empoli',28,'Samuele','Ricci','21-aug-2001','Centrocampista'),
  ('171159','FC Empoli',5,'Leo','Stulac','26-sep-1994','Centrocampista'),
  ('543771','FC Empoli',null,'Kristjan','Asllani','9-mar-2002','Centrocampista'),
  ('390117','FC Empoli',30,'Samuele','Damiani','30-jan-1998','Centrocampista'),
  ('467994','FC Empoli',null,'Luca','Belardinelli','14-mar-2001','Centrocampista'),
  ('387234','FC Empoli',27,'Szymon','Zurkowski','25-sep-1997','Centrocampista'),
  ('192638','FC Empoli',32,'Nicolas','Haas','23-jan-1996','Centrocampista'),
  ('291400','FC Empoli',4,'Giovanni','Crociata','11-aug-1997','Centrocampista'),
  ('240934','FC Empoli',25,'Filippo','Bandinelli','29-mar-1995','Centrocampista'),
  ('390177','FC Empoli',11,'Nedim','Bajrami','28-feb-1999','Centrocampista'),
  ('641537','FC Empoli',null,'Tommaso','Baldanzi','23-mar-2003','Centrocampista'),
  ('346562','FC Empoli',9,'Marco','Olivieri','30-jun-1999','Attaccante'),
  ('357998','FC Empoli',null,'Davide','Merola','27-mar-2000','Attaccante'),
  ('291522','FC Empoli',null,'Tommaso','Fantacci','17-mar-1997','Attaccante'),
  ('062713','FC Empoli',8,'Ryder','Matos','27-feb-1993','Attaccante'),
  ('395739','FC Empoli',null,'Kevin','Piscopo','6-feb-1998','Attaccante'),
  ('160344','FC Empoli',7,'Leonardo','Mancuso','26-may-1992','Attaccante'),
  ('134983','FC Empoli',19,'Andrea','La Mantia','6-may-1991','Attaccante'),
  ('279823','FC Empoli',10,'Stefano','Moreo','30-jun-1993','Attaccante'),
  ('077825','SPAL',1,'Etrit','Berisha','10-mar-1989','Portiere'),
  ('197901','SPAL',null,'Stefano','Minelli','5-mar-1994','Portiere'),
  ('435406','SPAL',22,'Demba','Thiam','5-mar-1998','Portiere'),
  ('616902','SPAL',null,'Cesare','Galeotti','2-nov-2002','Portiere'),
  ('354381','SPAL',97,'Maurice','Gomis','10-nov-1997','Portiere'),
  ('704626','SPAL',null,'Andrea','Rigon','5-sep-2003','Portiere'),
  ('240158','SPAL',23,'Francesco','Vicari','3-aug-1994','Difensore'),
  ('461833','SPAL',20,'Caleb','Okoli','13-jul-2001','Difensore'),
  ('071019','SPAL',null,'Bartosz','Salamon','1-may-1991','Difensore'),
  ('047085','SPAL',4,'Nenad','Tomović','30-aug-1987','Difensore'),
  ('555113','SPAL',null,'Patryk','Peda','16-apr-2002','Difensore'),
  ('813065','SPAL',null,'Malik','Owolabi-Belewu','3-jul-2002','Difensore'),
  ('392570','SPAL',32,'Marco','Sala','4-jun-1999','Difensore'),
  ('346561','SPAL',3,'Luca','Ranieri','23-apr-1999','Difensore'),
  ('340707','SPAL',17,'Leonardo','Sernicola','30-jul-1997','Difensore'),
  ('283060','SPAL',41,'Lorenzo','Dickmann','24-sep-1996','Difensore'),
  ('459180','SPAL',25,'Riccardo','Spaltro','19-feb-2000','Difensore'),
  ('390160','SPAL',6,'Salvatore','Esposito','7-oct-2000','Centrocampista'),
  ('165900','SPAL',24,'Federico','Viviani','24-mar-1992','Centrocampista'),
  ('579206','SPAL',null,'Federico','Zanchetta','23-mar-2002','Centrocampista'),
  ('167741','SPAL',8,'Mattia','Valoti','6-sep-1993','Centrocampista'),
  ('289061','SPAL',11,'Alessandro','Murgia','9-aug-1996','Centrocampista'),
  ('373899','SPAL',5,'Jacopo','Segre','17-feb-1997','Centrocampista'),
  ('035747','SPAL',7,'Simone','Missiroli','23-may-1986','Centrocampista'),
  ('363610','SPAL',13,'Georgi','Tunjov','17-apr-2001','Centrocampista'),
  ('110338','SPAL',19,'Luca','Mora','10-may-1988','Centrocampista'),
  ('624869','SPAL',null,'Christopher','Attys','13-mar-2001','Centrocampista'),
  ('105892','SPAL',null,'Lucas','Castro','9-apr-1989','Centrocampista'),
  ('222223','SPAL',null,'Marko','Jankovic','9-jul-1995','Centrocampista'),
  ('457673','SPAL',27,'Gabriel Strefezza','null','18-apr-1997','Attaccante'),
  ('551752','SPAL',80,'Demba','Seck','10-feb-2001','Attaccante'),
  ('038607','SPAL',14,'Federico','Di Francesco','14-jun-1994','Attaccante'),
  ('323147','SPAL',null,'Enrico','Brignola','8-jul-1999','Attaccante'),
  ('538918','SPAL',null,'Sebastiano','Esposito','2-jul-2002','Attaccante'),
  ('315850','SPAL',93,'Marco','Tumminello','6-nov-1998','Attaccante'),
  ('068306','SPAL',9,'Alberto','Paloschi','4-jan-1990','Attaccante'),
  ('340260','SPAL',29,'Raúl','Asencio','20-may-1998','Attaccante'),
  ('600936','SPAL',90,'Luca','Moro','25-jan-2001','Attaccante'),
  ('030638','SPAL',10,'Sergio','Floccari','12-nov-1981','Attaccante'),
  ('131758','Brescia Calcio',1,'Jesse','Joronen','21-mar-1993','Portiere'),
  ('234880','Brescia Calcio',33,'Lorenzo','Andrenacci','2-jan-1995','Portiere'),
  ('096189','Brescia Calcio',12,'Matic','Kotnik','23-jul-1990','Portiere'),
  ('337381','Brescia Calcio',15,'Andrea','Cistana','1-apr-1997','Difensore'),
  ('503619','Brescia Calcio',32,'Andrea','Papetti','3-jul-2002','Difensore'),
  ('395805','Brescia Calcio',19,'Massimiliano','Mangraviti','24-jan-1998','Difensore'),
  ('213614','Brescia Calcio',4,'Jhon','Chancellor','2-jan-1992','Difensore'),
  ('164108','Brescia Calcio',26,'Bruno','Martella','14-aug-1992','Difensore'),
  ('190634','Brescia Calcio',29,'Marko','Pajac','11-may-1993','Difensore'),
  ('367795','Brescia Calcio',2,'Fran','Karacic','12-may-1996','Difensore'),
  ('242078','Brescia Calcio',3,'Ales','Mateju','3-jun-1996','Difensore'),
  ('315843','Brescia Calcio',29,'Alessandro','Semprini','24-feb-1998','Difensore'),
  ('614499','Brescia Calcio',28,'Nicolò','Verzeni','6-feb-2002','Difensore'),
  ('403845','Brescia Calcio',null,'Mattia','Viviani','4-sep-2000','Centrocampista'),
  ('420189','Brescia Calcio',5,'Tom','van de Looi','2-jul-1999','Centrocampista'),
  ('163216','Brescia Calcio',25,'Dimitri','Bisoli','25-mar-1994','Centrocampista'),
  ('242813','Brescia Calcio',24,'Filip','Jagiello','8-aug-1997','Centrocampista'),
  ('287717','Brescia Calcio',6,'Emanuele','Ndoj','20-nov-1996','Centrocampista'),
  ('387529','Brescia Calcio',21,'Jakub','Labojko','3-oct-1997','Centrocampista'),
  ('029962','Brescia Calcio',null,'Daniele','Dessena','10-may-1987','Centrocampista'),
  ('235413','Brescia Calcio',null,'Jaromir','Zmrhal','2-aug-1993','Centrocampista'),
  ('168944','Brescia Calcio',null,'Nikola','Ninkovic','19-dec-1994','Centrocampista'),
  ('034453','Brescia Calcio',31,'Birkir','Bjarnason','27-may-1988','Centrocampista'),
  ('102470','Brescia Calcio',23,'Antonino','Ragusa','27-mar-1990','Attaccante'),
  ('243239','Brescia Calcio',7,'Nikolas','Spalek','12-feb-1997','Attaccante'),
  ('187047','Brescia Calcio',18,'Simon','Skrabb','19-jan-1995','Attaccante'),
  ('536460','Brescia Calcio',16,'Andrea','Ghezzi','3-feb-2001','Attaccante'),
  ('240415','Brescia Calcio',null,'Leonardo','Morosini','13-oct-1995','Attaccante'),
  ('159883','Brescia Calcio',null,'Ernesto','Torregrossa','28-jun-1992','Attaccante'),
  ('372713','Brescia Calcio',20,'Florian','Ayé','19-jan-1997','Attaccante'),
  ('130485','Brescia Calcio',9,'Alfredo','Donnarumma','30-nov-1990','Attaccante'),
  ('149996','Brescia Calcio',30,'Hólmbert Aron','Fridjónsson','19-apr-1993','Attaccante'),
  ('438021','Brescia Calcio',null,'Luca','Pandolfi','14-mar-1998','Attaccante'),
  ('079242','US Lecce',21,'Gabriel','null','27-sep-1992','Portiere'),
  ('088595','US Lecce',22,'Mauro','Vigorito','22-may-1990','Portiere'),
  ('596581','US Lecce',null,'Joakim','Milli','27-apr-2000','Portiere'),
  ('215167','US Lecce',1,'Marco','Bleve','18-oct-1995','Portiere'),
  ('667640','US Lecce',30,'Alexandru','Borbei','27-jun-2003','Portiere'),
  ('163647','US Lecce',17,'Kastriot','Dermaku','15-jan-1992','Difensore'),
  ('160561','US Lecce',5,'Fabio','Lucioni','25-sep-1987','Difensore'),
  ('101922','US Lecce',4,'Fabio','Pisacane','28-jan-1986','Difensore'),
  ('124002','US Lecce',6,'Biagio','Meccariello','27-mar-1991','Difensore'),
  ('060128','US Lecce',13,'Luca','Rossettini','9-may-1985','Difensore'),
  ('550116','US Lecce',15,'Ilario','Monterisi','19-dec-2001','Difensore'),
  ('617645','US Lecce',null,'Luigi','Gianfreda','14-sep-2000','Difensore'),
  ('392516','US Lecce',25,'Antonino','Gallo','5-jan-2000','Difensore'),
  ('214625','US Lecce',24,'Leonard','Zuta','9-aug-1992','Difensore'),
  ('075327','US Lecce',27,'Marco','Calderoni','18-feb-1989','Difensore'),
  ('337716','US Lecce',11,'Claud','Adjapong','6-may-1998','Difensore'),
  ('021151','US Lecce',2,'Christian','Maggio','11-feb-1982','Difensore'),
  ('218067','US Lecce',4,'Jacopo','Petriccione','22-feb-1995','Centrocampista'),
  ('461496','US Lecce',42,'Morten','Hjulmand','25-jun-1999','Centrocampista'),
  ('062415','US Lecce',77,'Panagiotis','Tachtsidis','15-feb-1991','Centrocampista'),
  ('542572','US Lecce',34,'Sergio','Maselli','6-apr-2001','Centrocampista'),
  ('193867','US Lecce',53,'Liam','Henderson','25-apr-1996','Centrocampista'),
  ('180805','US Lecce',37,'Zan','Majer','25-jul-1992','Centrocampista'),
  ('413942','US Lecce',23,'John','Björkengren','9-dec-1998','Centrocampista'),
  ('207625','US Lecce',16,'Boban','Nikolov','28-jul-1994','Centrocampista'),
  ('542570','US Lecce',null,'Roberto','Pierno','14-feb-2001','Centrocampista'),
  ('621284','US Lecce',null,'Gianmarco','Mancarella','23-jan-2002','Centrocampista'),
  ('051736','US Lecce',8,'Marco','Mancosu','22-aug-1988','Centrocampista'),
  ('705233','US Lecce',null,'Massimo','Schirone','5-jul-2003','Centrocampista'),
  ('600041','US Lecce',75,'Mattia','Felici','17-apr-2001','Attaccante'),
  ('070689','US Lecce',null,'Filippo','Falco','11-feb-1992','Attaccante'),
  ('167444','US Lecce',7,'Luca','Paganini','8-jun-1993','Attaccante'),
  ('291276','US Lecce',19,'Marcin','Listkowski','10-feb-1998','Attaccante'),
  ('537765','US Lecce',99,'Pablo','Rodríguez','4-aug-2001','Attaccante'),
  ('349719','US Lecce',32,'Simone','Lo Faso','18-feb-1998','Attaccante'),
  ('210363','US Lecce',14,'Mariusz','Stepinski','12-may-1995','Attaccante'),
  ('341019','US Lecce',10,'Güven','Yalcin','18-jan-1999','Attaccante'),
  ('033763','US Lecce',9,'Massimo','Coda','10-nov-1988','Attaccante'),
  ('130369','US Lecce',20,'Stefano','Pettinari','27-jan-1992','Attaccante'),
  ('395295','US Lecce',20,'Edgaras','Dubickas','9-jul-1998','Attaccante'),
  ('696996','US Lecce',28,'Samuele','Oltremarini','26-nov-2002','Attaccante'),
  ('135747','Venezia FC',12,'Luca','Lezzerini','24-mar-1995','Portiere'),
  ('012359','Venezia FC',1,'Niki','Mäenpää','23-jan-1985','Portiere'),
  ('082743','Venezia FC',22,'Alberto','Pomini','17-mar-1981','Portiere'),
  ('529833','Venezia FC',26,'Riccardo','Pigozzo','26-feb-2000','Portiere'),
  ('627459','Venezia FC',null,'Filippo','Tonello','7-feb-2001','Portiere'),
  ('704732','Venezia FC',null,'Salvatore','Carotenuto','11-apr-2003','Portiere'),
  ('721481','Venezia FC',null,'Roman','Lazar','1-jan-2004','Portiere'),
  ('239099','Venezia FC',32,'Pietro','Ceccaroni','21-dec-1995','Difensore'),
  ('438961','Venezia FC',30,'Michael','Svoboda','15-oct-1998','Difensore'),
  ('198873','Venezia FC',13,'Marco','Modolo','23-mar-1989','Difensore'),
  ('083409','Venezia FC',6,'Michele','Cremonesi','15-apr-1988','Difensore'),
  ('459305','Venezia FC',null,'Mario','De Marino','23-jan-2000','Difensore'),
  ('102537','Venezia FC',15,'Antonio','Marino','9-aug-1988','Difensore'),
  ('731072','Venezia FC',null,'Jordan','Poha','1-jan-2003','Difensore'),
  ('290733','Venezia FC',14,'Gian Filippo','Felicioli','30-sep-1997','Difensore'),
  ('261056','Venezia FC',31,'Giacomo','Ricci','2-sep-1996','Difensore'),
  ('021972','Venezia FC',3,'Cristian','Molinaro','30-jul-1983','Difensore'),
  ('250153','Venezia FC',7,'Pasquale','Mazzocchi','27-jul-1995','Difensore'),
  ('392033','Venezia FC',2,'Gabriele','Ferrarini','9-apr-2000','Difensore'),
  ('816763','Venezia FC',null,'Ismaele','Marchesan','3-jan-2004','Centrocampista'),
  ('287875','Venezia FC',16,'Luca','Fiordilino','25-jul-1996','Centrocampista'),
  ('091596','Venezia FC',4,'Anthony','Taugourdeau','3-jun-1989','Centrocampista'),
  ('102984','Venezia FC',5,'Antonio Junior','Vacca','13-may-1990','Centrocampista'),
  ('324377','Venezia FC',29,'Youssef','Maleh','22-aug-1998','Centrocampista'),
  ('216599','Venezia FC',33,'Domen','Crnigoj','18-nov-1995','Centrocampista'),
  ('165531','Venezia FC',8,'Jacopo','Dezi','10-feb-1992','Centrocampista'),
  ('433881','Venezia FC',null,'Filippo','Serena','12-oct-1999','Centrocampista'),
  ('396080','Venezia FC',18,'Domenico','Rossi','9-may-2000','Centrocampista'),
  ('619927','Venezia FC',null,'Samuel','Marchesan','7-nov-2002','Centrocampista'),
  ('200188','Venezia FC',10,'Mattia','Aramu','14-may-1995','Centrocampista'),
  ('270515','Venezia FC',21,'Lauri','Ala-Myllymäki','4-jun-1997','Centrocampista'),
  ('406042','Venezia FC',17,'Dennis','Johnsen','17-feb-1998','Attaccante'),
  ('238950','Venezia FC',20,'Francesco','Di Mariano','20-apr-1996','Attaccante'),
  ('339238','Venezia FC',23,'Harvey','St Clair','13-nov-1998','Attaccante'),
  ('566613','Venezia FC',19,'Bjarki','Bjarkason','11-may-2000','Attaccante'),
  ('529834','Venezia FC',null,'Alexandre','Pimenta','2-mar-1999','Attaccante'),
  ('164534','Venezia FC',11,'Francesco','Forte','1-may-1993','Attaccante'),
  ('200190','Venezia FC',null,'Alessandro','Capello','12-dec-1995','Attaccante'),
  ('072491','Venezia FC',24,'Riccardo','Bocalon','3-mar-1989','Attaccante'),
  ('271622','Venezia FC',28,'Óttar Magnús','Karlsson','21-feb-1997','Attaccante'),
  ('073090','US Salernitana 1919',72,'Vid','Belec','6-jun-1990','Portiere'),
  ('167685','US Salernitana 1919',12,'Alessandro','Micai','24-jul-1993','Portiere'),
  ('541282','US Salernitana 1919',null,'Antonio','Russo','1-feb-2000','Portiere'),
  ('300137','US Salernitana 1919',1,'Marius','Adamonis','13-may-1997','Portiere'),
  ('256996','US Salernitana 1919',22,'Guido','Guerrieri','25-feb-1996','Portiere'),
  ('205054','US Salernitana 1919',23,'Norbert','Gyomber','3-jul-1992','Difensore'),
  ('226058','US Salernitana 1919',26,'Luka','Bogdan','26-mar-1996','Difensore'),
  ('111433','US Salernitana 1919',33,'Frédéric','Veseli','20-nov-1992','Difensore'),
  ('203966','US Salernitana 1919',null,'Andreas','Karo','9-sep-1996','Difensore'),
  ('324378','US Salernitana 1919',5,'Valerio','Mantovani','18-apr-1996','Difensore'),
  ('057633','US Salernitana 1919',13,'Ramzi','Aya','8-feb-1990','Difensore'),
  ('167817','US Salernitana 1919',null,'Marco','Migliorini','3-jan-1992','Difensore'),
  ('397721','US Salernitana 1919',null,'Gioacchino','Galeotafiore','15-feb-2000','Difensore'),
  ('135208','US Salernitana 1919',24,'Riza','Durmisi','8-jan-1994','Difensore'),
  ('287600','US Salernitana 1919',null,'Pawel','Jaroszynski','2-oct-1994','Difensore'),
  ('606451','US Salernitana 1919',6,'Sanasi','Sy','4-apr-1999','Difensore'),
  ('331467','US Salernitana 1919',null,'Felipe','Curcio','6-aug-1993','Difensore'),
  ('058581','US Salernitana 1919',null,'Wálter','López','15-oct-1985','Difensore'),
  ('325897','US Salernitana 1919',null,'Joel','Baraye','5-jan-1997','Difensore'),
  ('224044','US Salernitana 1919',15,'Tiago','Casasola','11-aug-1995','Difensore'),
  ('331502','US Salernitana 1919',null,'Maoudo','Diallo','9-nov-1999','Difensore'),
  ('289165','US Salernitana 1919',27,'Patryk','Dziczek','25-mar-1998','Centrocampista'),
  ('084766','US Salernitana 1919',14,'Francesco','Di Tacchio','20-apr-1990','Centrocampista'),
  ('136133','US Salernitana 1919',8,'Andrea','Schiavone','25-feb-1993','Centrocampista'),
  ('472161','US Salernitana 1919',2,'Mamadou','Coulibaly','3-feb-1999','Centrocampista'),
  ('393804','US Salernitana 1919',31,'Sofian','Kiyine','2-oct-1997','Centrocampista'),
  ('084442','US Salernitana 1919',28,'Leonardo','Capezzi','28-mar-1995','Centrocampista'),
  ('700053','US Salernitana 1919',null,'Edoardo','Iannoni','11-apr-2001','Centrocampista'),
  ('045185','US Salernitana 1919',20,'Tomasz','Kupisz','2-jan-1990','Centrocampista'),
  ('601577','US Salernitana 1919',18,'André','Anderson','23-sep-1999','Centrocampista'),
  ('360516','US Salernitana 1919',16,'Reda','Boultam','3-mar-1998','Centrocampista'),
  ('265320','US Salernitana 1919',10,'Emanuele','Cicerelli','12-aug-1994','Attaccante'),
  ('718128','US Salernitana 1919',21,'Giuseppe','Barone','4-sep-1998','Attaccante'),
  ('240349','US Salernitana 1919',87,'Cristiano','Lombardi','19-aug-1995','Attaccante'),
  ('315852','US Salernitana 1919',48,'Mirko','Antonucci','11-mar-1999','Attaccante'),
  ('202979','US Salernitana 1919',9,'Gennaro','Tutino','20-aug-1996','Attaccante'),
  ('213854','US Salernitana 1919',7,'Cedric','Gondo','25-nov-1996','Attaccante'),
  ('067556','US Salernitana 1919',11,'Milan','Djuric','22-may-1990','Attaccante'),
  ('267614','US Salernitana 1919',19,'Julian','Kristoffersen','10-may-1997','Attaccante'),
  ('099235','US Salernitana 1919',null,'Niccolò','Giannetti','12-may-1991','Attaccante'),
  ('136111','Ascoli Calcio',1,'Nicola','Leali','17-feb-1993','Portiere'),
  ('623851','Ascoli Calcio',null,'Khadim','Ndiaye','12-apr-2000','Portiere'),
  ('338101','Ascoli Calcio',45,'Mouhamadou','Sarr','5-jan-1997','Portiere'),
  ('704468','Ascoli Calcio',12,'Luca','Bolletta','26-nov-2004','Portiere'),
  ('396315','Ascoli Calcio',33,'Vincenzo','Venditti','23-jun-1997','Portiere'),
  ('722907','Ascoli Calcio',null,'Biagio','Maresca','23-mar-2004','Portiere'),
  ('423614','Ascoli Calcio',4,'Gabriele','Corbo','11-jan-2000','Difensore'),
  ('126114','Ascoli Calcio',null,'Lukas','Spendlhofer','2-jun-1993','Difensore'),
  ('396307','Ascoli Calcio',15,'Danilo','Quaranta','23-mar-1997','Difensore'),
  ('089034','Ascoli Calcio',23,'Riccardo','Brosco','3-feb-1991','Difensore'),
  ('060164','Ascoli Calcio',24,'Anastasios','Avlonitis','1-jan-1990','Difensore'),
  ('110934','Ascoli Calcio',null,'Simone','Sini','9-apr-1992','Difensore'),
  ('331199','Ascoli Calcio',3,'Tommaso','D''Orazio','3-may-1990','Difensore'),
  ('287344','Ascoli Calcio',null,'Daniele','Sarzi Puttini','8-jun-1996','Difensore'),
  ('460757','Ascoli Calcio',null,'Francesco','Semeraro','1-may-2001','Difensore'),
  ('139307','Ascoli Calcio',2,'Raffaele','Pucino','3-may-1991','Difensore'),
  ('340442','Ascoli Calcio',null,'Niccolò','Tofanari','12-may-1998','Difensore'),
  ('303187','Ascoli Calcio',18,'Simone','Pinna','17-oct-1997','Difensore'),
  ('085605','Ascoli Calcio',29,'Fabrizio','Cacciatore','8-oct-1986','Difensore'),
  ('460035','Ascoli Calcio',5,'Amine','Ghazoini','9-jan-2001','Difensore'),
  ('319171','Ascoli Calcio',72,'Andrea','Danzi','25-feb-1999','Centrocampista'),
  ('460003','Ascoli Calcio',null,'Christian','Scorza','14-jul-2000','Centrocampista'),
  ('199971','Ascoli Calcio',7,'Michele','Cavion','8-dec-1994','Centrocampista'),
  ('293228','Ascoli Calcio',30,'Dario','Saric','30-may-1997','Centrocampista'),
  ('386574','Ascoli Calcio',32,'Fabrizio','Caligara','12-apr-2000','Centrocampista'),
  ('212432','Ascoli Calcio',null,'Christos','Donis','9-oct-1994','Centrocampista'),
  ('088690','Ascoli Calcio',null,'Alberto','Gerbo','9-nov-1989','Centrocampista'),
  ('074956','Ascoli Calcio',77,'Marcel','Büchel','18-mar-1991','Centrocampista'),
  ('061783','Ascoli Calcio',27,'Mirko','Eramo','12-jul-1989','Centrocampista'),
  ('462252','Ascoli Calcio',null,'Diogo Pinto','null','29-jun-1999','Centrocampista'),
  ('096798','Ascoli Calcio',null,'Davide','Petrucci','5-oct-1991','Centrocampista'),
  ('704470','Ascoli Calcio',null,'Andrea','Franzolini','6-sep-2003','Centrocampista'),
  ('056513','Ascoli Calcio',69,'Oliver','Kragl','12-may-1990','Centrocampista'),
  ('056703','Ascoli Calcio',null,'Simone','Padoin','18-mar-1984','Centrocampista'),
  ('340394','Ascoli Calcio',21,'Abdelhamid','Sabiri','28-nov-1996','Centrocampista'),
  ('454292','Ascoli Calcio',88,'Dean','Lico','8-feb-2000','Centrocampista'),
  ('496270','Ascoli Calcio',10,'Gianmarco','Cangiano','16-nov-2001','Attaccante'),
  ('372720','Ascoli Calcio',null,'Nicholas','Pierini','6-aug-1998','Attaccante'),
  ('090118','Ascoli Calcio',26,'Soufiane','Bidaoui','20-apr-1990','Attaccante'),
  ('096853','Ascoli Calcio',8,'Adrian','Stoian','11-feb-1991','Attaccante'),
  ('238981','Ascoli Calcio',11,'Vittorio','Parigini','25-mar-1996','Attaccante'),
  ('165852','Ascoli Calcio',null,'Cosimo','Chiricò','5-oct-1991','Attaccante'),
  ('398809','Ascoli Calcio',null,'Aly','Malle','3-apr-1998','Attaccante'),
  ('263267','Ascoli Calcio',99,'Riad','Bajić','6-may-1994','Attaccante'),
  ('119369','Ascoli Calcio',9,'Federico','Dionisi','16-jun-1987','Attaccante'),
  ('344806','Ascoli Calcio',null,'Lubomir','Tupta','27-mar-1998','Attaccante'),
  ('660342','Ascoli Calcio',94,'Gabriel','Charpentier','17-may-1999','Attaccante'),
  ('124495','Ascoli Calcio',null,'Apostolos','Vellios','8-jan-1992','Attaccante'),
  ('274760','Ascoli Calcio',93,'Simone','Simeri','12-apr-1993','Attaccante'),
  ('535958','Ascoli Calcio',null,'Ricardo Matos','null','25-mar-2000','Attaccante'),
  ('347587','Ascoli Calcio',null,'Edoardo','Tassi','10-jun-1998','Attaccante'),
  ('317057','Chievo Verona',33,'Adrian','Semper','12-jan-1998','Portiere'),
  ('393797','Chievo Verona',null,'Alessandro','Confente','7-jun-1998','Portiere'),
  ('085380','Chievo Verona',1,'Andrea','Seculin','14-jul-1990','Portiere'),
  ('621554','Chievo Verona',12,'Michele','Bragantini','14-may-2001','Portiere'),
  ('451310','Chievo Verona',6,'Maxime','Leverbe','15-feb-1997','Difensore'),
  ('261095','Chievo Verona',15,'Sauli','Väisänen','5-jun-1994','Difensore'),
  ('303455','Chievo Verona',null,'Joseph','Colley','13-apr-1999','Difensore'),
  ('088705','Chievo Verona',5,'Michele','Rigione','7-mar-1991','Difensore'),
  ('060541','Chievo Verona',89,'Guillaume','Gigliotti','9-nov-1989','Difensore'),
  ('441264','Chievo Verona',null,'Julián','Illanes','10-mar-1997','Difensore'),
  ('529612','Chievo Verona',39,'Marin','Cavar','18-jun-1999','Difensore'),
  ('619324','Chievo Verona',95,'Luca','Munaretti','23-jun-2002','Difensore'),
  ('084845','Chievo Verona',13,'Francesco','Renzetti','22-jan-1988','Difensore'),
  ('382567','Chievo Verona',27,'Matteo','Cotali','22-apr-1997','Difensore'),
  ('324214','Chievo Verona',32,'Vasile','Mogos','31-oct-1992','Difensore'),
  ('437334','Chievo Verona',21,'Daniel','Pavlev','11-oct-2000','Difensore'),
  ('639640','Chievo Verona',null,'Genny','Rondinella','22-may-2001','Difensore'),
  ('240357','Chievo Verona',14,'Luca','Palmiero','1-may-1996','Centrocampista'),
  ('469018','Chievo Verona',null,'Antonio','Metlika','24-nov-2001','Centrocampista'),
  ('477556','Chievo Verona',8,'Emanuele','Zuelli','22-nov-2001','Centrocampista'),
  ('394352','Chievo Verona',26,'Massimo','Bertagnoli','26-feb-1999','Centrocampista'),
  ('045581','Chievo Verona',10,'Joel','Obi','22-may-1991','Centrocampista'),
  ('163264','Chievo Verona',null,'Giovanni','Di Noia','3-jul-1994','Centrocampista'),
  ('168416','Chievo Verona',null,'David','Ivan','26-feb-1995','Centrocampista'),
  ('459961','Chievo Verona',40,'Elimelech','Enyan','31-jan-2001','Centrocampista'),
  ('084835','Chievo Verona',17,'Emanuele','Giaccherini','5-may-1985','Centrocampista'),
  ('205677','Chievo Verona',16,'Luca','Garritano','11-feb-1994','Centrocampista'),
  ('650966','Chievo Verona',null,'Samuele','Vignato','24-feb-2004','Centrocampista'),
  ('298313','Chievo Verona',null,'Jonathan','Morsay','5-oct-1997','Attaccante'),
  ('392500','Chievo Verona',null,'Felice','D''Amico','22-aug-2000','Attaccante'),
  ('165722','Chievo Verona',11,'Antonio','Di Gaudio','16-aug-1989','Attaccante'),
  ('188436','Chievo Verona',18,'Luigi','Canotto','19-may-1994','Attaccante'),
  ('159902','Chievo Verona',99,'Amato','Ciciretti','31-dec-1993','Attaccante'),
  ('433089','Chievo Verona',43,'Filippo','Tuzzo','18-feb-2001','Attaccante'),
  ('163683','Chievo Verona',null,'Manuel','Pucciarelli','17-jun-1991','Attaccante'),
  ('375816','Chievo Verona',98,'Manuel','De Luca','17-jul-1998','Attaccante'),
  ('165891','Chievo Verona',93,'Francesco','Margiotta','15-jul-1993','Attaccante'),
  ('253855','Chievo Verona',9,'Michael','Fabbro','10-may-1996','Attaccante'),
  ('710030','Chievo Verona',41,'Nabil','Makni','29-sep-2001','Attaccante'),
  ('429318','Chievo Verona',20,'Sergej','Grubac','29-may-2000','Attaccante'),
  ('047065','Chievo Verona',23,'Filip','Djordjevic','28-sep-1987','Attaccante'),
  ('421417','Chievo Verona',null,'Pietro','Rovaglia','26-feb-2001','Attaccante'),
  ('573408','Chievo Verona',null,'Edoardo','Priore','11-feb-2002','Attaccante'),
  ('301240','Pordenone Calcio',22,'Samuele','Perisan','21-aug-1997','Portiere'),
  ('045568','Pordenone Calcio',1,'Giacomo','Bindi','2-jan-1987','Portiere'),
  ('617164','Pordenone Calcio',12,'Pietro','Passador','26-feb-2003','Portiere'),
  ('418037','Pordenone Calcio',77,'Gaetano','Fasolino','21-jun-2000','Portiere'),
  ('824130','Pordenone Calcio',null,'Francesco','Turchetto','21-feb-2005','Portiere'),
  ('330208','Pordenone Calcio',5,'Alessandro','Vogliacco','14-sep-1998','Difensore'),
  ('062716','Pordenone Calcio',31,'Michele','Camporese','19-may-1992','Difensore'),
  ('199940','Pordenone Calcio',6,'Alberto','Barison','3-aug-1994','Difensore'),
  ('112457','Pordenone Calcio',26,'Alessandro','Bassoli','19-jun-1990','Difensore'),
  ('016905','Pordenone Calcio',4,'Mirko','Stefani','25-jan-1984','Difensore'),
  ('704696','Pordenone Calcio',null,'Niccolò','Samotti','22-apr-2003','Difensore'),
  ('706678','Pordenone Calcio',null,'Davide','Del Savio','5-may-2003','Difensore'),
  ('176180','Pordenone Calcio',54,'Nicola','Falasco','5-oct-1993','Difensore'),
  ('320898','Pordenone Calcio',44,'Adam','Chrzanowski','31-mar-1999','Difensore'),
  ('213952','Pordenone Calcio',2,'Filippo','Berra','6-feb-1995','Difensore'),
  ('085894','Pordenone Calcio',null,'Daniel','Semenzato','11-jan-1987','Difensore'),
  ('704538','Pordenone Calcio',null,'Giovanni','Foschiani','7-jul-2003','Difensore'),
  ('301235','Pordenone Calcio',8,'Giacomo','Calò','5-feb-1997','Centrocampista'),
  ('076895','Pordenone Calcio',20,'Simone','Pasa','21-jan-1994','Centrocampista'),
  ('681245','Pordenone Calcio',null,'Francesco','Bottani','4-oct-2003','Centrocampista'),
  ('297444','Pordenone Calcio',16,'Luca','Magnino','13-aug-1997','Centrocampista'),
  ('331197','Pordenone Calcio',33,'Roberto','Zammarini','5-jul-1996','Centrocampista'),
  ('124909','Pordenone Calcio',null,'Davide','Gavazzi','7-may-1986','Centrocampista'),
  ('061753','Pordenone Calcio',21,'Gianvito','Misuraca','2-apr-1990','Centrocampista'),
  ('346560','Pordenone Calcio',30,'Alessandro','Mallamo','22-mar-1999','Centrocampista'),
  ('032107','Pordenone Calcio',29,'Manuel','Scavone','3-jun-1987','Centrocampista'),
  ('440878','Pordenone Calcio',88,'Matteo','Rossetti','23-jul-1998','Centrocampista'),
  ('499678','Pordenone Calcio',27,'Kevin','Biondi','10-feb-1999','Centrocampista'),
  ('681240','Pordenone Calcio',null,'Davide','Turchetto','6-feb-2003','Centrocampista'),
  ('604690','Pordenone Calcio',18,'Aldo','Banse','4-dec-2002','Attaccante'),
  ('255838','Pordenone Calcio',13,'Patrick','Ciurria','9-feb-1995','Attaccante'),
  ('267152','Pordenone Calcio',11,'Sebastian','Musiolik','19-may-1996','Attaccante'),
  ('388121','Pordenone Calcio',32,'Karlo','Butic','21-aug-1998','Attaccante'),
  ('214635','Pordenone Calcio',10,'Claudio','Morra','22-jan-1995','Attaccante'),
  ('592513','Pordenone Calcio',19,'Federico','Secli','14-may-2002','Attaccante'),
  ('110925','Frosinone Calcio',22,'Francesco','Bardi','18-jan-1992','Portiere'),
  ('104290','Frosinone Calcio',1,'Alessandro','Iacobucci','3-jun-1991','Portiere'),
  ('459102','Frosinone Calcio',75,'Thomas','Vettorel','17-sep-2000','Portiere'),
  ('460034','Frosinone Calcio',12,'Giuseppe','Marcianò','27-may-2000','Portiere'),
  ('626608','Frosinone Calcio',null,'Andrea','Trovato','19-apr-2002','Portiere'),
  ('138584','Frosinone Calcio',null,'Luka','Krajnc','19-sep-1994','Difensore'),
  ('084921','Frosinone Calcio',15,'Lorenzo','Ariaudo','11-jun-1989','Difensore'),
  ('255461','Frosinone Calcio',25,'Przemyslaw','Szyminski','24-jun-1994','Difensore'),
  ('164091','Frosinone Calcio',3,'Marco','Capuano','14-oct-1991','Difensore'),
  ('334371','Frosinone Calcio',4,'Marcos','Curado','9-may-1995','Difensore'),
  ('109110','Frosinone Calcio',23,'Nicolò','Brighenti','1-aug-1989','Difensore'),
  ('398025','Frosinone Calcio',6,'Riccardo','Baroni','19-sep-1998','Difensore'),
  ('672868','Frosinone Calcio',null,'Pietro','Giordani','8-jun-2002','Difensore'),
  ('199941','Frosinone Calcio',null,'Andrea','Beghetto','11-oct-1994','Difensore'),
  ('080158','Frosinone Calcio',33,'Luigi','Vitale','5-oct-1987','Difensore'),
  ('062365','Frosinone Calcio',16,'Salvatore','D''Elia','10-feb-1989','Difensore'),
  ('672865','Frosinone Calcio',null,'Lorenzo','Coccia','2-jun-2002','Difensore'),
  ('216872','Frosinone Calcio',93,'Francesco','Zampano','30-sep-1993','Difensore'),
  ('150462','Frosinone Calcio',2,'Alessandro','Salvi','5-jun-1988','Difensore'),
  ('140559','Frosinone Calcio',8,'Raffaele','Maiello','10-jul-1991','Centrocampista'),
  ('297630','Frosinone Calcio',17,'Marco','Carraro','9-jan-1998','Centrocampista'),
  ('672878','Frosinone Calcio',null,'Pietro','Santarpia','27-apr-2002','Centrocampista'),
  ('298635','Frosinone Calcio',37,'Grigoris','Kastanos','30-jan-1998','Centrocampista'),
  ('205809','Frosinone Calcio',7,'Marcus','Rohdén','11-may-1991','Centrocampista'),
  ('134369','Frosinone Calcio',null,'Andrea','Tabanelli','2-feb-1990','Centrocampista'),
  ('163223','Frosinone Calcio',5,'Mirko','Gori','4-feb-1993','Centrocampista'),
  ('441515','Frosinone Calcio',11,'Daniel','Boloca','22-dec-1998','Centrocampista'),
  ('291432','Frosinone Calcio',24,'Mattia','Vitale','1-oct-1997','Centrocampista'),
  ('464682','Frosinone Calcio',null,'Andrea','Errico','1-jan-1999','Centrocampista'),
  ('705388','Frosinone Calcio',null,'Andrea','Peres','22-may-2003','Centrocampista'),
  ('390159','Frosinone Calcio',9,'Vincenzo','Millico','12-aug-2000','Attaccante'),
  ('395546','Frosinone Calcio',19,'Alessio','Tribuzzi','19-nov-1998','Attaccante'),
  ('708218','Frosinone Calcio',null,'Hide','Vitalucci','1-jan-2002','Attaccante'),
  ('336160','Frosinone Calcio',18,'Andrija','Novakovich','21-sep-1996','Attaccante'),
  ('062735','Frosinone Calcio',10,'Pietro','Iemmello','6-mar-1992','Attaccante'),
  ('155202','Frosinone Calcio',30,'Piotr','Parzyszek','8-sep-1993','Attaccante'),
  ('061511','Frosinone Calcio',28,'Camillo','Ciano','22-feb-1990','Attaccante'),
  ('085603','Frosinone Calcio',null,'Matteo','Ardemagni','26-mar-1987','Attaccante'),
  ('672869','Frosinone Calcio',20,'Pierluca','Luciani','24-feb-2002','Attaccante'),
  ('672872','Frosinone Calcio',null,'Simone','Morelli','1-jan-2002','Attaccante'),
  ('459763','US Cremonese',28,'Marco','Carnesecchi','1-jul-2000','Portiere'),
  ('034334','US Cremonese',1,'Enrico','Alfonso','4-may-1988','Portiere'),
  ('340265','US Cremonese',22,'Giacomo','Volpe','16-jan-1996','Portiere'),
  ('291314','US Cremonese',27,'Andrea','Zaccagno','27-may-1997','Portiere'),
  ('575510','US Cremonese',null,'Emanuele','De Bono','1-feb-2002','Portiere'),
  ('561880','US Cremonese',null,'Matteo','Scarduzio','8-apr-2002','Portiere'),
  ('160986','US Cremonese',15,'Matteo','Bianchetti','17-mar-1993','Difensore'),
  ('312341','US Cremonese',25,'Luca','Ravanelli','6-jan-1997','Difensore'),
  ('061770','US Cremonese',20,'Emanuele','Terranova','14-apr-1987','Difensore'),
  ('344655','US Cremonese',33,'Luca','Coccolo','23-feb-1998','Difensore'),
  ('141654','US Cremonese',4,'Michele','Fornasier','22-aug-1993','Difensore'),
  ('445126','US Cremonese',3,'Emanuele','Valeri','7-dec-1998','Difensore'),
  ('096758','US Cremonese',23,'Alessandro','Crescenzi','25-sep-1991','Difensore'),
  ('708635','US Cremonese',null,'Lorenzo','Bernasconi','16-nov-2003','Difensore'),
  ('386447','US Cremonese',2,'Alessandro','Fiordaliso','20-mar-1999','Difensore'),
  ('604617','US Cremonese',80,'Leonardo','Bia','23-jan-2002','Difensore'),
  ('195335','US Cremonese',19,'Michele','Castagnetti','27-dec-1989','Centrocampista'),
  ('538937','US Cremonese',null,'Stefano','Cella','19-apr-2001','Centrocampista'),
  ('287663','US Cremonese',14,'Luca','Valzania','5-mar-1996','Centrocampista'),
  ('255473','US Cremonese',6,'Samuel','Gustafson','11-jan-1995','Centrocampista'),
  ('281900','US Cremonese',16,'Paolo','Bartolomei','22-aug-1989','Centrocampista'),
  ('164020','US Cremonese',95,'Marco','Pinato','9-jan-1995','Centrocampista'),
  ('288896','US Cremonese',8,'Francesco','Deli','17-jul-1994','Centrocampista'),
  ('404969','US Cremonese',30,'Filippo','Nardi','3-mar-1998','Centrocampista'),
  ('533321','US Cremonese',null,'Stefano','Girelli','9-jan-2001','Centrocampista'),
  ('650248','US Cremonese',null,'Luca','Schirone','24-feb-2003','Centrocampista'),
  ('392966','US Cremonese',21,'Nadir','Zortea','19-jun-1999','Centrocampista'),
  ('358008','US Cremonese',70,'Gianluca','Gaetano','5-may-2000','Centrocampista'),
  ('604630','US Cremonese',77,'Matteo','Ghisolfi','25-may-2002','Centrocampista'),
  ('238654','US Cremonese',32,'Jaime','Báez','25-apr-1995','Attaccante'),
  ('187384','US Cremonese',10,'Cristian','Buonaiuto','29-dec-1992','Attaccante'),
  ('487843','US Cremonese',7,'Lorenzo','Colombo','8-mar-2002','Attaccante'),
  ('340427','US Cremonese',99,'Zan','Celar','14-mar-1999','Attaccante'),
  ('155802','US Cremonese',17,'Luca','Strizzolo','29-apr-1992','Attaccante'),
  ('029605','US Cremonese',9,'Daniel','Ciofani','31-jul-1985','Attaccante'),
  ('035743','US Cremonese',11,'Fabio','Ceravolo','5-mar-1987','Attaccante'),
  ('244491','Pisa Sporting Club',66,'Stefano','Gori','9-mar-1996','Portiere'),
  ('240675','Pisa Sporting Club',1,'Simone','Perilli','7-jan-1995','Portiere'),
  ('386567','Pisa Sporting Club',22,'Leonardo','Loria','28-mar-1999','Portiere'),
  ('383778','Pisa Sporting Club',null,'Matteo','Kucich','1-oct-1998','Portiere'),
  ('658424','Pisa Sporting Club',null,'Gianluca','Colnago','18-jun-2003','Portiere'),
  ('362981','Pisa Sporting Club',24,'Marco','Varnier','8-jun-1998','Difensore'),
  ('149525','Pisa Sporting Club',8,'Antonio','Caracciolo','30-jun-1990','Difensore'),
  ('099923','Pisa Sporting Club',33,'Simone','Benedetti','3-apr-1992','Difensore'),
  ('337149','Pisa Sporting Club',13,'Andrea','Meroni','9-jan-1997','Difensore'),
  ('525662','Pisa Sporting Club',25,'Lorenzo','Masetti','15-feb-2001','Difensore'),
  ('486614','Pisa Sporting Club',null,'Lorenzo','Bechini','19-jun-2001','Difensore'),
  ('723676','Pisa Sporting Club',39,'Marco','Romiti','23-nov-2003','Difensore'),
  ('146937','Pisa Sporting Club',23,'Francesco','Lisi','3-sep-1989','Difensore'),
  ('461019','Pisa Sporting Club',2,'Samuele','Birindelli','19-jul-1999','Difensore'),
  ('197299','Pisa Sporting Club',4,'Francesco','Belli','16-mar-1994','Difensore'),
  ('056609','Pisa Sporting Club',3,'Eros','Pisano','31-mar-1987','Difensore'),
  ('671302','Pisa Sporting Club',35,'Tommaso','Fischer','11-may-2003','Difensore'),
  ('052188','Pisa Sporting Club',27,'Robert','Gucher','20-feb-1991','Centrocampista'),
  ('459991','Pisa Sporting Club',null,'Marco','Pompetti','22-may-2000','Centrocampista'),
  ('062725','Pisa Sporting Club',30,'Alessandro','De Vitis','15-feb-1992','Centrocampista'),
  ('707606','Pisa Sporting Club',44,'Tommaso','Del Rosso','31-jan-2002','Centrocampista'),
  ('226025','Pisa Sporting Club',36,'Luca','Mazzitelli','15-nov-1995','Centrocampista'),
  ('379163','Pisa Sporting Club',14,'Marius','Marin','30-aug-1998','Centrocampista'),
  ('345742','Pisa Sporting Club',21,'Alessandro','Quaini','17-sep-1998','Centrocampista'),
  ('708075','Pisa Sporting Club',40,'Matteo','Andreano','25-jan-2003','Centrocampista'),
  ('039690','Pisa Sporting Club',10,'Danilo','Soddimo','27-sep-1987','Centrocampista'),
  ('097192','Pisa Sporting Club',7,'Nicholas','Siega','25-feb-1991','Centrocampista'),
  ('163078','Pisa Sporting Club',77,'Davide','Marsura','20-feb-1994','Attaccante'),
  ('397950','Pisa Sporting Club',11,'Giuseppe','Mastinu','9-oct-1991','Attaccante'),
  ('264514','Pisa Sporting Club',19,'Luca','Vido','3-feb-1997','Attaccante'),
  ('289065','Pisa Sporting Club',9,'Simone','Palombi','23-apr-1996','Attaccante'),
  ('057299','Pisa Sporting Club',31,'Michele','Marconi','13-may-1989','Attaccante'),
  ('424275','Pisa Sporting Club',17,'Giuseppe','Sibilli','7-aug-1996','Attaccante'),
  ('489819','Pisa Sporting Club',null,'Thomas','Alberti','23-jun-1998','Attaccante'),
  ('813603','Pisa Sporting Club',null,'Bamba','Susso','9-oct-2002','Attaccante'),
  ('465988','Pisa Sporting Club',null,'Elia','Giani','20-dec-2000','Attaccante'),
  ('082751','Pisa Sporting Club',26,'Gaetano','Masucci','26-oct-1984','Attaccante'),
  ('357991','Reggina 1914',12,'Alessandro','Plizzari','12-mar-2000','Portiere'),
  ('099523','Reggina 1914',88,'Nícolas','null','12-apr-1988','Portiere'),
  ('022304','Reggina 1914',1,'Enrico','Guarna','11-aug-1985','Portiere'),
  ('329669','Reggina 1914',null,'Alessandro','Farroni','20-sep-1997','Portiere'),
  ('487829','Reggina 1914',32,'Christian','Dalle Mura','2-feb-2002','Difensore'),
  ('402970','Reggina 1914',4,'Dimitrios','Stavropoulos','1-may-1997','Difensore'),
  ('091914','Reggina 1914',null,'Davide','Bertoncini','9-may-1991','Difensore'),
  ('331471','Reggina 1914',6,'Giuseppe','Loiacono','6-oct-1991','Difensore'),
  ('079510','Reggina 1914',3,'Thiago','Cionek','21-apr-1986','Difensore'),
  ('817028','Reggina 1914',null,'Angelo','Rechichi','20-aug-2002','Difensore'),
  ('033605','Reggina 1914',13,'Marco','Rossi','30-sep-1987','Difensore'),
  ('044628','Reggina 1914',31,'Daniele','Gasparetto','6-apr-1988','Difensore'),
  ('189340','Reggina 1914',17,'Gianluca','Di Chiara','26-dec-1993','Difensore'),
  ('199767','Reggina 1914',94,'Daniele','Liotti','8-jun-1994','Difensore'),
  ('392956','Reggina 1914',24,'Enrico','Del Prato','10-nov-1999','Difensore'),
  ('196978','Reggina 1914',33,'Ivan','Lakicevic','27-jul-1993','Difensore'),
  ('110928','Reggina 1914',8,'Lorenzo','Crisetig','20-jan-1993','Centrocampista'),
  ('124932','Reggina 1914',null,'Francesco','De Rose','21-jun-1987','Centrocampista'),
  ('319180','Reggina 1914',null,'Andrea','Marcucci','7-feb-1999','Centrocampista'),
  ('536452','Reggina 1914',26,'Luca','Chierico','26-sep-2001','Centrocampista'),
  ('033953','Reggina 1914',91,'Ricardo','Faty','4-aug-1986','Centrocampista'),
  ('377042','Reggina 1914',90,'Michael','Folorunsho','7-feb-1998','Centrocampista'),
  ('401920','Reggina 1914',2,'Kingsley','Michael','26-aug-1999','Centrocampista'),
  ('167792','Reggina 1914',15,'Nicolò','Bianchi','24-feb-1992','Centrocampista'),
  ('149526','Reggina 1914',25,'Marco','Crimi','17-mar-1990','Centrocampista'),
  ('249068','Reggina 1914',null,'Gabriele','Rolando','2-apr-1995','Centrocampista'),
  ('107958','Reggina 1914',10,'Nicola','Bellomo','18-feb-1991','Centrocampista'),
  ('253267','Reggina 1914',null,'Hachim','Mastour','15-jun-1998','Centrocampista'),
  ('138741','Reggina 1914',92,'Mario','Situm','4-apr-1992','Attaccante'),
  ('319231','Reggina 1914',23,'Claudiu','Micovschi','19-may-1999','Attaccante'),
  ('451353','Reggina 1914',99,'Rigoberto','Rivas','31-jul-1998','Attaccante'),
  ('401935','Reggina 1914',9,'Orji','Okwonkwo','19-jan-1998','Attaccante'),
  ('340070','Reggina 1914',20,'Simone','Edera','9-jan-1997','Attaccante'),
  ('016993','Reggina 1914',7,'Jérémy','Ménez','7-may-1987','Attaccante'),
  ('459149','Reggina 1914',null,'Lorenzo','Peli','24-jan-2000','Attaccante'),
  ('702289','Reggina 1914',null,'Aldo','Bezzon','26-jul-2002','Attaccante'),
  ('036884','Reggina 1914',null,'Kyle','Lafferty','16-sep-1987','Attaccante'),
  ('084763','Reggina 1914',30,'Adriano','Montalto','6-apr-1988','Attaccante'),
  ('477027','Reggina 1914',11,'Elia','Petrelli','15-aug-2001','Attaccante'),
  ('503496','Reggina 1914',null,'Nikola','Vasic','4-oct-1991','Attaccante'),
  ('030873','Reggina 1914',19,'Germán','Denis','10-sep-1981','Attaccante'),
  ('817029','Reggina 1914',null,'Giuseppe','Domanico','1-jan-2002','Attaccante'),
  ('055000','Delfino Pescara 1936',1,'Vincenzo','Fiorillo','13-jan-1990','Portiere'),
  ('542588','Delfino Pescara 1936',12,'Alessandro','Sorrentino','3-apr-2002','Portiere'),
  ('265079','Delfino Pescara 1936',22,'Mattia','Del Favero','5-jun-1998','Portiere'),
  ('287871','Delfino Pescara 1936',46,'Fabrizio','Alastra','1-oct-1997','Portiere'),
  ('460114','Delfino Pescara 1936',38,'Nicolò','Radaelli','17-mar-2001','Portiere'),
  ('091716','Delfino Pescara 1936',43,'Frederik','Sörensen','14-apr-1992','Difensore'),
  ('146743','Delfino Pescara 1936',null,'Luca','Antei','19-apr-1992','Difensore'),
  ('492313','Delfino Pescara 1936',26,'Rodrigo','Guth','10-nov-2000','Difensore'),
  ('465677','Delfino Pescara 1936',null,'Edgar','Elizalde','27-feb-2000','Difensore'),
  ('042678','Delfino Pescara 1936',16,'Salvatore','Bocchetti','30-nov-1986','Difensore'),
  ('054921','Delfino Pescara 1936',17,'Massimo','Volta','14-may-1987','Difensore'),
  ('119082','Delfino Pescara 1936',6,'Gennaro','Scognamiglio','24-apr-1987','Difensore'),
  ('662555','Delfino Pescara 1936',null,'Gianluca','Longobardi','10-jan-2003','Difensore'),
  ('042762','Delfino Pescara 1936',5,'Mirko','Drudi','22-feb-1987','Difensore'),
  ('463738','Delfino Pescara 1936',47,'Mardochee','Nzita','24-feb-2000','Difensore'),
  ('286293','Delfino Pescara 1936',19,'Edoardo','Masciangelo','8-jul-1996','Difensore'),
  ('629577','Delfino Pescara 1936',null,'Gabriele','Quacquarelli','5-jan-2002','Difensore'),
  ('357992','Delfino Pescara 1936',null,'Raoul','Bellanova','17-may-2000','Difensore'),
  ('160825','Delfino Pescara 1936',14,'Antonio','Balzano','13-jun-1986','Difensore'),
  ('084903','Delfino Pescara 1936',10,'Mirko','Valdifiori','21-apr-1986','Centrocampista'),
  ('534195','Delfino Pescara 1936',null,'Marco','D''Aloia','21-jul-2001','Centrocampista'),
  ('398031','Delfino Pescara 1936',37,'Fabio','Maistro','5-apr-1998','Centrocampista'),
  ('342472','Delfino Pescara 1936',40,'Stephane','Omeonga','27-mar-1996','Centrocampista'),
  ('134408','Delfino Pescara 1936',31,'Massimiliano','Busellato','23-apr-1993','Centrocampista'),
  ('139634','Delfino Pescara 1936',8,'Ledian','Memushaj','7-dec-1986','Centrocampista'),
  ('339335','Delfino Pescara 1936',null,'Leandro','Fernandes','25-dec-1999','Centrocampista'),
  ('708868','Delfino Pescara 1936',null,'Amadou','Diambo','12-feb-2001','Centrocampista'),
  ('457773','Delfino Pescara 1936',20,'Abdallah','Basit','15-oct-1999','Centrocampista'),
  ('673843','Delfino Pescara 1936',null,'Andrea','Caliò','31-mar-2003','Centrocampista'),
  ('336925','Delfino Pescara 1936',null,'Christian','Ventola','15-may-1997','Centrocampista'),
  ('228604','Delfino Pescara 1936',null,'Luca','Crecco','6-sep-1995','Centrocampista'),
  ('421765','Delfino Pescara 1936',27,'Alessio','Riccardi','3-apr-2001','Centrocampista'),
  ('290698','Delfino Pescara 1936',72,'Dejan','Vokić','12-jun-1996','Centrocampista'),
  ('315856','Delfino Pescara 1936',24,'Christian','Capone','28-apr-1999','Attaccante'),
  ('287265','Delfino Pescara 1936',null,'Andrea','Di Grazia','8-may-1996','Attaccante'),
  ('096766','Delfino Pescara 1936',11,'Cristian','Galano','1-apr-1991','Attaccante'),
  ('560844','Delfino Pescara 1936',null,'Marco','Chiarella','14-aug-2002','Attaccante'),
  ('646165','Delfino Pescara 1936',null,'Alessandro','Arlotti','2-apr-2002','Attaccante'),
  ('345590','Delfino Pescara 1936',7,'Jens','Odgaard','31-mar-1999','Attaccante'),
  ('460898','Delfino Pescara 1936',77,'Damir','Ceter','2-nov-1997','Attaccante'),
  ('744844','Delfino Pescara 1936',18,'Nicolas','Belloni','7-feb-2001','Attaccante'),
  ('398945','Delfino Pescara 1936',null,'Miloš','Bočić','26-jan-2000','Attaccante'),
  ('706166','Delfino Pescara 1936',null,'Vladislav','Blanuta','12-jan-2002','Attaccante'),
  ('163048','AS Cittadella',null,'Alberto','Paleari','29-aug-1992','Portiere'),
  ('258608','AS Cittadella',36,'Elhan','Kastrati','2-feb-1997','Portiere'),
  ('176182','AS Cittadella',77,'Luca','Maniero','12-jun-1995','Portiere'),
  ('555189','AS Cittadella',null,'Gabriele','Plechero','17-oct-2002','Portiere'),
  ('569974','AS Cittadella',null,'Antony','Petre','3-feb-2003','Portiere'),
  ('707397','AS Cittadella',null,'Filippo','Manfrin','13-apr-2004','Portiere'),
  ('163212','AS Cittadella',5,'Davide','Adorni','9-aug-1992','Difensore'),
  ('287639','AS Cittadella',15,'Domenico','Frare','10-may-1996','Difensore'),
  ('240400','AS Cittadella',6,'Agostino','Camigliano','11-jul-1994','Difensore'),
  ('134654','AS Cittadella',null,'Nikolas','Smajlaj','30-sep-2002','Difensore'),
  ('044294','AS Cittadella',2,'Romano','Perticone','13-aug-1986','Difensore'),
  ('455374','AS Cittadella',null,'Gianluca','Bassano','5-jan-1999','Difensore'),
  ('148585','AS Cittadella',3,'Amedeo','Benedetti','25-oct-1991','Difensore'),
  ('167900','AS Cittadella',17,'Daniele','Donnarumma','12-apr-1992','Difensore'),
  ('412649','AS Cittadella',84,'Tommaso','Cassandro','9-jan-2000','Difensore'),
  ('130352','AS Cittadella',24,'Luca','Ghiringhelli','23-jan-1992','Difensore'),
  ('167480','AS Cittadella',26,'Nicola','Pavan','15-jun-1993','Centrocampista'),
  ('082684','AS Cittadella',null,'Manuel','Iori','12-mar-1982','Centrocampista'),
  ('287651','AS Cittadella',8,'Federico','Proia','4-feb-1996','Centrocampista'),
  ('340444','AS Cittadella',10,'Christian','D''Urso','26-jul-1997','Centrocampista'),
  ('242469','AS Cittadella',20,'Mario','Gargiulo','26-mar-1996','Centrocampista'),
  ('427576','AS Cittadella',null,'Theophilus','Awua','24-apr-1998','Centrocampista'),
  ('167793','AS Cittadella',23,'Simone','Branca','25-mar-1992','Centrocampista'),
  ('163606','AS Cittadella',16,'Alessio','Vita','16-mar-1993','Centrocampista'),
  ('459725','AS Cittadella',29,'Valerio','Mastrantonio','22-jun-1999','Centrocampista'),
  ('410655','AS Cittadella',21,'Camillo','Tavernelli','10-jul-1999','Attaccante'),
  ('199722','AS Cittadella',7,'Marco','Rosafio','19-mar-1994','Attaccante'),
  ('336963','AS Cittadella',null,'Paolo','Grillo','8-feb-1997','Attaccante'),
  ('392545','AS Cittadella',9,'Frank','Tsadjout','28-jul-1999','Attaccante'),
  ('192105','AS Cittadella',32,'Roberto','Ogunseye','16-may-1995','Attaccante'),
  ('065635','AS Cittadella',null,'Karamoko','Cissé','14-nov-1988','Attaccante'),
  ('091241','AS Cittadella',11,'Giacomo','Beretta','14-mar-1992','Attaccante'),
  ('262521','AS Cittadella',92,'Enrico','Baldini','13-nov-1996','Attaccante'),
  ('238537','Cosenza Calcio',30,'Wladimiro','Falcone','12-apr-1995','Portiere'),
  ('199001','Cosenza Calcio',22,'Umberto','Saracco','10-apr-1994','Portiere'),
  ('340448','Cosenza Calcio',1,'Kristjan','Matosevic','5-jun-1997','Portiere'),
  ('703792','Cosenza Calcio',null,'Pavel','Patitucci','20-may-2003','Portiere'),
  ('465537','Cosenza Calcio',42,'Georgios','Antzoulas','4-feb-2000','Difensore'),
  ('248695','Cosenza Calcio',4,'Andrea','Tiritiello','28-mar-1995','Difensore'),
  ('331477','Cosenza Calcio',5,'Riccardo','Idda','26-dec-1988','Difensore'),
  ('061605','Cosenza Calcio',28,'Gianmarco','Ingrosso','28-jan-1989','Difensore'),
  ('616908','Cosenza Calcio',null,'Paolo','Ficara','25-jun-2002','Difensore'),
  ('028857','Cosenza Calcio',14,'Raffaele','Schiavi','15-mar-1986','Difensore'),
  ('642967','Cosenza Calcio',19,'Brayan','Vera','15-jan-1999','Difensore'),
  ('061606','Cosenza Calcio',18,'Matteo','Legittimo','17-jun-1989','Difensore'),
  ('673126','Cosenza Calcio',null,'Salvatore Dario','La Vardera','7-mar-2002','Difensore'),
  ('163062','Cosenza Calcio',27,'Luca','Bittante','14-aug-1993','Difensore'),
  ('457235','Cosenza Calcio',13,'Devid Eugene','Bouah','13-aug-2001','Difensore'),
  ('102562','Cosenza Calcio',2,'Angelo','Corsi','18-may-1989','Difensore'),
  ('427653','Cosenza Calcio',17,'Abou','Ba','29-jul-1998','Centrocampista'),
  ('042117','Cosenza Calcio',null,'Mirko','Bruccini','18-jan-1986','Centrocampista'),
  ('102368','Cosenza Calcio',16,'Daniele','Sciaudone','10-aug-1988','Centrocampista'),
  ('707042','Cosenza Calcio',null,'Raffaele','Maresca','4-dec-2002','Centrocampista'),
  ('621261','Cosenza Calcio',null,'Mario','Gaudio','8-apr-2002','Centrocampista'),
  ('619326','Cosenza Calcio',null,'Aldo','Florenzi','2-apr-2002','Centrocampista'),
  ('088713','Cosenza Calcio',21,'Luca','Tremolada','25-nov-1991','Centrocampista'),
  ('461600','Cosenza Calcio',6,'Mohamed','Bahlouli','17-feb-2000','Centrocampista'),
  ('412095','Cosenza Calcio',11,'Ihsan','Sacko','19-jul-1997','Centrocampista'),
  ('522681','Cosenza Calcio',25,'Ben Lhassine','Kone','14-mar-2000','Centrocampista'),
  ('082648','Cosenza Calcio',null,'Mirko','Carretta','23-nov-1990','Attaccante'),
  ('129505','Cosenza Calcio',29,'Marcello','Trotta','29-sep-1992','Attaccante'),
  ('365769','Cosenza Calcio',null,'Adrian','Petre','11-feb-1998','Attaccante'),
  ('459988','Cosenza Calcio',null,'Gennaro','Borrelli','10-mar-2000','Attaccante'),
  ('209936','Cosenza Calcio',23,'Ettore','Gliozzi','23-sep-1995','Attaccante'),
  ('084380','Cosenza Calcio',null,'Gianluca','Litteri','6-jun-1988','Attaccante'),
  ('531973','Cosenza Calcio',79,'Gianluigi','Sueva','1-jan-2001','Attaccante'),
  ('130382','Cosenza Calcio',9,'Jerry','Mbakogu','1-oct-1992','Attaccante'),
  ('305409','Cosenza Calcio',null,'Riccardo','Moreo','24-feb-1996','Attaccante'),
  ('481344','Virtus Entella',68,'Alessandro','Russo','31-mar-2001','Portiere'),
  ('240799','Virtus Entella',24,'Daniele','Borra','28-jul-1995','Portiere'),
  ('242537','Virtus Entella',null,'Samuele','Massolo','4-may-1996','Portiere'),
  ('057272','Virtus Entella',1,'Andrea','Paroni','14-oct-1989','Portiere'),
  ('323654','Virtus Entella',97,'Mirko','Albertazzi','28-jun-1997','Portiere'),
  ('704831','Virtus Entella',12,'Pietro','Balducci','31-jan-2003','Portiere'),
  ('704791','Virtus Entella',32,'Vullnet','Tozaj','22-apr-2003','Portiere'),
  ('163549','Virtus Entella',5,'Marco','Chiosa','19-nov-1993','Difensore'),
  ('250921','Virtus Entella',21,'Mauro','Coppolaro','10-mar-1997','Difensore'),
  ('530552','Virtus Entella',6,'Federico','Bonini','6-aug-2001','Difensore'),
  ('104746','Virtus Entella',15,'Michele','Pellizzer','22-may-1989','Difensore'),
  ('264485','Virtus Entella',null,'Ivan','De Santis','21-may-1997','Difensore'),
  ('124173','Virtus Entella',13,'Fabrizio','Poli','26-may-1989','Difensore'),
  ('534167','Virtus Entella',null,'Filip','Nagy','16-feb-2001','Difensore'),
  ('704459','Virtus Entella',35,'Stefano','Reali','1-apr-2003','Difensore'),
  ('197743','Virtus Entella',3,'Filippo','Costa','21-may-1995','Difensore'),
  ('274940','Virtus Entella',95,'Markus','Pavic','26-mar-1995','Difensore'),
  ('240803','Virtus Entella',17,'Filippo','De Col','28-oct-1993','Difensore'),
  ('425767','Virtus Entella',2,'Gabriel','Cléùr','31-jan-1998','Difensore'),
  ('533559','Virtus Entella',8,'Andrea','Bruno','26-feb-2001','Difensore'),
  ('391421','Virtus Entella',14,'Cassio','Cardoselli','26-jul-1998','Centrocampista'),
  ('044540','Virtus Entella',23,'Andrea','Paolucci','23-nov-1986','Centrocampista'),
  ('336959','Virtus Entella',25,'Marco','Toscano','7-jul-1997','Centrocampista'),
  ('714229','Virtus Entella',36,'Mateus','Cecchini Muller','25-feb-2003','Centrocampista'),
  ('534161','Virtus Entella',80,'Ilias','Koutsoupias','10-may-2001','Centrocampista'),
  ('319213','Virtus Entella',4,'Vlad','Dragomir','24-apr-1999','Centrocampista'),
  ('459128','Virtus Entella',33,'Marco','Brescianini','20-jan-2000','Centrocampista'),
  ('273526','Virtus Entella',27,'Andrea','Settembrini','10-dec-1991','Centrocampista'),
  ('240254','Virtus Entella',18,'Davide','Mazzocco','6-oct-1995','Centrocampista'),
  ('355451','Virtus Entella',null,'Simone','Icardi','13-sep-1996','Centrocampista'),
  ('648723','Virtus Entella',28,'Simone','Andreis','25-sep-2001','Centrocampista'),
  ('083406','Virtus Entella',10,'Luca','Nizzetto','8-mar-1986','Centrocampista'),
  ('450167','Virtus Entella',34,'Leonardo','Di Cosmo','31-oct-1998','Centrocampista'),
  ('130357','Virtus Entella',99,'Andrea','Schenetti','9-mar-1991','Centrocampista'),
  ('390679','Virtus Entella',null,'Michele','Currarino','6-aug-1992','Centrocampista'),
  ('534166','Virtus Entella',34,'Lorenzo','Meazzi','28-may-2001','Centrocampista'),
  ('062751','Virtus Entella',7,'Giuseppe','De Luca','11-oct-1991','Attaccante'),
  ('188889','Virtus Entella',19,'Matteo Luigi','Brunori','1-nov-1994','Attaccante'),
  ('175788','Virtus Entella',null,'Andrea','Magrassi','6-feb-1993','Attaccante'),
  ('370110','Virtus Entella',null,'Tomi','Petrovic','11-mar-1999','Attaccante'),
  ('169533','Virtus Entella',9,'Alejandro','Rodríguez','30-jul-1991','Attaccante'),
  ('230611','Virtus Entella',20,'Matteo','Mancosu','22-dec-1984','Attaccante'),
  ('705321','Virtus Entella',30,'Davide','Villa','6-may-2002','Attaccante'),
  ('155038','LR Vicenza',22,'Matteo','Grandi','12-oct-1992','Portiere'),
  ('163315','LR Vicenza',33,'Pietro','Perina','28-feb-1992','Portiere'),
  ('537171','LR Vicenza',null,'Semuel','Pizzignacco','1-sep-2001','Portiere'),
  ('567458','LR Vicenza',12,'Nicolas','Gerardi','7-feb-2003','Portiere'),
  ('818133','LR Vicenza',1,'Alberto','Zecchin','7-jan-2003','Portiere'),
  ('130380','LR Vicenza',23,'Daniel','Cappelletti','9-oct-1991','Difensore'),
  ('156207','LR Vicenza',null,'Nicola','Bizzotto','1-mar-1990','Difensore'),
  ('072471','LR Vicenza',4,'Nahuel','Valentini','19-sep-1988','Difensore'),
  ('160854','LR Vicenza',16,'Emanuele','Padella','24-sep-1988','Difensore'),
  ('814349','LR Vicenza',null,'Nicholas','Fantoni','4-oct-2002','Difensore'),
  ('063254','LR Vicenza',13,'Nicola','Pasini','10-apr-1991','Difensore'),
  ('381370','LR Vicenza',20,'Pietro','Beruatto','21-dec-1998','Difensore'),
  ('197741','LR Vicenza',24,'Luca','Barlocco','20-feb-1995','Difensore'),
  ('056618','LR Vicenza',15,'Matteo','Bruscagin','3-aug-1989','Difensore'),
  ('370704','LR Vicenza',19,'Mario','Ierardi','19-feb-1998','Difensore'),
  ('292422','LR Vicenza',27,'Simone','Pontisso','20-mar-1997','Centrocampista'),
  ('078621','LR Vicenza',null,'Federico','Scoppa','7-jul-1987','Centrocampista'),
  ('430503','LR Vicenza',40,'Jacopo','Da Riva','27-oct-2000','Centrocampista'),
  ('377043','LR Vicenza',6,'Loris','Zonta','22-may-1997','Centrocampista'),
  ('197468','LR Vicenza',45,'Davide','Agazzi','2-jun-1993','Centrocampista'),
  ('073920','LR Vicenza',8,'Antonio','Cinelli','8-dec-1989','Centrocampista'),
  ('022210','LR Vicenza',30,'Luca','Rigoni','7-dec-1984','Centrocampista'),
  ('685509','LR Vicenza',null,'Simone','Tronchin','17-oct-2002','Centrocampista'),
  ('258827','LR Vicenza',11,'Jari','Vandeputte','14-feb-1996','Centrocampista'),
  ('537545','LR Vicenza',null,'Stefano','Cester','15-mar-2002','Centrocampista'),
  ('301237','LR Vicenza',34,'Nicola','Dalmonte','13-sep-1997','Attaccante'),
  ('088691','LR Vicenza',10,'Stefano','Giacomelli','30-apr-1990','Attaccante'),
  ('278578','LR Vicenza',7,'Andrea','Nalini','20-jun-1990','Attaccante'),
  ('337310','LR Vicenza',95,'Lamin','Jallow','18-dec-1995','Attaccante'),
  ('124560','LR Vicenza',29,'Samuele','Longo','12-jan-1992','Attaccante'),
  ('315859','LR Vicenza',9,'Gabriele','Gori','13-feb-1999','Attaccante'),
  ('061539','LR Vicenza',70,'Davide','Lanzafame','9-feb-1987','Attaccante'),
  ('144366','LR Vicenza',null,'Alessandro','Marotta','15-jul-1986','Attaccante'),
  ('076110','LR Vicenza',null,'Simone','Guerra','30-aug-1989','Attaccante'),
  ('028936','LR Vicenza',69,'Riccardo','Meggiorini','4-sep-1985','Attaccante'),
  ('743281','LR Vicenza',null,'Issa','Ouro Agouda','20-mar-2002','Attaccante'),
  ('659416','LR Vicenza',null,'Tommaso','Mancini','23-jul-2004','Attaccante'),
  ('370701','AC Reggiana 1919',13,'Michele','Cerofolini','4-jan-1999','Portiere'),
  ('120236','AC Reggiana 1919',22,'Giacomo','Venturi','2-jan-1992','Portiere'),
  ('341389','AC Reggiana 1919',1,'Matteo','Voltolini','30-jul-1996','Portiere'),
  ('268590','AC Reggiana 1919',6,'Eloge','Yao','20-jan-1996','Difensore'),
  ('159288','AC Reggiana 1919',93,'Arlind','Ajeti','25-sep-1993','Difensore'),
  ('061617','AC Reggiana 1919',4,'Paolo','Rozzio','22-jul-1992','Difensore'),
  ('337385','AC Reggiana 1919',null,'Riccardo','Gatti','30-mar-1997','Difensore'),
  ('122430','AC Reggiana 1919',3,'Riccardo','Martinelli','30-apr-1991','Difensore'),
  ('331365','AC Reggiana 1919',19,'Marcos','Espeche','18-jun-1985','Difensore'),
  ('604201','AC Reggiana 1919',14,'Andrea','Galeotti','2-sep-2002','Difensore'),
  ('034336','AC Reggiana 1919',15,'Andrea','Costa','1-feb-1986','Difensore'),
  ('339566','AC Reggiana 1919',null,'Luca','Germoni','1-sep-1997','Difensore'),
  ('341481','AC Reggiana 1919',17,'Lorenzo','Libutti','17-sep-1997','Difensore'),
  ('464561','AC Reggiana 1919',26,'Niko','Kirwan','4-sep-1995','Difensore'),
  ('339982','AC Reggiana 1919',20,'Bright','Gyamfi','20-jan-1996','Difensore'),
  ('421871','AC Reggiana 1919',16,'Salvatore','Pezzella','11-mar-2000','Centrocampista'),
  ('081743','AC Reggiana 1919',5,'Fausto','Rossi','3-dec-1990','Centrocampista'),
  ('297648','AC Reggiana 1919',38,'Simone','Muratore','30-may-1998','Centrocampista'),
  ('123258','AC Reggiana 1919',8,'Ivan','Varone','11-oct-1992','Centrocampista'),
  ('244061','AC Reggiana 1919',18,'Lorenzo','Del Pinto','17-jun-1990','Centrocampista'),
  ('199597','AC Reggiana 1919',7,'Giuseppe','Zampano','30-sep-1993','Centrocampista'),
  ('167330','AC Reggiana 1919',21,'Igor','Radrezza','6-jun-1993','Centrocampista'),
  ('124911','AC Reggiana 1919',23,'Karim','Laribi','20-apr-1991','Centrocampista'),
  ('199947','AC Reggiana 1919',null,'Davide','Voltan','15-apr-1995','Centrocampista'),
  ('814040','AC Reggiana 1919',null,'Cristiano','Lorenzani','27-may-2001','Centrocampista'),
  ('459151','AC Reggiana 1919',28,'Nicolò','Cambiaghi','28-dec-2000','Attaccante'),
  ('287710','AC Reggiana 1919',11,'Gabriel','Lunetta','10-aug-1996','Attaccante'),
  ('086079','AC Reggiana 1919',25,'Luca','Siligardi','26-jan-1988','Attaccante'),
  ('549791','AC Reggiana 1919',24,'Augustus','Kargbo','24-aug-1999','Attaccante'),
  ('337809','AC Reggiana 1919',10,'Simone','Mazzocchi','17-aug-1998','Attaccante'),
  ('102413','AC Reggiana 1919',9,'Luca','Zamparo','19-nov-1994','Attaccante'),
  ('099408','AC Reggiana 1919',null,'Mattia','Marchi','14-jan-1989','Attaccante');

insert into Partite values
  ('IT200000',2,'FC Empoli','AC Monza',0,0),
  ('IT200001',4,'FC Empoli','SPAL',2,1),
  ('IT200002',5,'FC Empoli','AC Pisa 1909',3,1),
  ('IT200003',7,'FC Empoli','Reggina 1914',3,0),
  ('IT200004',9,'FC Empoli','LR Vicenza',2,2),
  ('IT200005',12,'FC Empoli','US Cremonese',1,0),
  ('IT200006',14,'FC Empoli','AC Reggiana 1919',0,0),
  ('IT200007',16,'FC Empoli','Ascoli Calcio',1,1),
  ('IT200008',18,'FC Empoli','US Salernitana 1919',5,0),
  ('IT200009',1,'US Salernitana 1919','Reggina 1914',1,1),
  ('IT200010',3,'US Salernitana 1919','AC Pisa 1909',4,1),
  ('IT200011',5,'US Salernitana 1919','Ascoli Calcio',1,0),
  ('IT200012',6,'US Salernitana 1919','AC Reggiana 1919',3,0),
  ('IT200013',8,'US Salernitana 1919','US Cremonese',2,1),
  ('IT200014',10,'US Salernitana 1919','AS Cittadella',1,0),
  ('IT200015',12,'US Salernitana 1919','US Lecce',1,1),
  ('IT200016',14,'US Salernitana 1919','Virtus Entella',2,1),
  ('IT200017',17,'US Salernitana 1919','Pordenone Calcio',0,2),
  ('IT200018',19,'US Salernitana 1919','Delfino Pescara 1936',2,0),
  ('IT200019',1,'AC Monza','SPAL',0,0),
  ('IT200020',3,'AC Monza','LR Vicenza',1,1),
  ('IT200021',5,'AC Monza','Chievo Verona',1,2),
  ('IT200022',7,'AC Monza','Frosinone Calcio',2,0),
  ('IT200023',9,'AC Monza','Reggina 1914',1,0),
  ('IT200024',12,'AC Monza','Virtus Entella',5,0),
  ('IT200025',14,'AC Monza','Ascoli Calcio',2,0),
  ('IT200026',16,'AC Monza','US Salernitana 1919',3,0),
  ('IT200027',18,'AC Monza','Cosenza Calcio',2,2),
  ('IT200028',1,'US Lecce','Pordenone Calcio',0,0),
  ('IT200029',4,'US Lecce','US Cremonese',2,2),
  ('IT200030',6,'US Lecce','Delfino Pescara 1936',3,1),
  ('IT200031',8,'US Lecce','AC Reggiana 1919',7,1),
  ('IT200032',10,'US Lecce','Venezia FC',2,2),
  ('IT200033',11,'US Lecce','Frosinone Calcio',2,2),
  ('IT200034',13,'US Lecce','AC Pisa 1909',0,3),
  ('IT200035',15,'US Lecce','LR Vicenza',2,1),
  ('IT200036',17,'US Lecce','AC Monza',0,0),
  ('IT200037',19,'US Lecce','Empoli FC ',2,2),
  ('IT200038',1,'Venezia FC','LR Vicenza',1,0),
  ('IT200039',2,'Venezia FC','Frosinone Calcio',0,2),
  ('IT200040',4,'Venezia FC','Delfino Pescara 1936',4,0),
  ('IT200041',6,'Venezia FC','Empoli FC ',2,0),
  ('IT200042',9,'Venezia FC','Ascoli Calcio',2,1),
  ('IT200043',11,'Venezia FC','AC Monza',0,2),
  ('IT200044',13,'Venezia FC','SPAL',0,0),
  ('IT200045',15,'Venezia FC','US Salernitana 1919',1,2),
  ('IT200046',17,'Venezia FC','AC Pisa 1909',1,1),
  ('IT200047',19,'Venezia FC','AS Cittadella',1,0),
  ('IT200048',2,'AS Cittadella','Brescia Calcio',3,0),
  ('IT200049',4,'AS Cittadella','Pordenone Calcio',2,0),
  ('IT200050',6,'AS Cittadella','AC Monza',1,2),
  ('IT200051',8,'AS Cittadella','Empoli FC ',2,2),
  ('IT200052',11,'AS Cittadella','SPAL',2,0),
  ('IT200053',12,'AS Cittadella','LR Vicenza',3,0),
  ('IT200054',14,'AS Cittadella','Frosinone Calcio',1,0),
  ('IT200055',16,'AS Cittadella','US Lecce',2,2),
  ('IT200056',18,'AS Cittadella','Ascoli Calcio',1,0),
  ('IT200057',1,'Brescia Calcio','Ascoli Calcio',1,1),
  ('IT200058',3,'Brescia Calcio','US Lecce',3,0),
  ('IT200059',6,'Brescia Calcio','Virtus Entella',2,2),
  ('IT200060',8,'Brescia Calcio','Venezia FC',2,2),
  ('IT200061',9,'Brescia Calcio','Frosinone Calcio',1,2),
  ('IT200062',11,'Brescia Calcio','US Salernitana 1919',3,1),
  ('IT200063',13,'Brescia Calcio','AC Reggiana 1919',3,1),
  ('IT200064',15,'Brescia Calcio','Empoli FC ',1,3),
  ('IT200065',17,'Brescia Calcio','LR Vicenza',0,3),
  ('IT200066',19,'Brescia Calcio','AC Monza',0,1),
  ('IT200067',2,'Chievo Verona','US Salernitana 1919',1,2),
  ('IT200068',4,'Chievo Verona','Brescia Calcio',1,0),
  ('IT200069',6,'Chievo Verona','Cosenza Calcio',2,0),
  ('IT200070',9,'Chievo Verona','US Lecce',1,2),
  ('IT200071',11,'Chievo Verona','Reggina 1914',3,0),
  ('IT200072',13,'Chievo Verona','Empoli FC ',1,1),
  ('IT200073',15,'Chievo Verona','AS Cittadella',2,1),
  ('IT200074',16,'Chievo Verona','Venezia FC',1,1),
  ('IT200075',18,'Chievo Verona','Virtus Entella',2,1),
  ('IT200076',2,'SPAL','Cosenza Calcio',1,1),
  ('IT200077',5,'SPAL','LR Vicenza',3,2),
  ('IT200078',7,'SPAL','US Salernitana 1919',2,0),
  ('IT200079',8,'SPAL','Delfino Pescara 1936',2,0),
  ('IT200080',10,'SPAL','AC Pisa 1909',4,0),
  ('IT200081',12,'SPAL','Chievo Verona',0,0),
  ('IT200082',14,'SPAL','US Lecce',1,0),
  ('IT200083',16,'SPAL','Brescia Calcio',2,3),
  ('IT200084',18,'SPAL','AC Reggiana 1919',2,0),
  ('IT200085',1,'Frosinone Calcio','Empoli FC ',0,2),
  ('IT200086',3,'Frosinone Calcio','Ascoli Calcio',1,0),
  ('IT200087',4,'Frosinone Calcio','Virtus Entella',0,0),
  ('IT200088',6,'Frosinone Calcio','US Cremonese',1,0),
  ('IT200089',8,'Frosinone Calcio','Cosenza Calcio',0,2),
  ('IT200090',10,'Frosinone Calcio','Chievo Verona',3,2),
  ('IT200091',13,'Frosinone Calcio','US Salernitana 1919',0,0),
  ('IT200092',15,'Frosinone Calcio','Pordenone Calcio',1,1),
  ('IT200093',17,'Frosinone Calcio','SPAL',1,2),
  ('IT200094',19,'Frosinone Calcio','Reggina 1914',1,1),
  ('IT200095',2,'Reggina 1914','Delfino Pescara 1936',3,1),
  ('IT200096',4,'Reggina 1914','Cosenza Calcio',0,0),
  ('IT200097',6,'Reggina 1914','SPAL',0,1),
  ('IT200098',8,'Reggina 1914','AC Pisa 1909',1,2),
  ('IT200099',10,'Reggina 1914','Brescia Calcio',2,1),
  ('IT200100',12,'Reggina 1914','Venezia FC',1,2),
  ('IT200101',13,'Reggina 1914','AS Cittadella',1,3),
  ('IT200102',16,'Reggina 1914','US Cremonese',1,0),
  ('IT200103',18,'Reggina 1914','US Lecce',0,1),
  ('IT200104',2,'LR Vicenza','Pordenone Calcio',1,1),
  ('IT200105',4,'LR Vicenza','US Salernitana 1919',1,1),
  ('IT200106',6,'LR Vicenza','AC Pisa 1909',4,4),
  ('IT200107',8,'LR Vicenza','Chievo Verona',1,1),
  ('IT200108',10,'LR Vicenza','Cosenza Calcio',1,1),
  ('IT200109',13,'LR Vicenza','Ascoli Calcio',2,1),
  ('IT200110',14,'LR Vicenza','Reggina 1914',1,1),
  ('IT200111',16,'LR Vicenza','Virtus Entella',0,1),
  ('IT200112',18,'LR Vicenza','Frosinone Calcio',0,0),
  ('IT200113',1,'US Cremonese','AS Cittadella',0,2),
  ('IT200114',3,'US Cremonese','Venezia FC',0,0),
  ('IT200115',5,'US Cremonese','Brescia Calcio',2,2),
  ('IT200116',7,'US Cremonese','LR Vicenza',0,1),
  ('IT200117',10,'US Cremonese','Virtus Entella',2,1),
  ('IT200118',11,'US Cremonese','Ascoli Calcio',3,3),
  ('IT200119',13,'US Cremonese','Cosenza Calcio',1,0),
  ('IT200120',15,'US Cremonese','AC Monza',0,2),
  ('IT200121',17,'US Cremonese','Chievo Verona',0,2),
  ('IT200122',19,'US Cremonese','SPAL',1,1),
  ('IT200123',2,'Pisa Sporting Club','US Cremonese',1,1),
  ('IT200124',4,'Pisa Sporting Club','AC Monza',1,1),
  ('IT200125',7,'Pisa Sporting Club','Ascoli Calcio',2,1),
  ('IT200126',9,'Pisa Sporting Club','AS Cittadella',1,4),
  ('IT200127',11,'Pisa Sporting Club','Pordenone Calcio',1,0),
  ('IT200128',12,'Pisa Sporting Club','Delfino Pescara 1936',0,0),
  ('IT200129',14,'Pisa Sporting Club','Chievo Verona',2,2),
  ('IT200130',16,'Pisa Sporting Club','Frosinone Calcio',0,0),
  ('IT200131',18,'Pisa Sporting Club','Brescia Calcio',1,0),
  ('IT200132',3,'Pordenone Calcio','SPAL',3,3),
  ('IT200133',5,'Pordenone Calcio','Reggina 1914',2,2),
  ('IT200134',7,'Pordenone Calcio','Chievo Verona',1,1),
  ('IT200135',8,'Pordenone Calcio','AC Monza',1,1),
  ('IT200136',10,'Pordenone Calcio','Empoli FC ',0,0),
  ('IT200137',12,'Pordenone Calcio','Brescia Calcio',1,1),
  ('IT200138',14,'Pordenone Calcio','US Cremonese',1,2),
  ('IT200139',16,'Pordenone Calcio','AC Reggiana 1919',3,0),
  ('IT200140',18,'Pordenone Calcio','Venezia FC',2,0),
  ('IT200141',2,'Ascoli Calcio','US Lecce',0,2),
  ('IT200142',4,'Ascoli Calcio','AC Reggiana 1919',2,1),
  ('IT200143',6,'Ascoli Calcio','Pordenone Calcio',0,1),
  ('IT200144',8,'Ascoli Calcio','Virtus Entella',1,1),
  ('IT200145',10,'Ascoli Calcio','Delfino Pescara 1936',0,2),
  ('IT200146',12,'Ascoli Calcio','Cosenza Calcio',0,3),
  ('IT200147',15,'Ascoli Calcio','SPAL',2,0),
  ('IT200148',17,'Ascoli Calcio','Reggina 1914',2,1),
  ('IT200149',19,'Ascoli Calcio','Chievo Verona',0,0),
  ('IT200150',1,'Cosenza Calcio','Virtus Entella',0,0),
  ('IT200151',3,'Cosenza Calcio','AS Cittadella',1,1),
  ('IT200152',5,'Cosenza Calcio','US Lecce',1,1),
  ('IT200153',7,'Cosenza Calcio','Brescia Calcio',1,2),
  ('IT200154',9,'Cosenza Calcio','US Salernitana 1919',0,1),
  ('IT200155',11,'Cosenza Calcio','AC Reggiana 1919',0,1),
  ('IT200156',14,'Cosenza Calcio','Venezia FC',0,0),
  ('IT200157',15,'Cosenza Calcio','AC Pisa 1909',1,1),
  ('IT200158',17,'Cosenza Calcio','Empoli FC ',0,2),
  ('IT200159',19,'Cosenza Calcio','Pordenone Calcio',0,0),
  ('IT200160',1,'AC Reggiana 1919','AC Pisa 1909',2,2),
  ('IT200161',3,'AC Reggiana 1919','Chievo Verona',0,1),
  ('IT200162',5,'AC Reggiana 1919','AS Cittadella',0,2),
  ('IT200163',7,'AC Reggiana 1919','Venezia FC',2,1),
  ('IT200164',9,'AC Reggiana 1919','US Cremonese',1,1),
  ('IT200165',10,'AC Reggiana 1919','AC Monza',3,0),
  ('IT200166',12,'AC Reggiana 1919','Frosinone Calcio',1,2),
  ('IT200167',15,'AC Reggiana 1919','Reggina 1914',0,1),
  ('IT200168',17,'AC Reggiana 1919','Delfino Pescara 1936',0,1),
  ('IT200169',19,'AC Reggiana 1919','LR Vicenza',2,1),
  ('IT200170',1,'Delfino Pescara 1936','Chievo Verona',0,0),
  ('IT200171',3,'Delfino Pescara 1936','Empoli FC ',1,2),
  ('IT200172',5,'Delfino Pescara 1936','Frosinone Calcio',0,2),
  ('IT200173',7,'Delfino Pescara 1936','AS Cittadella',3,1),
  ('IT200174',9,'Delfino Pescara 1936','Pordenone Calcio',0,2),
  ('IT200175',11,'Delfino Pescara 1936','LR Vicenza',2,3),
  ('IT200176',13,'Delfino Pescara 1936','AC Monza',3,2),
  ('IT200177',14,'Delfino Pescara 1936','Brescia Calcio',1,1),
  ('IT200178',16,'Delfino Pescara 1936','Cosenza Calcio',0,0),
  ('IT200179',18,'Delfino Pescara 1936','US Cremonese',0,2),
  ('IT200180',2,'Virtus Entella','AC Reggiana 1919',0,2),
  ('IT200181',3,'Virtus Entella','Reggina 1914',1,1),
  ('IT200182',5,'Virtus Entella','Venezia FC',0,2),
  ('IT200183',7,'Virtus Entella','US Lecce',1,5),
  ('IT200184',9,'Virtus Entella','SPAL',0,1),
  ('IT200185',11,'Virtus Entella','Empoli FC ',2,5),
  ('IT200186',13,'Virtus Entella','Pordenone Calcio',0,1),
  ('IT200187',15,'Virtus Entella','Delfino Pescara 1936',3,0),
  ('IT200188',17,'Virtus Entella','AS Cittadella',1,0),
  ('IT200189',19,'Virtus Entella','AC Pisa 1909',2,1);

insert into Gol values
  ('IT200001',34,'390160',false),
  ('IT200001',63,'390177',false),
  ('IT200001',83,'160344',false),
  ('IT200002',12,'082751',false),
  ('IT200002',38,'279823',false),
  ('IT200002',75,'134983',false),
  ('IT200002',82,'134983',false),
  ('IT200003',47,'160344',false),
  ('IT200003',59,'062713',false),
  ('IT200003',82,'346562',false),
  ('IT200004',15,'028936',false),
  ('IT200004',56,'062713',false),
  ('IT200004',88,'134983',false),
  ('IT200004',93,'124560',false),
  ('IT200005',48,'171159',false),
  ('IT200007',2,'263267',false),
  ('IT200007',72,'279823',false),
  ('IT200008',19,'467992',false),
  ('IT200008',28,'171159',false),
  ('IT200008',35,'160344',false),
  ('IT200008',42,'547985',false),
  ('IT200008',87,'346562',false),
  ('IT200009',83,'016993',false),
  ('IT200009',84,'224044',false),
  ('IT200010',27,'202979',false),
  ('IT200010',57,'045185',false),
  ('IT200010',63,'202979',false),
  ('IT200010',71,'045185',false),
  ('IT200010',81,'057299',false),
  ('IT200011',87,'601577',false),
  ('IT200013',1,'287663',false),
  ('IT200013',28,'067556',false),
  ('IT200013',70,'045185',false),
  ('IT200014',86,'226058',false),
  ('IT200015',11,'084442',false),
  ('IT200015',53,'051736',false),
  ('IT200016',38,'230611',false),
  ('IT200016',47,'202979',false),
  ('IT200016',66,'067556',false),
  ('IT200017',73,'199940',false),
  ('IT200017',93,'404995',false),
  ('IT200018',8,'213854',false),
  ('IT200018',25,'265320',false),
  ('IT200020',18,'215649',false),
  ('IT200020',57,'301237',false),
  ('IT200021',29,'016922',false),
  ('IT200021',49,'047065',false),
  ('IT200021',64,'047065',false),
  ('IT200022',50,'076274',false),
  ('IT200022',70,'347253',false),
  ('IT200023',54,'347253',false),
  ('IT200024',10,'016922',false),
  ('IT200024',29,'016922',false),
  ('IT200024',73,'347253',false),
  ('IT200024',82,'160357',false),
  ('IT200024',90,'160357',false),
  ('IT200025',88,'394300',false),
  ('IT200026',4,'045146',false),
  ('IT200026',45,'039828',false),
  ('IT200026',95,'144091',false),
  ('IT200027',8,'039828',false),
  ('IT200027',26,'076274',false),
  ('IT200027',40,'030767',true),
  ('IT200027',67,'088713',false),
  ('IT200029',30,'358008',false),
  ('IT200029',33,'287663',false),
  ('IT200029',47,'163647',false),
  ('IT200029',64,'033763',false),
  ('IT200030',13,'210363',false),
  ('IT200030',50,'033763',false),
  ('IT200030',67,'398031',false),
  ('IT200030',75,'210363',false),
  ('IT200031',4,'033763',false),
  ('IT200031',20,'033763',false),
  ('IT200031',37,'062415',false),
  ('IT200031',50,'033763',false),
  ('IT200031',58,'061617',false),
  ('IT200031',69,'070689',false),
  ('IT200031',75,'180805',false),
  ('IT200031',84,'075327',false),
  ('IT200032',20,'051736',false),
  ('IT200032',35,'164534',false),
  ('IT200032',41,'164534',false),
  ('IT200032',77,'033763',false),
  ('IT200033',15,'155202',false),
  ('IT200033',44,'337716',false),
  ('IT200033',60,'051736',false),
  ('IT200033',89,'336160',false),
  ('IT200034',2,'039690',false),
  ('IT200034',17,'052188',false),
  ('IT200034',68,'424275',false),
  ('IT200035',15,'144366',false),
  ('IT200035',69,'051736',false),
  ('IT200035',72,'537765',false),
  ('IT200037',33,'192638',false),
  ('IT200037',47,'134983',false),
  ('IT200037',78,'051736',false),
  ('IT200037',90,'537765',false),
  ('IT200038',36,'200188',false),
  ('IT200039',58,'336160',false),
  ('IT200039',71,'255461',false),
  ('IT200040',46,'200188',false),
  ('IT200040',47,'164534',false),
  ('IT200040',81,'324377',false),
  ('IT200040',93,'271622',false),
  ('IT200041',21,'287875',false),
  ('IT200041',58,'164534',false),
  ('IT200042',14,'139307',false),
  ('IT200042',55,'200188',false),
  ('IT200042',68,'287875',false),
  ('IT200043',90,'347253',false),
  ('IT200045',34,'601577',false),
  ('IT200045',38,'601577',false),
  ('IT200045',90,'216599',false),
  ('IT200046',39,'057299',false),
  ('IT200046',83,'438961',false),
  ('IT200047',3,'164534',false),
  ('IT200048',58,'340444',false),
  ('IT200048',74,'392545',false),
  ('IT200048',96,'242469',false),
  ('IT200049',45,'242469',false),
  ('IT200049',53,'410655',false),
  ('IT200050',10,'016922',false),
  ('IT200050',18,'076274',false),
  ('IT200050',27,'130352',false),
  ('IT200051',30,'148585',false),
  ('IT200051',69,'160344',false),
  ('IT200051',72,'346562',false),
  ('IT200051',91,'242469',false),
  ('IT200052',66,'287651',false),
  ('IT200052',88,'242469',false),
  ('IT200053',49,'340444',false),
  ('IT200053',59,'163212',false),
  ('IT200053',79,'242469',false),
  ('IT200054',46,'192105',false),
  ('IT200055',8,'192105',false),
  ('IT200055',18,'033763',false),
  ('IT200055',45,'033763',false),
  ('IT200055',64,'410655',false),
  ('IT200056',79,'410655',false),
  ('IT200057',1,'199971',false),
  ('IT200057',32,'130485',false),
  ('IT200058',9,'287717',false),
  ('IT200058',67,'287717',false),
  ('IT200058',90,'372713',false),
  ('IT200059',61,'395805',false),
  ('IT200059',75,'062751',false),
  ('IT200059',86,'372713',false),
  ('IT200059',93,'230611',false),
  ('IT200060',13,'163216',false),
  ('IT200060',33,'164534',false),
  ('IT200060',55,'164534',false),
  ('IT200060',95,'503619',false),
  ('IT200061',26,'216872',false),
  ('IT200061',33,'159883',false),
  ('IT200061',84,'155202',false),
  ('IT200062',3,'420189',false),
  ('IT200062',21,'243239',false),
  ('IT200062',43,'202979',false),
  ('IT200062',76,'034453',false),
  ('IT200063',8,'159883',false),
  ('IT200063',32,'167330',false),
  ('IT200063',47,'242813',false),
  ('IT200063',81,'102470',false),
  ('IT200064',12,'192638',false),
  ('IT200064',40,'134983',false),
  ('IT200064',44,'159883',false),
  ('IT200064',80,'160344',false),
  ('IT200065',35,'430503',false),
  ('IT200065',45,'130380',false),
  ('IT200065',57,'430503',false),
  ('IT200066',55,'394300',false),
  ('IT200067',24,'324214',false),
  ('IT200067',34,'202979',false),
  ('IT200067',64,'067556',false),
  ('IT200068',35,'205677',false),
  ('IT200069',42,'451310',false),
  ('IT200069',84,'205677',false),
  ('IT200070',20,'210363',false),
  ('IT200070',22,'205677',false),
  ('IT200070',93,'070689',false),
  ('IT200071',25,'165891',false),
  ('IT200071',57,'165891',false),
  ('IT200071',76,'088705',false),
  ('IT200072',18,'045581',false),
  ('IT200072',60,'134983',false),
  ('IT200073',31,'375816',false),
  ('IT200073',74,'394352',false),
  ('IT200073',80,'167480',false),
  ('IT200074',10,'164534',false),
  ('IT200074',93,'060541',false),
  ('IT200075',49,'159902',false),
  ('IT200075',53,'375816',false),
  ('IT200075',76,'188889',false),
  ('IT200076',48,'071019',false),
  ('IT200076',94,'248695',false),
  ('IT200077',20,'301237',false),
  ('IT200077',38,'289061',false),
  ('IT200077',49,'028936',false),
  ('IT200077',59,'167741',false),
  ('IT200077',92,'105892',false),
  ('IT200078',6,'167741',false),
  ('IT200078',41,'038607',false),
  ('IT200079',28,'071019',false),
  ('IT200079',94,'538918',false),
  ('IT200080',14,'068306',false),
  ('IT200080',16,'068306',false),
  ('IT200080',53,'047085',false),
  ('IT200080',58,'038607',false),
  ('IT200083',7,'167741',false),
  ('IT200083',56,'242813',false),
  ('IT200083',57,'167741',false),
  ('IT200083',70,'130485',false),
  ('IT200083',87,'034453',false),
  ('IT200084',38,'167741',false),
  ('IT200084',80,'099232',false),
  ('IT200085',5,'279823',false),
  ('IT200085',57,'134983',false),
  ('IT200086',75,'150462',false),
  ('IT200088',38,'205809',false),
  ('IT200089',47,'082648',false),
  ('IT200089',70,'082648',false),
  ('IT200090',18,'188436',false),
  ('IT200090',32,'165891',false),
  ('IT200090',39,'061511',false),
  ('IT200090',53,'336160',false),
  ('IT200090',79,'336160',false),
  ('IT200092',53,'404995',false),
  ('IT200092',84,'155202',false),
  ('IT200093',25,'298635',false),
  ('IT200093',40,'390160',false),
  ('IT200093',87,'068306',false),
  ('IT200094',29,'377042',false),
  ('IT200094',85,'134369',false),
  ('IT200095',23,'199767',false),
  ('IT200095',27,'199767',false),
  ('IT200095',44,'016993',false),
  ('IT200095',70,'398031',false),
  ('IT200097',31,'105892',false),
  ('IT200098',22,'138741',false),
  ('IT200098',86,'082751',false),
  ('IT200098',92,'424275',false),
  ('IT200099',51,'110928',false),
  ('IT200099',55,'030873',false),
  ('IT200099',58,'102470',false),
  ('IT200100',11,'036884',false),
  ('IT200100',76,'200188',false),
  ('IT200100',83,'072491',false),
  ('IT200101',21,'199767',false),
  ('IT200101',40,'392545',false),
  ('IT200101',53,'287651',false),
  ('IT200101',70,'167793',false),
  ('IT200102',46,'377042',false),
  ('IT200103',28,'210363',false),
  ('IT200104',54,'404995',false),
  ('IT200104',62,'130380',false),
  ('IT200105',25,'067556',false),
  ('IT200105',43,'022210',false),
  ('IT200106',9,'315859',false),
  ('IT200106',19,'057299',false),
  ('IT200106',26,'264514',false),
  ('IT200106',42,'028936',false),
  ('IT200106',56,'130380',false),
  ('IT200106',63,'052188',false),
  ('IT200106',73,'052188',false),
  ('IT200106',74,'430503',false),
  ('IT200107',45,'315859',false),
  ('IT200107',74,'165891',false),
  ('IT200108',71,'028936',false),
  ('IT200108',86,'248695',false),
  ('IT200109',9,'028936',false),
  ('IT200109',66,'340394',false),
  ('IT200109',93,'160854',false),
  ('IT200110',44,'167792',false),
  ('IT200110',59,'124560',false),
  ('IT200111',60,'534161',false),
  ('IT200113',22,'192105',false),
  ('IT200113',81,'148585',false),
  ('IT200115',13,'164020',false),
  ('IT200115',43,'159883',false),
  ('IT200115',59,'340427',false),
  ('IT200115',61,'029962',false),
  ('IT200116',84,'160854',false),
  ('IT200117',15,'155802',false),
  ('IT200117',31,'155802',false),
  ('IT200117',60,'287663',true),
  ('IT200118',16,'155802',false),
  ('IT200118',25,'263267',false),
  ('IT200118',32,'263267',false),
  ('IT200118',42,'288896',false),
  ('IT200118',54,'288896',false),
  ('IT200118',57,'263267',false),
  ('IT200119',14,'164020',false),
  ('IT200120',14,'039828',false),
  ('IT200120',76,'394300',false),
  ('IT200121',22,'084835',false),
  ('IT200121',81,'394352',false),
  ('IT200122',63,'068306',false),
  ('IT200122',85,'029605',false),
  ('IT200123',4,'264514',false),
  ('IT200123',41,'187384',false),
  ('IT200124',46,'394300',false),
  ('IT200124',81,'057299',false),
  ('IT200125',51,'263267',false),
  ('IT200125',79,'264514',false),
  ('IT200125',82,'461019',false),
  ('IT200126',5,'242469',false),
  ('IT200126',19,'192105',false),
  ('IT200126',63,'167480',false),
  ('IT200126',87,'082684',false),
  ('IT200126',88,'057299',false),
  ('IT200127',46,'289065',false),
  ('IT200129',16,'052188',false),
  ('IT200129',49,'226025',false),
  ('IT200129',76,'047065',false),
  ('IT200129',90,'159902',false),
  ('IT200131',21,'146937',false),
  ('IT200132',5,'404995',false),
  ('IT200132',18,'199940',false),
  ('IT200132',29,'105892',false),
  ('IT200132',52,'068306',false),
  ('IT200132',90,'404995',false),
  ('IT200133',13,'199767',false),
  ('IT200133',49,'404995',false),
  ('IT200133',69,'255838',false),
  ('IT200133',90,'377042',false),
  ('IT200134',61,'253855',false),
  ('IT200134',92,'267152',false),
  ('IT200135',1,'267152',false),
  ('IT200135',56,'215649',false),
  ('IT200137',5,'404995',false),
  ('IT200137',53,'243239',false),
  ('IT200138',65,'340427',false),
  ('IT200138',69,'176180',false),
  ('IT200138',75,'029605',false),
  ('IT200139',21,'404995',false),
  ('IT200139',42,'331197',false),
  ('IT200139',52,'255838',false),
  ('IT200140',34,'404995',false),
  ('IT200140',76,'255838',false),
  ('IT200141',54,'051736',false),
  ('IT200141',66,'193867',false),
  ('IT200142',4,'340394',false),
  ('IT200142',24,'263267',false),
  ('IT200142',89,'337809',false),
  ('IT200143',39,'032107',false),
  ('IT200144',72,'230611',false),
  ('IT200144',84,'340394',false),
  ('IT200145',17,'096766',false),
  ('IT200145',40,'460898',false),
  ('IT200146',46,'238654',false),
  ('IT200146',48,'209936',false),
  ('IT200146',79,'163062',false),
  ('IT200147',28,'340394',false),
  ('IT200147',75,'340394',false),
  ('IT200148',19,'199767',false),
  ('IT200148',83,'496270',false),
  ('IT200148',91,'056513',false),
  ('IT200151',7,'199722',false),
  ('IT200151',18,'082648',false),
  ('IT200152',12,'033763',false),
  ('IT200152',56,'209936',false),
  ('IT200153',47,'029962',false),
  ('IT200153',61,'242813',false),
  ('IT200153',72,'461600',false),
  ('IT200154',50,'202979',false),
  ('IT200155',66,'123258',false),
  ('IT200157',43,'461600',false),
  ('IT200157',79,'052188',false),
  ('IT200158',46,'346562',false),
  ('IT200158',88,'160344',false),
  ('IT200160',7,'337809',false),
  ('IT200160',24,'149525',false),
  ('IT200160',36,'264514',false),
  ('IT200160',68,'122430',false),
  ('IT200161',25,'205677',false),
  ('IT200162',9,'287651',false),
  ('IT200162',65,'192105',false),
  ('IT200163',11,'167330',false),
  ('IT200163',19,'164534',false),
  ('IT200163',66,'337809',false),
  ('IT200164',14,'034336',false),
  ('IT200164',90,'155802',false),
  ('IT200165',55,'167330',false),
  ('IT200165',71,'549791',false),
  ('IT200165',87,'337809',false),
  ('IT200166',60,'155202',false),
  ('IT200166',71,'337809',false),
  ('IT200166',75,'205809',false),
  ('IT200167',88,'107958',false),
  ('IT200168',86,'119082',false),
  ('IT200169',18,'159288',false),
  ('IT200169',73,'297648',false),
  ('IT200169',94,'377043',false),
  ('IT200171',6,'088706',false),
  ('IT200171',32,'398031',false),
  ('IT200171',63,'279823',false),
  ('IT200172',6,'061511',false),
  ('IT200172',50,'336160',false),
  ('IT200173',16,'460898',false),
  ('IT200173',19,'460898',false),
  ('IT200173',40,'290698',false),
  ('IT200173',60,'065635',false),
  ('IT200174',25,'267152',false),
  ('IT200174',58,'213952',false),
  ('IT200175',2,'139634',false),
  ('IT200175',7,'028936',false),
  ('IT200175',25,'337310',false),
  ('IT200175',69,'301237',false),
  ('IT200175',71,'096766',false),
  ('IT200176',22,'096766',false),
  ('IT200176',26,'357995',false),
  ('IT200176',63,'460898',false),
  ('IT200176',84,'357995',false),
  ('IT200176',90,'042678',false),
  ('IT200177',43,'159883',false),
  ('IT200177',61,'042678',false),
  ('IT200179',61,'029605',false),
  ('IT200179',66,'287600',true),
  ('IT200180',43,'337809',false),
  ('IT200180',88,'123258',false),
  ('IT200181',51,'110928',false),
  ('IT200181',90,'230611',false),
  ('IT200182',49,'164534',false),
  ('IT200182',76,'239099',false),
  ('IT200183',37,'033763',false),
  ('IT200183',47,'193867',false),
  ('IT200183',49,'062751',false),
  ('IT200183',58,'051736',false),
  ('IT200183',66,'167444',false),
  ('IT200183',93,'210363',false),
  ('IT200184',59,'038607',false),
  ('IT200185',49,'197743',false),
  ('IT200185',56,'160344',false),
  ('IT200185',59,'160344',false),
  ('IT200185',60,'160344',false),
  ('IT200185',71,'160344',false),
  ('IT200185',75,'124173',false),
  ('IT200185',95,'192638',false),
  ('IT200186',6,'404995',false),
  ('IT200187',16,'130357',false),
  ('IT200187',32,'062751',false),
  ('IT200187',95,'391421',false),
  ('IT200188',40,'230611',false),
  ('IT200189',22,'149525',false),
  ('IT200189',42,'188889',false),
  ('IT200189',78,'534161',false);
