/* File created by scraping https://www.transfermarkt.com using Antonio Cardin's program */

insert into Squadre values
  ('Juventus U23','','Zauli'),
  ('Calcio Padova','Padova','Oddo'),
  ('FC Südtirol','Bolzano','Javorcic'),
  ('US Triestina','Trieste','Bucchi'),
  ('AC Renate','Renate','Cevoli'),
  ('UC AlbinoLeffe','Bergamo','Marcolini'),
  ('Feralpisalò','Salò','Vecchi'),
  ('US Pergolettese 1932','Crema','Mussa'),
  ('FC Pro Vercelli 1892','Vercelli','Lerda'),
  ('Calcio Lecco 1912','Lecco','De Paola'),
  ('Piacenza Calcio 1919','Piacenza','Scazzola'),
  ('Aurora Pro Patria','Busto Arsizio','Collovati'),
  ('Pro Sesto 1913','Sesto San Giovanni','Di Gioia'),
  ('Virtusvecomp Verona','Verona','Fresco'),
  ('AC Trento','Trento','Parlato'),
  ('FC Legnago Salus','Legnago','Serena'),
  ('Mantova 1911','Mantova','Galderisi'),
  ('1913 Seregno Calcio','Seregno (MB)','Mariani'),
  ('US Fiorenzuola 1922','Campo','Tabbiani'),
  ('AS Giana Erminio','Gorgonzola','Contini');

insert into Giocatori values
  ('492319','Juventus U23',1,'Franco','Israel','22-apr-2000','Portiere'),
  ('564792','Juventus U23',12,'Giovanni','Garofani','20-oct-2002','Portiere'),
  ('530847','Juventus U23',44,'Alessandro','Siano','28-apr-2001','Portiere'),
  ('265079','Juventus U23',25,'Mattia','Del Favero','5-jun-1998','Portiere'),
  ('494301','Juventus U23',22,'Marco','Raina','25-may-2002','Portiere'),
  ('490384','Juventus U23',5,'Koni','De Winter','12-jun-2002','Difensore'),
  ('536341','Juventus U23',3,'Diego','Stramaccioni','2-jan-2001','Difensore'),
  ('487835','Juventus U23',4,'Alessandro Pio','Riccio','6-feb-2002','Difensore'),
  ('124173','Juventus U23',13,'Fabrizio','Poli','26-may-1989','Difensore'),
  ('458614','Juventus U23',30,'Gabriele','Boloca','31-mar-2001','Difensore'),
  ('585956','Juventus U23',18,'Jean-Claude','Ntenda','3-sep-2002','Difensore'),
  ('395127','Juventus U23',6,'Matteo','Anzolin','11-nov-2000','Difensore'),
  ('603900','Juventus U23',15,'Giuseppe','Verduci','4-jan-2002','Difensore'),
  ('569939','Juventus U23',26,'Tommaso','Barbieri','26-aug-2002','Difensore'),
  ('511131','Juventus U23',2,'Daniel','Leo','19-sep-2001','Difensore'),
  ('479284','Juventus U23',8,'Giuseppe','Leone','5-may-2001','Centrocampista'),
  ('671915','Juventus U23',28,'Enzo','Barrenechea','22-may-2001','Centrocampista'),
  ('430280','Juventus U23',41,'Hans','Nicolussi Caviglia','18-jun-2000','Centrocampista'),
  ('617170','Juventus U23',19,'Martin','Palumbo','5-mar-2002','Centrocampista'),
  ('571607','Juventus U23',21,'Fabio','Miretti','3-aug-2003','Centrocampista'),
  ('477556','Juventus U23',17,'Emanuele','Zuelli','22-nov-2001','Centrocampista'),
  ('657550','Juventus U23',16,'Alessandro','Sersanti','16-feb-2002','Centrocampista'),
  ('537509','Juventus U23',14,'Mattia','Compagnon','6-nov-2001','Centrocampista'),
  ('542336','Juventus U23',7,'Nikola','Sekulov','18-feb-2002','Centrocampista'),
  ('682032','Juventus U23',23,'Marley','Aké','5-jan-2001','Attaccante'),
  ('125182','Juventus U23',20,'Simone','Iocolano','17-oct-1989','Attaccante'),
  ('471140','Juventus U23',29,'Yannick','Cotter','3-jan-2002','Attaccante'),
  ('668951','Juventus U23',10,'Matías','Soulé','15-apr-2003','Attaccante'),
  ('492804','Juventus U23',45,'Mirco','Lipari','19-jul-2002','Attaccante'),
  ('564795','Juventus U23',9,'Cosimo Marco','Da Graca','1-may-2002','Attaccante'),
  ('487844','Juventus U23',27,'Nicolò','Cudrig','7-aug-2002','Attaccante'),
  ('658729','Juventus U23',31,'Emanuele','Pecorino','15-jul-2001','Attaccante'),
  ('168550','Juventus U23',11,'Andrea','Brighenti','2-dec-1987','Attaccante'),
  ('088685','Calcio Padova',22,'Antonio','Donnarumma','7-jul-1990','Portiere'),
  ('240157','Calcio Padova',1,'Gianmarco','Vannucchi','30-jul-1995','Portiere'),
  ('550667','Calcio Padova',12,'Alvise','Gherardi','26-jul-2002','Portiere'),
  ('918811','Calcio Padova',30,'Mattia','Fortin','8-jul-2003','Portiere'),
  ('252746','Calcio Padova',29,'Salvatore','Monaco','15-aug-1992','Difensore'),
  ('220978','Calcio Padova',4,'Andrea','Gasbarro','7-jan-1995','Difensore'),
  ('102995','Calcio Padova',6,'Carlo','Pelagatti','8-jan-1989','Difensore'),
  ('159288','Calcio Padova',15,'Arlind','Ajeti','25-sep-1993','Difensore'),
  ('072471','Calcio Padova',3,'Nahuel','Valentini','19-sep-1988','Difensore'),
  ('615930','Calcio Padova',2,'Ilie','Matei','11-dec-2002','Difensore'),
  ('331467','Calcio Padova',27,'Felipe','Curcio','6-aug-1993','Difensore'),
  ('199169','Calcio Padova',8,'Umberto','Germano','22-apr-1992','Difensore'),
  ('464561','Calcio Padova',26,'Niko','Kirwan','4-sep-1995','Difensore'),
  ('146660','Calcio Padova',10,'Ronaldo','null','8-apr-1990','Centrocampista'),
  ('165531','Calcio Padova',23,'Jacopo','Dezi','10-feb-1992','Centrocampista'),
  ('163645','Calcio Padova',5,'Simone','Della Latta','7-mar-1993','Centrocampista'),
  ('134408','Calcio Padova',31,'Massimiliano','Busellato','23-apr-1993','Centrocampista'),
  ('256118','Calcio Padova',18,'Saber','Hraiech','30-jul-1995','Centrocampista'),
  ('273526','Calcio Padova',21,'Andrea','Settembrini','10-dec-1991','Centrocampista'),
  ('148538','Calcio Padova',11,'Enej','Jelenic','11-dec-1992','Centrocampista'),
  ('199924','Calcio Padova',17,'Giovanni','Terrani','12-oct-1994','Attaccante'),
  ('165852','Calcio Padova',32,'Cosimo','Chiricò','5-oct-1991','Attaccante'),
  ('130498','Calcio Padova',20,'Francesco','Nicastro','26-oct-1991','Attaccante'),
  ('286276','Calcio Padova',28,'Alfredo','Bifulco','19-jan-1997','Attaccante'),
  ('281872','Calcio Padova',7,'Claudio','Santini','12-feb-1992','Attaccante'),
  ('065635','Calcio Padova',13,'Karamoko','Cissé','14-nov-1988','Attaccante'),
  ('035743','Calcio Padova',24,'Fabio','Ceravolo','5-mar-1987','Attaccante'),
  ('327326','FC Südtirol',1,'Giacomo','Poluzzi','25-feb-1988','Portiere'),
  ('391049','FC Südtirol',22,'Gabriel','Meli','5-feb-1999','Portiere'),
  ('886189','FC Südtirol',12,'Daniel','Theiner','25-feb-2004','Portiere'),
  ('199583','FC Südtirol',19,'Giovanni','Zaro','12-may-1994','Difensore'),
  ('104332','FC Südtirol',6,'Alessandro','Malomo','12-apr-1991','Difensore'),
  ('315857','FC Südtirol',4,'Marco','Curto','5-jan-1999','Difensore'),
  ('140189','FC Südtirol',5,'Kévin','Vinetot','14-jun-1988','Difensore'),
  ('890232','FC Südtirol',2,'Jonas','Heinz','21-mar-2003','Difensore'),
  ('611197','FC Südtirol',24,'Simone','Davi','16-sep-1999','Difensore'),
  ('240803','FC Südtirol',26,'Filippo','De Col','28-oct-1993','Difensore'),
  ('092870','FC Südtirol',8,'Emanuele','Gatto','11-aug-1994','Centrocampista'),
  ('340075','FC Südtirol',15,'Jérémie','Broh','21-mar-1997','Centrocampista'),
  ('163676','FC Südtirol',23,'Marco','Moscati','1-nov-1992','Centrocampista'),
  ('457681','FC Südtirol',20,'Shaka Mawuli','Eklu','16-may-1998','Centrocampista'),
  ('257160','FC Südtirol',28,'Ismail','H''Maidat','16-jun-1995','Centrocampista'),
  ('087260','FC Südtirol',30,'Marco','Beccaro','25-nov-1989','Centrocampista'),
  ('119051','FC Südtirol',10,'Hannes','Fink','6-oct-1989','Centrocampista'),
  ('331395','FC Südtirol',21,'Fabian','Tait','10-feb-1993','Centrocampista'),
  ('462328','FC Südtirol',3,'Alessandro','Fabbri','11-mar-1990','Centrocampista'),
  ('199272','FC Südtirol',17,'Daniele','Casiraghi','10-mar-1993','Centrocampista'),
  ('199947','FC Südtirol',7,'Davide','Voltan','15-apr-1995','Centrocampista'),
  ('392577','FC Südtirol',18,'Matteo','Rover','20-feb-1999','Attaccante'),
  ('159847','FC Südtirol',14,'Francesco','Galuppini','17-oct-1993','Attaccante'),
  ('102379','FC Südtirol',11,'Manuel','Fischnaller','20-jul-1991','Attaccante'),
  ('307335','FC Südtirol',9,'Raphael','Odogwu','28-jan-1991','Attaccante'),
  ('445884','FC Südtirol',37,'Michael','De Marchi','30-aug-1994','Attaccante'),
  ('056625','US Triestina',1,'Daniel','Offredi','26-mar-1988','Portiere'),
  ('446457','US Triestina',22,'Miguel Ángel','Martínez','16-feb-1995','Portiere'),
  ('160630','US Triestina',15,'Alessandro','Ligi','7-nov-1989','Difensore'),
  ('139606','US Triestina',4,'Aníbal','Capela','8-may-1991','Difensore'),
  ('054921','US Triestina',14,'Massimo','Volta','14-may-1987','Difensore'),
  ('249046','US Triestina',3,'Stefano','Negro','28-jun-1995','Difensore'),
  ('860639','US Triestina',25,'Matteo','Baldi','6-mar-2002','Difensore'),
  ('058581','US Triestina',6,'Wálter','López','15-oct-1985','Difensore'),
  ('168202','US Triestina',5,'Francesco','Rapisarda','4-jun-1992','Difensore'),
  ('158043','US Triestina',24,'Daniele','Giorico','1-jan-1992','Centrocampista'),
  ('179838','US Triestina',19,'Vajebah','Sakor','24-apr-1996','Centrocampista'),
  ('149526','US Triestina',18,'Marco','Crimi','17-mar-1990','Centrocampista'),
  ('273131','US Triestina',28,'Francesco','Giorno','11-oct-1993','Centrocampista'),
  ('075669','US Triestina',8,'Federico','Maracchi','5-jun-1988','Centrocampista'),
  ('136091','US Triestina',27,'Simone','Calvano','11-jul-1993','Centrocampista'),
  ('270515','US Triestina',23,'Lauri','Ala-Myllymäki','4-jun-1997','Centrocampista'),
  ('339238','US Triestina',47,'Harvey','St Clair','13-nov-1998','Attaccante'),
  ('240518','US Triestina',17,'Ilario','Iotti','10-may-1995','Attaccante'),
  ('397448','US Triestina',20,'Andrea','Procaccio','11-jan-1996','Attaccante'),
  ('167687','US Triestina',21,'Mirco','Petrella','30-jul-1993','Attaccante'),
  ('524428','US Triestina',52,'Nicolas','Galazzi','18-dec-2000','Attaccante'),
  ('075186','US Triestina',10,'Vincenzo','Sarno','11-mar-1988','Attaccante'),
  ('818959','US Triestina',33,'Filippo','Iacovoni','15-jan-2004','Attaccante'),
  ('129505','US Triestina',29,'Marcello','Trotta','29-sep-1992','Attaccante'),
  ('062751','US Triestina',7,'Giuseppe','De Luca','11-oct-1991','Attaccante'),
  ('183969','US Triestina',9,'Guido','Gomez','19-may-1994','Attaccante'),
  ('084380','US Triestina',32,'Gianluca','Litteri','6-jun-1988','Attaccante'),
  ('537171','AC Renate',1,'Semuel','Pizzignacco','1-sep-2001','Portiere'),
  ('482789','AC Renate',12,'Giacomo','Drago','9-mar-2001','Portiere'),
  ('244175','AC Renate',95,'Marco','Albertoni','5-aug-1995','Portiere'),
  ('151489','AC Renate',28,'Jacopo','Silva','20-aug-1991','Difensore'),
  ('159259','AC Renate',24,'Marcello','Possenti','6-jul-1992','Difensore'),
  ('489472','AC Renate',26,'Tommaso','Merletti','10-sep-2001','Difensore'),
  ('028030','AC Renate',19,'Luca','Tedeschi','27-feb-1987','Difensore'),
  ('110934','AC Renate',32,'Simone','Sini','9-apr-1992','Difensore'),
  ('393927','AC Renate',3,'Antonio','Esposito','4-may-2000','Difensore'),
  ('357999','AC Renate',16,'Federico','Ermacora','6-mar-2000','Difensore'),
  ('139518','AC Renate',7,'Marco','Anghileri','11-apr-1991','Difensore'),
  ('459180','AC Renate',25,'Riccardo','Spaltro','19-feb-2000','Difensore'),
  ('392571','AC Renate',10,'Enrico','Celeghin','22-feb-1999','Centrocampista'),
  ('330179','AC Renate',5,'Gianluca','Esposito','7-mar-1995','Centrocampista'),
  ('337388','AC Renate',4,'Roberto','Ranieri','29-apr-1997','Centrocampista'),
  ('166557','AC Renate',13,'Luca','Baldassin','28-may-1994','Centrocampista'),
  ('364136','AC Renate',90,'Lorenzo','Gavioli','7-jan-2000','Centrocampista'),
  ('102536','AC Renate',30,'Francesco','Marano','27-may-1990','Centrocampista'),
  ('420472','AC Renate',11,'Gregorio','Morachioli','27-feb-2000','Attaccante'),
  ('386850','AC Renate',23,'Manuel','Cicconi','27-jun-1997','Attaccante'),
  ('395739','AC Renate',20,'Kevin','Piscopo','6-feb-1998','Attaccante'),
  ('199617','AC Renate',8,'Tommy','Maistrello','24-jun-1993','Attaccante'),
  ('338107','AC Renate',27,'Simone','Rossetti','9-jun-1997','Attaccante'),
  ('552437','AC Renate',9,'Mohammed Amine','Chakir','29-oct-2000','Attaccante'),
  ('386443','UC AlbinoLeffe',26,'Alberto','Savini','10-jun-1999','Portiere'),
  ('408299','UC AlbinoLeffe',12,'Matteo','Rossi','24-may-2000','Portiere'),
  ('543417','UC AlbinoLeffe',22,'Andrea','Pagno','3-nov-2001','Portiere'),
  ('421870','UC AlbinoLeffe',14,'Michael','Ntube','4-feb-2001','Difensore'),
  ('110815','UC AlbinoLeffe',3,'Ruggero','Riva','24-jul-1990','Difensore'),
  ('392586','UC AlbinoLeffe',24,'Stefano','Marchetti','22-apr-1998','Difensore'),
  ('324472','UC AlbinoLeffe',5,'Diego','Borghini','4-mar-1997','Difensore'),
  ('402335','UC AlbinoLeffe',6,'Mirko','Saltarelli','5-jan-1998','Difensore'),
  ('197474','UC AlbinoLeffe',13,'Luca','Milesi','28-apr-1993','Difensore'),
  ('702890','UC AlbinoLeffe',27,'Armando','Miculi','3-jul-2001','Difensore'),
  ('534081','UC AlbinoLeffe',2,'Jacopo','Gelli','11-may-2001','Difensore'),
  ('459951','UC AlbinoLeffe',15,'Ivan','Michelotti','15-may-2001','Difensore'),
  ('329309','UC AlbinoLeffe',16,'Mihai','Gusu','24-dec-1996','Difensore'),
  ('334343','UC AlbinoLeffe',4,'Marco','Nichetti','22-dec-1996','Centrocampista'),
  ('022805','UC AlbinoLeffe',20,'Gaël','Genevier','26-jun-1982','Centrocampista'),
  ('135880','UC AlbinoLeffe',17,'Carmine','Giorgione','17-jun-1991','Centrocampista'),
  ('629574','UC AlbinoLeffe',8,'Marco','Piccoli','30-oct-2001','Centrocampista'),
  ('603902','UC AlbinoLeffe',21,'Amedeo','Poletti','22-apr-2002','Centrocampista'),
  ('924349','UC AlbinoLeffe',18,'Issa','Doumbia','16-oct-2003','Centrocampista'),
  ('337811','UC AlbinoLeffe',23,'Francesco','Gelli','15-oct-1996','Centrocampista'),
  ('418035','UC AlbinoLeffe',7,'Giacomo','Tomaselli','25-jul-1999','Attaccante'),
  ('457243','UC AlbinoLeffe',99,'Luca','Petrungaro','30-jan-2000','Attaccante'),
  ('240206','UC AlbinoLeffe',10,'Jacopo','Manconi','24-apr-1994','Attaccante'),
  ('148956','UC AlbinoLeffe',30,'Riccardo','Martignago','6-aug-1991','Attaccante'),
  ('083374','UC AlbinoLeffe',9,'Sacha','Cori','12-may-1989','Attaccante'),
  ('526992','UC AlbinoLeffe',11,'Alessandro','Galeandro','29-feb-2000','Attaccante'),
  ('401649','UC AlbinoLeffe',19,'Mario','Ravasio','19-jul-1998','Attaccante'),
  ('287752','Feralpisalò',33,'Victor','De Lucia','28-may-1996','Portiere'),
  ('057815','Feralpisalò',1,'Luca','Liverani','2-jun-1989','Portiere'),
  ('543099','Feralpisalò',12,'Andrea','Porro','30-aug-2000','Portiere'),
  ('697029','Feralpisalò',22,'Stefano','Magoni','14-jan-2002','Portiere'),
  ('077970','Feralpisalò',13,'Elia','Legati','3-jan-1986','Difensore'),
  ('167874','Feralpisalò',6,'Loris','Bacchetti','6-feb-1993','Difensore'),
  ('394855','Feralpisalò',15,'Tommaso','Farabegoli','26-mar-1999','Difensore'),
  ('564721','Feralpisalò',31,'Emmanuele','Salines','8-nov-2000','Difensore'),
  ('788232','Feralpisalò',4,'Daniele','Marchesan','19-jan-2000','Difensore'),
  ('444662','Feralpisalò',19,'Niccolò','Corrado','19-mar-2000','Difensore'),
  ('401648','Feralpisalò',3,'Alessio','Girgi','1-apr-2000','Difensore'),
  ('536837','Feralpisalò',2,'Federico','Bergonzi','12-jan-2001','Difensore'),
  ('056609','Feralpisalò',5,'Eros','Pisano','31-mar-1987','Difensore'),
  ('062718','Feralpisalò',21,'Federico','Carraro','23-jun-1992','Centrocampista'),
  ('392166','Feralpisalò',28,'Davide','Balestrero','6-oct-1995','Centrocampista'),
  ('150436','Feralpisalò',10,'Mattia','Corradi','12-jan-1990','Centrocampista'),
  ('397249','Feralpisalò',8,'Luca','Guidetti','5-jun-1986','Centrocampista'),
  ('391058','Feralpisalò',30,'Manuele','Castorani','7-oct-1999','Centrocampista'),
  ('139301','Feralpisalò',29,'Loris','Damonte','5-aug-1990','Centrocampista'),
  ('392961','Feralpisalò',27,'Denis','Hergheligiu','9-dec-1999','Centrocampista'),
  ('924301','Feralpisalò',18,'Piergiorgio','Cristini','3-jul-2002','Centrocampista'),
  ('238951','Feralpisalò',7,'Davide','Di Molfetta','23-jun-1996','Attaccante'),
  ('086079','Feralpisalò',26,'Luca','Siligardi','26-jan-1988','Attaccante'),
  ('076110','Feralpisalò',17,'Simone','Guerra','30-aug-1989','Attaccante'),
  ('088764','Feralpisalò',20,'Davide','Luppi','19-jul-1990','Attaccante'),
  ('129616','Feralpisalò',9,'Luca','Miracoli','31-mar-1992','Attaccante'),
  ('200145','Feralpisalò',11,'Alberto','Spagnoli','2-oct-1994','Attaccante'),
  ('616902','US Pergolettese 1932',1,'Cesare','Galeotti','2-nov-2002','Portiere'),
  ('401161','US Pergolettese 1932',22,'Matteo','Soncin','28-mar-2001','Portiere'),
  ('085484','US Pergolettese 1932',3,'Alessandro','Lambrughi','19-may-1987','Difensore'),
  ('198142','US Pergolettese 1932',5,'Michele','Ferrara','13-may-1993','Difensore'),
  ('189360','US Pergolettese 1932',13,'Matteo','Lucenti','4-aug-1992','Difensore'),
  ('392953','US Pergolettese 1932',6,'Alberto','Alari','21-jan-1999','Difensore'),
  ('452943','US Pergolettese 1932',14,'Luca','Villa','14-nov-1999','Difensore'),
  ('200117','US Pergolettese 1932',29,'Valerio','Nava','17-jan-1994','Difensore'),
  ('118938','US Pergolettese 1932',32,'Franco','Lepore','16-aug-1985','Difensore'),
  ('400576','US Pergolettese 1932',2,'Matteo','Piccardo','28-feb-2000','Difensore'),
  ('614499','US Pergolettese 1932',26,'Nicolò','Verzeni','6-feb-2002','Difensore'),
  ('529841','US Pergolettese 1932',25,'Mattia','Zennaro','3-aug-2000','Centrocampista'),
  ('183460','US Pergolettese 1932',4,'Mariano','Arini','17-jan-1987','Centrocampista'),
  ('354133','US Pergolettese 1932',10,'Kevin','Varas Marcillo','26-may-1993','Centrocampista'),
  ('533321','US Pergolettese 1932',23,'Stefano','Girelli','9-jan-2001','Centrocampista'),
  ('566266','US Pergolettese 1932',28,'Nicolas','Mercado','1-mar-2002','Centrocampista'),
  ('604623','US Pergolettese 1932',16,'Samuele','Bresciani','8-dec-2002','Centrocampista'),
  ('092880','US Pergolettese 1932',8,'Andrea','Mazzarani','6-nov-1989','Centrocampista'),
  ('533856','US Pergolettese 1932',21,'Mattia','Morello','21-jul-1999','Attaccante'),
  ('491026','US Pergolettese 1932',20,'Alexander','Satariano','25-oct-2001','Attaccante'),
  ('120458','US Pergolettese 1932',7,'Davide','Bariti','7-sep-1991','Attaccante'),
  ('708218','US Pergolettese 1932',19,'Hide','Vitalucci','1-jan-2002','Attaccante'),
  ('538919','US Pergolettese 1932',30,'Matias','Fonseca','12-mar-2001','Attaccante'),
  ('108541','US Pergolettese 1932',11,'Filippo','Scardina','26-feb-1992','Attaccante'),
  ('632482','US Pergolettese 1932',18,'Bernat','Guiu','20-sep-2000','Attaccante'),
  ('487842','US Pergolettese 1932',17,'Rosario','Cancello','13-jun-2002','Attaccante'),
  ('305409','US Pergolettese 1932',27,'Riccardo','Moreo','24-feb-1996','Attaccante'),
  ('263116','US Pergolettese 1932',9,'Elia','Bortoluz','29-mar-1997','Attaccante'),
  ('421766','FC Pro Vercelli 1892',1,'Ludovico','Gelmi','2-may-2001','Portiere'),
  ('124039','FC Pro Vercelli 1892',99,'Alex','Valentini','5-apr-1988','Portiere'),
  ('502685','FC Pro Vercelli 1892',22,'Dino','Rendic','16-mar-2002','Portiere'),
  ('167890','FC Pro Vercelli 1892',2,'Alberto','Masi','2-sep-1992','Difensore'),
  ('265072','FC Pro Vercelli 1892',5,'Simone','Auriletto','30-dec-1998','Difensore'),
  ('431470','FC Pro Vercelli 1892',3,'Alessandro','Minelli','23-jul-1999','Difensore'),
  ('241899','FC Pro Vercelli 1892',4,'Andrea','Cristini','29-jul-1994','Difensore'),
  ('792592','FC Pro Vercelli 1892',28,'Alessandro','Macchioni','23-nov-2002','Difensore'),
  ('340267','FC Pro Vercelli 1892',6,'Giulio','Parodi','30-sep-1997','Difensore'),
  ('280832','FC Pro Vercelli 1892',21,'Carlo','Crialese','14-nov-1992','Difensore'),
  ('445241','FC Pro Vercelli 1892',29,'Roberto','Iezzi','9-jul-1999','Difensore'),
  ('355447','FC Pro Vercelli 1892',23,'Gianluca','Clemente','15-apr-1996','Difensore'),
  ('467994','FC Pro Vercelli 1892',19,'Luca','Belardinelli','14-mar-2001','Centrocampista'),
  ('240155','FC Pro Vercelli 1892',30,'Riccardo','Secondo','9-sep-1995','Centrocampista'),
  ('095234','FC Pro Vercelli 1892',8,'Simone','Emmanuello','25-apr-1994','Centrocampista'),
  ('291432','FC Pro Vercelli 1892',13,'Mattia','Vitale','1-oct-1997','Centrocampista'),
  ('167895','FC Pro Vercelli 1892',24,'Luca','Rizzo','24-apr-1992','Centrocampista'),
  ('398568','FC Pro Vercelli 1892',7,'Mattia','Rolando','5-nov-1992','Centrocampista'),
  ('391797','FC Pro Vercelli 1892',11,'Matteo','Della Morte','13-oct-1999','Centrocampista'),
  ('574669','FC Pro Vercelli 1892',18,'Bogdan','Jocic','11-jan-2001','Centrocampista'),
  ('163565','FC Pro Vercelli 1892',32,'Leonardo','Gatto','28-apr-1992','Attaccante'),
  ('420460','FC Pro Vercelli 1892',33,'Giovanni','Bruzzaniti','9-sep-2000','Attaccante'),
  ('287648','FC Pro Vercelli 1892',37,'Giuseppe','Panico','10-may-1997','Attaccante'),
  ('130324','FC Pro Vercelli 1892',10,'Gianmario','Comi','5-mar-1992','Attaccante'),
  ('266217','FC Pro Vercelli 1892',9,'Cristian','Bunino','27-aug-1996','Attaccante'),
  ('617698','FC Pro Vercelli 1892',null,'Mohamed','Guindo','1-aug-2003','Attaccante'),
  ('350082','Calcio Lecco 1912',1,'Marco','Pissardo','8-jan-1998','Portiere'),
  ('434585','Calcio Lecco 1912',12,'Davide','Libertazzi','21-jul-1994','Portiere'),
  ('827670','Calcio Lecco 1912',34,'Edoardo','Ciancio','15-apr-2003','Portiere'),
  ('267014','Calcio Lecco 1912',13,'Matteo','Battistini','18-feb-1994','Difensore'),
  ('110747','Calcio Lecco 1912',19,'Ivan','Merli Sala','8-feb-1989','Difensore'),
  ('487633','Calcio Lecco 1912',3,'Patrick','Enrici','2-may-2001','Difensore'),
  ('041935','Calcio Lecco 1912',6,'Lino','Marzorati','12-oct-1986','Difensore'),
  ('355924','Calcio Lecco 1912',29,'Luca','Sparandeo','18-aug-1999','Difensore'),
  ('489468','Calcio Lecco 1912',23,'Mattia','Capoferri','30-may-2001','Difensore'),
  ('392057','Calcio Lecco 1912',11,'Ermes','Purro','17-jun-1999','Difensore'),
  ('086640','Calcio Lecco 1912',2,'Vedran','Celjak','13-aug-1991','Difensore'),
  ('134383','Calcio Lecco 1912',24,'Tommaso','Morosini','8-oct-1991','Centrocampista'),
  ('160342','Calcio Lecco 1912',5,'Filippo','Lora','21-nov-1993','Centrocampista'),
  ('459147','Calcio Lecco 1912',21,'Erdis','Kraja','7-jul-2000','Centrocampista'),
  ('459665','Calcio Lecco 1912',27,'Patrizio','Masini','27-jan-2001','Centrocampista'),
  ('392048','Calcio Lecco 1912',8,'Erald','Lakti','6-jan-2000','Centrocampista'),
  ('397248','Calcio Lecco 1912',4,'Giorgio','Galli','11-feb-1996','Centrocampista'),
  ('389581','Calcio Lecco 1912',33,'Eyob','Zambataro','18-aug-1998','Centrocampista'),
  ('397257','Calcio Lecco 1912',7,'Luca','Giudici','10-mar-1992','Attaccante'),
  ('466380','Calcio Lecco 1912',28,'Gian Marco','Nesta','1-mar-2000','Attaccante'),
  ('408293','Calcio Lecco 1912',99,'Nicolò','Buso','1-feb-2000','Attaccante'),
  ('615897','Calcio Lecco 1912',14,'Aljosa','Vasic','21-apr-2002','Attaccante'),
  ('160334','Calcio Lecco 1912',9,'Simone','Ganz','21-sep-1993','Attaccante'),
  ('612489','Calcio Lecco 1912',30,'Alessio','Nepi','25-jan-2000','Attaccante'),
  ('650254','Calcio Lecco 1912',90,'Jonathan','Italeng','11-aug-2001','Attaccante'),
  ('370110','Calcio Lecco 1912',10,'Tomi','Petrovic','11-mar-1999','Attaccante'),
  ('616133','Calcio Lecco 1912',32,'Mattia','Tordini','22-jun-2002','Attaccante'),
  ('487845','Calcio Lecco 1912',20,'Antonio','Reda','22-aug-2002','Attaccante'),
  ('603695','Piacenza Calcio 1919',1,'Leandro','Pratelli','11-dec-2002','Portiere'),
  ('524429','Piacenza Calcio 1919',22,'Simone','Stucchi','13-aug-2000','Portiere'),
  ('398740','Piacenza Calcio 1919',12,'Nicola','Tintori','25-feb-2000','Portiere'),
  ('421775','Piacenza Calcio 1919',25,'Nicolò','Armini','7-mar-2001','Difensore'),
  ('124558','Piacenza Calcio 1919',13,'Paolo','Marchi','4-may-1991','Difensore'),
  ('382961','Piacenza Calcio 1919',4,'Riccardo','Nava','5-oct-1996','Difensore'),
  ('392616','Piacenza Calcio 1919',5,'Shaqir','Tafa','14-nov-1998','Difensore'),
  ('057794','Piacenza Calcio 1919',3,'Francesco','Cosenza','5-feb-1986','Difensore'),
  ('456647','Piacenza Calcio 1919',2,'Francesco','Rillo','23-may-2000','Difensore'),
  ('340451','Piacenza Calcio 1919',15,'Tino','Parisi','14-jun-1995','Difensore'),
  ('062358','Piacenza Calcio 1919',14,'Luca','Castiglia','17-mar-1989','Centrocampista'),
  ('348431','Piacenza Calcio 1919',8,'Cazim','Suljic','29-oct-1996','Centrocampista'),
  ('598098','Piacenza Calcio 1919',23,'Andrea','Corbari','26-apr-1994','Centrocampista'),
  ('273776','Piacenza Calcio 1919',18,'Yusupha','Bobb','22-jun-1996','Centrocampista'),
  ('534121','Piacenza Calcio 1919',24,'Andrea','Marino','23-apr-2001','Centrocampista'),
  ('685967','Piacenza Calcio 1919',30,'Massimiliano','Rossi','11-oct-1997','Centrocampista'),
  ('199912','Piacenza Calcio 1919',26,'Juri','Gonzi','6-apr-1994','Centrocampista'),
  ('480046','Piacenza Calcio 1919',21,'Simone','Giordano','21-dec-2001','Centrocampista'),
  ('134627','Piacenza Calcio 1919',10,'Alessandro','Cesarini','19-jun-1989','Centrocampista'),
  ('485798','Piacenza Calcio 1919',27,'Davide','Munari','27-jan-2000','Attaccante'),
  ('689090','Piacenza Calcio 1919',7,'Davide','Lamesta','19-apr-2000','Attaccante'),
  ('482792','Piacenza Calcio 1919',19,'Simone','Rabbi','30-oct-2001','Attaccante'),
  ('240789','Piacenza Calcio 1919',39,'Filip','Raicevic','2-jul-1993','Attaccante'),
  ('395295','Piacenza Calcio 1919',9,'Edgaras','Dubickas','9-jul-1998','Attaccante'),
  ('421873','Aurora Pro Patria',1,'Elia','Caprile','25-aug-2001','Portiere'),
  ('392573','Aurora Pro Patria',12,'Giulio','Mangano','17-may-1999','Portiere'),
  ('816549','Aurora Pro Patria',22,'Ryan','Bergamo','17-may-2003','Portiere'),
  ('337383','Aurora Pro Patria',13,'Andrea','Boffelli','14-mar-1997','Difensore'),
  ('426906','Aurora Pro Patria',19,'Manuel','Lombardoni','19-dec-1998','Difensore'),
  ('287343','Aurora Pro Patria',4,'Lorenzo','Saporetti','19-mar-1996','Difensore'),
  ('643725','Aurora Pro Patria',5,'Stefano','Molinari','26-aug-2000','Difensore'),
  ('357993','Aurora Pro Patria',6,'Moris','Sportelli','31-jan-2000','Difensore'),
  ('394833','Aurora Pro Patria',15,'Luca','Pizzul','31-mar-1999','Difensore'),
  ('537543','Aurora Pro Patria',2,'Stefano','Vaghi','29-may-2001','Difensore'),
  ('160323','Aurora Pro Patria',14,'Luca','Bertoni','19-jun-1992','Centrocampista'),
  ('023354','Aurora Pro Patria',16,'Giovanni','Fietta','14-nov-1984','Centrocampista'),
  ('120709','Aurora Pro Patria',10,'Gianluca','Nicco','10-aug-1988','Centrocampista'),
  ('417818','Aurora Pro Patria',8,'Tommaso','Brignoli','23-dec-1999','Centrocampista'),
  ('692128','Aurora Pro Patria',25,'Davide','Ferri','19-sep-2002','Centrocampista'),
  ('525839','Aurora Pro Patria',23,'Filippo','Ghioldi','6-jan-1999','Centrocampista'),
  ('534084','Aurora Pro Patria',11,'Niccolò','Pierozzi','12-sep-2001','Centrocampista'),
  ('022237','Aurora Pro Patria',21,'Riccardo','Colombo','1-dec-1982','Centrocampista'),
  ('564532','Aurora Pro Patria',17,'Franco','Vezzoni','12-nov-2001','Centrocampista'),
  ('355809','Aurora Pro Patria',3,'Leonardo','Galli','3-jul-1997','Centrocampista'),
  ('253857','Aurora Pro Patria',27,'Alessandro','Piu','30-jul-1996','Attaccante'),
  ('357987','Aurora Pro Patria',7,'Leonardo','Stanzani','12-apr-2000','Attaccante'),
  ('120917','Aurora Pro Patria',9,'Sean','Parker','5-sep-1997','Attaccante'),
  ('101919','Aurora Pro Patria',32,'Massimiliano','Pesenti','13-apr-1987','Attaccante'),
  ('701828','Aurora Pro Patria',18,'Stefano','Banfi','26-aug-2000','Attaccante'),
  ('478764','Aurora Pro Patria',30,'Davide','Castelli','30-aug-1999','Attaccante'),
  ('930166','Aurora Pro Patria',24,'Tommaso','Giardino','17-dec-2002','Attaccante'),
  ('397241','Pro Sesto 1913',1,'Federico','Del Frate','21-dec-1995','Portiere'),
  ('537548','Pro Sesto 1913',12,'Fabrizio','Bagheria','5-apr-2001','Portiere'),
  ('818048','Pro Sesto 1913',22,'Francesco','Serra','23-apr-2002','Portiere'),
  ('244717','Pro Sesto 1913',19,'Denis','Caverzasi','9-aug-1994','Difensore'),
  ('621779','Pro Sesto 1913',23,'Lorenzo','Giubilato','6-dec-2000','Difensore'),
  ('393145','Pro Sesto 1913',2,'Federico','Mazzarani','1-jul-2000','Difensore'),
  ('287299','Pro Sesto 1913',3,'Christian','Maldini','14-jun-1996','Difensore'),
  ('291392','Pro Sesto 1913',6,'Fabio','Della Giovanna','21-mar-1997','Difensore'),
  ('460121','Pro Sesto 1913',13,'Manuel','Marzupio','5-apr-2000','Difensore'),
  ('530848','Pro Sesto 1913',21,'Andrea','Adamoli','26-feb-2001','Difensore'),
  ('521579','Pro Sesto 1913',16,'Mattia','Lucarelli','17-jul-1999','Difensore'),
  ('136124','Pro Sesto 1913',5,'Simone','Pecorini','12-jan-1993','Difensore'),
  ('146614','Pro Sesto 1913',30,'Dario','Toninelli','23-jan-1992','Difensore'),
  ('564793','Pro Sesto 1913',14,'Michael','Brentan','16-apr-2002','Centrocampista'),
  ('335215','Pro Sesto 1913',4,'Tommaso','Gattoni','19-aug-1993','Centrocampista'),
  ('150442','Pro Sesto 1913',8,'Luciano','Gualdi','30-jan-1989','Centrocampista'),
  ('392542','Pro Sesto 1913',29,'Federico','Marchesi','8-feb-1999','Centrocampista'),
  ('535793','Pro Sesto 1913',24,'Jacopo','Gianelli','4-mar-2001','Centrocampista'),
  ('459231','Pro Sesto 1913',26,'Francesco','Cerretelli','21-jan-2000','Centrocampista'),
  ('465660','Pro Sesto 1913',17,'Alessandro','Sala','7-may-2001','Centrocampista'),
  ('494929','Pro Sesto 1913',15,'Moussa','Kone','19-nov-2000','Centrocampista'),
  ('088709','Pro Sesto 1913',10,'Luca','Scapuzzi','15-apr-1991','Attaccante'),
  ('701320','Pro Sesto 1913',27,'Matteo','Ferrero','27-jan-2002','Attaccante'),
  ('536460','Pro Sesto 1913',32,'Andrea','Ghezzi','3-feb-2001','Attaccante'),
  ('425239','Pro Sesto 1913',7,'Alessandro','Capelli','20-apr-1997','Attaccante'),
  ('061432','Pro Sesto 1913',20,'Riccardo','Capogna','30-mar-1988','Attaccante'),
  ('061786','Pro Sesto 1913',89,'Guido','Marilungo','9-aug-1989','Attaccante'),
  ('197478','Pro Sesto 1913',11,'Daniele','Grandi','5-feb-1993','Attaccante'),
  ('198298','Pro Sesto 1913',25,'Carmine','De Sena','13-oct-1991','Attaccante'),
  ('356009','Virtusvecomp Verona',1,'Alessandro','Giacomel','9-jul-1998','Portiere'),
  ('459310','Virtusvecomp Verona',22,'Sheikh','Sibi','21-feb-1998','Portiere'),
  ('621554','Virtusvecomp Verona',12,'Michele','Bragantini','14-may-2001','Portiere'),
  ('389841','Virtusvecomp Verona',23,'Filippo','Pellacani','26-feb-1998','Difensore'),
  ('619324','Virtusvecomp Verona',5,'Luca','Munaretti','23-jun-2002','Difensore'),
  ('477546','Virtusvecomp Verona',3,'Francesco','Mazzolo','4-sep-2001','Difensore'),
  ('903414','Virtusvecomp Verona',27,'Carlo','Faedo','18-may-1999','Difensore'),
  ('486621','Virtusvecomp Verona',21,'Antonio','Pinto','7-nov-2001','Difensore'),
  ('416371','Virtusvecomp Verona',25,'Davide','Zugaro','16-apr-2000','Difensore'),
  ('167816','Virtusvecomp Verona',11,'Gianni','Manfrin','18-aug-1993','Difensore'),
  ('090233','Virtusvecomp Verona',6,'Manuel','Daffara','22-jun-1989','Difensore'),
  ('538937','Virtusvecomp Verona',4,'Stefano','Cella','19-apr-2001','Centrocampista'),
  ('469018','Virtusvecomp Verona',24,'Antonio','Metlika','24-nov-2001','Centrocampista'),
  ('393801','Virtusvecomp Verona',7,'Nicola','Danieli','26-mar-1998','Centrocampista'),
  ('022673','Virtusvecomp Verona',16,'Emil','Hallfreðsson','29-jun-1984','Centrocampista'),
  ('525653','Virtusvecomp Verona',17,'Lorenzo','Lonardi','10-feb-1999','Centrocampista'),
  ('521102','Virtusvecomp Verona',14,'Marco','Amadio','3-jun-1999','Centrocampista'),
  ('426186','Virtusvecomp Verona',99,'Leonardo','Zarpellon','22-may-1999','Centrocampista'),
  ('685509','Virtusvecomp Verona',18,'Simone','Tronchin','17-oct-2002','Centrocampista'),
  ('619327','Virtusvecomp Verona',15,'Filippo','Vesentini','30-sep-2002','Centrocampista'),
  ('138508','Virtusvecomp Verona',10,'Domenico','Danti','12-jan-1989','Attaccante'),
  ('278578','Virtusvecomp Verona',31,'Andrea','Nalini','20-jun-1990','Attaccante'),
  ('459296','Virtusvecomp Verona',8,'Mattia','De Rigo','13-mar-2001','Attaccante'),
  ('610394','Virtusvecomp Verona',28,'Massimo','Silvestri','12-apr-2002','Attaccante'),
  ('100176','Virtusvecomp Verona',91,'Gianmarco','Zigoni','10-may-1991','Attaccante'),
  ('099408','Virtusvecomp Verona',32,'Mattia','Marchi','14-jan-1989','Attaccante'),
  ('102053','Virtusvecomp Verona',9,'Rachid','Arma','16-jan-1985','Attaccante'),
  ('573408','Virtusvecomp Verona',13,'Edoardo','Priore','11-feb-2002','Attaccante'),
  ('250937','AC Trento',12,'Gabriele','Marchegiani','3-jun-1996','Portiere'),
  ('452481','AC Trento',1,'Matteo','Cazzaro','7-may-1999','Portiere'),
  ('529833','AC Trento',22,'Riccardo','Pigozzo','26-feb-2000','Portiere'),
  ('120688','AC Trento',26,'Filippo','Carini','26-sep-1990','Difensore'),
  ('307341','AC Trento',4,'Andrea','Trainotti','27-nov-1993','Difensore'),
  ('282925','AC Trento',23,'Matteo','Dionisi','22-jul-1985','Difensore'),
  ('537143','AC Trento',18,'Leonardo','Raggio','29-sep-2001','Difensore'),
  ('390164','AC Trento',29,'Mattia','Seno','29-may-2000','Difensore'),
  ('429881','AC Trento',6,'Federico','Simonti','14-jun-2000','Difensore'),
  ('619311','AC Trento',3,'Riccardo','Oddi','20-feb-2002','Difensore'),
  ('297731','AC Trento',37,'Enrico','Bearzotti','29-oct-1996','Difensore'),
  ('459662','AC Trento',2,'Davide','Galazzini','16-mar-2000','Difensore'),
  ('461258','AC Trento',5,'Gabriel Nunes','null','11-jul-1994','Centrocampista'),
  ('088699','AC Trento',21,'Wilfred','Osuji','5-aug-1990','Centrocampista'),
  ('460003','AC Trento',14,'Christian','Scorza','14-jul-2000','Centrocampista'),
  ('240401','AC Trento',7,'Carlo','Caporali','27-apr-1994','Centrocampista'),
  ('239106','AC Trento',19,'Nicolas','Izzillo','19-apr-1994','Centrocampista'),
  ('537488','AC Trento',24,'Dion','Ruffo Luci','12-jul-2001','Centrocampista'),
  ('527601','AC Trento',28,'Niccolò','Bigica','5-mar-2001','Centrocampista'),
  ('062379','AC Trento',11,'Cristian','Pasquato','20-jul-1989','Centrocampista'),
  ('130346','AC Trento',8,'Luca','Belcastro','23-apr-1991','Centrocampista'),
  ('387060','AC Trento',99,'Emiliano','Pattarello','30-jul-1999','Attaccante'),
  ('072491','AC Trento',10,'Riccardo','Bocalon','3-mar-1989','Attaccante'),
  ('163628','AC Trento',27,'Riccardo','Barbuti','12-mar-1992','Attaccante'),
  ('137428','AC Trento',9,'Matteo','Chinellato','2-sep-1991','Attaccante'),
  ('534174','AC Trento',25,'Samuele','Vianni','5-jul-2001','Attaccante'),
  ('797680','AC Trento',17,'Tommaso','Comper','20-mar-2003','Attaccante'),
  ('060727','FC Legnago Salus',12,'Andrea','Rossini','17-jan-1990','Portiere'),
  ('529827','FC Legnago Salus',22,'Manuel','Enzo','28-jun-2000','Portiere'),
  ('528181','FC Legnago Salus',1,'Edoardo','Corvi','23-mar-2001','Portiere'),
  ('336683','FC Legnago Salus',6,'Andrea','Bondioli','21-feb-1997','Difensore'),
  ('312745','FC Legnago Salus',5,'Stefano','Pellizzari','3-jan-1997','Difensore'),
  ('337320','FC Legnago Salus',14,'Nicola','Stefanelli','14-mar-1997','Difensore'),
  ('044628','FC Legnago Salus',30,'Daniele','Gasparetto','6-apr-1988','Difensore'),
  ('617720','FC Legnago Salus',3,'Enrico','Rossi','1-apr-2001','Difensore'),
  ('418879','FC Legnago Salus',16,'Mattia','Pitzalis','4-apr-2000','Difensore'),
  ('457672','FC Legnago Salus',2,'Manuel','Ricciardi','17-apr-2000','Difensore'),
  ('533559','FC Legnago Salus',19,'Andrea','Bruno','26-feb-2001','Difensore'),
  ('497693','FC Legnago Salus',44,'Tommaso','Maggioni','22-aug-2001','Difensore'),
  ('158463','FC Legnago Salus',23,'Lorenzo','Lollo','8-dec-1990','Centrocampista'),
  ('214629','FC Legnago Salus',8,'Abdul','Yabré','3-apr-1995','Centrocampista'),
  ('603050','FC Legnago Salus',4,'Francesco','Antonelli','22-jul-1999','Centrocampista'),
  ('145303','FC Legnago Salus',26,'Mirko','Giacobbe','26-jul-1992','Centrocampista'),
  ('033772','FC Legnago Salus',17,'Stefano','Salvi','2-jan-1987','Centrocampista'),
  ('631786','FC Legnago Salus',10,'Paulinho','null','26-aug-1997','Centrocampista'),
  ('614480','FC Legnago Salus',20,'Luca','Zanetti','9-nov-2002','Centrocampista'),
  ('536943','FC Legnago Salus',27,'Daniele','Olivieri','27-feb-2001','Centrocampista'),
  ('038592','FC Legnago Salus',21,'Juanito','Gómez','20-may-1985','Attaccante'),
  ('077603','FC Legnago Salus',7,'Dejan','Lazarevic','15-feb-1990','Attaccante'),
  ('481836','FC Legnago Salus',18,'Gianluca','Contini','18-jun-2001','Attaccante'),
  ('462793','FC Legnago Salus',29,'Nikola','Buric','1-oct-1996','Attaccante'),
  ('489819','FC Legnago Salus',9,'Thomas','Alberti','23-jun-1998','Attaccante'),
  ('535797','FC Legnago Salus',11,'Lorenzo','Sgarbi','24-mar-2001','Attaccante'),
  ('459966','Mantova 1911',22,'Riccardo','Tosi','27-dec-1999','Portiere'),
  ('393664','Mantova 1911',1,'Francesco','Marone','10-mar-1999','Portiere'),
  ('656703','Mantova 1911',71,'Emilio','Marinaro','25-mar-2002','Portiere'),
  ('825326','Mantova 1911',12,'Axel','Bertolotti','25-jun-2004','Portiere'),
  ('167289','Mantova 1911',5,'Lorenzo','Checchi','20-jan-1991','Difensore'),
  ('336928','Mantova 1911',21,'Alessio','Milillo','31-mar-1997','Difensore'),
  ('457440','Mantova 1911',19,'Alessandro','Pilati','26-mar-2000','Difensore'),
  ('211416','Mantova 1911',23,'Erik','Panizzi','15-feb-1994','Difensore'),
  ('393948','Mantova 1911',27,'Francesco','Vaccaro','1-apr-1999','Difensore'),
  ('459634','Mantova 1911',3,'Darrel Emoshogue','Agbugui','30-apr-2001','Difensore'),
  ('287886','Mantova 1911',2,'Davide','Bianchi','11-may-1996','Difensore'),
  ('287636','Mantova 1911',17,'Mirko','Esposito','8-apr-1996','Difensore'),
  ('389842','Mantova 1911',20,'Matteo','Pinton','9-aug-1998','Difensore'),
  ('239584','Mantova 1911',16,'Matteo','Gerbaudo','10-may-1995','Centrocampista'),
  ('042117','Mantova 1911',8,'Mirko','Bruccini','18-jan-1986','Centrocampista'),
  ('611857','Mantova 1911',29,'Pietro','Messori','29-dec-2000','Centrocampista'),
  ('339866','Mantova 1911',6,'Vincenzo','Silvestro','31-jul-1998','Centrocampista'),
  ('315863','Mantova 1911',4,'Alessio','Militari','15-jan-1999','Centrocampista'),
  ('934056','Mantova 1911',14,'Aiman','Rihai','21-jan-2004','Centrocampista'),
  ('519175','Mantova 1911',18,'Lorenzo','Bertini','17-aug-2001','Attaccante'),
  ('459152','Mantova 1911',28,'Matteo','Pedrini','16-jan-2000','Attaccante'),
  ('252743','Mantova 1911',10,'Filippo','Guccione','8-nov-1992','Attaccante'),
  ('559648','Mantova 1911',31,'Enrico','Piovanello','20-apr-2000','Attaccante'),
  ('394136','Mantova 1911',7,'Elia','Galligani','8-jun-1992','Attaccante'),
  ('603906','Mantova 1911',24,'Manuel','Fontana','29-may-2002','Attaccante'),
  ('199888','Mantova 1911',11,'Caio','De Cenco','5-may-1989','Attaccante'),
  ('162952','Mantova 1911',45,'Gaetano','Monachello','3-mar-1994','Attaccante'),
  ('477206','Mantova 1911',9,'Luca','Paudice','30-oct-2001','Attaccante'),
  ('057657','1913 Seregno Calcio',25,'Andrea','Tozzo','30-aug-1992','Portiere'),
  ('591849','1913 Seregno Calcio',1,'Mattia','Marocco','21-oct-2001','Portiere'),
  ('613212','1913 Seregno Calcio',12,'Dennis','Lupu','13-aug-2000','Portiere'),
  ('742287','1913 Seregno Calcio',22,'Lorenzo','Magnani','26-mar-2002','Portiere'),
  ('397721','1913 Seregno Calcio',6,'Gioacchino','Galeotafiore','15-feb-2000','Difensore'),
  ('033605','1913 Seregno Calcio',13,'Marco','Rossi','30-sep-1987','Difensore'),
  ('536814','1913 Seregno Calcio',15,'Daniele','Solcia','7-mar-2001','Difensore'),
  ('080448','1913 Seregno Calcio',5,'Christian','Anelli','1-feb-1989','Difensore'),
  ('199007','1913 Seregno Calcio',63,'Sergio','Uyi','22-jun-1993','Difensore'),
  ('617773','1913 Seregno Calcio',44,'Roberto','Ferrari','14-apr-2000','Difensore'),
  ('818702','1913 Seregno Calcio',73,'Francesco','Marino','3-nov-2002','Difensore'),
  ('621461','1913 Seregno Calcio',3,'Riccardo','Zoia','12-nov-2001','Difensore'),
  ('357178','1913 Seregno Calcio',19,'Lorenzo','Valeau','5-mar-1999','Difensore'),
  ('287640','1913 Seregno Calcio',30,'Andrea','Gemignani','13-feb-1996','Difensore'),
  ('160825','1913 Seregno Calcio',23,'Antonio','Balzano','13-jun-1986','Difensore'),
  ('610884','1913 Seregno Calcio',71,'Stefano','Pani','12-jan-2002','Difensore'),
  ('707908','1913 Seregno Calcio',2,'Federico','Capone','7-mar-2003','Difensore'),
  ('056683','1913 Seregno Calcio',18,'Silvano','Raggio Garibaldi','27-mar-1989','Centrocampista'),
  ('615180','1913 Seregno Calcio',17,'Gaetano','Vitale','4-aug-2001','Centrocampista'),
  ('724437','1913 Seregno Calcio',20,'Kaleb','Jimenez Castillo','18-oct-2002','Centrocampista'),
  ('273150','1913 Seregno Calcio',8,'Federico','Gentile','27-jan-1985','Centrocampista'),
  ('340711','1913 Seregno Calcio',16,'Roberto','Marino','24-sep-1998','Centrocampista'),
  ('037410','1913 Seregno Calcio',4,'Matteo','Mandorlini','22-oct-1988','Centrocampista'),
  ('724438','1913 Seregno Calcio',14,'Bernard','Aga','28-mar-2001','Centrocampista'),
  ('542577','1913 Seregno Calcio',28,'Gianmarco','Alba','21-mar-2001','Centrocampista'),
  ('540774','1913 Seregno Calcio',26,'Matteo','Iurato','13-may-2000','Centrocampista'),
  ('459127','1913 Seregno Calcio',33,'Andrea','Invernizzi','25-feb-2000','Centrocampista'),
  ('457242','1913 Seregno Calcio',21,'Alessio','Bartolotta','12-feb-2000','Attaccante'),
  ('566963','1913 Seregno Calcio',7,'Sabino','Signorile','23-feb-2002','Attaccante'),
  ('342148','1913 Seregno Calcio',70,'Zé Gomes','null','8-apr-1999','Attaccante'),
  ('035719','1913 Seregno Calcio',10,'Andrea','Cocco','8-apr-1986','Attaccante'),
  ('336636','1913 Seregno Calcio',11,'Matteo','Cortesi','21-oct-1997','Attaccante'),
  ('110929','1913 Seregno Calcio',24,'Simone','Dell''Agnello','12-apr-1992','Attaccante'),
  ('613216','1913 Seregno Calcio',9,'Emanuele','Pozzoli','16-apr-2000','Attaccante'),
  ('819895','1913 Seregno Calcio',27,'Antonio','Ronci','27-aug-2002','Attaccante'),
  ('656742','1913 Seregno Calcio',75,'Emanuele','Cerbara','4-mar-2001','Attaccante'),
  ('311065','US Fiorenzuola 1922',12,'Nicholas','Battaiola','21-aug-1996','Portiere'),
  ('525585','US Fiorenzuola 1922',22,'Piero','Burigana','4-mar-2001','Portiere'),
  ('401519','US Fiorenzuola 1922',27,'Tommaso','Cavalli','10-apr-2000','Difensore'),
  ('229265','US Fiorenzuola 1922',6,'Luca','Ferri','7-feb-1991','Difensore'),
  ('405508','US Fiorenzuola 1922',4,'Simone','Potop','15-jan-2000','Difensore'),
  ('392848','US Fiorenzuola 1922',66,'Fabio','Varoli','14-jan-1999','Difensore'),
  ('487830','US Fiorenzuola 1922',3,'Christian','Dimarco','23-jul-2002','Difensore'),
  ('100506','US Fiorenzuola 1922',37,'Ettore','Guglieri','11-jan-1984','Difensore'),
  ('456157','US Fiorenzuola 1922',88,'Matteo','Fracassini','19-dec-2000','Difensore'),
  ('480047','US Fiorenzuola 1922',45,'Federico','Danovaro','7-sep-2001','Difensore'),
  ('459704','US Fiorenzuola 1922',21,'Mattia','Fiorini','31-mar-2001','Centrocampista'),
  ('535545','US Fiorenzuola 1922',18,'Jacopo','Nelli','18-apr-2000','Centrocampista'),
  ('628365','US Fiorenzuola 1922',7,'Gabriele','Piccinini','6-apr-2001','Centrocampista'),
  ('387371','US Fiorenzuola 1922',8,'Riccardo','Stronati','20-mar-1997','Centrocampista'),
  ('624874','US Fiorenzuola 1922',19,'Matteo','Gerace','27-aug-2001','Centrocampista'),
  ('604630','US Fiorenzuola 1922',5,'Matteo','Ghisolfi','25-may-2002','Centrocampista'),
  ('390679','US Fiorenzuola 1922',23,'Michele','Currarino','6-aug-1992','Centrocampista'),
  ('577594','US Fiorenzuola 1922',30,'Blue','Mamona','15-may-2002','Attaccante'),
  ('479158','US Fiorenzuola 1922',9,'Marco','Zunno','5-may-2001','Attaccante'),
  ('355156','US Fiorenzuola 1922',10,'Nicolò','Bruschi','12-aug-1998','Attaccante'),
  ('248649','US Fiorenzuola 1922',11,'Francisco','Sartore','6-jul-1995','Attaccante'),
  ('146642','US Fiorenzuola 1922',44,'Ferdinando','Mastroianni','21-mar-1992','Attaccante'),
  ('242550','US Fiorenzuola 1922',14,'Edoardo','Oneto','23-feb-1996','Attaccante'),
  ('612288','US Fiorenzuola 1922',29,'Davide','Arrondini','29-mar-1999','Attaccante'),
  ('465988','US Fiorenzuola 1922',20,'Elia','Giani','20-dec-2000','Attaccante'),
  ('386442','AS Giana Erminio',1,'Alessandro','Zanellati','23-sep-1999','Portiere'),
  ('693659','AS Giana Erminio',22,'Nicolò','Casagrande','1-jan-2002','Portiere'),
  ('328982','AS Giana Erminio',15,'Simone','Bonalumi','23-dec-1994','Difensore'),
  ('601823','AS Giana Erminio',25,'Davide','Pirola','29-may-2001','Difensore'),
  ('107882','AS Giana Erminio',6,'Antonio','Magli','5-mar-1991','Difensore'),
  ('398948','AS Giana Erminio',5,'Marco','Carminati','5-jun-2000','Difensore'),
  ('558882','AS Giana Erminio',14,'Federico','Gulinelli','2-jun-2000','Difensore'),
  ('426244','AS Giana Erminio',33,'Lorenzo','Colombini','17-jan-2001','Difensore'),
  ('472207','AS Giana Erminio',21,'Giulio','Magri','1-oct-2001','Difensore'),
  ('057304','AS Giana Erminio',2,'Simone','Perico','10-aug-1989','Difensore'),
  ('686592','AS Giana Erminio',23,'Lorenzo','Caferri','26-apr-1999','Difensore'),
  ('421770','AS Giana Erminio',3,'Alberto','Barazzetta','18-feb-2001','Difensore'),
  ('029604','AS Giana Erminio',4,'Riccardo','Cazzola','8-oct-1985','Centrocampista'),
  ('163085','AS Giana Erminio',28,'Michel','Panatti','9-nov-1993','Centrocampista'),
  ('328847','AS Giana Erminio',7,'Daniele','Pinto','9-may-1986','Centrocampista'),
  ('395875','AS Giana Erminio',8,'Simone','Ferrari','13-may-1999','Centrocampista'),
  ('250313','AS Giana Erminio',20,'Nicolò','Palazzolo','29-nov-1994','Centrocampista'),
  ('610881','AS Giana Erminio',18,'Christian','Acella','7-jul-2002','Centrocampista'),
  ('611905','AS Giana Erminio',26,'Claudio','Messaggi','2-aug-2001','Centrocampista'),
  ('491275','AS Giana Erminio',11,'Riccardo','Vono','31-oct-2000','Centrocampista'),
  ('623036','AS Giana Erminio',24,'Michele','D''Ausilio','3-sep-1999','Centrocampista'),
  ('601822','AS Giana Erminio',9,'Alessandro','Corti','21-jun-2000','Attaccante'),
  ('328988','AS Giana Erminio',10,'Fabio','Perna','30-sep-1986','Attaccante'),
  ('496531','AS Giana Erminio',27,'Andrea','Tremolada','27-may-1999','Attaccante'),
  ('539186','AS Giana Erminio',17,'Niccolò','Corti','10-jun-2001','Attaccante');

insert into Partite values
  ('IT3A0000',1,'FC Südtirol','Virtusvecomp Verona',1,0),
  ('IT3A0001',3,'FC Südtirol','AC Trento',2,0),
  ('IT3A0002',4,'FC Südtirol','US Pergolettese 1932',1,0),
  ('IT3A0003',6,'FC Südtirol','AC Renate',2,0),
  ('IT3A0004',8,'FC Südtirol','AS Giana Erminio',0,0),
  ('IT3A0005',10,'FC Südtirol','Piacenza Calcio 1919',2,0),
  ('IT3A0006',12,'FC Südtirol','Juventus U23',2,0),
  ('IT3A0007',15,'FC Südtirol','Feralpisalò',1,1),
  ('IT3A0008',17,'FC Südtirol','US Fiorenzuola 1922',4,1),
  ('IT3A0009',19,'FC Südtirol','US Triestina',1,0),
  ('IT3A0010',2,'Calcio Padova','US Pergolettese 1932',2,1),
  ('IT3A0011',4,'Calcio Padova','US Triestina',2,0),
  ('IT3A0012',6,'Calcio Padova','US Fiorenzuola 1922',2,1),
  ('IT3A0013',7,'Calcio Padova','1913 Seregno Calcio',1,1),
  ('IT3A0014',9,'Calcio Padova','AC Trento',2,1),
  ('IT3A0015',12,'Calcio Padova','UC AlbinoLeffe',2,0),
  ('IT3A0016',14,'Calcio Padova','Juventus U23',2,0),
  ('IT3A0017',16,'Calcio Padova','FC Pro Vercelli 1892',1,0),
  ('IT3A0018',18,'Calcio Padova','FC Südtirol',0,0),
  ('IT3A0019',1,'Feralpisalò','US Fiorenzuola 1922',1,2),
  ('IT3A0020',3,'Feralpisalò','Mantova 1911',1,1),
  ('IT3A0021',5,'Feralpisalò','Juventus U23',3,2),
  ('IT3A0022',7,'Feralpisalò','Pro Sesto 1913',1,1),
  ('IT3A0023',9,'Feralpisalò','FC Legnago Salus',5,1),
  ('IT3A0024',11,'Feralpisalò','Calcio Padova',1,0),
  ('IT3A0025',13,'Feralpisalò','AS Giana Erminio',1,0),
  ('IT3A0026',14,'Feralpisalò','Virtusvecomp Verona',1,1),
  ('IT3A0027',16,'Feralpisalò','US Pergolettese 1932',6,0),
  ('IT3A0028',18,'Feralpisalò','Piacenza Calcio 1919',1,1),
  ('IT3A0029',1,'AC Renate','Calcio Padova',0,3),
  ('IT3A0030',3,'AC Renate','Virtusvecomp Verona',3,1),
  ('IT3A0031',5,'AC Renate','Pro Sesto 1913',3,0),
  ('IT3A0032',7,'AC Renate','AC Trento',4,0),
  ('IT3A0033',9,'AC Renate','FC Pro Vercelli 1892',2,2),
  ('IT3A0034',11,'AC Renate','US Triestina',2,1),
  ('IT3A0035',12,'AC Renate','FC Legnago Salus',4,0),
  ('IT3A0036',14,'AC Renate','Aurora Pro Patria',4,1),
  ('IT3A0037',17,'AC Renate','Juventus U23',2,0),
  ('IT3A0038',19,'AC Renate','Feralpisalò',1,0),
  ('IT3A0039',2,'Calcio Lecco 1912','FC Legnago Salus',4,1),
  ('IT3A0040',4,'Calcio Lecco 1912','Feralpisalò',1,0),
  ('IT3A0041',6,'Calcio Lecco 1912','Aurora Pro Patria',3,0),
  ('IT3A0042',8,'Calcio Lecco 1912','Calcio Padova',3,2),
  ('IT3A0043',10,'Calcio Lecco 1912','AC Renate',2,3),
  ('IT3A0044',12,'Calcio Lecco 1912','Virtusvecomp Verona',2,2),
  ('IT3A0045',14,'Calcio Lecco 1912','UC AlbinoLeffe',2,3),
  ('IT3A0046',16,'Calcio Lecco 1912','FC Südtirol',0,1),
  ('IT3A0047',19,'Calcio Lecco 1912','Pro Sesto 1913',0,0),
  ('IT3A0048',1,'US Triestina','1913 Seregno Calcio',0,0),
  ('IT3A0049',3,'US Triestina','Piacenza Calcio 1919',2,2),
  ('IT3A0050',5,'US Triestina','Calcio Lecco 1912',2,0),
  ('IT3A0051',7,'US Triestina','UC AlbinoLeffe',2,3),
  ('IT3A0052',9,'US Triestina','US Fiorenzuola 1922',1,0),
  ('IT3A0053',10,'US Triestina','Mantova 1911',2,1),
  ('IT3A0054',12,'US Triestina','Feralpisalò',1,1),
  ('IT3A0055',14,'US Triestina','AC Trento',1,1),
  ('IT3A0056',16,'US Triestina','Aurora Pro Patria',1,1),
  ('IT3A0057',18,'US Triestina','AS Giana Erminio',2,1),
  ('IT3A0058',2,'Juventus U23','US Triestina',2,1),
  ('IT3A0059',4,'Juventus U23','FC Pro Vercelli 1892',0,2),
  ('IT3A0060',6,'Juventus U23','AS Giana Erminio',0,1),
  ('IT3A0061',9,'Juventus U23','1913 Seregno Calcio',2,1),
  ('IT3A0062',11,'Juventus U23','Pro Sesto 1913',1,1),
  ('IT3A0063',13,'Juventus U23','Calcio Lecco 1912',1,0),
  ('IT3A0064',15,'Juventus U23','US Fiorenzuola 1922',2,1),
  ('IT3A0065',16,'Juventus U23','Virtusvecomp Verona',0,1),
  ('IT3A0066',18,'Juventus U23','AC Trento',2,1),
  ('IT3A0067',1,'FC Pro Vercelli 1892','Calcio Lecco 1912',1,0),
  ('IT3A0068',3,'FC Pro Vercelli 1892','1913 Seregno Calcio',1,0),
  ('IT3A0069',5,'FC Pro Vercelli 1892','AC Trento',1,1),
  ('IT3A0070',7,'FC Pro Vercelli 1892','FC Südtirol',0,2),
  ('IT3A0071',8,'FC Pro Vercelli 1892','Feralpisalò',0,2),
  ('IT3A0072',10,'FC Pro Vercelli 1892','AS Giana Erminio',2,1),
  ('IT3A0073',12,'FC Pro Vercelli 1892','Piacenza Calcio 1919',1,3),
  ('IT3A0074',14,'FC Pro Vercelli 1892','FC Legnago Salus',0,1),
  ('IT3A0075',17,'FC Pro Vercelli 1892','US Triestina',1,2),
  ('IT3A0076',19,'FC Pro Vercelli 1892','Mantova 1911',1,1),
  ('IT3A0077',1,'Piacenza Calcio 1919','AC Trento',0,0),
  ('IT3A0078',4,'Piacenza Calcio 1919','Aurora Pro Patria',1,1),
  ('IT3A0079',6,'Piacenza Calcio 1919','FC Legnago Salus',1,0),
  ('IT3A0080',8,'Piacenza Calcio 1919','Juventus U23',1,1),
  ('IT3A0081',9,'Piacenza Calcio 1919','Pro Sesto 1913',1,2),
  ('IT3A0082',11,'Piacenza Calcio 1919','AS Giana Erminio',1,1),
  ('IT3A0083',13,'Piacenza Calcio 1919','AC Renate',3,1),
  ('IT3A0084',15,'Piacenza Calcio 1919','Calcio Padova',1,3),
  ('IT3A0085',17,'Piacenza Calcio 1919','Calcio Lecco 1912',0,1),
  ('IT3A0086',19,'Piacenza Calcio 1919','1913 Seregno Calcio',1,1),
  ('IT3A0087',2,'UC AlbinoLeffe','FC Südtirol',1,1),
  ('IT3A0088',4,'UC AlbinoLeffe','Mantova 1911',1,0),
  ('IT3A0089',6,'UC AlbinoLeffe','Feralpisalò',0,1),
  ('IT3A0090',8,'UC AlbinoLeffe','AC Renate',2,3),
  ('IT3A0091',10,'UC AlbinoLeffe','Juventus U23',2,2),
  ('IT3A0092',11,'UC AlbinoLeffe','1913 Seregno Calcio',0,1),
  ('IT3A0093',13,'UC AlbinoLeffe','FC Pro Vercelli 1892',1,1),
  ('IT3A0094',16,'UC AlbinoLeffe','Piacenza Calcio 1919',2,3),
  ('IT3A0095',18,'UC AlbinoLeffe','FC Legnago Salus',1,2),
  ('IT3A0096',2,'Mantova 1911','AS Giana Erminio',1,1),
  ('IT3A0097',5,'Mantova 1911','Piacenza Calcio 1919',2,1),
  ('IT3A0098',7,'Mantova 1911','Juventus U23',0,1),
  ('IT3A0099',9,'Mantova 1911','Calcio Lecco 1912',1,1),
  ('IT3A0100',11,'Mantova 1911','FC Südtirol',0,1),
  ('IT3A0101',13,'Mantova 1911','Calcio Padova',1,1),
  ('IT3A0102',14,'Mantova 1911','Pro Sesto 1913',1,0),
  ('IT3A0103',16,'Mantova 1911','AC Renate',2,2),
  ('IT3A0104',18,'Mantova 1911','Aurora Pro Patria',0,0),
  ('IT3A0105',2,'US Fiorenzuola 1922','AC Renate',2,2),
  ('IT3A0106',3,'US Fiorenzuola 1922','UC AlbinoLeffe',0,2),
  ('IT3A0107',5,'US Fiorenzuola 1922','1913 Seregno Calcio',2,3),
  ('IT3A0108',7,'US Fiorenzuola 1922','Calcio Lecco 1912',2,1),
  ('IT3A0109',10,'US Fiorenzuola 1922','US Pergolettese 1932',3,1),
  ('IT3A0110',12,'US Fiorenzuola 1922','Mantova 1911',0,0),
  ('IT3A0111',14,'US Fiorenzuola 1922','Piacenza Calcio 1919',1,1),
  ('IT3A0112',16,'US Fiorenzuola 1922','FC Legnago Salus',1,0),
  ('IT3A0113',18,'US Fiorenzuola 1922','FC Pro Vercelli 1892',0,2),
  ('IT3A0114',2,'Virtusvecomp Verona','Piacenza Calcio 1919',1,1),
  ('IT3A0115',4,'Virtusvecomp Verona','FC Legnago Salus',1,1),
  ('IT3A0116',6,'Virtusvecomp Verona','FC Pro Vercelli 1892',2,2),
  ('IT3A0117',8,'Virtusvecomp Verona','US Triestina',0,0),
  ('IT3A0118',11,'Virtusvecomp Verona','US Fiorenzuola 1922',2,1),
  ('IT3A0119',13,'Virtusvecomp Verona','AC Trento',0,1),
  ('IT3A0120',15,'Virtusvecomp Verona','Mantova 1911',1,0),
  ('IT3A0121',17,'Virtusvecomp Verona','UC AlbinoLeffe',0,0),
  ('IT3A0122',19,'Virtusvecomp Verona','Calcio Padova',0,0),
  ('IT3A0123',2,'AC Trento','Aurora Pro Patria',3,0),
  ('IT3A0124',4,'AC Trento','AS Giana Erminio',1,0),
  ('IT3A0125',6,'AC Trento','Mantova 1911',2,2),
  ('IT3A0126',8,'AC Trento','US Fiorenzuola 1922',1,0),
  ('IT3A0127',10,'AC Trento','Feralpisalò',1,2),
  ('IT3A0128',12,'AC Trento','US Pergolettese 1932',1,2),
  ('IT3A0129',15,'AC Trento','Calcio Lecco 1912',3,0),
  ('IT3A0130',17,'AC Trento','1913 Seregno Calcio',0,1),
  ('IT3A0131',19,'AC Trento','UC AlbinoLeffe',0,0),
  ('IT3A0132',2,'Pro Sesto 1913','FC Pro Vercelli 1892',1,2),
  ('IT3A0133',4,'Pro Sesto 1913','US Fiorenzuola 1922',0,0),
  ('IT3A0134',6,'Pro Sesto 1913','US Triestina',0,1),
  ('IT3A0135',8,'Pro Sesto 1913','Aurora Pro Patria',1,1),
  ('IT3A0136',10,'Pro Sesto 1913','Calcio Padova',2,2),
  ('IT3A0137',13,'Pro Sesto 1913','FC Südtirol',0,1),
  ('IT3A0138',15,'Pro Sesto 1913','UC AlbinoLeffe',0,0),
  ('IT3A0139',16,'Pro Sesto 1913','AC Trento',1,1),
  ('IT3A0140',18,'Pro Sesto 1913','Virtusvecomp Verona',0,2),
  ('IT3A0141',1,'Aurora Pro Patria','UC AlbinoLeffe',1,2),
  ('IT3A0142',3,'Aurora Pro Patria','Juventus U23',1,0),
  ('IT3A0143',5,'Aurora Pro Patria','Calcio Padova',1,2),
  ('IT3A0144',7,'Aurora Pro Patria','Virtusvecomp Verona',1,0),
  ('IT3A0145',9,'Aurora Pro Patria','FC Südtirol',0,0),
  ('IT3A0146',11,'Aurora Pro Patria','FC Pro Vercelli 1892',1,1),
  ('IT3A0147',13,'Aurora Pro Patria','US Fiorenzuola 1922',0,1),
  ('IT3A0148',15,'Aurora Pro Patria','1913 Seregno Calcio',0,0),
  ('IT3A0149',17,'Aurora Pro Patria','Feralpisalò',0,2),
  ('IT3A0150',19,'Aurora Pro Patria','US Pergolettese 1932',2,1),
  ('IT3A0151',1,'US Pergolettese 1932','Juventus U23',1,2),
  ('IT3A0152',3,'US Pergolettese 1932','Pro Sesto 1913',2,1),
  ('IT3A0153',5,'US Pergolettese 1932','Virtusvecomp Verona',2,2),
  ('IT3A0154',7,'US Pergolettese 1932','Piacenza Calcio 1919',2,2),
  ('IT3A0155',9,'US Pergolettese 1932','UC AlbinoLeffe',1,0),
  ('IT3A0156',11,'US Pergolettese 1932','Calcio Lecco 1912',1,0),
  ('IT3A0157',13,'US Pergolettese 1932','US Triestina',0,1),
  ('IT3A0158',15,'US Pergolettese 1932','FC Pro Vercelli 1892',4,0),
  ('IT3A0159',17,'US Pergolettese 1932','Mantova 1911',1,1),
  ('IT3A0160',18,'US Pergolettese 1932','AC Renate',1,0),
  ('IT3A0161',2,'1913 Seregno Calcio','Feralpisalò',1,3),
  ('IT3A0162',4,'1913 Seregno Calcio','AC Renate',0,1),
  ('IT3A0163',6,'1913 Seregno Calcio','US Pergolettese 1932',5,0),
  ('IT3A0164',8,'1913 Seregno Calcio','Mantova 1911',1,1),
  ('IT3A0165',10,'1913 Seregno Calcio','Virtusvecomp Verona',1,3),
  ('IT3A0166',12,'1913 Seregno Calcio','Pro Sesto 1913',0,1),
  ('IT3A0167',14,'1913 Seregno Calcio','FC Südtirol',1,2),
  ('IT3A0168',16,'1913 Seregno Calcio','AS Giana Erminio',2,0),
  ('IT3A0169',18,'1913 Seregno Calcio','Calcio Lecco 1912',1,4),
  ('IT3A0170',1,'FC Legnago Salus','Mantova 1911',1,1),
  ('IT3A0171',3,'FC Legnago Salus','Calcio Padova',0,4),
  ('IT3A0172',5,'FC Legnago Salus','FC Südtirol',1,2),
  ('IT3A0173',8,'FC Legnago Salus','US Pergolettese 1932',3,1),
  ('IT3A0174',10,'FC Legnago Salus','Aurora Pro Patria',2,3),
  ('IT3A0175',11,'FC Legnago Salus','AC Trento',1,0),
  ('IT3A0176',13,'FC Legnago Salus','1913 Seregno Calcio',1,2),
  ('IT3A0177',15,'FC Legnago Salus','US Triestina',0,2),
  ('IT3A0178',17,'FC Legnago Salus','Pro Sesto 1913',1,1),
  ('IT3A0179',19,'FC Legnago Salus','Juventus U23',1,2),
  ('IT3A0180',1,'AS Giana Erminio','Pro Sesto 1913',1,0),
  ('IT3A0181',3,'AS Giana Erminio','Calcio Lecco 1912',0,1),
  ('IT3A0182',5,'AS Giana Erminio','UC AlbinoLeffe',0,1),
  ('IT3A0183',7,'AS Giana Erminio','FC Legnago Salus',0,1),
  ('IT3A0184',9,'AS Giana Erminio','Virtusvecomp Verona',1,1),
  ('IT3A0185',12,'AS Giana Erminio','Aurora Pro Patria',1,1),
  ('IT3A0186',14,'AS Giana Erminio','US Pergolettese 1932',1,1),
  ('IT3A0187',15,'AS Giana Erminio','AC Renate',0,1),
  ('IT3A0188',17,'AS Giana Erminio','Calcio Padova',1,1),
  ('IT3A0189',19,'AS Giana Erminio','US Fiorenzuola 1922',1,1);

insert into Gol values
  ('IT3A0000',23,'199272',false),
  ('IT3A0001',61,'199272',false),
  ('IT3A0001',88,'199947',false),
  ('IT3A0002',83,'087260',false),
  ('IT3A0003',25,'340075',false),
  ('IT3A0003',49,'340075',false),
  ('IT3A0005',7,'392577',false),
  ('IT3A0005',49,'340075',false),
  ('IT3A0006',20,'199272',false),
  ('IT3A0006',41,'392577',false),
  ('IT3A0007',14,'340075',false),
  ('IT3A0007',86,'392166',false),
  ('IT3A0008',17,'307335',false),
  ('IT3A0008',22,'611197',false),
  ('IT3A0008',35,'199947',false),
  ('IT3A0009',14,'199947',false),
  ('IT3A0010',61,'632482',false),
  ('IT3A0010',78,'163645',false),
  ('IT3A0011',18,'035743',false),
  ('IT3A0012',37,'229265',false),
  ('IT3A0012',56,'035743',false),
  ('IT3A0012',80,'035743',false),
  ('IT3A0013',13,'281872',false),
  ('IT3A0013',79,'035719',false),
  ('IT3A0014',3,'165852',false),
  ('IT3A0014',91,'120688',false),
  ('IT3A0015',6,'165852',false),
  ('IT3A0015',37,'148538',false),
  ('IT3A0016',46,'035743',false),
  ('IT3A0016',70,'148538',false),
  ('IT3A0017',2,'163645',false),
  ('IT3A0019',53,'129616',false),
  ('IT3A0019',55,'577594',false),
  ('IT3A0019',83,'535545',false),
  ('IT3A0020',2,'199888',false),
  ('IT3A0020',19,'129616',false),
  ('IT3A0021',10,'542336',false),
  ('IT3A0021',56,'076110',false),
  ('IT3A0021',63,'088764',false),
  ('IT3A0021',80,'088764',false),
  ('IT3A0021',90,'682032',false),
  ('IT3A0022',86,'621779',true),
  ('IT3A0022',96,'061432',false),
  ('IT3A0023',5,'056609',false),
  ('IT3A0023',8,'462793',false),
  ('IT3A0023',27,'088764',false),
  ('IT3A0023',41,'150436',false),
  ('IT3A0023',66,'167874',false),
  ('IT3A0023',71,'076110',false),
  ('IT3A0024',2,'088685',true),
  ('IT3A0025',96,'397249',false),
  ('IT3A0026',41,'389841',false),
  ('IT3A0026',82,'129616',false),
  ('IT3A0027',16,'077970',false),
  ('IT3A0027',27,'392166',false),
  ('IT3A0027',35,'392166',false),
  ('IT3A0027',44,'129616',false),
  ('IT3A0027',90,'076110',false),
  ('IT3A0027',93,'076110',false),
  ('IT3A0028',30,'129616',false),
  ('IT3A0028',88,'395295',false),
  ('IT3A0029',2,'165852',false),
  ('IT3A0029',49,'165852',false),
  ('IT3A0029',57,'163645',false),
  ('IT3A0030',38,'525653',false),
  ('IT3A0030',46,'338107',false),
  ('IT3A0030',48,'199617',false),
  ('IT3A0030',91,'159847',false),
  ('IT3A0031',35,'397241',true),
  ('IT3A0031',71,'199617',false),
  ('IT3A0032',31,'159847',false),
  ('IT3A0032',36,'151489',false),
  ('IT3A0032',41,'159847',false),
  ('IT3A0032',67,'338107',false),
  ('IT3A0033',3,'266217',false),
  ('IT3A0033',13,'130324',false),
  ('IT3A0033',69,'159847',false),
  ('IT3A0033',84,'159847',false),
  ('IT3A0034',8,'159847',false),
  ('IT3A0034',14,'199617',false),
  ('IT3A0034',79,'160630',false),
  ('IT3A0035',34,'159847',false),
  ('IT3A0035',38,'552437',false),
  ('IT3A0035',41,'199617',false),
  ('IT3A0035',53,'392571',false),
  ('IT3A0036',17,'151489',false),
  ('IT3A0036',33,'159847',false),
  ('IT3A0036',50,'028030',true),
  ('IT3A0036',66,'102536',false),
  ('IT3A0036',72,'199617',false),
  ('IT3A0037',15,'199617',false),
  ('IT3A0037',67,'338107',false),
  ('IT3A0038',48,'199617',false),
  ('IT3A0039',28,'459665',false),
  ('IT3A0039',38,'616133',false),
  ('IT3A0039',43,'616133',false),
  ('IT3A0039',92,'397257',false),
  ('IT3A0040',54,'125182',false),
  ('IT3A0041',1,'459665',false),
  ('IT3A0041',89,'397257',false),
  ('IT3A0041',91,'459147',false),
  ('IT3A0042',30,'459665',false),
  ('IT3A0042',38,'146642',false),
  ('IT3A0042',46,'256118',false),
  ('IT3A0042',47,'035743',false),
  ('IT3A0042',67,'616133',false),
  ('IT3A0043',41,'160334',false),
  ('IT3A0043',43,'159847',false),
  ('IT3A0043',76,'459665',false),
  ('IT3A0043',81,'159847',false),
  ('IT3A0043',86,'159847',false),
  ('IT3A0044',48,'138508',false),
  ('IT3A0044',59,'459147',false),
  ('IT3A0044',66,'903414',false),
  ('IT3A0044',80,'134383',false),
  ('IT3A0045',26,'526992',false),
  ('IT3A0045',54,'125182',false),
  ('IT3A0045',55,'389581',false),
  ('IT3A0046',14,'307335',false),
  ('IT3A0049',27,'168202',false),
  ('IT3A0049',32,'395295',false),
  ('IT3A0049',89,'482792',false),
  ('IT3A0049',95,'168202',false),
  ('IT3A0050',11,'062751',false),
  ('IT3A0050',43,'129505',false),
  ('IT3A0051',15,'401649',false),
  ('IT3A0051',75,'240206',false),
  ('IT3A0051',85,'084380',false),
  ('IT3A0051',93,'603902',false),
  ('IT3A0052',83,'062751',false),
  ('IT3A0053',7,'183969',false),
  ('IT3A0053',53,'524428',false),
  ('IT3A0053',92,'519175',false),
  ('IT3A0054',77,'062751',false),
  ('IT3A0054',95,'200145',false),
  ('IT3A0055',51,'130346',false),
  ('IT3A0055',92,'084380',false),
  ('IT3A0056',49,'160323',false),
  ('IT3A0056',58,'129505',false),
  ('IT3A0057',23,'160630',false),
  ('IT3A0057',28,'183969',false),
  ('IT3A0057',80,'328988',false),
  ('IT3A0058',30,'249046',false),
  ('IT3A0058',40,'542336',false),
  ('IT3A0058',93,'682032',false),
  ('IT3A0059',17,'792592',false),
  ('IT3A0059',57,'398568',false),
  ('IT3A0060',78,'328847',false),
  ('IT3A0061',38,'542336',false),
  ('IT3A0061',72,'542336',false),
  ('IT3A0062',32,'061432',false),
  ('IT3A0062',91,'564795',false),
  ('IT3A0063',42,'668951',false),
  ('IT3A0064',49,'682032',false),
  ('IT3A0064',75,'682032',false),
  ('IT3A0064',78,'612288',false),
  ('IT3A0066',2,'062379',false),
  ('IT3A0066',79,'537509',false),
  ('IT3A0066',87,'571607',false),
  ('IT3A0067',88,'266217',false),
  ('IT3A0068',10,'398568',false),
  ('IT3A0069',36,'163628',false),
  ('IT3A0069',77,'130324',false),
  ('IT3A0070',43,'104332',false),
  ('IT3A0070',83,'102379',false),
  ('IT3A0071',19,'200145',false),
  ('IT3A0071',55,'088764',false),
  ('IT3A0072',36,'395875',false),
  ('IT3A0072',41,'472207',true),
  ('IT3A0072',47,'130324',false),
  ('IT3A0073',30,'134627',false),
  ('IT3A0073',43,'482792',false),
  ('IT3A0073',49,'167890',false),
  ('IT3A0073',82,'395295',false),
  ('IT3A0074',52,'535797',false),
  ('IT3A0075',36,'168202',false),
  ('IT3A0075',70,'160630',false),
  ('IT3A0076',18,'391797',false),
  ('IT3A0076',84,'252743',false),
  ('IT3A0078',55,'120917',false),
  ('IT3A0078',84,'199912',false),
  ('IT3A0079',16,'134627',false),
  ('IT3A0080',31,'598098',false),
  ('IT3A0080',47,'490384',false),
  ('IT3A0081',12,'425239',false),
  ('IT3A0081',28,'335215',false),
  ('IT3A0082',43,'482792',false),
  ('IT3A0082',71,'398948',false),
  ('IT3A0083',5,'134627',false),
  ('IT3A0083',14,'598098',false),
  ('IT3A0083',29,'159847',false),
  ('IT3A0083',75,'273776',false),
  ('IT3A0084',8,'165852',false),
  ('IT3A0084',37,'035743',false),
  ('IT3A0084',73,'148538',false),
  ('IT3A0084',84,'240789',false),
  ('IT3A0085',60,'086640',false),
  ('IT3A0086',59,'395295',false),
  ('IT3A0086',95,'199912',true),
  ('IT3A0087',22,'240206',false),
  ('IT3A0087',51,'199272',false),
  ('IT3A0088',48,'083374',false),
  ('IT3A0089',48,'088764',false),
  ('IT3A0090',36,'418035',false),
  ('IT3A0090',45,'166557',false),
  ('IT3A0090',52,'240206',false),
  ('IT3A0090',68,'338107',false),
  ('IT3A0090',79,'552437',false),
  ('IT3A0091',40,'240206',false),
  ('IT3A0091',65,'135880',false),
  ('IT3A0091',67,'658729',false),
  ('IT3A0093',28,'130324',false),
  ('IT3A0093',43,'240206',false),
  ('IT3A0094',7,'401649',false),
  ('IT3A0094',18,'199912',false),
  ('IT3A0094',23,'482792',false),
  ('IT3A0094',61,'526992',false),
  ('IT3A0094',75,'598098',false),
  ('IT3A0095',30,'418035',false),
  ('IT3A0095',42,'038592',false),
  ('IT3A0095',56,'481836',false),
  ('IT3A0096',54,'199888',false),
  ('IT3A0096',75,'601822',false),
  ('IT3A0097',22,'598098',false),
  ('IT3A0097',33,'252743',false),
  ('IT3A0097',93,'199888',false),
  ('IT3A0098',57,'571607',false),
  ('IT3A0099',77,'160334',false),
  ('IT3A0099',83,'252743',false),
  ('IT3A0100',90,'307335',false),
  ('IT3A0101',55,'035743',false),
  ('IT3A0101',64,'519175',false),
  ('IT3A0102',24,'239584',false),
  ('IT3A0103',8,'211416',false),
  ('IT3A0103',34,'159847',false),
  ('IT3A0103',68,'392571',false),
  ('IT3A0103',77,'336928',false),
  ('IT3A0105',7,'355156',false),
  ('IT3A0105',34,'159259',false),
  ('IT3A0105',69,'159847',false),
  ('IT3A0105',93,'355156',false),
  ('IT3A0106',62,'240206',false),
  ('IT3A0106',73,'240206',false),
  ('IT3A0107',36,'724437',false),
  ('IT3A0107',68,'577594',false),
  ('IT3A0107',94,'035719',false),
  ('IT3A0108',27,'487633',false),
  ('IT3A0108',46,'355156',false),
  ('IT3A0109',29,'529841',false),
  ('IT3A0109',38,'242550',false),
  ('IT3A0109',83,'242550',false),
  ('IT3A0111',39,'390679',false),
  ('IT3A0111',83,'395295',false),
  ('IT3A0113',10,'266217',false),
  ('IT3A0113',14,'398568',false),
  ('IT3A0114',53,'340451',false),
  ('IT3A0115',14,'102053',false),
  ('IT3A0115',70,'481836',false),
  ('IT3A0116',14,'138508',false),
  ('IT3A0116',23,'265072',false),
  ('IT3A0116',35,'685509',false),
  ('IT3A0116',71,'291432',false),
  ('IT3A0118',38,'099408',false),
  ('IT3A0118',94,'242550',false),
  ('IT3A0120',44,'521102',false),
  ('IT3A0123',24,'387060',false),
  ('IT3A0123',32,'387060',false),
  ('IT3A0123',86,'163628',false),
  ('IT3A0124',31,'062379',false),
  ('IT3A0125',7,'240401',false),
  ('IT3A0125',10,'062379',false),
  ('IT3A0125',45,'336928',false),
  ('IT3A0125',82,'163628',true),
  ('IT3A0126',62,'429881',false),
  ('IT3A0127',4,'076110',false),
  ('IT3A0127',21,'130346',false),
  ('IT3A0127',84,'088764',false),
  ('IT3A0128',4,'108541',false),
  ('IT3A0128',51,'062379',false),
  ('IT3A0128',87,'354133',false),
  ('IT3A0129',14,'307341',false),
  ('IT3A0129',61,'120688',false),
  ('IT3A0129',94,'537488',false),
  ('IT3A0132',12,'130324',false),
  ('IT3A0132',33,'095234',false),
  ('IT3A0132',57,'197478',false),
  ('IT3A0134',1,'397448',false),
  ('IT3A0135',72,'061432',false),
  ('IT3A0135',91,'287343',false),
  ('IT3A0136',26,'335215',false),
  ('IT3A0136',37,'035743',false),
  ('IT3A0136',53,'199924',false),
  ('IT3A0136',91,'536460',false),
  ('IT3A0137',12,'199272',false),
  ('IT3A0139',50,'061432',false),
  ('IT3A0139',92,'062379',false),
  ('IT3A0140',21,'525653',false),
  ('IT3A0140',63,'138508',false),
  ('IT3A0141',11,'478764',false),
  ('IT3A0141',75,'526992',false),
  ('IT3A0141',83,'240206',false),
  ('IT3A0142',28,'160323',false),
  ('IT3A0143',44,'534084',false),
  ('IT3A0143',62,'072471',false),
  ('IT3A0143',71,'252746',false),
  ('IT3A0144',44,'534084',false),
  ('IT3A0146',50,'253857',false),
  ('IT3A0146',72,'163565',false),
  ('IT3A0149',33,'564721',false),
  ('IT3A0149',74,'392166',false),
  ('IT3A0150',4,'533856',false),
  ('IT3A0150',51,'120917',false),
  ('IT3A0150',62,'253857',false),
  ('IT3A0151',37,'571607',false),
  ('IT3A0151',58,'529841',false),
  ('IT3A0151',73,'168550',false),
  ('IT3A0152',26,'136124',false),
  ('IT3A0152',79,'291392',true),
  ('IT3A0152',80,'120458',false),
  ('IT3A0153',55,'416371',false),
  ('IT3A0153',63,'354133',false),
  ('IT3A0153',69,'708218',false),
  ('IT3A0154',7,'598098',false),
  ('IT3A0154',38,'395295',false),
  ('IT3A0154',68,'354133',false),
  ('IT3A0154',91,'108541',false),
  ('IT3A0155',55,'354133',false),
  ('IT3A0156',17,'108541',false),
  ('IT3A0157',7,'158043',false),
  ('IT3A0158',51,'354133',false),
  ('IT3A0158',75,'708218',false),
  ('IT3A0158',82,'708218',false),
  ('IT3A0158',86,'452943',false),
  ('IT3A0159',61,'529841',false),
  ('IT3A0159',94,'616902',true),
  ('IT3A0160',78,'538919',false),
  ('IT3A0161',34,'129616',false),
  ('IT3A0161',42,'397249',false),
  ('IT3A0161',50,'129616',false),
  ('IT3A0162',21,'199617',false),
  ('IT3A0163',14,'287640',false),
  ('IT3A0163',53,'566963',false),
  ('IT3A0163',63,'035719',false),
  ('IT3A0164',3,'477206',false),
  ('IT3A0164',43,'357178',false),
  ('IT3A0165',53,'035719',false),
  ('IT3A0165',67,'138508',false),
  ('IT3A0165',80,'469018',false),
  ('IT3A0166',86,'564793',false),
  ('IT3A0167',27,'392577',false),
  ('IT3A0167',36,'397721',false),
  ('IT3A0167',75,'307335',false),
  ('IT3A0168',53,'035719',false),
  ('IT3A0169',7,'397257',false),
  ('IT3A0169',11,'125182',false),
  ('IT3A0169',13,'370110',false),
  ('IT3A0169',70,'086640',false),
  ('IT3A0169',86,'336636',false),
  ('IT3A0170',13,'336928',false),
  ('IT3A0170',82,'535797',false),
  ('IT3A0171',19,'464561',false),
  ('IT3A0171',69,'163645',false),
  ('IT3A0171',73,'130498',false),
  ('IT3A0171',89,'130498',false),
  ('IT3A0172',4,'307335',false),
  ('IT3A0172',50,'038592',false),
  ('IT3A0172',59,'104332',false),
  ('IT3A0173',3,'462793',false),
  ('IT3A0173',47,'533856',false),
  ('IT3A0173',56,'462793',false),
  ('IT3A0173',93,'077603',false),
  ('IT3A0174',3,'357987',false),
  ('IT3A0174',4,'462793',false),
  ('IT3A0174',14,'603050',false),
  ('IT3A0174',43,'355809',false),
  ('IT3A0174',85,'253857',false),
  ('IT3A0175',45,'457672',false),
  ('IT3A0176',10,'336636',false),
  ('IT3A0176',43,'038592',false),
  ('IT3A0177',6,'524428',false),
  ('IT3A0177',74,'084380',false),
  ('IT3A0178',43,'038592',false),
  ('IT3A0178',62,'061432',false),
  ('IT3A0179',24,'168550',false),
  ('IT3A0179',28,'462793',false),
  ('IT3A0179',32,'537509',false),
  ('IT3A0180',85,'601822',false),
  ('IT3A0181',9,'616133',false),
  ('IT3A0182',86,'401649',false),
  ('IT3A0183',23,'462793',false),
  ('IT3A0184',36,'496531',false),
  ('IT3A0185',6,'357987',false),
  ('IT3A0185',88,'328988',false),
  ('IT3A0186',31,'529841',false),
  ('IT3A0186',90,'686592',false),
  ('IT3A0187',31,'199617',false),
  ('IT3A0188',31,'610881',false),
  ('IT3A0188',64,'163645',false),
  ('IT3A0189',38,'535545',false),
  ('IT3A0189',65,'250313',false);
