/* File created by scraping https://www.transfermarkt.com using Antonio Cardin's program */

insert into Squadre values
  ('Juventus U23','','Zauli'),
  ('US Alessandria Calcio 1912','Alessandria','Longo'),
  ('Como 1907','Como','Gattuso'),
  ('FC Pro Vercelli 1892','Vercelli','Modesto'),
  ('US Livorno 1915','Livorno','Dal Canto'),
  ('Calcio Lecco 1912','Lecco','D''Agostino'),
  ('AC Renate','Renate','Diana'),
  ('Novara FC','Novara','Marcolini'),
  ('UC AlbinoLeffe','Bergamo','Zaffaroni'),
  ('Piacenza Calcio 1919','Piacenza','Manzo'),
  ('US Grosseto 1912','Grosseto','Magrini'),
  ('Carrarese Calcio 1908','Carrara','Baldini'),
  ('Aurora Pro Patria','Busto Arsizio','Javorcic'),
  ('Pro Sesto 1913','Sesto San Giovanni','Filippini'),
  ('US Città di Pontedera','Pontedera','Maraia'),
  ('US Pistoiese 1921','Pistoia','Sottili'),
  ('US Pergolettese 1932','Crema','Contini'),
  ('Olbia Calcio 1905','Olbia','Canzi'),
  ('Lucchese 1905','Lucca','Monaco'),
  ('AS Giana Erminio','Gorgonzola','Brevi');

insert into Giocatori values
  ('492319','Juventus U23',12,'Franco','Israel','22-apr-2000','Portiere'),
  ('564792','Juventus U23',30,'Giovanni','Garofani','20-oct-2002','Portiere'),
  ('107392','Juventus U23',1,'Timothy','Nocchi','7-jul-1990','Portiere'),
  ('700208','Juventus U23',22,'Matteo','Bucosse','23-oct-2002','Portiere'),
  ('494301','Juventus U23',38,'Marco','Raina','25-may-2002','Portiere'),
  ('663519','Juventus U23',40,'Zsombor','Senkó','4-jan-2003','Portiere'),
  ('568559','Juventus U23',5,'Radu','Dragusin','3-feb-2002','Difensore'),
  ('487333','Juventus U23',25,'Paolo','Gozzi','25-apr-2001','Difensore'),
  ('487835','Juventus U23',37,'Alessandro Pio','Riccio','6-feb-2002','Difensore'),
  ('406842','Juventus U23',15,'Riccardo','Capellini','1-mar-2000','Difensore'),
  ('393904','Juventus U23',33,'Filippo','Delli Carri','3-may-1999','Difensore'),
  ('459535','Juventus U23',24,'Davide','De Marino','17-mar-2000','Difensore'),
  ('344655','Juventus U23',3,'Luca','Coccolo','23-feb-1998','Difensore'),
  ('074033','Juventus U23',13,'Raffaele','Alcibiade','23-may-1990','Difensore'),
  ('458614','Juventus U23',3,'Gabriele','Boloca','31-mar-2001','Difensore'),
  ('340267','Juventus U23',23,'Giulio','Parodi','30-sep-1997','Difensore'),
  ('395127','Juventus U23',16,'Matteo','Anzolin','11-nov-2000','Difensore'),
  ('603900','Juventus U23',41,'Giuseppe','Verduci','4-jan-2002','Difensore'),
  ('569939','Juventus U23',26,'Tommaso','Barbieri','26-aug-2002','Difensore'),
  ('511131','Juventus U23',35,'Daniel','Leo','19-sep-2001','Difensore'),
  ('468309','Juventus U23',2,'Lucas','Rosa','3-apr-2000','Difensore'),
  ('567453','Juventus U23',42,'Gabriele','Mulazzi','1-apr-2003','Difensore'),
  ('365451','Juventus U23',6,'Daouda','Peeters','26-jan-1999','Centrocampista'),
  ('671915','Juventus U23',28,'Enzo','Barrenechea','22-may-2001','Centrocampista'),
  ('479284','Juventus U23',20,'Giuseppe','Leone','5-may-2001','Centrocampista'),
  ('028849','Juventus U23',4,'Michele','Troiano','7-jan-1985','Centrocampista'),
  ('432090','Juventus U23',10,'Nicolò','Fagioli','12-feb-2001','Centrocampista'),
  ('489611','Juventus U23',8,'Filippo','Ranocchia','14-may-2001','Centrocampista'),
  ('582392','Juventus U23',32,'Luciano','Pisapia','24-feb-2003','Centrocampista'),
  ('571607','Juventus U23',34,'Fabio','Miretti','3-aug-2003','Centrocampista'),
  ('531599','Juventus U23',44,'Ervin','Omic','20-jan-2003','Centrocampista'),
  ('371967','Juventus U23',34,'Wesley','null','13-mar-2000','Centrocampista'),
  ('457674','Juventus U23',18,'Alessandro','Di Pardo','18-jul-1999','Centrocampista'),
  ('537509','Juventus U23',14,'Mattia','Compagnon','6-nov-2001','Centrocampista'),
  ('530851','Juventus U23',32,'Franco','Tongya','13-mar-2002','Centrocampista'),
  ('463611','Juventus U23',7,'Abdoulaye','Dabo','4-mar-2001','Centrocampista'),
  ('418571','Juventus U23',19,'Hamza','Rafia','2-apr-1999','Centrocampista'),
  ('542336','Juventus U23',31,'Nikola','Sekulov','18-feb-2002','Centrocampista'),
  ('302497','Juventus U23',29,'Nicola','Mosti','7-feb-1998','Centrocampista'),
  ('682032','Juventus U23',23,'Marley','Aké','5-jan-2001','Attaccante'),
  ('479648','Juventus U23',17,'Félix','Correia','22-jan-2001','Attaccante'),
  ('581672','Juventus U23',43,'Samuel','Iling','4-oct-2003','Attaccante'),
  ('355479','Juventus U23',27,'Ferdinando','Del Sole','17-jan-1998','Attaccante'),
  ('564795','Juventus U23',36,'Cosimo Marco','Da Graca','1-may-2002','Attaccante'),
  ('525602','Juventus U23',9,'Alejandro','Marqués','4-aug-2000','Attaccante'),
  ('363178','Juventus U23',21,'Giacomo','Vrioni','15-oct-1998','Attaccante'),
  ('477027','Juventus U23',7,'Elia','Petrelli','15-aug-2001','Attaccante'),
  ('672830','Juventus U23',39,'Leonardo','Cerri','4-mar-2003','Attaccante'),
  ('658729','Juventus U23',29,'Emanuele','Pecorino','15-jul-2001','Attaccante'),
  ('168550','Juventus U23',11,'Andrea','Brighenti','2-dec-1987','Attaccante'),
  ('168444','US Alessandria Calcio 1912',12,'Matteo','Pisseri','21-nov-1991','Portiere'),
  ('340430','US Alessandria Calcio 1912',1,'Lorenzo','Crisanto','20-apr-1998','Portiere'),
  ('265077','US Alessandria Calcio 1912',22,'Luca','Crosta','23-feb-1998','Portiere'),
  ('816844','US Alessandria Calcio 1912',null,'Lorenzo','Biaschiazzorre','1-jan-2003','Portiere'),
  ('177188','US Alessandria Calcio 1912',30,'Matteo','Di Gennaro','2-jun-1994','Difensore'),
  ('163187','US Alessandria Calcio 1912',19,'Giuseppe','Prestia','13-nov-1993','Difensore'),
  ('142990','US Alessandria Calcio 1912',null,'Stefano','Scognamillo','4-may-1994','Difensore'),
  ('406912','US Alessandria Calcio 1912',31,'Gabriele','Bellodi','2-sep-2000','Difensore'),
  ('167877','US Alessandria Calcio 1912',null,'Edoardo','Blondett','7-jan-1992','Difensore'),
  ('110934','US Alessandria Calcio 1912',32,'Simone','Sini','9-apr-1992','Difensore'),
  ('057794','US Alessandria Calcio 1912',5,'Francesco','Cosenza','5-feb-1986','Difensore'),
  ('792592','US Alessandria Calcio 1912',23,'Alessandro','Macchioni','23-nov-2002','Difensore'),
  ('195057','US Alessandria Calcio 1912',3,'Raffaele','Celia','4-mar-1999','Difensore'),
  ('055001','US Alessandria Calcio 1912',33,'Matteo','Rubin','9-jul-1987','Difensore'),
  ('256688','US Alessandria Calcio 1912',7,'Luca','Parodi','6-apr-1995','Difensore'),
  ('301239','US Alessandria Calcio 1912',27,'Christian','Mora','31-dec-1997','Difensore'),
  ('028827','US Alessandria Calcio 1912',14,'Alessandro','Gazzi','28-jan-1983','Centrocampista'),
  ('042117','US Alessandria Calcio 1912',16,'Mirko','Bruccini','18-jan-1986','Centrocampista'),
  ('167810','US Alessandria Calcio 1912',4,'Riccardo','Chiarello','9-oct-1993','Centrocampista'),
  ('056853','US Alessandria Calcio 1912',21,'Federico','Casarini','7-sep-1989','Centrocampista'),
  ('348431','US Alessandria Calcio 1912',null,'Cazim','Suljic','29-oct-1996','Centrocampista'),
  ('085502','US Alessandria Calcio 1912',10,'Davide','Di Quinzio','28-apr-1989','Centrocampista'),
  ('273131','US Alessandria Calcio 1912',28,'Francesco','Giorno','11-oct-1993','Centrocampista'),
  ('265074','US Alessandria Calcio 1912',null,'Fabio','Castellano','14-mar-1998','Centrocampista'),
  ('816894','US Alessandria Calcio 1912',null,'Antony','Vitale','19-jun-2003','Centrocampista'),
  ('056803','US Alessandria Calcio 1912',17,'Mattia','Mustacchio','17-may-1989','Centrocampista'),
  ('816897','US Alessandria Calcio 1912',null,'Lorenzo','Podda','9-apr-2003','Centrocampista'),
  ('198084','US Alessandria Calcio 1912',15,'Marco','Frediani','13-mar-1994','Attaccante'),
  ('603905','US Alessandria Calcio 1912',29,'Nicolò','Poppa','1-aug-2002','Attaccante'),
  ('399907','US Alessandria Calcio 1912',null,'Ognjen','Stijepovic','22-oct-1999','Attaccante'),
  ('062238','US Alessandria Calcio 1912',9,'Umberto','Eusepi','9-jan-1989','Attaccante'),
  ('110823','US Alessandria Calcio 1912',11,'Andrea','Arrighini','6-jun-1990','Attaccante'),
  ('155036','US Alessandria Calcio 1912',18,'Simone','Corazza','22-mar-1991','Attaccante'),
  ('057124','US Alessandria Calcio 1912',34,'Francesco','Stanco','26-feb-1987','Attaccante'),
  ('816845','US Alessandria Calcio 1912',null,'Salvatore','Suppa','8-jul-2003','Attaccante'),
  ('045570','Como 1907',1,'Davide','Facchin','29-apr-1987','Portiere'),
  ('431417','Como 1907',12,'Pierre','Bolchini','27-feb-1999','Portiere'),
  ('202834','Como 1907',22,'Luca','Zanotti','29-apr-1994','Portiere'),
  ('091914','Como 1907',27,'Davide','Bertoncini','9-may-1991','Difensore'),
  ('136135','Como 1907',4,'Matteo','Solini','9-mar-1993','Difensore'),
  ('127224','Como 1907',13,'Luca','Crescenzi','2-apr-1992','Difensore'),
  ('167725','Como 1907',16,'Nicholas','Allievi','20-apr-1992','Difensore'),
  ('591360','Como 1907',null,'Derek','Agyakwa','19-dec-2001','Difensore'),
  ('163088','Como 1907',null,'Simone','Sbardella','17-apr-1993','Difensore'),
  ('889700','Como 1907',null,'Gabriele','Soldi','15-nov-2002','Difensore'),
  ('464640','Como 1907',34,'Azzedine','Dkidak','11-may-2000','Difensore'),
  ('339566','Como 1907',23,'Luca','Germoni','1-sep-1997','Difensore'),
  ('391676','Como 1907',null,'Giacomo','Ferrazzo','2-mar-1999','Difensore'),
  ('374062','Como 1907',null,'Matty','Foulds','1-feb-1998','Difensore'),
  ('146614','Como 1907',2,'Dario','Toninelli','23-jan-1992','Difensore'),
  ('323426','Como 1907',null,'Andrea','Magrini','26-aug-1997','Difensore'),
  ('386829','Como 1907',5,'Edoardo','Bovolon','5-jun-1998','Centrocampista'),
  ('392571','Como 1907',8,'Enrico','Celeghin','22-feb-1999','Centrocampista'),
  ('241052','Como 1907',14,'Alessandro','Bellemo','7-aug-1995','Centrocampista'),
  ('199070','Como 1907',21,'Tommaso','Arrigoni','26-feb-1994','Centrocampista'),
  ('257160','Como 1907',18,'Ismail','H''Maidat','16-jun-1995','Centrocampista'),
  ('330472','Como 1907',6,'Alessio','Iovine','1-feb-1991','Centrocampista'),
  ('671489','Como 1907',25,'Amrit','Bansal-McNulty','16-mar-2000','Centrocampista'),
  ('319172','Como 1907',3,'Gabriele','De Nuzzo','12-sep-1999','Centrocampista'),
  ('199924','Como 1907',7,'Giovanni','Terrani','12-oct-1994','Attaccante'),
  ('240312','Como 1907',10,'Massimiliano','Gatto','28-oct-1995','Attaccante'),
  ('460658','Como 1907',28,'Christian','Koffi','28-aug-2000','Attaccante'),
  ('386850','Como 1907',11,'Manuel','Cicconi','27-jun-1997','Attaccante'),
  ('459149','Como 1907',20,'Lorenzo','Peli','24-jan-2000','Attaccante'),
  ('272689','Como 1907',24,'Alvin','Daniëls','10-feb-1994','Attaccante'),
  ('311333','Como 1907',9,'Alessandro','Gabrielloni','10-jul-1994','Attaccante'),
  ('409553','Como 1907',32,'Franco','Ferrari','10-aug-1995','Attaccante'),
  ('084898','Como 1907',null,'Geoffrey','Castillion','25-may-1991','Attaccante'),
  ('176130','Como 1907',17,'Lorenzo','Rosseti','5-aug-1994','Attaccante'),
  ('430801','Como 1907',19,'Lewis','Walker','14-apr-1999','Attaccante'),
  ('889670','Como 1907',null,'Matteo','Vincenzi','27-sep-2002','Attaccante'),
  ('420179','FC Pro Vercelli 1892',22,'Gianluca','Saro','25-jun-2000','Portiere'),
  ('242082','FC Pro Vercelli 1892',1,'Simone','Moschin','20-jan-1996','Portiere'),
  ('398740','FC Pro Vercelli 1892',12,'Nicola','Tintori','25-feb-2000','Portiere'),
  ('372809','FC Pro Vercelli 1892',25,'Petko','Hristov','1-mar-1999','Difensore'),
  ('167890','FC Pro Vercelli 1892',2,'Alberto','Masi','2-sep-1992','Difensore'),
  ('265072','FC Pro Vercelli 1892',5,'Simone','Auriletto','30-dec-1998','Difensore'),
  ('692100','FC Pro Vercelli 1892',31,'Alessandro','Carosso','2-feb-2002','Difensore'),
  ('462267','FC Pro Vercelli 1892',26,'Adriano','Esposito','28-jul-1999','Difensore'),
  ('312752','FC Pro Vercelli 1892',null,'Alessio','Benedetti','7-apr-1997','Difensore'),
  ('433446','FC Pro Vercelli 1892',null,'Francesco','Rodio','5-apr-2001','Difensore'),
  ('445241','FC Pro Vercelli 1892',29,'Roberto','Iezzi','9-jul-1999','Difensore'),
  ('355447','FC Pro Vercelli 1892',23,'Gianluca','Clemente','15-apr-1996','Difensore'),
  ('395190','FC Pro Vercelli 1892',39,'Francesco','Mezzoni','27-may-2000','Difensore'),
  ('241074','FC Pro Vercelli 1892',null,'Giovanni','Graziano','7-nov-1995','Centrocampista'),
  ('240155','FC Pro Vercelli 1892',30,'Riccardo','Secondo','9-sep-1995','Centrocampista'),
  ('427576','FC Pro Vercelli 1892',18,'Theophilus','Awua','24-apr-1998','Centrocampista'),
  ('095234','FC Pro Vercelli 1892',8,'Simone','Emmanuello','25-apr-1994','Centrocampista'),
  ('044720','FC Pro Vercelli 1892',4,'Matti','Lund Nielsen','8-may-1988','Centrocampista'),
  ('167895','FC Pro Vercelli 1892',21,'Luca','Rizzo','24-apr-1992','Centrocampista'),
  ('539685','FC Pro Vercelli 1892',27,'Bilal','Erradi','22-feb-2001','Centrocampista'),
  ('386571','FC Pro Vercelli 1892',28,'Leonardo','Merio','28-may-1999','Centrocampista'),
  ('532858','FC Pro Vercelli 1892',32,'Jeremy','Petris','28-jan-1998','Centrocampista'),
  ('243819','FC Pro Vercelli 1892',14,'Allan','Blaze','24-jun-1994','Centrocampista'),
  ('398568','FC Pro Vercelli 1892',7,'Mattia','Rolando','5-nov-1992','Centrocampista'),
  ('391797','FC Pro Vercelli 1892',11,'Matteo','Della Morte','13-oct-1999','Centrocampista'),
  ('503135','FC Pro Vercelli 1892',null,'Andrea','Volpatto','14-jan-2001','Centrocampista'),
  ('433584','FC Pro Vercelli 1892',24,'Alessio','Zerbin','3-mar-1999','Attaccante'),
  ('163565','FC Pro Vercelli 1892',19,'Leonardo','Gatto','28-apr-1992','Attaccante'),
  ('420460','FC Pro Vercelli 1892',17,'Giovanni','Bruzzaniti','9-sep-2000','Attaccante'),
  ('373379','FC Pro Vercelli 1892',null,'Giuseppe','Borello','28-apr-1999','Attaccante'),
  ('433447','FC Pro Vercelli 1892',null,'Zak','Ruggiero','9-jan-2001','Attaccante'),
  ('130324','FC Pro Vercelli 1892',10,'Gianmario','Comi','5-mar-1992','Attaccante'),
  ('402915','FC Pro Vercelli 1892',33,'Rocco','Costantino','8-may-1990','Attaccante'),
  ('030263','FC Pro Vercelli 1892',null,'Stefano','Padovan','16-apr-1994','Attaccante'),
  ('391787','FC Pro Vercelli 1892',9,'Alessandro','Romairone','5-dec-1999','Attaccante'),
  ('394879','US Livorno 1915',12,'Thomas','Romboli','21-jan-1999','Portiere'),
  ('387601','US Livorno 1915',22,'Giuseppe','Stancampiano','9-jan-1987','Portiere'),
  ('616228','US Livorno 1915',1,'Filippo','Neri','4-dec-2002','Portiere'),
  ('408161','US Livorno 1915',31,'Szymon','Matysiak','11-jan-2002','Portiere'),
  ('691530','US Livorno 1915',null,'Luigi','Paci','11-jul-2003','Portiere'),
  ('149810','US Livorno 1915',null,'Matija','Boben','26-feb-1994','Difensore'),
  ('163072','US Livorno 1915',null,'Lorenzo','Gonnelli','28-jun-1993','Difensore'),
  ('076744','US Livorno 1915',5,'Cristian','Sosa','19-feb-1985','Difensore'),
  ('586080','US Livorno 1915',3,'Marcelo Deverlan','null','6-apr-2000','Difensore'),
  ('468075','US Livorno 1915',2,'Andrew Delly','Marie-Sainte','20-aug-1998','Difensore'),
  ('543720','US Livorno 1915',26,'Jean Lambert','Evan''s','17-dec-1998','Difensore'),
  ('519905','US Livorno 1915',null,'Nicolas','Bresciani','12-may-1997','Difensore'),
  ('572656','US Livorno 1915',null,'Alain','Fremura','12-jun-2001','Difensore'),
  ('285776','US Livorno 1915',null,'Gabriele','Morelli','12-dec-1996','Difensore'),
  ('340451','US Livorno 1915',15,'Tino','Parisi','14-jun-1995','Difensore'),
  ('287640','US Livorno 1915',30,'Andrea','Gemignani','13-feb-1996','Difensore'),
  ('337577','US Livorno 1915',8,'Federico','Di Giovanni','27-aug-1997','Difensore'),
  ('385379','US Livorno 1915',4,'Davide','Buglio','26-feb-1998','Centrocampista'),
  ('197468','US Livorno 1915',null,'Davide','Agazzi','2-jun-1993','Centrocampista'),
  ('273776','US Livorno 1915',19,'Yusupha','Bobb','22-jun-1996','Centrocampista'),
  ('641556','US Livorno 1915',6,'Francesco','Nunziatini','15-mar-2003','Centrocampista'),
  ('340063','US Livorno 1915',null,'Gianluca','Piccoli','30-may-1997','Centrocampista'),
  ('399590','US Livorno 1915',21,'Andrea','Bussaglia','28-may-1997','Centrocampista'),
  ('620397','US Livorno 1915',null,'Lorenzo','Pecchia','24-feb-2002','Centrocampista'),
  ('736808','US Livorno 1915',null,'Tiziano','Irace','10-jan-2002','Centrocampista'),
  ('214537','US Livorno 1915',null,'Antonio','Porcino','30-may-1995','Centrocampista'),
  ('101345','US Livorno 1915',null,'Pasquale','Maiorino','21-jun-1989','Centrocampista'),
  ('092880','US Livorno 1915',10,'Andrea','Mazzarani','6-nov-1989','Centrocampista'),
  ('163078','US Livorno 1915',null,'Davide','Marsura','20-feb-1994','Attaccante'),
  ('572658','US Livorno 1915',16,'Hamza','Haoudi','9-mar-2001','Attaccante'),
  ('568995','US Livorno 1915',18,'Matteo','Pallecchi','9-feb-2000','Attaccante'),
  ('293941','US Livorno 1915',null,'Murilo','null','8-mar-1995','Attaccante'),
  ('185400','US Livorno 1915',9,'Sven','Braken','12-jun-1993','Attaccante'),
  ('251777','US Livorno 1915',29,'Martín','Bueno','19-jul-1991','Attaccante'),
  ('021850','US Livorno 1915',null,'Fabio','Mazzeo','24-jul-1983','Attaccante'),
  ('395295','US Livorno 1915',11,'Edgaras','Dubickas','9-jul-1998','Attaccante'),
  ('520748','US Livorno 1915',24,'Alessio','Canessa','12-sep-1999','Attaccante'),
  ('667056','US Livorno 1915',27,'Federico','Caia','21-apr-2003','Attaccante'),
  ('706921','US Livorno 1915',null,'Leon','Cremonini','8-nov-2002','Attaccante'),
  ('350082','Calcio Lecco 1912',1,'Marco','Pissardo','8-jan-1998','Portiere'),
  ('323929','Calcio Lecco 1912',null,'Bruno','Bertinato','31-may-1998','Portiere'),
  ('395075','Calcio Lecco 1912',22,'Davide','Borsellini','4-jan-1999','Portiere'),
  ('818449','Calcio Lecco 1912',32,'Luca','Bonadeo','21-apr-2003','Portiere'),
  ('722501','Calcio Lecco 1912',null,'Filippo','Pulze','7-jun-2002','Portiere'),
  ('110747','Calcio Lecco 1912',19,'Ivan','Merli Sala','8-feb-1989','Difensore'),
  ('041935','Calcio Lecco 1912',6,'Lino','Marzorati','12-oct-1986','Difensore'),
  ('537143','Calcio Lecco 1912',29,'Leonardo','Raggio','29-sep-2001','Difensore'),
  ('110813','Calcio Lecco 1912',13,'Andrea','Malgrati','9-jun-1983','Difensore'),
  ('283421','Calcio Lecco 1912',3,'Cristian','Cauz','15-aug-1996','Difensore'),
  ('489468','Calcio Lecco 1912',33,'Mattia','Capoferri','30-may-2001','Difensore'),
  ('392031','Calcio Lecco 1912',21,'Cosimo','Nannini','4-jan-1999','Difensore'),
  ('392057','Calcio Lecco 1912',23,'Ermes','Purro','17-jun-1999','Difensore'),
  ('086640','Calcio Lecco 1912',2,'Vedran','Celjak','13-aug-1991','Difensore'),
  ('422539','Calcio Lecco 1912',null,'Fabio','Porru','3-jan-2000','Difensore'),
  ('328985','Calcio Lecco 1912',14,'Matteo','Marotta','6-sep-1989','Centrocampista'),
  ('049521','Calcio Lecco 1912',36,'Francesco','Bolzoni','7-may-1989','Centrocampista'),
  ('517757','Calcio Lecco 1912',null,'Alberto','Del Grosso','5-apr-2001','Centrocampista'),
  ('619313','Calcio Lecco 1912',null,'Andrea','Malinverno','4-feb-2002','Centrocampista'),
  ('091916','Calcio Lecco 1912',8,'Fabio','Foglia','5-jun-1989','Centrocampista'),
  ('160342','Calcio Lecco 1912',5,'Filippo','Lora','21-nov-1993','Centrocampista'),
  ('395115','Calcio Lecco 1912',28,'Marco','Moleri','3-jan-1998','Centrocampista'),
  ('397248','Calcio Lecco 1912',4,'Giorgio','Galli','11-feb-1996','Centrocampista'),
  ('459665','Calcio Lecco 1912',25,'Patrizio','Masini','27-jan-2001','Centrocampista'),
  ('125182','Calcio Lecco 1912',17,'Simone','Iocolano','17-oct-1989','Attaccante'),
  ('310527','Calcio Lecco 1912',7,'Paulo','Azzi','15-jul-1994','Attaccante'),
  ('164344','Calcio Lecco 1912',null,'Simone','D''Anna','24-may-1990','Attaccante'),
  ('397257','Calcio Lecco 1912',null,'Luca','Giudici','10-mar-1992','Attaccante'),
  ('440718','Calcio Lecco 1912',24,'Michele','Emmausso','4-aug-1997','Attaccante'),
  ('466380','Calcio Lecco 1912',26,'Gian Marco','Nesta','1-mar-2000','Attaccante'),
  ('395436','Calcio Lecco 1912',11,'Luigi','Liguori','31-mar-1998','Attaccante'),
  ('465659','Calcio Lecco 1912',27,'Siaka','Haidara','13-may-2001','Attaccante'),
  ('282365','Calcio Lecco 1912',null,'Juan Cruz','Kaprof','12-mar-1995','Attaccante'),
  ('061432','Calcio Lecco 1912',20,'Riccardo','Capogna','30-mar-1988','Attaccante'),
  ('146642','Calcio Lecco 1912',9,'Ferdinando','Mastroianni','21-mar-1992','Attaccante'),
  ('197480','Calcio Lecco 1912',10,'Doudou','Mangni','29-mar-1993','Attaccante'),
  ('463792','AC Renate',1,'Luca','Gemello','3-jul-2000','Portiere'),
  ('537548','AC Renate',12,'Fabrizio','Bagheria','5-apr-2001','Portiere'),
  ('151489','AC Renate',28,'Jacopo','Silva','20-aug-1991','Difensore'),
  ('159259','AC Renate',24,'Marcello','Possenti','6-jul-1992','Difensore'),
  ('489472','AC Renate',2,'Tommaso','Merletti','10-sep-2001','Difensore'),
  ('423829','AC Renate',6,'Andrea','Marafini','28-oct-2000','Difensore'),
  ('107882','AC Renate',16,'Antonio','Magli','5-mar-1991','Difensore'),
  ('393637','AC Renate',13,'Riccardo','Santovito','6-oct-1999','Difensore'),
  ('706945','AC Renate',null,'Elio','Zalli','28-jun-2003','Difensore'),
  ('393927','AC Renate',3,'Antonio','Esposito','4-may-2000','Difensore'),
  ('139518','AC Renate',7,'Marco','Anghileri','11-apr-1991','Difensore'),
  ('102471','AC Renate',17,'Vicente','null','18-feb-1989','Centrocampista'),
  ('200057','AC Renate',8,'Elvis','Kabashi','20-feb-1994','Centrocampista'),
  ('337388','AC Renate',4,'Roberto','Ranieri','29-apr-1997','Centrocampista'),
  ('408333','AC Renate',20,'Armand','Rada','10-jan-1999','Centrocampista'),
  ('139301','AC Renate',21,'Loris','Damonte','5-aug-1990','Centrocampista'),
  ('102536','AC Renate',30,'Francesco','Marano','27-may-1990','Centrocampista'),
  ('392048','AC Renate',19,'Erald','Lakti','6-jan-2000','Centrocampista'),
  ('463790','AC Renate',11,'Christian','Langella','7-apr-2000','Centrocampista'),
  ('598865','AC Renate',null,'Edoardo','Confalonieri','7-mar-2001','Centrocampista'),
  ('240290','AC Renate',27,'Davide','Guglielmotti','24-mar-1994','Centrocampista'),
  ('537546','AC Renate',23,'Riccardo','Burgio','5-may-2001','Centrocampista'),
  ('070305','AC Renate',null,'Paolo','Grbac','9-jul-1990','Centrocampista'),
  ('073381','AC Renate',10,'Giuseppe','Giovinco','26-sep-1990','Attaccante'),
  ('159847','AC Renate',14,'Francesco','Galuppini','17-oct-1993','Attaccante'),
  ('057653','AC Renate',9,'Manuel','Nocciolini','18-may-1989','Attaccante'),
  ('311334','AC Renate',null,'Lorenzo','Sorrentino','20-sep-1995','Attaccante'),
  ('348520','AC Renate',null,'Vincenzo','Plescia','18-feb-1998','Attaccante'),
  ('199617','AC Renate',5,'Tommy','Maistrello','24-jun-1993','Attaccante'),
  ('198298','AC Renate',null,'Carmine','De Sena','13-oct-1991','Attaccante'),
  ('124896','Novara FC',2,'Ivan','Lanni','30-jun-1990','Portiere'),
  ('355027','Novara FC',null,'Filippo','Marricchi','4-feb-1999','Portiere'),
  ('459300','Novara FC',31,'Axel','Desjardins','13-jan-2000','Portiere'),
  ('817071','Novara FC',null,'Matteo','Spada','1-jan-2003','Portiere'),
  ('167817','Novara FC',14,'Marco','Migliorini','3-jan-1992','Difensore'),
  ('199747','Novara FC',null,'Andrea','Sbraga','14-jan-1992','Difensore'),
  ('394668','Novara FC',5,'Davide','Bove','7-nov-1998','Difensore'),
  ('349905','Novara FC',6,'Cesare','Pogliano','8-jan-1998','Difensore'),
  ('391710','Novara FC',25,'Marco','Bellich','5-may-1999','Difensore'),
  ('195874','Novara FC',28,'Ante','Hrkac','11-mar-1992','Difensore'),
  ('816958','Novara FC',null,'Leon','Baldi','21-feb-2003','Difensore'),
  ('817070','Novara FC',null,'Andrea','Lorenzi','18-feb-2003','Difensore'),
  ('426244','Novara FC',33,'Lorenzo','Colombini','17-jan-2001','Difensore'),
  ('418884','Novara FC',3,'Andrea','Cagnano','17-jun-1998','Difensore'),
  ('339892','Novara FC',7,'Francesco','Corsinelli','21-nov-1997','Difensore'),
  ('603897','Novara FC',20,'Francesco','Lamanna','11-jan-2002','Difensore'),
  ('464752','Novara FC',null,'Antonio','Natalucci','1-aug-2000','Difensore'),
  ('793707','Novara FC',21,'Vittorio','Pagani','8-feb-2003','Difensore'),
  ('394373','Novara FC',15,'Riccardo','Collodel','10-nov-1998','Centrocampista'),
  ('199604','Novara FC',null,'Marco','Firenze','26-jun-1993','Centrocampista'),
  ('043085','Novara FC',23,'Tommaso','Bianchi','1-nov-1988','Centrocampista'),
  ('290754','Novara FC',null,'Malick','Mbaye','6-nov-1995','Centrocampista'),
  ('035717','Novara FC',10,'Daniele','Buzzegoli','7-may-1983','Centrocampista'),
  ('383165','Novara FC',40,'Mirko','Bortoletti','19-nov-1998','Centrocampista'),
  ('408218','Novara FC',null,'Ruggero','Rusconi','29-may-1997','Centrocampista'),
  ('686947','Novara FC',37,'Hristo','Ivanov','16-dec-2000','Centrocampista'),
  ('704347','Novara FC',null,'Antonio Pio','Iervolino','23-may-2003','Centrocampista'),
  ('889687','Novara FC',null,'Lorenzo','Pellegrini','23-aug-2003','Centrocampista'),
  ('603903','Novara FC',null,'Alessandro','Spitale','16-apr-2002','Centrocampista'),
  ('293367','Novara FC',8,'Nicolás','Schiavi','1-feb-1995','Centrocampista'),
  ('426179','Novara FC',26,'Andrea','Cisco','8-oct-1998','Attaccante'),
  ('165894','Novara FC',24,'Giammario','Piscitella','24-mar-1993','Attaccante'),
  ('479158','Novara FC',18,'Marco','Zunno','5-may-2001','Attaccante'),
  ('061478','Novara FC',19,'Pablo','González','28-may-1985','Attaccante'),
  ('451354','Novara FC',39,'Manuele','Malotti','24-apr-1997','Attaccante'),
  ('287648','Novara FC',11,'Giuseppe','Panico','10-may-1997','Attaccante'),
  ('199635','Novara FC',9,'Eric','Lanini','25-feb-1994','Attaccante'),
  ('100176','Novara FC',null,'Gianmarco','Zigoni','10-may-1991','Attaccante'),
  ('338107','Novara FC',29,'Simone','Rossetti','9-jun-1997','Attaccante'),
  ('305409','Novara FC',17,'Riccardo','Moreo','24-feb-1996','Attaccante'),
  ('616133','Novara FC',32,'Mattia','Tordini','22-jun-2002','Attaccante'),
  ('534230','Novara FC',null,'Leonardo','Pereira Lopes','1-nov-2001','Attaccante'),
  ('743244','Novara FC',null,'Alessio','Pinotti','6-mar-2003','Attaccante'),
  ('386443','UC AlbinoLeffe',26,'Alberto','Savini','10-jun-1999','Portiere'),
  ('395756','UC AlbinoLeffe',31,'Simone','Caruso','24-mar-1999','Portiere'),
  ('816548','UC AlbinoLeffe',1,'Andrea','Brevi','10-apr-2002','Portiere'),
  ('816549','UC AlbinoLeffe',null,'Ryan','Bergamo','17-may-2003','Portiere'),
  ('899420','UC AlbinoLeffe',null,'Sebastian','Paganessi','18-jan-2003','Portiere'),
  ('358003','UC AlbinoLeffe',5,'Simone','Canestrelli','11-sep-2000','Difensore'),
  ('347588','UC AlbinoLeffe',13,'Davide','Mondonico','25-may-1997','Difensore'),
  ('110815','UC AlbinoLeffe',6,'Ruggero','Riva','24-jul-1990','Difensore'),
  ('324472','UC AlbinoLeffe',33,'Diego','Borghini','4-mar-1997','Difensore'),
  ('624526','UC AlbinoLeffe',2,'Riccardo','Cerini','18-oct-2000','Difensore'),
  ('702890','UC AlbinoLeffe',27,'Armando','Miculi','3-jul-2001','Difensore'),
  ('617367','UC AlbinoLeffe',14,'Marco','Maffi','4-jan-2001','Difensore'),
  ('816556','UC AlbinoLeffe',3,'Lorenzo','Berbenni','22-oct-2002','Difensore'),
  ('329309','UC AlbinoLeffe',16,'Mihai','Gusu','24-dec-1996','Difensore'),
  ('334343','UC AlbinoLeffe',4,'Marco','Nichetti','22-dec-1996','Centrocampista'),
  ('022805','UC AlbinoLeffe',20,'Gaël','Genevier','26-jun-1982','Centrocampista'),
  ('135880','UC AlbinoLeffe',17,'Carmine','Giorgione','17-jun-1991','Centrocampista'),
  ('629574','UC AlbinoLeffe',18,'Marco','Piccoli','30-oct-2001','Centrocampista'),
  ('816555','UC AlbinoLeffe',29,'Jacopo','Ghezzi','17-feb-2002','Centrocampista'),
  ('337811','UC AlbinoLeffe',23,'Francesco','Gelli','15-oct-1996','Centrocampista'),
  ('240201','UC AlbinoLeffe',10,'Gianmarco','Gabbianelli','20-may-1994','Centrocampista'),
  ('418035','UC AlbinoLeffe',7,'Giacomo','Tomaselli','25-jul-1999','Attaccante'),
  ('457243','UC AlbinoLeffe',30,'Luca','Petrungaro','30-jan-2000','Attaccante'),
  ('297651','UC AlbinoLeffe',8,'Mattia','Trovato','27-jan-1998','Attaccante'),
  ('240206','UC AlbinoLeffe',22,'Jacopo','Manconi','24-apr-1994','Attaccante'),
  ('083374','UC AlbinoLeffe',9,'Sacha','Cori','12-may-1989','Attaccante'),
  ('526992','UC AlbinoLeffe',11,'Alessandro','Galeandro','29-feb-2000','Attaccante'),
  ('062373','UC AlbinoLeffe',32,'Piergiuseppe','Maritato','19-mar-1989','Attaccante'),
  ('401649','UC AlbinoLeffe',19,'Mario','Ravasio','19-jul-1998','Attaccante'),
  ('434585','Piacenza Calcio 1919',35,'Davide','Libertazzi','21-jul-1994','Portiere'),
  ('459102','Piacenza Calcio 1919',null,'Thomas','Vettorel','17-sep-2000','Portiere'),
  ('524429','Piacenza Calcio 1919',22,'Simone','Stucchi','13-aug-2000','Portiere'),
  ('709237','Piacenza Calcio 1919',null,'Valerio','Anane','13-jan-2002','Portiere'),
  ('267014','Piacenza Calcio 1919',13,'Matteo','Battistini','18-feb-1994','Difensore'),
  ('240298','Piacenza Calcio 1919',null,'Matteo','Bruzzone','30-may-1994','Difensore'),
  ('124558','Piacenza Calcio 1919',23,'Paolo','Marchi','4-may-1991','Difensore'),
  ('392616','Piacenza Calcio 1919',38,'Shaqir','Tafa','14-nov-1998','Difensore'),
  ('488019','Piacenza Calcio 1919',2,'Riccardo','Martimbianco','16-aug-2001','Difensore'),
  ('479709','Piacenza Calcio 1919',36,'Paolo','Cannistrà','3-nov-2000','Difensore'),
  ('411157','Piacenza Calcio 1919',19,'Roberto','Saputo','2-aug-2000','Difensore'),
  ('416699','Piacenza Calcio 1919',30,'Elia','Visconti','30-jun-2000','Difensore'),
  ('564517','Piacenza Calcio 1919',null,'Gabriele','Daniello','10-apr-2000','Difensore'),
  ('460003','Piacenza Calcio 1919',8,'Christian','Scorza','14-jul-2000','Centrocampista'),
  ('386065','Piacenza Calcio 1919',null,'Giuseppe','D''Iglio','19-mar-1992','Centrocampista'),
  ('394296','Piacenza Calcio 1919',4,'Alessio','Miceli','31-aug-1999','Centrocampista'),
  ('150436','Piacenza Calcio 1919',null,'Mattia','Corradi','12-jan-1990','Centrocampista'),
  ('197482','Piacenza Calcio 1919',10,'Antonio','Palma','3-jan-1994','Centrocampista'),
  ('234886','Piacenza Calcio 1919',7,'Alex','Pedone','10-feb-1994','Centrocampista'),
  ('598098','Piacenza Calcio 1919',14,'Andrea','Corbari','26-apr-1994','Centrocampista'),
  ('504530','Piacenza Calcio 1919',31,'Pier Luigi','Simonetti','4-jan-2001','Centrocampista'),
  ('465279','Piacenza Calcio 1919',33,'Marco','Ballarini','28-mar-2001','Centrocampista'),
  ('816809','Piacenza Calcio 1919',null,'Davide','Casali','7-sep-2002','Centrocampista'),
  ('889727','Piacenza Calcio 1919',null,'Luca','Boffini','6-apr-2004','Centrocampista'),
  ('199912','Piacenza Calcio 1919',26,'Juri','Gonzi','6-apr-1994','Centrocampista'),
  ('358011','Piacenza Calcio 1919',null,'Giorgio','Losa','18-jan-2000','Centrocampista'),
  ('534232','Piacenza Calcio 1919',3,'Francesco','Renolfi','3-may-2001','Centrocampista'),
  ('134627','Piacenza Calcio 1919',11,'Alessandro','Cesarini','19-jun-1989','Centrocampista'),
  ('536816','Piacenza Calcio 1919',null,'Niccolò','Ghisleni','25-may-2001','Centrocampista'),
  ('197486','Piacenza Calcio 1919',null,'Michele','Villanova','3-aug-1993','Attaccante'),
  ('524428','Piacenza Calcio 1919',25,'Nicolas','Galazzi','18-dec-2000','Attaccante'),
  ('689090','Piacenza Calcio 1919',20,'Davide','Lamesta','19-apr-2000','Attaccante'),
  ('120919','Piacenza Calcio 1919',null,'Giorgio','Siani','9-jan-1997','Attaccante'),
  ('429433','Piacenza Calcio 1919',null,'Kayro','Flores Heatley','1-apr-1998','Attaccante'),
  ('059615','Piacenza Calcio 1919',null,'Alessandro','De Respinis','13-jul-1993','Attaccante'),
  ('134336','Piacenza Calcio 1919',9,'Francesco','Maio','30-jul-1993','Attaccante'),
  ('420513','Piacenza Calcio 1919',21,'Lorenzo','Babbi','21-may-2000','Attaccante'),
  ('506945','Piacenza Calcio 1919',27,'Thomas','Breganti','25-may-2002','Attaccante'),
  ('692788','Piacenza Calcio 1919',null,'Matteo','Siano','15-mar-2002','Attaccante'),
  ('458134','US Grosseto 1912',1,'Davide','Barosi','30-mar-2000','Portiere'),
  ('374140','US Grosseto 1912',28,'Vittorio','Antonino','29-jun-1998','Portiere'),
  ('459697','US Grosseto 1912',22,'Niccolò','Chiorra','16-mar-2001','Portiere'),
  ('616573','US Grosseto 1912',12,'Matteo','Comparini','2-aug-2001','Portiere'),
  ('408904','US Grosseto 1912',6,'Matteo','Gorelli','5-jun-1991','Difensore'),
  ('160684','US Grosseto 1912',5,'Andrea','Ciolli','20-oct-1989','Difensore'),
  ('395104','US Grosseto 1912',15,'Mattia','Polidori','6-may-1998','Difensore'),
  ('457237','US Grosseto 1912',23,'Sergio','Kalaj','28-jan-2000','Difensore'),
  ('686954','US Grosseto 1912',null,'Matteo','Fregoli','1-jan-2002','Difensore'),
  ('399314','US Grosseto 1912',17,'Axel','Campeol','5-mar-2000','Difensore'),
  ('699059','US Grosseto 1912',3,'Alessandro','Giannò','17-apr-2001','Difensore'),
  ('542578','US Grosseto 1912',null,'Simone','Nannola','5-jun-2001','Difensore'),
  ('392060','US Grosseto 1912',2,'Alessandro','Raimo','8-mar-1999','Difensore'),
  ('225631','US Grosseto 1912',27,'Mario','Vrdoljak','21-jul-1993','Centrocampista'),
  ('409618','US Grosseto 1912',4,'Riccardo','Cretella','30-jul-1994','Centrocampista'),
  ('686955','US Grosseto 1912',20,'William','Consonni','10-apr-2001','Centrocampista'),
  ('177441','US Grosseto 1912',25,'Giuseppe','Sicurella','28-may-1994','Centrocampista'),
  ('657550','US Grosseto 1912',29,'Alessandro','Sersanti','16-feb-2002','Centrocampista'),
  ('282321','US Grosseto 1912',8,'Emiliano','Fratini','2-jul-1997','Centrocampista'),
  ('459147','US Grosseto 1912',13,'Erdis','Kraja','7-jul-2000','Centrocampista'),
  ('681460','US Grosseto 1912',null,'Gheorghe','Fomov','3-feb-2001','Centrocampista'),
  ('657549','US Grosseto 1912',14,'Giacomo','Gafà','1-jan-2002','Centrocampista'),
  ('393652','US Grosseto 1912',19,'Raffaele','Russo','25-feb-1999','Attaccante'),
  ('459152','US Grosseto 1912',null,'Matteo','Pedrini','16-jan-2000','Attaccante'),
  ('538052','US Grosseto 1912',16,'Nicolò','Simeoni','30-may-1999','Attaccante'),
  ('357998','US Grosseto 1912',24,'Davide','Merola','27-mar-2000','Attaccante'),
  ('394136','US Grosseto 1912',11,'Elia','Galligani','8-jun-1992','Attaccante'),
  ('256682','US Grosseto 1912',10,'Filippo','Boccardi','4-oct-1996','Attaccante'),
  ('337155','US Grosseto 1912',null,'Tommaso','Pierangioli','14-apr-1997','Attaccante'),
  ('163675','US Grosseto 1912',9,'Filippo','Moscati','19-sep-1992','Attaccante'),
  ('390123','US Grosseto 1912',null,'Carlo','Manicone','26-jan-1998','Attaccante'),
  ('392968','US Grosseto 1912',null,'Marco','Bertoli','4-sep-1999','Attaccante'),
  ('538088','US Grosseto 1912',30,'Federico','Scaffidi','21-sep-2001','Attaccante'),
  ('804635','US Grosseto 1912',null,'Jacopo','Francavilla','12-sep-2003','Attaccante'),
  ('346528','Carrarese Calcio 1908',22,'Stefano','Mazzini','6-dec-1998','Portiere'),
  ('340152','Carrarese Calcio 1908',1,'Guido','Pulidori','23-mar-1997','Portiere'),
  ('410458','Carrarese Calcio 1908',6,'Lorenzo','Borri','24-sep-1997','Difensore'),
  ('197474','Carrarese Calcio 1908',32,'Luca','Milesi','28-apr-1993','Difensore'),
  ('104995','Carrarese Calcio 1908',5,'Michele','Murolo','27-nov-1983','Difensore'),
  ('028030','Carrarese Calcio 1908',25,'Luca','Tedeschi','27-feb-1987','Difensore'),
  ('475149','Carrarese Calcio 1908',3,'Marco','Imperiale','1-may-1999','Difensore'),
  ('357999','Carrarese Calcio 1908',13,'Federico','Ermacora','6-mar-2000','Difensore'),
  ('315871','Carrarese Calcio 1908',2,'Federico','Valietti','25-jan-1999','Difensore'),
  ('457710','Carrarese Calcio 1908',21,'Arensi','Rota','7-dec-1995','Difensore'),
  ('357996','Carrarese Calcio 1908',27,'Davide','Grassini','4-may-2000','Difensore'),
  ('043271','Carrarese Calcio 1908',8,'Andrea','Luci','30-mar-1985','Centrocampista'),
  ('132801','Carrarese Calcio 1908',4,'Daniel Kofi','Agyei','1-jan-1992','Centrocampista'),
  ('357997','Carrarese Calcio 1908',24,'Thomas','Schirò','25-apr-2000','Centrocampista'),
  ('165724','Carrarese Calcio 1908',19,'Lorenzo','Pasciuti','24-sep-1989','Centrocampista'),
  ('222502','Carrarese Calcio 1908',17,'Giovanni','Foresta','4-sep-1995','Centrocampista'),
  ('656904','Carrarese Calcio 1908',null,'Davide','Fortunati','10-jul-2001','Centrocampista'),
  ('740358','Carrarese Calcio 1908',null,'Thomas','Dell''Amico','1-jan-2003','Centrocampista'),
  ('119144','Carrarese Calcio 1908',null,'Elio','Calderini','9-jun-1988','Attaccante'),
  ('147876','Carrarese Calcio 1908',23,'Abdou','Doumbia','7-jun-1990','Attaccante'),
  ('280824','Carrarese Calcio 1908',7,'Gianluca','D''Auria','28-oct-1996','Attaccante'),
  ('459953','Carrarese Calcio 1908',9,'Giacomo','Manzari','21-sep-2000','Attaccante'),
  ('411312','Carrarese Calcio 1908',14,'Fabian','Pavone','5-feb-2000','Attaccante'),
  ('102625','Carrarese Calcio 1908',10,'Giuseppe','Caccavallo','11-apr-1987','Attaccante'),
  ('395739','Carrarese Calcio 1908',30,'Kevin','Piscopo','6-feb-1998','Attaccante'),
  ('061786','Carrarese Calcio 1908',15,'Guido','Marilungo','9-aug-1989','Attaccante'),
  ('160849','Carrarese Calcio 1908',20,'Saveriano','Infantino','16-sep-1986','Attaccante'),
  ('176463','Carrarese Calcio 1908',null,'Davide','Cais','17-feb-1994','Attaccante'),
  ('601942','Carrarese Calcio 1908',null,'Edoardo','Fantini','4-aug-2001','Attaccante'),
  ('319177','Aurora Pro Patria',1,'Stefano','Greco','21-feb-1999','Portiere'),
  ('392573','Aurora Pro Patria',12,'Giulio','Mangano','17-may-1999','Portiere'),
  ('337383','Aurora Pro Patria',13,'Andrea','Boffelli','14-mar-1997','Difensore'),
  ('426906','Aurora Pro Patria',19,'Manuel','Lombardoni','19-dec-1998','Difensore'),
  ('509022','Aurora Pro Patria',6,'Federico','Gatti','24-jun-1998','Difensore'),
  ('287343','Aurora Pro Patria',4,'Lorenzo','Saporetti','19-mar-1996','Difensore'),
  ('643725','Aurora Pro Patria',5,'Stefano','Molinari','26-aug-2000','Difensore'),
  ('817034','Aurora Pro Patria',2,'Giacomo','Compagnoni','29-jan-2001','Difensore'),
  ('817035','Aurora Pro Patria',null,'Paolo','Pisan','1-jan-2003','Difensore'),
  ('394833','Aurora Pro Patria',15,'Luca','Pizzul','31-mar-1999','Difensore'),
  ('390725','Aurora Pro Patria',26,'Andrea','Masetti','20-mar-1998','Difensore'),
  ('391933','Aurora Pro Patria',17,'Giorgio','Spizzichino','10-aug-1999','Difensore'),
  ('537543','Aurora Pro Patria',31,'Stefano','Vaghi','29-may-2001','Difensore'),
  ('160323','Aurora Pro Patria',14,'Luca','Bertoni','19-jun-1992','Centrocampista'),
  ('023354','Aurora Pro Patria',16,'Giovanni','Fietta','14-nov-1984','Centrocampista'),
  ('120709','Aurora Pro Patria',20,'Gianluca','Nicco','10-aug-1988','Centrocampista'),
  ('417818','Aurora Pro Patria',8,'Tommaso','Brignoli','23-dec-1999','Centrocampista'),
  ('525839','Aurora Pro Patria',23,'Filippo','Ghioldi','6-jan-1999','Centrocampista'),
  ('692128','Aurora Pro Patria',25,'Davide','Ferri','19-sep-2002','Centrocampista'),
  ('817036','Aurora Pro Patria',null,'Leonardo','Piran','21-oct-2003','Centrocampista'),
  ('454245','Aurora Pro Patria',7,'Niccolò','Cottarelli','10-jan-1998','Centrocampista'),
  ('022237','Aurora Pro Patria',21,'Riccardo','Colombo','1-dec-1982','Centrocampista'),
  ('355809','Aurora Pro Patria',3,'Leonardo','Galli','3-jul-1997','Centrocampista'),
  ('392964','Aurora Pro Patria',24,'Emmanuel','Latte Lath','2-jan-1999','Attaccante'),
  ('120917','Aurora Pro Patria',9,'Sean','Parker','5-sep-1997','Attaccante'),
  ('396067','Aurora Pro Patria',11,'Aristidi','Kolaj','9-apr-1999','Attaccante'),
  ('032092','Aurora Pro Patria',10,'Giuseppe','Le Noci','22-jan-1982','Attaccante'),
  ('478764','Aurora Pro Patria',30,'Davide','Castelli','30-aug-1999','Attaccante'),
  ('817037','Aurora Pro Patria',null,'Simone','Dellavedova','29-apr-2002','Attaccante'),
  ('295766','Pro Sesto 1913',22,'Alessandro','Livieri','21-jan-1997','Portiere'),
  ('397241','Pro Sesto 1913',1,'Federico','Del Frate','21-dec-1995','Portiere'),
  ('421870','Pro Sesto 1913',14,'Michael','Ntube','4-feb-2001','Difensore'),
  ('244717','Pro Sesto 1913',19,'Denis','Caverzasi','9-aug-1994','Difensore'),
  ('621779','Pro Sesto 1913',23,'Lorenzo','Giubilato','6-dec-2000','Difensore'),
  ('287299','Pro Sesto 1913',3,'Christian','Maldini','14-jun-1996','Difensore'),
  ('311322','Pro Sesto 1913',25,'Andrea','Bosco','6-oct-1995','Difensore'),
  ('139574','Pro Sesto 1913',32,'Michele','Franco','20-feb-1985','Difensore'),
  ('136124','Pro Sesto 1913',5,'Simone','Pecorini','12-jan-1993','Difensore'),
  ('395878','Pro Sesto 1913',34,'David','Magonara','1-jul-1999','Difensore'),
  ('838812','Pro Sesto 1913',21,'Theo Fabio','Parrinello','19-feb-2001','Difensore'),
  ('937228','Pro Sesto 1913',null,'Federico','Bertoli','23-feb-2003','Centrocampista'),
  ('392563','Pro Sesto 1913',6,'Alessandro','Di Munno','3-sep-2000','Centrocampista'),
  ('150442','Pro Sesto 1913',8,'Luciano','Gualdi','30-jan-1989','Centrocampista'),
  ('335215','Pro Sesto 1913',4,'Tommaso','Gattoni','19-aug-1993','Centrocampista'),
  ('351951','Pro Sesto 1913',7,'Luca','Palesi','12-jul-1997','Centrocampista'),
  ('535793','Pro Sesto 1913',26,'Jacopo','Gianelli','4-mar-2001','Centrocampista'),
  ('392542','Pro Sesto 1913',29,'Federico','Marchesi','8-feb-1999','Centrocampista'),
  ('465660','Pro Sesto 1913',31,'Alessandro','Sala','7-may-2001','Centrocampista'),
  ('395195','Pro Sesto 1913',null,'Emir','Murati','7-mar-2000','Centrocampista'),
  ('398742','Pro Sesto 1913',30,'Tommaso','Spaviero','26-apr-1999','Centrocampista'),
  ('392500','Pro Sesto 1913',35,'Felice','D''Amico','22-aug-2000','Attaccante'),
  ('088709','Pro Sesto 1913',10,'Luca','Scapuzzi','15-apr-1991','Attaccante'),
  ('580374','Pro Sesto 1913',17,'Gabriele','Motta','4-jun-2001','Attaccante'),
  ('386846','Pro Sesto 1913',18,'Cristian','Mutton','6-jan-1999','Attaccante'),
  ('459906','Pro Sesto 1913',33,'Federico','Pelle','8-jan-2000','Attaccante'),
  ('398945','Pro Sesto 1913',27,'Miloš','Bočić','26-jan-2000','Attaccante'),
  ('452497','Pro Sesto 1913',11,'Martino','Cominetti','19-dec-1998','Attaccante'),
  ('340639','Pro Sesto 1913',9,'Ngissah','Bismark','9-jan-1998','Attaccante'),
  ('392856','Pro Sesto 1913',28,'Claudio','Maffei','23-dec-1999','Attaccante'),
  ('534153','Pro Sesto 1913',24,'Alessandro','Costa','2-mar-2001','Attaccante'),
  ('392027','US Città di Pontedera',1,'Edoardo','Sarri','24-jun-1999','Portiere'),
  ('534125','US Città di Pontedera',12,'Marco','Angeletti','24-apr-2001','Portiere'),
  ('817038','US Città di Pontedera',30,'Mattia','Di Furia','23-sep-2003','Portiere'),
  ('805070','US Città di Pontedera',null,'Lorenzo','Pruneti','5-feb-2002','Difensore'),
  ('207965','US Città di Pontedera',5,'Giacomo','Risaliti','24-apr-1995','Difensore'),
  ('162955','US Città di Pontedera',18,'Luca','Piana','6-apr-1994','Difensore'),
  ('358002','US Città di Pontedera',23,'Emanuele','Matteucci','26-jan-2000','Difensore'),
  ('198999','US Città di Pontedera',3,'Paolo','Ropolo','18-jul-1993','Difensore'),
  ('396366','US Città di Pontedera',6,'Francesco','Benassai','19-may-1998','Difensore'),
  ('736340','US Città di Pontedera',19,'Mattia','Pretato','16-may-2002','Difensore'),
  ('696999','US Città di Pontedera',null,'Tommaso','Orsucci','16-jul-2002','Difensore'),
  ('393948','US Città di Pontedera',25,'Francesco','Vaccaro','1-apr-1999','Difensore'),
  ('056896','US Città di Pontedera',8,'Andrea','Caponi','8-feb-1988','Centrocampista'),
  ('287681','US Città di Pontedera',10,'Gianluca','Barba','28-feb-1995','Centrocampista'),
  ('167437','US Città di Pontedera',13,'Giovanni','Catanese','3-jan-1993','Centrocampista'),
  ('458165','US Città di Pontedera',20,'Giacomo','Benedetti','8-mar-1999','Centrocampista'),
  ('569105','US Città di Pontedera',4,'Lorenzo','Bardini','13-apr-2000','Centrocampista'),
  ('459577','US Città di Pontedera',21,'Gabriele','Perretta','14-jan-2000','Centrocampista'),
  ('536449','US Città di Pontedera',16,'Stefano','Parodi','10-jan-2001','Centrocampista'),
  ('392130','US Città di Pontedera',34,'Gianmarco','Regoli','18-feb-2000','Centrocampista'),
  ('656708','US Città di Pontedera',15,'Lorenzo','Bisconti','6-sep-2001','Centrocampista'),
  ('500274','US Città di Pontedera',2,'Lorenzo','Milani','22-may-2001','Centrocampista'),
  ('357987','US Città di Pontedera',17,'Leonardo','Stanzani','12-apr-2000','Attaccante'),
  ('395101','US Città di Pontedera',null,'Alessio','Faella','22-jul-1997','Attaccante'),
  ('175788','US Città di Pontedera',9,'Andrea','Magrassi','6-feb-1993','Attaccante'),
  ('379821','US Città di Pontedera',null,'Christian','Tommasini','14-mar-1998','Attaccante'),
  ('398082','US Città di Pontedera',7,'Mauro','Semprini','15-apr-1998','Attaccante'),
  ('546641','US Città di Pontedera',27,'Giovanni','Benericetti','3-jan-2000','Attaccante'),
  ('465988','US Città di Pontedera',35,'Elia','Giani','20-dec-2000','Attaccante'),
  ('817039','US Città di Pontedera',28,'Matteo','Tersigni','22-jul-2002','Attaccante'),
  ('088701','US Pistoiese 1921',1,'Filippo','Perucchini','6-oct-1991','Portiere'),
  ('525658','US Pistoiese 1921',12,'Niccolò','Vivoli','17-mar-2001','Portiere'),
  ('102366','US Pistoiese 1921',34,'Emanuele','Nordi','23-apr-1984','Portiere'),
  ('818048','US Pistoiese 1921',22,'Francesco','Serra','23-apr-2002','Portiere'),
  ('699705','US Pistoiese 1921',null,'Simone','Toselli','11-dec-2003','Portiere'),
  ('069212','US Pistoiese 1921',null,'Vincenzo','Camilleri','6-mar-1992','Difensore'),
  ('160322','US Pistoiese 1921',3,'Marco','Baldan','13-nov-1993','Difensore'),
  ('421719','US Pistoiese 1921',14,'Mirko','Romagnoli','29-jan-1998','Difensore'),
  ('393145','US Pistoiese 1921',5,'Federico','Mazzarani','1-jul-2000','Difensore'),
  ('458096','US Pistoiese 1921',6,'Matteo','Salvi','20-mar-1999','Difensore'),
  ('186395','US Pistoiese 1921',33,'Attila','Varga','11-apr-1996','Difensore'),
  ('536339','US Pistoiese 1921',18,'Vincenzo','Giordano','4-dec-2001','Difensore'),
  ('091058','US Pistoiese 1921',2,'Enrico','Pezzi','24-sep-1989','Difensore'),
  ('328993','US Pistoiese 1921',13,'Matthias','Solerio','1-nov-1992','Difensore'),
  ('429881','US Pistoiese 1921',24,'Federico','Simonti','14-jun-2000','Difensore'),
  ('265087','US Pistoiese 1921',null,'Andrés','Llamas','7-may-1998','Difensore'),
  ('534083','US Pistoiese 1921',11,'Edoardo','Pierozzi','12-sep-2001','Difensore'),
  ('639640','US Pistoiese 1921',27,'Genny','Rondinella','22-may-2001','Difensore'),
  ('451786','US Pistoiese 1921',15,'Giorgio','Cavalli','19-mar-2000','Difensore'),
  ('340447','US Pistoiese 1921',8,'Emanuele','Spinozzi','23-jul-1998','Centrocampista'),
  ('041989','US Pistoiese 1921',7,'Francesco','Valiani','29-oct-1980','Centrocampista'),
  ('285796','US Pistoiese 1921',32,'Lorenzo','Simonetti','28-aug-1996','Centrocampista'),
  ('459231','US Pistoiese 1921',4,'Francesco','Cerretelli','21-jan-2000','Centrocampista'),
  ('562227','US Pistoiese 1921',23,'Pietro','Tempesti','26-nov-2001','Centrocampista'),
  ('536348','US Pistoiese 1921',25,'Filippo','Romani','6-jun-2001','Centrocampista'),
  ('818235','US Pistoiese 1921',26,'Tommaso','Vannucci','1-jan-2002','Centrocampista'),
  ('699706','US Pistoiese 1921',null,'Sildi','Lakti','3-feb-2002','Centrocampista'),
  ('393552','US Pistoiese 1921',19,'Raoul','Mal','19-feb-2000','Centrocampista'),
  ('532383','US Pistoiese 1921',28,'Samuele','Maurizi','8-sep-1995','Centrocampista'),
  ('349719','US Pistoiese 1921',10,'Simone','Lo Faso','18-feb-1998','Attaccante'),
  ('391899','US Pistoiese 1921',20,'Matteo','Stoppa','27-sep-2000','Attaccante'),
  ('387304','US Pistoiese 1921',null,'Niccolò','Gucci','3-jun-1990','Attaccante'),
  ('137428','US Pistoiese 1921',17,'Matteo','Chinellato','2-sep-1991','Attaccante'),
  ('421417','US Pistoiese 1921',9,'Pietro','Rovaglia','26-feb-2001','Attaccante'),
  ('036359','US Pistoiese 1921',16,'Matteo','Momentè','26-feb-1987','Attaccante'),
  ('612058','US Pistoiese 1921',21,'Francesco','Renzi','11-may-2001','Attaccante'),
  ('357983','US Pergolettese 1932',22,'Simone','Ghidotti','19-mar-2000','Portiere'),
  ('401161','US Pergolettese 1932',1,'Matteo','Soncin','28-mar-2001','Portiere'),
  ('818475','US Pergolettese 1932',null,'Emanuele','Labruzzo','7-may-2003','Portiere'),
  ('163374','US Pergolettese 1932',null,'Aboubakar','Bakayoko','14-oct-1992','Difensore'),
  ('198142','US Pergolettese 1932',26,'Michele','Ferrara','13-may-1993','Difensore'),
  ('189360','US Pergolettese 1932',13,'Matteo','Lucenti','4-aug-1992','Difensore'),
  ('039675','US Pergolettese 1932',5,'Luca','Ceccarelli','20-mar-1983','Difensore'),
  ('528189','US Pergolettese 1932',15,'Riccardo','Bignami','4-may-2000','Difensore'),
  ('452943','US Pergolettese 1932',14,'Luca','Villa','14-nov-1999','Difensore'),
  ('583251','US Pergolettese 1932',16,'Mirco','Tosi','30-may-2002','Difensore'),
  ('643842','US Pergolettese 1932',27,'Riccardo','Lamberti','4-jan-2001','Difensore'),
  ('392881','US Pergolettese 1932',2,'Antonio','Candela','27-apr-2000','Difensore'),
  ('400576','US Pergolettese 1932',25,'Matteo','Piccardo','28-feb-2000','Difensore'),
  ('818473','US Pergolettese 1932',null,'Nicolò','Donarini','27-jan-2003','Centrocampista'),
  ('163085','US Pergolettese 1932',4,'Michel','Panatti','9-nov-1993','Centrocampista'),
  ('536458','US Pergolettese 1932',6,'Lorenzo','Andreoli','15-jan-2001','Centrocampista'),
  ('354133','US Pergolettese 1932',7,'Kevin','Varas Marcillo','26-may-1993','Centrocampista'),
  ('424274','US Pergolettese 1932',23,'Marco','Palermo','1-nov-1995','Centrocampista'),
  ('457420','US Pergolettese 1932',8,'Matteo','Figoli','17-dec-2000','Centrocampista'),
  ('431581','US Pergolettese 1932',20,'Edoardo','Duca','30-may-1997','Centrocampista'),
  ('395875','US Pergolettese 1932',24,'Simone','Ferrari','13-may-1999','Centrocampista'),
  ('533321','US Pergolettese 1932',31,'Stefano','Girelli','9-jan-2001','Centrocampista'),
  ('533856','US Pergolettese 1932',21,'Mattia','Morello','21-jul-1999','Attaccante'),
  ('396903','US Pergolettese 1932',17,'Lorenzo','Faini','20-jan-2000','Attaccante'),
  ('120458','US Pergolettese 1932',28,'Davide','Bariti','7-sep-1991','Attaccante'),
  ('355375','US Pergolettese 1932',10,'Hicham','Kanis','16-aug-1997','Attaccante'),
  ('287632','US Pergolettese 1932',null,'Nicola','Ciccone','21-apr-1996','Attaccante'),
  ('108541','US Pergolettese 1932',11,'Filippo','Scardina','26-feb-1992','Attaccante'),
  ('263116','US Pergolettese 1932',9,'Elia','Bortoluz','29-mar-1997','Attaccante'),
  ('392911','US Pergolettese 1932',29,'Salvatore','Longo','19-may-2000','Attaccante'),
  ('538938','US Pergolettese 1932',19,'Niccolò','Scarpelli','20-jul-2001','Attaccante'),
  ('045583','Olbia Calcio 1905',1,'Paolo','Tornaghi','21-jun-1988','Portiere'),
  ('276376','Olbia Calcio 1905',22,'Maarten','van der Want','15-jan-1995','Portiere'),
  ('432141','Olbia Calcio 1905',39,'Niccolò','Cabras','11-feb-2001','Portiere'),
  ('692098','Olbia Calcio 1905',12,'Luca','Barone','1-sep-2002','Portiere'),
  ('354909','Olbia Calcio 1905',15,'Giorgio','Altare','9-aug-1998','Difensore'),
  ('395597','Olbia Calcio 1905',16,'Andrea','Cadili','5-jun-1999','Difensore'),
  ('101913','Olbia Calcio 1905',25,'Émerson','null','16-aug-1980','Difensore'),
  ('392634','Olbia Calcio 1905',null,'Gabriele','Dalla Bernardina','11-jan-1999','Difensore'),
  ('418879','Olbia Calcio 1905',null,'Mattia','Pitzalis','4-apr-2000','Difensore'),
  ('847940','Olbia Calcio 1905',33,'Valerio','Secci','16-jan-2003','Difensore'),
  ('329668','Olbia Calcio 1905',20,'Christian','Arboleda','20-feb-1997','Difensore'),
  ('035733','Olbia Calcio 1905',14,'Francesco','Pisano','29-apr-1986','Difensore'),
  ('459452','Olbia Calcio 1905',5,'Riccardo','Ladinetti','20-dec-2000','Centrocampista'),
  ('107873','Olbia Calcio 1905',10,'Manuel','Giandonato','10-oct-1991','Centrocampista'),
  ('399233','Olbia Calcio 1905',3,'Luca','La Rosa','20-sep-1988','Centrocampista'),
  ('836240','Olbia Calcio 1905',27,'Fabio','Occhioni','11-jun-2001','Centrocampista'),
  ('610880','Olbia Calcio 1905',null,'Christian','Marroni','10-mar-2002','Centrocampista'),
  ('373898','Olbia Calcio 1905',13,'Nicholas','Pennington','18-dec-1998','Centrocampista'),
  ('459945','Olbia Calcio 1905',7,'Nunzio','Lella','28-jul-2000','Centrocampista'),
  ('818462','Olbia Calcio 1905',null,'Samuele','Demurtas','23-jun-2002','Centrocampista'),
  ('535751','Olbia Calcio 1905',29,'Matteo','Cossu','20-may-2001','Centrocampista'),
  ('396681','Olbia Calcio 1905',19,'Roberto','Biancu','19-jan-2000','Centrocampista'),
  ('459504','Olbia Calcio 1905',26,'Federico','Marigosu','21-apr-2001','Centrocampista'),
  ('418881','Olbia Calcio 1905',11,'Riccardo','Doratiotto','7-jun-1999','Centrocampista'),
  ('671293','Olbia Calcio 1905',24,'Luca','Belloni','8-may-2003','Centrocampista'),
  ('066360','Olbia Calcio 1905',30,'Daniele','Ragatzu','21-sep-1991','Attaccante'),
  ('692088','Olbia Calcio 1905',18,'Antonio','Demarcus','30-jul-2000','Attaccante'),
  ('396682','Olbia Calcio 1905',37,'Luca','Gagliano','14-jul-2000','Attaccante'),
  ('340067','Olbia Calcio 1905',9,'King','Udoh','5-sep-1997','Attaccante'),
  ('035719','Olbia Calcio 1905',17,'Andrea','Cocco','8-apr-1986','Attaccante'),
  ('457453','Olbia Calcio 1905',null,'Mattia','D''Agostino','12-may-2000','Attaccante'),
  ('125348','Lucchese 1905',1,'Jacopo','Coletta','19-apr-1992','Portiere'),
  ('290087','Lucchese 1905',12,'Matteo','Biggeri','25-apr-1996','Portiere'),
  ('422631','Lucchese 1905',40,'Giacomo','Pozzer','19-feb-2001','Portiere'),
  ('697775','Lucchese 1905',null,'Piercataldo','Forciniti','1-jan-2003','Portiere'),
  ('139555','Lucchese 1905',20,'Maikol','Benassi','26-nov-1989','Difensore'),
  ('056919','Lucchese 1905',2,'Aniello','Panariello','8-oct-1988','Difensore'),
  ('536814','Lucchese 1905',15,'Daniele','Solcia','7-mar-2001','Difensore'),
  ('261168','Lucchese 1905',28,'Marco','De Vito','14-jan-1991','Difensore'),
  ('387112','Lucchese 1905',33,'Luka','Dumancic','27-oct-1998','Difensore'),
  ('395078','Lucchese 1905',25,'Andrea','Maestrelli','23-feb-1998','Difensore'),
  ('704721','Lucchese 1905',null,'Matteo','Nuti','21-oct-2003','Difensore'),
  ('530848','Lucchese 1905',26,'Andrea','Adamoli','26-feb-2001','Difensore'),
  ('536492','Lucchese 1905',3,'Michele','Lo Curto','14-feb-2002','Difensore'),
  ('693294','Lucchese 1905',39,'Gabriele','Galardi','5-feb-2002','Difensore'),
  ('535031','Lucchese 1905',5,'Federico','Papini','24-nov-1999','Difensore'),
  ('698167','Lucchese 1905',17,'Diego','Bartolomei','16-oct-2001','Difensore'),
  ('142141','Lucchese 1905',29,'Eros','Pellegrini','26-aug-1990','Difensore'),
  ('692521','Lucchese 1905',null,'Lorenzo','Pardini','3-mar-2002','Difensore'),
  ('815551','Lucchese 1905',null,'Claudio','Cellamare','13-feb-2004','Difensore'),
  ('536834','Lucchese 1905',null,'Samuele','Signori','5-jan-2001','Centrocampista'),
  ('529841','Lucchese 1905',38,'Mattia','Zennaro','3-aug-2000','Centrocampista'),
  ('242506','Lucchese 1905',null,'Tanasiy','Kosovan','3-mar-1995','Centrocampista'),
  ('284636','Lucchese 1905',32,'Giovanni','Sbrissa','25-sep-1996','Centrocampista'),
  ('096508','Lucchese 1905',30,'Cristian','Caccetta','7-aug-1986','Centrocampista'),
  ('167854','Lucchese 1905',23,'Matteo','Meucci','3-jul-1993','Centrocampista'),
  ('568944','Lucchese 1905',null,'Filippo','Fazzi','5-jan-2000','Centrocampista'),
  ('619870','Lucchese 1905',null,'Winston','Ceesay','10-aug-2000','Centrocampista'),
  ('144079','Lucchese 1905',4,'Michel','Cruciani','4-may-1986','Centrocampista'),
  ('458390','Lucchese 1905',null,'Francesco','Falivene','1-sep-1999','Centrocampista'),
  ('479712','Lucchese 1905',10,'Giorgio','Lionetti','9-may-1998','Centrocampista'),
  ('603682','Lucchese 1905',null,'Lorenzo','Marinai','12-apr-2002','Centrocampista'),
  ('459699','Lucchese 1905',7,'Giovanni','Nannelli','17-feb-2000','Centrocampista'),
  ('446785','Lucchese 1905',27,'Filippo','Scalzi','7-nov-1997','Centrocampista'),
  ('425226','Lucchese 1905',null,'Roberto','Convitto','4-may-1996','Attaccante'),
  ('539222','Lucchese 1905',11,'Matteo','Panati','21-jun-2001','Attaccante'),
  ('364132','Lucchese 1905',9,'Flavio','Bianchi','24-jan-2000','Attaccante'),
  ('239107','Lucchese 1905',19,'Francesco','Marcheggiani','2-aug-1991','Attaccante'),
  ('370110','Lucchese 1905',37,'Tomi','Petrovic','11-mar-1999','Attaccante'),
  ('531785','Lucchese 1905',null,'Salvatore','Molinaro','10-mar-1998','Attaccante'),
  ('697946','Lucchese 1905',21,'Jonathan','Bitep','1-jan-1997','Attaccante'),
  ('386442','AS Giana Erminio',22,'Alessandro','Zanellati','23-sep-1999','Portiere'),
  ('022232','AS Giana Erminio',1,'Paolo','Acerbis','5-may-1981','Portiere'),
  ('328982','AS Giana Erminio',15,'Simone','Bonalumi','23-dec-1994','Difensore'),
  ('167802','AS Giana Erminio',24,'Andrea','Montesano','11-feb-1992','Difensore'),
  ('392586','AS Giana Erminio',5,'Stefano','Marchetti','22-apr-1998','Difensore'),
  ('601823','AS Giana Erminio',25,'Davide','Pirola','29-may-2001','Difensore'),
  ('842728','AS Giana Erminio',13,'Simone','Benatti','1-may-2001','Difensore'),
  ('818448','AS Giana Erminio',null,'Alessandro','Marcandalli','25-feb-2002','Difensore'),
  ('416371','AS Giana Erminio',14,'Davide','Zugaro','16-apr-2000','Difensore'),
  ('560586','AS Giana Erminio',18,'Vincent','De Maria','24-nov-1999','Difensore'),
  ('057304','AS Giana Erminio',2,'Simone','Perico','10-aug-1989','Difensore'),
  ('421770','AS Giana Erminio',3,'Alberto','Barazzetta','18-feb-2001','Difensore'),
  ('163168','AS Giana Erminio',17,'Dario','Maltese','29-sep-1992','Centrocampista'),
  ('328847','AS Giana Erminio',7,'Daniele','Pinto','9-may-1986','Centrocampista'),
  ('250313','AS Giana Erminio',6,'Nicolò','Palazzolo','29-nov-1994','Centrocampista'),
  ('373436','AS Giana Erminio',11,'Simone','Greselin','5-jun-1998','Centrocampista'),
  ('421767','AS Giana Erminio',4,'Sebastiano','Finardi','20-feb-2001','Centrocampista'),
  ('384505','AS Giana Erminio',20,'Marco','Capano','16-apr-1996','Centrocampista'),
  ('116591','AS Giana Erminio',21,'Daniele','Dalla Bona','12-aug-1983','Centrocampista'),
  ('038649','AS Giana Erminio',19,'Nicola','Madonna','31-oct-1986','Centrocampista'),
  ('328848','AS Giana Erminio',8,'Riccardo','Rossini','8-nov-1993','Centrocampista'),
  ('623036','AS Giana Erminio',23,'Michele','D''Ausilio','3-sep-1999','Centrocampista'),
  ('601822','AS Giana Erminio',16,'Alessandro','Corti','21-jun-2000','Attaccante'),
  ('619494','AS Giana Erminio',27,'Francesco','Ruocco','1-jan-2001','Attaccante'),
  ('328988','AS Giana Erminio',10,'Fabio','Perna','30-sep-1986','Attaccante'),
  ('105676','AS Giana Erminio',9,'Carlo','Ferrario','20-nov-1986','Attaccante'),
  ('203052','AS Giana Erminio',28,'Filippo','Di Maira','25-apr-1994','Attaccante');

insert into Partite values
  ('IT3A0000',2,'Como 1907','US Pistoiese 1921',1,0),
  ('IT3A0001',4,'Como 1907','Calcio Lecco 1912',0,3),
  ('IT3A0002',6,'Como 1907','US Pergolettese 1932',0,0),
  ('IT3A0003',8,'Como 1907','Aurora Pro Patria',1,0),
  ('IT3A0004',9,'Como 1907','Olbia Calcio 1905',2,2),
  ('IT3A0005',11,'Como 1907','FC Pro Vercelli 1892',1,2),
  ('IT3A0006',13,'Como 1907','Piacenza Calcio 1919',0,0),
  ('IT3A0007',15,'Como 1907','Carrarese Calcio 1908',2,1),
  ('IT3A0008',17,'Como 1907','AS Livorno',1,0),
  ('IT3A0009',19,'Como 1907','Novara Calcio 1908',1,0),
  ('IT3A0010',2,'US Alessandria Calcio 1912','Olbia Calcio 1905',4,1),
  ('IT3A0011',4,'US Alessandria Calcio 1912','Novara Calcio 1908',1,2),
  ('IT3A0012',6,'US Alessandria Calcio 1912','US Grosseto 1912',0,1),
  ('IT3A0013',7,'US Alessandria Calcio 1912','US Città di Pontedera',2,0),
  ('IT3A0014',9,'US Alessandria Calcio 1912','AS Livorno',3,2),
  ('IT3A0015',11,'US Alessandria Calcio 1912','Piacenza Calcio 1919',2,0),
  ('IT3A0016',13,'US Alessandria Calcio 1912','FC Pro Vercelli 1892',2,1),
  ('IT3A0017',16,'US Alessandria Calcio 1912','Pro Sesto 1913',1,1),
  ('IT3A0018',18,'US Alessandria Calcio 1912','Como 1907',0,2),
  ('IT3A0019',1,'AC Renate','Como 1907',2,3),
  ('IT3A0020',3,'AC Renate','FC Pro Vercelli 1892',2,1),
  ('IT3A0021',5,'AC Renate','Aurora Pro Patria',1,0),
  ('IT3A0022',7,'AC Renate','AS Livorno',0,2),
  ('IT3A0023',9,'AC Renate','Calcio Lecco 1912',2,0),
  ('IT3A0024',12,'AC Renate','US Alessandria Calcio 1912',2,1),
  ('IT3A0025',14,'AC Renate','AS Giana Erminio',4,0),
  ('IT3A0026',16,'AC Renate','US Pistoiese 1921',2,1),
  ('IT3A0027',18,'AC Renate','Pro Sesto 1913',2,0),
  ('IT3A0028',1,'FC Pro Vercelli 1892','Novara Calcio 1908',1,0),
  ('IT3A0029',4,'FC Pro Vercelli 1892','Lucchese 1905',2,1),
  ('IT3A0030',6,'FC Pro Vercelli 1892','Juventus U23',1,0),
  ('IT3A0031',8,'FC Pro Vercelli 1892','AS Giana Erminio',4,0),
  ('IT3A0032',10,'FC Pro Vercelli 1892','US Pistoiese 1921',1,0),
  ('IT3A0033',12,'FC Pro Vercelli 1892','Pro Sesto 1913',0,2),
  ('IT3A0034',14,'FC Pro Vercelli 1892','AS Livorno',0,2),
  ('IT3A0035',15,'FC Pro Vercelli 1892','UC AlbinoLeffe',2,2),
  ('IT3A0036',17,'FC Pro Vercelli 1892','US Città di Pontedera',2,2),
  ('IT3A0037',19,'FC Pro Vercelli 1892','Carrarese Calcio 1908',3,1),
  ('IT3A0038',2,'Aurora Pro Patria','FC Pro Vercelli 1892',1,1),
  ('IT3A0039',4,'Aurora Pro Patria','US Pistoiese 1921',0,0),
  ('IT3A0040',6,'Aurora Pro Patria','Lucchese 1905',3,0),
  ('IT3A0041',9,'Aurora Pro Patria','Pro Sesto 1913',1,2),
  ('IT3A0042',11,'Aurora Pro Patria','UC AlbinoLeffe',1,2),
  ('IT3A0043',13,'Aurora Pro Patria','US Grosseto 1912',0,0),
  ('IT3A0044',15,'Aurora Pro Patria','Calcio Lecco 1912',2,1),
  ('IT3A0045',17,'Aurora Pro Patria','AS Giana Erminio',1,0),
  ('IT3A0046',19,'Aurora Pro Patria','US Alessandria Calcio 1912',0,0),
  ('IT3A0047',1,'Calcio Lecco 1912','AS Giana Erminio',1,0),
  ('IT3A0048',3,'Calcio Lecco 1912','US Alessandria Calcio 1912',2,1),
  ('IT3A0049',5,'Calcio Lecco 1912','Carrarese Calcio 1908',0,0),
  ('IT3A0050',7,'Calcio Lecco 1912','Piacenza Calcio 1919',2,4),
  ('IT3A0051',10,'Calcio Lecco 1912','Novara Calcio 1908',1,0),
  ('IT3A0052',12,'Calcio Lecco 1912','US Pergolettese 1932',3,2),
  ('IT3A0053',14,'Calcio Lecco 1912','US Pistoiese 1921',4,1),
  ('IT3A0054',16,'Calcio Lecco 1912','FC Pro Vercelli 1892',2,0),
  ('IT3A0055',18,'Calcio Lecco 1912','Lucchese 1905',2,2),
  ('IT3A0056',1,'UC AlbinoLeffe','AS Livorno',0,0),
  ('IT3A0057',3,'UC AlbinoLeffe','Pro Sesto 1913',0,1),
  ('IT3A0058',4,'UC AlbinoLeffe','AS Giana Erminio',0,1),
  ('IT3A0059',6,'UC AlbinoLeffe','AC Renate',1,0),
  ('IT3A0060',8,'UC AlbinoLeffe','US Pistoiese 1921',1,0),
  ('IT3A0061',10,'UC AlbinoLeffe','US Alessandria Calcio 1912',2,0),
  ('IT3A0062',12,'UC AlbinoLeffe','Como 1907',1,2),
  ('IT3A0063',14,'UC AlbinoLeffe','Olbia Calcio 1905',0,0),
  ('IT3A0064',17,'UC AlbinoLeffe','Piacenza Calcio 1919',1,1),
  ('IT3A0065',19,'UC AlbinoLeffe','Calcio Lecco 1912',0,0),
  ('IT3A0066',2,'US Città di Pontedera','Piacenza Calcio 1919',1,0),
  ('IT3A0067',4,'US Città di Pontedera','AC Renate',0,1),
  ('IT3A0068',6,'US Città di Pontedera','Calcio Lecco 1912',1,0),
  ('IT3A0069',8,'US Città di Pontedera','US Grosseto 1912',0,0),
  ('IT3A0070',10,'US Città di Pontedera','Lucchese 1905',0,1),
  ('IT3A0071',12,'US Città di Pontedera','Aurora Pro Patria',0,1),
  ('IT3A0072',14,'US Città di Pontedera','Como 1907',2,2),
  ('IT3A0073',16,'US Città di Pontedera','Juventus U23',2,1),
  ('IT3A0074',18,'US Città di Pontedera','UC AlbinoLeffe',1,2),
  ('IT3A0075',2,'US Grosseto 1912','AC Renate',0,1),
  ('IT3A0076',5,'US Grosseto 1912','FC Pro Vercelli 1892',1,2),
  ('IT3A0077',7,'US Grosseto 1912','UC AlbinoLeffe',1,1),
  ('IT3A0078',9,'US Grosseto 1912','Carrarese Calcio 1908',0,1),
  ('IT3A0079',11,'US Grosseto 1912','Calcio Lecco 1912',1,2),
  ('IT3A0080',12,'US Grosseto 1912','AS Livorno',1,0),
  ('IT3A0081',14,'US Grosseto 1912','Novara Calcio 1908',1,1),
  ('IT3A0082',16,'US Grosseto 1912','Como 1907',3,4),
  ('IT3A0083',18,'US Grosseto 1912','US Pistoiese 1921',0,2),
  ('IT3A0084',1,'Juventus U23','Pro Sesto 1913',2,1),
  ('IT3A0085',3,'Juventus U23','Como 1907',1,2),
  ('IT3A0086',5,'Juventus U23','UC AlbinoLeffe',1,1),
  ('IT3A0087',8,'Juventus U23','Calcio Lecco 1912',1,1),
  ('IT3A0088',10,'Juventus U23','US Grosseto 1912',2,0),
  ('IT3A0089',12,'Juventus U23','US Pistoiese 1921',3,2),
  ('IT3A0090',14,'Juventus U23','Aurora Pro Patria',3,1),
  ('IT3A0091',15,'Juventus U23','US Alessandria Calcio 1912',0,1),
  ('IT3A0092',17,'Juventus U23','AC Renate',1,2),
  ('IT3A0093',19,'Juventus U23','Piacenza Calcio 1919',1,1),
  ('IT3A0094',2,'Novara FC','Lucchese 1905',3,0),
  ('IT3A0095',3,'Novara FC','AS Giana Erminio',2,1),
  ('IT3A0096',5,'Novara FC','US Città di Pontedera',1,2),
  ('IT3A0097',7,'Novara FC','Carrarese Calcio 1908',1,1),
  ('IT3A0098',9,'Novara FC','Juventus U23',1,1),
  ('IT3A0099',11,'Novara FC','AC Renate',1,2),
  ('IT3A0100',13,'Novara FC','UC AlbinoLeffe',0,0),
  ('IT3A0101',16,'Novara FC','Aurora Pro Patria',0,0),
  ('IT3A0102',18,'Novara FC','Olbia Calcio 1905',1,1),
  ('IT3A0103',1,'Piacenza Calcio 1919','US Grosseto 1912',0,2),
  ('IT3A0104',3,'Piacenza Calcio 1919','AS Livorno',2,0),
  ('IT3A0105',6,'Piacenza Calcio 1919','Olbia Calcio 1905',1,1),
  ('IT3A0106',8,'Piacenza Calcio 1919','AC Renate',3,3),
  ('IT3A0107',10,'Piacenza Calcio 1919','Aurora Pro Patria',0,3),
  ('IT3A0108',12,'Piacenza Calcio 1919','Novara Calcio 1908',3,3),
  ('IT3A0109',14,'Piacenza Calcio 1919','Pro Sesto 1913',6,0),
  ('IT3A0110',16,'Piacenza Calcio 1919','US Pergolettese 1932',1,1),
  ('IT3A0111',18,'Piacenza Calcio 1919','FC Pro Vercelli 1892',1,1),
  ('IT3A0112',1,'Olbia Calcio 1905','US Città di Pontedera',0,1),
  ('IT3A0113',3,'Olbia Calcio 1905','Aurora Pro Patria',0,1),
  ('IT3A0114',5,'Olbia Calcio 1905','AS Livorno',1,1),
  ('IT3A0115',7,'Olbia Calcio 1905','FC Pro Vercelli 1892',0,0),
  ('IT3A0116',8,'Olbia Calcio 1905','Lucchese 1905',0,0),
  ('IT3A0117',10,'Olbia Calcio 1905','US Pergolettese 1932',1,4),
  ('IT3A0118',13,'Olbia Calcio 1905','Juventus U23',2,1),
  ('IT3A0119',15,'Olbia Calcio 1905','AC Renate',2,2),
  ('IT3A0120',17,'Olbia Calcio 1905','Calcio Lecco 1912',1,0),
  ('IT3A0121',19,'Olbia Calcio 1905','US Grosseto 1912',3,2),
  ('IT3A0122',1,'Carrarese Calcio 1908','Aurora Pro Patria',0,0),
  ('IT3A0123',3,'Carrarese Calcio 1908','US Città di Pontedera',2,1),
  ('IT3A0124',4,'Carrarese Calcio 1908','Piacenza Calcio 1919',1,1),
  ('IT3A0125',6,'Carrarese Calcio 1908','US Pistoiese 1921',2,0),
  ('IT3A0126',8,'Carrarese Calcio 1908','US Alessandria Calcio 1912',0,2),
  ('IT3A0127',10,'Carrarese Calcio 1908','AC Renate',0,2),
  ('IT3A0128',12,'Carrarese Calcio 1908','Olbia Calcio 1905',3,0),
  ('IT3A0129',14,'Carrarese Calcio 1908','US Pergolettese 1932',1,2),
  ('IT3A0130',16,'Carrarese Calcio 1908','UC AlbinoLeffe',1,0),
  ('IT3A0131',18,'Carrarese Calcio 1908','Juventus U23',0,1),
  ('IT3A0132',2,'US Pergolettese 1932','UC AlbinoLeffe',2,1),
  ('IT3A0133',4,'US Pergolettese 1932','US Grosseto 1912',1,2),
  ('IT3A0134',5,'US Pergolettese 1932','Pro Sesto 1913',1,0),
  ('IT3A0135',7,'US Pergolettese 1932','Aurora Pro Patria',1,2),
  ('IT3A0136',9,'US Pergolettese 1932','FC Pro Vercelli 1892',1,2),
  ('IT3A0137',11,'US Pergolettese 1932','Juventus U23',1,3),
  ('IT3A0138',13,'US Pergolettese 1932','AC Renate',0,2),
  ('IT3A0139',15,'US Pergolettese 1932','Novara Calcio 1908',2,0),
  ('IT3A0140',17,'US Pergolettese 1932','US Alessandria Calcio 1912',0,1),
  ('IT3A0141',19,'US Pergolettese 1932','US Città di Pontedera',2,0),
  ('IT3A0142',2,'AS Giana Erminio','Juventus U23',1,2),
  ('IT3A0143',5,'AS Giana Erminio','US Alessandria Calcio 1912',1,1),
  ('IT3A0144',7,'AS Giana Erminio','Como 1907',2,1),
  ('IT3A0145',9,'AS Giana Erminio','Piacenza Calcio 1919',2,0),
  ('IT3A0146',11,'AS Giana Erminio','US Città di Pontedera',2,3),
  ('IT3A0147',13,'AS Giana Erminio','Carrarese Calcio 1908',1,2),
  ('IT3A0148',15,'AS Giana Erminio','US Grosseto 1912',0,1),
  ('IT3A0149',16,'AS Giana Erminio','Olbia Calcio 1905',0,0),
  ('IT3A0150',18,'AS Giana Erminio','US Pergolettese 1932',2,0),
  ('IT3A0151',2,'Pro Sesto 1913','Carrarese Calcio 1908',0,1),
  ('IT3A0152',4,'Pro Sesto 1913','Olbia Calcio 1905',1,1),
  ('IT3A0153',6,'Pro Sesto 1913','AS Giana Erminio',1,0),
  ('IT3A0154',8,'Pro Sesto 1913','Novara Calcio 1908',3,0),
  ('IT3A0155',10,'Pro Sesto 1913','Como 1907',0,1),
  ('IT3A0156',11,'Pro Sesto 1913','Lucchese 1905',1,1),
  ('IT3A0157',13,'Pro Sesto 1913','Calcio Lecco 1912',1,0),
  ('IT3A0158',15,'Pro Sesto 1913','US Città di Pontedera',0,2),
  ('IT3A0159',17,'Pro Sesto 1913','US Grosseto 1912',1,2),
  ('IT3A0160',19,'Pro Sesto 1913','AS Livorno',1,1),
  ('IT3A0161',1,'Lucchese 1905','US Pergolettese 1932',3,3),
  ('IT3A0162',3,'Lucchese 1905','US Grosseto 1912',0,2),
  ('IT3A0163',5,'Lucchese 1905','Como 1907',2,3),
  ('IT3A0164',7,'Lucchese 1905','Juventus U23',0,1),
  ('IT3A0165',9,'Lucchese 1905','UC AlbinoLeffe',4,5),
  ('IT3A0166',12,'Lucchese 1905','AS Giana Erminio',0,1),
  ('IT3A0167',14,'Lucchese 1905','US Alessandria Calcio 1912',0,2),
  ('IT3A0168',15,'Lucchese 1905','Piacenza Calcio 1919',1,0),
  ('IT3A0169',17,'Lucchese 1905','Carrarese Calcio 1908',1,1),
  ('IT3A0170',19,'Lucchese 1905','AC Renate',1,1),
  ('IT3A0171',1,'US Pistoiese 1921','US Alessandria Calcio 1912',1,1),
  ('IT3A0172',3,'US Pistoiese 1921','US Pergolettese 1932',1,1),
  ('IT3A0173',5,'US Pistoiese 1921','Piacenza Calcio 1919',2,1),
  ('IT3A0174',7,'US Pistoiese 1921','Pro Sesto 1913',1,2),
  ('IT3A0175',9,'US Pistoiese 1921','US Città di Pontedera',1,0),
  ('IT3A0176',11,'US Pistoiese 1921','Olbia Calcio 1905',1,2),
  ('IT3A0177',13,'US Pistoiese 1921','Lucchese 1905',2,0),
  ('IT3A0178',15,'US Pistoiese 1921','AS Livorno',1,0),
  ('IT3A0179',17,'US Pistoiese 1921','Novara Calcio 1908',2,0),
  ('IT3A0180',19,'US Pistoiese 1921','AS Giana Erminio',1,1),
  ('IT3A0181',2,'US Livorno 1915','Calcio Lecco 1912',2,2),
  ('IT3A0182',4,'US Livorno 1915','Juventus U23',1,1),
  ('IT3A0183',6,'US Livorno 1915','Novara Calcio 1908',2,3),
  ('IT3A0184',8,'US Livorno 1915','US Pergolettese 1932',3,2),
  ('IT3A0185',10,'US Livorno 1915','AS Giana Erminio',3,0),
  ('IT3A0186',11,'US Livorno 1915','Carrarese Calcio 1908',1,2),
  ('IT3A0187',13,'US Livorno 1915','US Città di Pontedera',0,0),
  ('IT3A0188',16,'US Livorno 1915','Lucchese 1905',1,1),
  ('IT3A0189',18,'US Livorno 1915','Aurora Pro Patria',0,2);

insert into Gol values
  ('IT3A0000',90,'311333',false),
  ('IT3A0001',23,'197480',false),
  ('IT3A0001',29,'061432',false),
  ('IT3A0001',51,'061432',false),
  ('IT3A0003',54,'136135',false),
  ('IT3A0004',15,'386829',true),
  ('IT3A0004',25,'199924',false),
  ('IT3A0004',39,'330472',false),
  ('IT3A0004',47,'066360',false),
  ('IT3A0005',12,'398568',false),
  ('IT3A0005',27,'323426',false),
  ('IT3A0005',43,'433584',false),
  ('IT3A0007',2,'240312',false),
  ('IT3A0007',38,'119144',false),
  ('IT3A0007',77,'199070',false),
  ('IT3A0008',12,'240312',false),
  ('IT3A0009',33,'240312',false),
  ('IT3A0010',15,'155036',false),
  ('IT3A0010',47,'045583',true),
  ('IT3A0010',58,'035719',false),
  ('IT3A0010',65,'110823',false),
  ('IT3A0010',67,'155036',false),
  ('IT3A0011',11,'035717',false),
  ('IT3A0011',24,'062238',false),
  ('IT3A0011',91,'199604',false),
  ('IT3A0012',93,'163675',false),
  ('IT3A0013',36,'155036',false),
  ('IT3A0013',51,'110823',false),
  ('IT3A0014',10,'163078',false),
  ('IT3A0014',16,'568995',false),
  ('IT3A0014',21,'167877',false),
  ('IT3A0014',68,'301239',false),
  ('IT3A0014',93,'062238',false),
  ('IT3A0015',42,'110823',false),
  ('IT3A0015',64,'110823',false),
  ('IT3A0016',26,'062238',false),
  ('IT3A0016',68,'110823',false),
  ('IT3A0016',86,'030263',false),
  ('IT3A0017',22,'062238',false),
  ('IT3A0017',64,'351951',false),
  ('IT3A0018',19,'386850',false),
  ('IT3A0018',82,'199924',false),
  ('IT3A0019',15,'240312',false),
  ('IT3A0019',31,'200057',false),
  ('IT3A0019',34,'311333',false),
  ('IT3A0019',41,'159847',false),
  ('IT3A0019',59,'240312',false),
  ('IT3A0020',14,'398568',false),
  ('IT3A0020',17,'139518',false),
  ('IT3A0020',94,'159847',false),
  ('IT3A0021',67,'159847',false),
  ('IT3A0022',56,'163078',false),
  ('IT3A0023',27,'073381',false),
  ('IT3A0023',49,'199617',false),
  ('IT3A0024',18,'159847',false),
  ('IT3A0024',59,'062238',false),
  ('IT3A0024',74,'408333',false),
  ('IT3A0025',21,'199617',false),
  ('IT3A0025',39,'199617',false),
  ('IT3A0025',89,'198298',false),
  ('IT3A0025',93,'311334',false),
  ('IT3A0026',49,'159259',false),
  ('IT3A0026',72,'199617',false),
  ('IT3A0026',89,'134627',false),
  ('IT3A0027',9,'159259',false),
  ('IT3A0027',34,'159259',false),
  ('IT3A0028',10,'398568',false),
  ('IT3A0029',18,'130324',false),
  ('IT3A0029',63,'398568',false),
  ('IT3A0029',95,'536834',false),
  ('IT3A0030',25,'130324',false),
  ('IT3A0031',15,'433584',false),
  ('IT3A0031',34,'130324',false),
  ('IT3A0031',69,'130324',false),
  ('IT3A0031',94,'433446',false),
  ('IT3A0032',74,'398568',false),
  ('IT3A0033',82,'059615',false),
  ('IT3A0033',84,'059615',false),
  ('IT3A0034',82,'185400',false),
  ('IT3A0035',11,'372809',false),
  ('IT3A0035',35,'526992',false),
  ('IT3A0035',51,'022805',false),
  ('IT3A0035',88,'095234',false),
  ('IT3A0036',8,'287681',false),
  ('IT3A0036',38,'445241',false),
  ('IT3A0036',68,'130324',false),
  ('IT3A0036',90,'395101',false),
  ('IT3A0037',13,'433584',false),
  ('IT3A0037',15,'411312',false),
  ('IT3A0037',26,'130324',false),
  ('IT3A0037',36,'391797',false),
  ('IT3A0038',26,'287343',false),
  ('IT3A0038',38,'372809',false),
  ('IT3A0040',18,'120917',false),
  ('IT3A0040',27,'426906',false),
  ('IT3A0040',50,'396067',false),
  ('IT3A0041',5,'120917',false),
  ('IT3A0041',12,'150442',false),
  ('IT3A0041',93,'136124',false),
  ('IT3A0042',33,'120917',false),
  ('IT3A0042',37,'135880',false),
  ('IT3A0042',51,'240206',false),
  ('IT3A0044',2,'022237',false),
  ('IT3A0044',67,'392964',false),
  ('IT3A0044',78,'061432',false),
  ('IT3A0045',26,'478764',false),
  ('IT3A0047',68,'146642',false),
  ('IT3A0048',6,'397248',false),
  ('IT3A0048',35,'125182',false),
  ('IT3A0048',85,'301239',false),
  ('IT3A0050',21,'199912',false),
  ('IT3A0050',40,'150436',false),
  ('IT3A0050',53,'536816',false),
  ('IT3A0050',58,'150436',false),
  ('IT3A0050',82,'146642',false),
  ('IT3A0050',93,'392057',false),
  ('IT3A0051',75,'197480',false),
  ('IT3A0052',6,'110747',false),
  ('IT3A0052',14,'163374',false),
  ('IT3A0052',53,'061432',false),
  ('IT3A0052',55,'263116',false),
  ('IT3A0052',63,'397257',false),
  ('IT3A0053',31,'061432',false),
  ('IT3A0053',45,'125182',false),
  ('IT3A0053',84,'146642',false),
  ('IT3A0053',85,'387304',false),
  ('IT3A0053',91,'146642',false),
  ('IT3A0054',57,'061432',false),
  ('IT3A0054',77,'125182',false),
  ('IT3A0055',25,'387112',true),
  ('IT3A0055',29,'125182',false),
  ('IT3A0055',40,'370110',false),
  ('IT3A0055',89,'530848',false),
  ('IT3A0057',42,'059615',false),
  ('IT3A0058',94,'328988',false),
  ('IT3A0059',55,'135880',false),
  ('IT3A0060',88,'240206',false),
  ('IT3A0061',12,'083374',false),
  ('IT3A0061',78,'083374',false),
  ('IT3A0062',42,'199924',false),
  ('IT3A0062',86,'136135',false),
  ('IT3A0062',87,'526992',false),
  ('IT3A0064',31,'465279',false),
  ('IT3A0064',55,'358003',false),
  ('IT3A0066',93,'175788',false),
  ('IT3A0067',4,'200057',false),
  ('IT3A0068',43,'207965',false),
  ('IT3A0070',16,'207965',true),
  ('IT3A0071',27,'355809',false),
  ('IT3A0072',63,'175788',false),
  ('IT3A0072',65,'311333',false),
  ('IT3A0072',66,'240312',false),
  ('IT3A0072',86,'379821',false),
  ('IT3A0073',42,'167437',false),
  ('IT3A0073',67,'168550',false),
  ('IT3A0073',87,'162955',false),
  ('IT3A0074',23,'240206',false),
  ('IT3A0074',50,'240206',false),
  ('IT3A0074',89,'357987',false),
  ('IT3A0075',59,'198298',false),
  ('IT3A0076',28,'433584',false),
  ('IT3A0076',53,'398568',false),
  ('IT3A0076',58,'408904',false),
  ('IT3A0077',56,'240206',false),
  ('IT3A0077',58,'394136',false),
  ('IT3A0078',17,'160849',false),
  ('IT3A0079',7,'061432',false),
  ('IT3A0079',36,'459152',false),
  ('IT3A0079',94,'110813',false),
  ('IT3A0080',94,'177441',false),
  ('IT3A0081',53,'394136',false),
  ('IT3A0081',83,'293367',false),
  ('IT3A0082',7,'409553',false),
  ('IT3A0082',13,'538052',false),
  ('IT3A0082',30,'386850',false),
  ('IT3A0082',40,'256682',false),
  ('IT3A0082',45,'386850',false),
  ('IT3A0082',58,'657550',false),
  ('IT3A0082',77,'311333',false),
  ('IT3A0083',77,'393145',false),
  ('IT3A0083',80,'391899',false),
  ('IT3A0084',20,'059615',false),
  ('IT3A0084',54,'457674',false),
  ('IT3A0084',67,'479648',false),
  ('IT3A0085',28,'199070',false),
  ('IT3A0085',56,'240312',false),
  ('IT3A0085',77,'525602',false),
  ('IT3A0086',32,'083374',false),
  ('IT3A0086',76,'355479',false),
  ('IT3A0087',8,'061432',false),
  ('IT3A0087',18,'432090',false),
  ('IT3A0088',48,'363178',false),
  ('IT3A0088',53,'418571',false),
  ('IT3A0089',11,'477027',false),
  ('IT3A0089',24,'477027',false),
  ('IT3A0089',27,'477027',false),
  ('IT3A0089',32,'134627',false),
  ('IT3A0089',48,'421719',false),
  ('IT3A0090',8,'489611',false),
  ('IT3A0090',37,'479648',false),
  ('IT3A0090',52,'319177',true),
  ('IT3A0090',68,'478764',false),
  ('IT3A0091',80,'062238',false),
  ('IT3A0092',65,'479648',false),
  ('IT3A0092',78,'198298',false),
  ('IT3A0092',85,'200057',false),
  ('IT3A0093',48,'059615',false),
  ('IT3A0093',63,'302497',false),
  ('IT3A0094',44,'043085',false),
  ('IT3A0094',66,'061478',false),
  ('IT3A0094',76,'035717',false),
  ('IT3A0095',35,'287648',false),
  ('IT3A0095',47,'035717',false),
  ('IT3A0095',50,'250313',false),
  ('IT3A0096',18,'396366',false),
  ('IT3A0096',42,'100176',false),
  ('IT3A0096',84,'458165',false),
  ('IT3A0097',18,'394668',false),
  ('IT3A0097',76,'104995',false),
  ('IT3A0098',22,'525602',false),
  ('IT3A0098',36,'199635',false),
  ('IT3A0099',48,'035717',false),
  ('IT3A0099',68,'198298',false),
  ('IT3A0099',93,'159847',false),
  ('IT3A0102',10,'793707',false),
  ('IT3A0102',51,'396681',false),
  ('IT3A0103',54,'163675',false),
  ('IT3A0103',91,'394136',false),
  ('IT3A0104',22,'598098',false),
  ('IT3A0104',52,'199912',false),
  ('IT3A0105',39,'354909',false),
  ('IT3A0105',89,'150436',false),
  ('IT3A0106',14,'139518',false),
  ('IT3A0106',29,'598098',false),
  ('IT3A0106',38,'159847',false),
  ('IT3A0106',41,'159847',false),
  ('IT3A0106',75,'199912',false),
  ('IT3A0106',88,'199912',false),
  ('IT3A0107',55,'392964',false),
  ('IT3A0107',89,'160323',false),
  ('IT3A0107',93,'692128',false),
  ('IT3A0108',27,'394373',false),
  ('IT3A0108',42,'062373',false),
  ('IT3A0108',61,'100176',false),
  ('IT3A0108',67,'134336',false),
  ('IT3A0108',76,'287648',false),
  ('IT3A0108',77,'234886',false),
  ('IT3A0109',29,'386065',false),
  ('IT3A0109',39,'465279',false),
  ('IT3A0109',44,'062373',false),
  ('IT3A0109',60,'524428',false),
  ('IT3A0109',65,'429433',false),
  ('IT3A0109',76,'134336',false),
  ('IT3A0110',20,'457420',false),
  ('IT3A0110',85,'420513',false),
  ('IT3A0111',69,'062373',false),
  ('IT3A0111',88,'391797',false),
  ('IT3A0112',68,'167437',false),
  ('IT3A0113',79,'032092',false),
  ('IT3A0114',65,'021850',false),
  ('IT3A0114',85,'035719',false),
  ('IT3A0117',2,'431581',false),
  ('IT3A0117',24,'533856',false),
  ('IT3A0117',34,'108541',false),
  ('IT3A0117',61,'066360',false),
  ('IT3A0117',90,'392911',false),
  ('IT3A0118',10,'373898',false),
  ('IT3A0118',65,'418571',false),
  ('IT3A0118',82,'340067',false),
  ('IT3A0119',3,'066360',false),
  ('IT3A0119',10,'200057',false),
  ('IT3A0119',60,'159847',false),
  ('IT3A0119',91,'066360',false),
  ('IT3A0121',20,'035733',false),
  ('IT3A0121',30,'409618',false),
  ('IT3A0121',50,'340067',false),
  ('IT3A0121',70,'177441',false),
  ('IT3A0123',44,'165724',false),
  ('IT3A0123',70,'056896',false),
  ('IT3A0123',79,'104995',false),
  ('IT3A0124',17,'598098',false),
  ('IT3A0124',66,'160849',false),
  ('IT3A0125',80,'357997',false),
  ('IT3A0125',92,'160849',false),
  ('IT3A0126',55,'155036',false),
  ('IT3A0126',70,'265074',false),
  ('IT3A0127',31,'073381',false),
  ('IT3A0127',59,'159847',false),
  ('IT3A0128',7,'222502',false),
  ('IT3A0128',14,'160849',false),
  ('IT3A0128',63,'459953',false),
  ('IT3A0129',83,'400576',false),
  ('IT3A0129',86,'400576',false),
  ('IT3A0129',89,'160849',false),
  ('IT3A0130',58,'160849',false),
  ('IT3A0131',83,'479648',false),
  ('IT3A0132',5,'240206',false),
  ('IT3A0132',37,'263116',false),
  ('IT3A0132',74,'533856',false),
  ('IT3A0133',4,'395875',false),
  ('IT3A0133',35,'394136',false),
  ('IT3A0133',89,'256682',false),
  ('IT3A0134',56,'108541',false),
  ('IT3A0135',12,'023354',false),
  ('IT3A0135',39,'120917',false),
  ('IT3A0135',56,'536458',false),
  ('IT3A0136',16,'433584',false),
  ('IT3A0136',38,'263116',false),
  ('IT3A0136',84,'130324',false),
  ('IT3A0137',8,'533856',false),
  ('IT3A0137',30,'477027',false),
  ('IT3A0137',73,'479648',false),
  ('IT3A0137',85,'355479',false),
  ('IT3A0138',10,'200057',false),
  ('IT3A0138',64,'073381',false),
  ('IT3A0139',54,'452943',false),
  ('IT3A0139',68,'354133',false),
  ('IT3A0140',60,'348431',false),
  ('IT3A0141',3,'198142',false),
  ('IT3A0141',86,'392911',false),
  ('IT3A0142',19,'105676',false),
  ('IT3A0142',38,'525602',false),
  ('IT3A0142',64,'489611',false),
  ('IT3A0143',28,'062238',false),
  ('IT3A0143',45,'250313',false),
  ('IT3A0144',15,'311333',false),
  ('IT3A0144',51,'421767',false),
  ('IT3A0144',91,'328988',false),
  ('IT3A0145',9,'328847',false),
  ('IT3A0145',25,'328988',false),
  ('IT3A0146',17,'357987',false),
  ('IT3A0146',21,'175788',false),
  ('IT3A0146',44,'175788',false),
  ('IT3A0146',47,'373436',false),
  ('IT3A0146',65,'105676',false),
  ('IT3A0147',49,'459953',false),
  ('IT3A0147',57,'395739',false),
  ('IT3A0147',93,'167802',false),
  ('IT3A0148',28,'256682',false),
  ('IT3A0150',53,'328988',false),
  ('IT3A0150',86,'250313',false),
  ('IT3A0151',21,'160849',false),
  ('IT3A0152',63,'136124',false),
  ('IT3A0152',84,'373898',false),
  ('IT3A0153',80,'392563',false),
  ('IT3A0154',33,'386846',false),
  ('IT3A0154',64,'035717',true),
  ('IT3A0154',87,'088709',false),
  ('IT3A0155',42,'311333',false),
  ('IT3A0156',47,'459699',false),
  ('IT3A0156',83,'386846',false),
  ('IT3A0157',70,'059615',false),
  ('IT3A0158',39,'162955',false),
  ('IT3A0158',77,'287681',false),
  ('IT3A0159',6,'163675',false),
  ('IT3A0159',80,'256682',false),
  ('IT3A0159',81,'351951',false),
  ('IT3A0160',42,'185400',false),
  ('IT3A0160',56,'150442',false),
  ('IT3A0161',13,'536458',false),
  ('IT3A0161',25,'533856',false),
  ('IT3A0161',36,'533856',false),
  ('IT3A0161',49,'364132',false),
  ('IT3A0161',58,'144079',false),
  ('IT3A0161',83,'697946',false),
  ('IT3A0162',23,'256682',false),
  ('IT3A0162',48,'256682',false),
  ('IT3A0163',9,'446785',false),
  ('IT3A0163',13,'241052',false),
  ('IT3A0163',28,'330472',false),
  ('IT3A0163',73,'409553',false),
  ('IT3A0163',77,'144079',false),
  ('IT3A0164',45,'536814',true),
  ('IT3A0165',22,'240206',false),
  ('IT3A0165',32,'240206',false),
  ('IT3A0165',48,'240206',false),
  ('IT3A0165',58,'240206',false),
  ('IT3A0165',65,'135880',false),
  ('IT3A0165',73,'364132',false),
  ('IT3A0165',74,'459699',false),
  ('IT3A0165',80,'139555',false),
  ('IT3A0165',90,'167854',false),
  ('IT3A0166',39,'328988',false),
  ('IT3A0167',49,'195057',false),
  ('IT3A0167',64,'110823',false),
  ('IT3A0168',48,'364132',false),
  ('IT3A0169',7,'160849',false),
  ('IT3A0169',76,'364132',false),
  ('IT3A0170',8,'408333',false),
  ('IT3A0170',17,'239107',false),
  ('IT3A0171',17,'167810',false),
  ('IT3A0171',83,'328993',false),
  ('IT3A0172',15,'134627',false),
  ('IT3A0172',29,'533856',false),
  ('IT3A0173',19,'041989',false),
  ('IT3A0173',86,'394296',false),
  ('IT3A0173',91,'137428',false),
  ('IT3A0174',6,'136124',false),
  ('IT3A0174',68,'150442',false),
  ('IT3A0174',93,'387304',false),
  ('IT3A0175',94,'534083',false),
  ('IT3A0176',27,'137428',false),
  ('IT3A0176',42,'459452',false),
  ('IT3A0176',54,'107873',false),
  ('IT3A0177',29,'137428',false),
  ('IT3A0177',81,'041989',false),
  ('IT3A0178',5,'041989',false),
  ('IT3A0179',25,'041989',false),
  ('IT3A0179',74,'534083',false),
  ('IT3A0180',85,'041989',false),
  ('IT3A0180',92,'619494',false),
  ('IT3A0181',42,'197480',false),
  ('IT3A0181',82,'177188',false),
  ('IT3A0181',86,'283421',true),
  ('IT3A0181',91,'285776',true),
  ('IT3A0182',72,'185400',false),
  ('IT3A0182',80,'477027',false),
  ('IT3A0183',4,'572658',false),
  ('IT3A0183',6,'177188',true),
  ('IT3A0183',46,'418884',false),
  ('IT3A0183',88,'520748',false),
  ('IT3A0183',89,'426179',false),
  ('IT3A0184',43,'163078',false),
  ('IT3A0184',58,'431581',false),
  ('IT3A0184',64,'177188',false),
  ('IT3A0184',72,'108541',false),
  ('IT3A0185',39,'572658',false),
  ('IT3A0185',60,'572658',false),
  ('IT3A0186',28,'395739',false),
  ('IT3A0186',35,'177188',false),
  ('IT3A0186',38,'160849',false),
  ('IT3A0188',38,'364132',false),
  ('IT3A0188',64,'340451',false),
  ('IT3A0189',20,'391933',false),
  ('IT3A0189',60,'120917',false);
