/* File created by scraping https://www.transfermarkt.com using Antonio Cardin's program */

insert into Squadre values
  ('Calcio Padova','Padova','Mandorlini'),
  ('AC Perugia Calcio','Perugia','Caserta'),
  ('US Triestina','Trieste','Pillon'),
  ('Modena FC 2018','Modena','Mignani'),
  ('SS Arezzo','Arezzo','Potenza'),
  ('AS Sambenedettese','San Benedetto del Tronto','Montero'),
  ('Cesena FC','Cesena','Viali'),
  ('FC Südtirol','Bolzano','Vecchi'),
  ('Feralpisalò','Salò','Pavanel'),
  ('Vis Pesaro dal 1898','Pesaro','Galderisi'),
  ('AS Gubbio 1910','Gubbio','Torrente'),
  ('Fermana FC','Torre San Patrizio','Cornacchini'),
  ('Mantova 1911','Mantova','Troise'),
  ('Athletic Carpi 2021','Carpi (MO)','Foschi'),
  ('Ravenna FC','Ravenna','Colucci'),
  ('SS Matelica Calcio','Matelica','Colavitto'),
  ('Virtusvecomp Verona','Verona','Fresco'),
  ('Alma Juventus Fano 1906','Fano','Alessandrini'),
  ('Imolese Calcio 1919','www.imolesecalcio1919.it/','Mezzetti'),
  ('FC Legnago Salus','Legnago','Bagatti');

insert into Giocatori values
  ('240157','Calcio Padova',1,'Gianmarco','Vannucchi','30-jul-1995','Portiere'),
  ('355444','Calcio Padova',21,'Andrea','Dini','20-feb-1996','Portiere'),
  ('291278','Calcio Padova',22,'Davide','Merelli','4-mar-1996','Portiere'),
  ('525585','Calcio Padova',null,'Piero','Burigana','4-mar-2001','Portiere'),
  ('601507','Calcio Padova',12,'Michele','Voltan','20-sep-2001','Portiere'),
  ('060128','Calcio Padova',25,'Luca','Rossettini','9-may-1985','Difensore'),
  ('220978','Calcio Padova',4,'Andrea','Gasbarro','7-jan-1995','Difensore'),
  ('226080','Calcio Padova',15,'Anton','Kresic','29-jan-1996','Difensore'),
  ('102995','Calcio Padova',24,'Carlo','Pelagatti','8-jan-1989','Difensore'),
  ('084622','Calcio Padova',19,'Sinisa','Andjelkovic','13-feb-1986','Difensore'),
  ('072471','Calcio Padova',null,'Nahuel','Valentini','19-sep-1988','Difensore'),
  ('537498','Calcio Padova',13,'Enrico','Biancon','28-aug-2001','Difensore'),
  ('331467','Calcio Padova',27,'Felipe','Curcio','6-aug-1993','Difensore'),
  ('325897','Calcio Padova',null,'Joel','Baraye','5-jan-1997','Difensore'),
  ('199169','Calcio Padova',8,'Umberto','Germano','22-apr-1992','Difensore'),
  ('146660','Calcio Padova',10,'Ronaldo','null','8-apr-1990','Centrocampista'),
  ('385379','Calcio Padova',null,'Davide','Buglio','26-feb-1998','Centrocampista'),
  ('404870','Calcio Padova',null,'Riccardo','Serena','26-sep-1996','Centrocampista'),
  ('163645','Calcio Padova',5,'Simone','Della Latta','7-mar-1993','Centrocampista'),
  ('022673','Calcio Padova',9,'Emil','Hallfreðsson','29-jun-1984','Centrocampista'),
  ('199604','Calcio Padova',16,'Marco','Firenze','26-jun-1993','Centrocampista'),
  ('256118','Calcio Padova',18,'Saber','Hraiech','30-jul-1995','Centrocampista'),
  ('037410','Calcio Padova',6,'Matteo','Mandorlini','22-oct-1988','Centrocampista'),
  ('148538','Calcio Padova',11,'Enej','Jelenic','11-dec-1992','Centrocampista'),
  ('197744','Calcio Padova',null,'Nicolò','Fazzi','2-mar-1995','Centrocampista'),
  ('165852','Calcio Padova',32,'Cosimo','Chiricò','5-oct-1991','Attaccante'),
  ('130498','Calcio Padova',20,'Francesco','Nicastro','26-oct-1991','Attaccante'),
  ('286276','Calcio Padova',28,'Alfredo','Bifulco','19-jan-1997','Attaccante'),
  ('559648','Calcio Padova',null,'Enrico','Piovanello','20-apr-2000','Attaccante'),
  ('240129','Calcio Padova',17,'Tommaso','Biasci','10-nov-1994','Attaccante'),
  ('281872','Calcio Padova',7,'Claudio','Santini','12-feb-1992','Attaccante'),
  ('615897','Calcio Padova',14,'Aljosa','Vasic','21-apr-2002','Attaccante'),
  ('065635','Calcio Padova',29,'Karamoko','Cissé','14-nov-1988','Attaccante'),
  ('091241','Calcio Padova',null,'Giacomo','Beretta','14-mar-1992','Attaccante'),
  ('035853','Calcio Padova',23,'Daniele','Paponi','16-apr-1988','Attaccante'),
  ('321065','Calcio Padova',null,'Edoardo','Soleri','19-oct-1997','Attaccante'),
  ('054464','Calcio Padova',null,'Jefferson','null','6-jan-1988','Attaccante'),
  ('897386','Calcio Padova',null,'Riccardo Ugonna','Ejesi','23-jan-2003','Attaccante'),
  ('197901','AC Perugia Calcio',25,'Stefano','Minelli','5-mar-1994','Portiere'),
  ('231381','AC Perugia Calcio',1,'Andrea','Fulignati','31-oct-1994','Portiere'),
  ('160824','AC Perugia Calcio',null,'Paolo','Baiocco','29-jun-1989','Portiere'),
  ('457462','AC Perugia Calcio',12,'Lorenzo','Bocci','27-jul-2000','Portiere'),
  ('394920','AC Perugia Calcio',4,'Filippo','Sgarbi','29-dec-1997','Difensore'),
  ('086793','AC Perugia Calcio',5,'Gabriele','Angella','28-apr-1989','Difensore'),
  ('252746','AC Perugia Calcio',6,'Salvatore','Monaco','15-aug-1992','Difensore'),
  ('249046','AC Perugia Calcio',24,'Stefano','Negro','28-jun-1995','Difensore'),
  ('569579','AC Perugia Calcio',null,'Alessandro','Tozzuolo','31-oct-2002','Difensore'),
  ('572372','AC Perugia Calcio',null,'Matteo','Darini','16-jan-2002','Difensore'),
  ('166073','AC Perugia Calcio',3,'Alessandro','Favalli','15-nov-1992','Difensore'),
  ('280832','AC Perugia Calcio',14,'Carlo','Crialese','14-nov-1992','Difensore'),
  ('475134','AC Perugia Calcio',null,'Samuele','Righetti','10-oct-2001','Difensore'),
  ('705063','AC Perugia Calcio',null,'Samuele','Angori','7-oct-2003','Difensore'),
  ('034239','AC Perugia Calcio',2,'Aleandro','Rosi','17-may-1987','Difensore'),
  ('167879','AC Perugia Calcio',27,'Tommaso','Cancellotti','22-may-1992','Difensore'),
  ('041920','AC Perugia Calcio',8,'Salvatore','Burrai','26-may-1987','Centrocampista'),
  ('447217','AC Perugia Calcio',19,'Valentin','Vanbaleghem','9-oct-1996','Centrocampista'),
  ('319213','AC Perugia Calcio',null,'Vlad','Dragomir','24-apr-1999','Centrocampista'),
  ('529885','AC Perugia Calcio',28,'Christian','Kouan','20-dec-1999','Centrocampista'),
  ('234137','AC Perugia Calcio',13,'Dimitrios','Sounas','12-aug-1994','Centrocampista'),
  ('163264','AC Perugia Calcio',10,'Giovanni','Di Noia','3-jul-1994','Centrocampista'),
  ('163676','AC Perugia Calcio',17,'Marco','Moscati','1-nov-1992','Centrocampista'),
  ('563848','AC Perugia Calcio',15,'Amara','Konate','1-feb-1999','Centrocampista'),
  ('717297','AC Perugia Calcio',null,'Liran','Rigen','3-oct-2002','Centrocampista'),
  ('158548','AC Perugia Calcio',23,'Marcello','Falzerano','12-apr-1991','Centrocampista'),
  ('702168','AC Perugia Calcio',null,'Francesco','De Marco','18-mar-2003','Centrocampista'),
  ('392963','AC Perugia Calcio',7,'Salvatore','Elia','30-jun-1999','Attaccante'),
  ('082648','AC Perugia Calcio',null,'Mirko','Carretta','23-nov-1990','Attaccante'),
  ('678212','AC Perugia Calcio',16,'Alberto','Lunghi','27-apr-2003','Attaccante'),
  ('705066','AC Perugia Calcio',null,'Kushtrim','Morina','8-may-2003','Attaccante'),
  ('074642','AC Perugia Calcio',18,'Mattia','Minesso','30-mar-1990','Attaccante'),
  ('046060','AC Perugia Calcio',9,'Federico','Melchiorri','6-jan-1987','Attaccante'),
  ('164164','AC Perugia Calcio',11,'Jacopo','Murano','14-feb-1990','Attaccante'),
  ('392205','AC Perugia Calcio',20,'Andrea','Bianchimano','25-dec-1996','Attaccante'),
  ('400941','AC Perugia Calcio',32,'Michele','Vano','5-oct-1991','Attaccante'),
  ('056625','US Triestina',1,'Daniel','Offredi','26-mar-1988','Portiere'),
  ('124039','US Triestina',12,'Alex','Valentini','5-apr-1988','Portiere'),
  ('057645','US Triestina',22,'Raffaele','Ioime','27-oct-1987','Portiere'),
  ('690169','US Triestina',31,'Aniello','De Luca','17-aug-2003','Portiere'),
  ('625633','US Triestina',33,'Tommaso','Rossi','17-may-2002','Portiere'),
  ('834930','US Triestina',null,'Alessandro','Groaz','12-sep-2004','Portiere'),
  ('139606','US Triestina',4,'Aníbal','Capela','8-may-1991','Difensore'),
  ('160630','US Triestina',15,'Alessandro','Ligi','7-nov-1989','Difensore'),
  ('085484','US Triestina',5,'Alessandro','Lambrughi','19-may-1987','Difensore'),
  ('057309','US Triestina',16,'Angelo','Tartaglia','30-sep-1992','Difensore'),
  ('881622','US Triestina',null,'Manuel','Linussi','5-sep-2003','Difensore'),
  ('038824','US Triestina',3,'Davide','Brivio','17-mar-1988','Difensore'),
  ('058581','US Triestina',6,'Wálter','López','15-oct-1985','Difensore'),
  ('240342','US Triestina',13,'Lorenzo','Filippini','28-jul-1995','Difensore'),
  ('168202','US Triestina',14,'Francesco','Rapisarda','4-jun-1992','Difensore'),
  ('118938','US Triestina',19,'Franco','Lepore','16-aug-1985','Difensore'),
  ('070592','US Triestina',23,'Andraz','Struna','23-apr-1989','Difensore'),
  ('464752','US Triestina',null,'Antonio','Natalucci','1-aug-2000','Difensore'),
  ('707613','US Triestina',null,'Thomas','Zanchetta','18-apr-2003','Difensore'),
  ('158043','US Triestina',24,'Daniele','Giorico','1-jan-1992','Centrocampista'),
  ('006033','US Triestina',null,'Francesco','Lodi','23-mar-1984','Centrocampista'),
  ('542593','US Triestina',26,'Stefano','Palmucci','22-may-2001','Centrocampista'),
  ('130172','US Triestina',18,'Giuseppe','Rizzo','18-mar-1991','Centrocampista'),
  ('075669','US Triestina',8,'Federico','Maracchi','5-jun-1988','Centrocampista'),
  ('136091','US Triestina',27,'Simone','Calvano','11-jul-1993','Centrocampista'),
  ('631786','US Triestina',11,'Paulinho','null','26-aug-1997','Centrocampista'),
  ('834528','US Triestina',null,'Manuel','Natella','25-jun-2003','Centrocampista'),
  ('881621','US Triestina',null,'Alessandro','Barone','24-sep-2004','Centrocampista'),
  ('360516','US Triestina',null,'Reda','Boultam','3-mar-1998','Centrocampista'),
  ('457875','US Triestina',null,'Lorenzo','Cavaliere','28-may-2000','Centrocampista'),
  ('163565','US Triestina',null,'Leonardo','Gatto','28-apr-1992','Attaccante'),
  ('402114','US Triestina',null,'Alessio','Di Massimo','7-may-1996','Attaccante'),
  ('307334','US Triestina',7,'Davis','Mensah','2-aug-1991','Attaccante'),
  ('397448','US Triestina',17,'Andrea','Procaccio','11-jan-1996','Attaccante'),
  ('834527','US Triestina',null,'Simone','Butti','4-oct-2002','Attaccante'),
  ('881632','US Triestina',null,'Mattia','Cerrato','1-jan-2003','Attaccante'),
  ('167687','US Triestina',21,'Mirco','Petrella','30-jul-1993','Attaccante'),
  ('075186','US Triestina',10,'Vincenzo','Sarno','11-mar-1988','Attaccante'),
  ('183969','US Triestina',25,'Guido','Gomez','19-may-1994','Attaccante'),
  ('061803','US Triestina',9,'Pablo','Granoche','5-sep-1983','Attaccante'),
  ('084380','US Triestina',32,'Gianluca','Litteri','6-jun-1988','Attaccante'),
  ('881625','US Triestina',null,'Filippo','Chiavacci','1-jan-2001','Attaccante'),
  ('881647','US Triestina',null,'Bruno','Catania','1-jan-2004','Attaccante'),
  ('337360','Modena FC 2018',24,'Riccardo','Gagno','26-jul-1997','Portiere'),
  ('038599','Modena FC 2018',1,'Antonio','Narciso','1-oct-1980','Portiere'),
  ('616141','Modena FC 2018',22,'Andrea','Chiossi','26-jan-2002','Portiere'),
  ('852545','Modena FC 2018',null,'Riccardo','Aimi','24-jan-2003','Portiere'),
  ('387013','Modena FC 2018',4,'Antonio','Pergreffi','6-may-1988','Difensore'),
  ('199583','Modena FC 2018',19,'Giovanni','Zaro','12-may-1994','Difensore'),
  ('163298','Modena FC 2018',5,'Andrea','Ingegneri','18-jan-1992','Difensore'),
  ('197474','Modena FC 2018',null,'Luca','Milesi','28-apr-1993','Difensore'),
  ('264485','Modena FC 2018',15,'Ivan','De Santis','21-may-1997','Difensore'),
  ('337320','Modena FC 2018',null,'Nicola','Stefanelli','14-mar-1997','Difensore'),
  ('826555','Modena FC 2018',null,'Francesco','Gobbi','24-jan-2002','Difensore'),
  ('167801','Modena FC 2018',3,'Daniele','Mignanelli','10-may-1993','Difensore'),
  ('195307','Modena FC 2018',23,'Mickael','Varutti','15-jun-1990','Difensore'),
  ('297731','Modena FC 2018',17,'Enrico','Bearzotti','29-oct-1996','Difensore'),
  ('297646','Modena FC 2018',18,'Alessandro','Mattioli','13-feb-1998','Difensore'),
  ('330288','Modena FC 2018',16,'Fabio','Gerli','23-dec-1996','Centrocampista'),
  ('624152','Modena FC 2018',6,'Mario','Rabiu','6-feb-2000','Centrocampista'),
  ('062358','Modena FC 2018',8,'Luca','Castiglia','17-mar-1989','Centrocampista'),
  ('235923','Modena FC 2018',21,'Mattia','Muroni','6-apr-1996','Centrocampista'),
  ('150436','Modena FC 2018',14,'Mattia','Corradi','12-jan-1990','Centrocampista'),
  ('286288','Modena FC 2018',28,'Mario Francesco','Prezioso','15-apr-1996','Centrocampista'),
  ('061745','Modena FC 2018',20,'Guido','Davì','16-sep-1990','Centrocampista'),
  ('084404','Modena FC 2018',null,'Gianluca','Laurenti','14-apr-1990','Centrocampista'),
  ('854230','Modena FC 2018',null,'Riccardo','Vaccari','24-aug-2002','Centrocampista'),
  ('612540','Modena FC 2018',null,'Emanuele','Guerra','2-apr-2002','Centrocampista'),
  ('372720','Modena FC 2018',27,'Nicholas','Pierini','6-aug-1998','Attaccante'),
  ('287737','Modena FC 2018',7,'Tiziano','Tulissi','22-jul-1997','Attaccante'),
  ('084770','Modena FC 2018',10,'Felipe','Sodinha','17-jul-1988','Attaccante'),
  ('083370','Modena FC 2018',9,'Stefano','Scappini','2-feb-1988','Attaccante'),
  ('088764','Modena FC 2018',13,'Davide','Luppi','19-jul-1990','Attaccante'),
  ('162952','Modena FC 2018',29,'Gaetano','Monachello','3-mar-1994','Attaccante'),
  ('200145','Modena FC 2018',11,'Alberto','Spagnoli','2-oct-1994','Attaccante'),
  ('402915','Modena FC 2018',null,'Rocco','Costantino','8-may-1990','Attaccante'),
  ('817150','Modena FC 2018',null,'Fabio','Abiuso','2-feb-2003','Attaccante'),
  ('350082','SS Arezzo',null,'Marco','Pissardo','8-jan-1998','Portiere'),
  ('120347','SS Arezzo',1,'Andrea','Sala','16-sep-1993','Portiere'),
  ('460116','SS Arezzo',null,'Luca','Tamma','28-jan-2000','Portiere'),
  ('162951','SS Arezzo',13,'Riccardo','Melgrati','17-jun-1994','Portiere'),
  ('395750','SS Arezzo',null,'Andrea','Loliva','29-mar-2000','Portiere'),
  ('673127','SS Arezzo',null,'Mirko','Gagliardotto','6-aug-2002','Portiere'),
  ('296742','SS Arezzo',30,'Stefano','Tarolli','18-aug-1997','Portiere'),
  ('708069','SS Arezzo',null,'Edoardo','Gagliardi','20-aug-2003','Portiere'),
  ('324472','SS Arezzo',null,'Diego','Borghini','4-mar-1997','Difensore'),
  ('199747','SS Arezzo',5,'Andrea','Sbraga','14-jan-1992','Difensore'),
  ('056854','SS Arezzo',3,'Nicolò','Cherubin','2-dec-1986','Difensore'),
  ('160322','SS Arezzo',null,'Marco','Baldan','13-nov-1993','Difensore'),
  ('250547','SS Arezzo',29,'Marek','Kodr','17-aug-1996','Difensore'),
  ('395078','SS Arezzo',null,'Andrea','Maestrelli','23-feb-1998','Difensore'),
  ('396571','SS Arezzo',null,'Ciro','Cipolletta','31-oct-1996','Difensore'),
  ('357993','SS Arezzo',2,'Moris','Sportelli','31-jan-2000','Difensore'),
  ('503002','SS Arezzo',28,'Samuele','Bonaccorsi','28-sep-1998','Difensore'),
  ('330135','SS Arezzo',19,'Paride','Pinna','28-jul-1992','Difensore'),
  ('235822','SS Arezzo',36,'Francesco','Karkalis','19-jan-1995','Difensore'),
  ('410973','SS Arezzo',14,'Aly','Nader','13-jan-2000','Difensore'),
  ('073932','SS Arezzo',16,'Alessio','Luciani','16-jan-1990','Difensore'),
  ('497693','SS Arezzo',15,'Tommaso','Maggioni','22-aug-2001','Difensore'),
  ('398027','SS Arezzo',null,'Luca','Mosti','23-may-1998','Difensore'),
  ('392049','SS Arezzo',35,'Mauro','Zitelli','12-apr-2000','Difensore'),
  ('463795','SS Arezzo',null,'Filippo','Gilli','19-oct-2000','Difensore'),
  ('044230','SS Arezzo',null,'Mate','Males','11-mar-1989','Centrocampista'),
  ('452867','SS Arezzo',21,'Massimiliano','Benucci','10-nov-1998','Centrocampista'),
  ('736774','SS Arezzo',null,'Sekou','Soumah','2-mar-2001','Centrocampista'),
  ('091916','SS Arezzo',null,'Fabio','Foglia','5-jun-1989','Centrocampista'),
  ('183460','SS Arezzo',4,'Mariano','Arini','17-jan-1987','Centrocampista'),
  ('283309','SS Arezzo',31,'Alessandro','Di Paolantonio','31-dec-1992','Centrocampista'),
  ('170085','SS Arezzo',46,'Daniele','Altobelli','18-mar-1993','Centrocampista'),
  ('281105','SS Arezzo',37,'Matteo','Serrotti','1-nov-1986','Centrocampista'),
  ('305686','SS Arezzo',null,'Alberto','Picchi','12-aug-1997','Centrocampista'),
  ('383165','SS Arezzo',null,'Mirko','Bortoletti','19-nov-1998','Centrocampista'),
  ('619926','SS Arezzo',null,'Mouhamadou','Sakho','4-may-2000','Centrocampista'),
  ('336925','SS Arezzo',26,'Christian','Ventola','15-may-1997','Centrocampista'),
  ('817040','SS Arezzo',null,'Raffaele','Scuderi','19-feb-2002','Centrocampista'),
  ('459653','SS Arezzo',null,'Gabriele','Raja','26-jan-2000','Centrocampista'),
  ('253857','SS Arezzo',24,'Alessandro','Piu','30-jul-1996','Attaccante'),
  ('287265','SS Arezzo',23,'Andrea','Di Grazia','8-may-1996','Attaccante'),
  ('603524','SS Arezzo',25,'Christian','Sussi','7-mar-2001','Attaccante'),
  ('790885','SS Arezzo',44,'Daniele','Iacoponi','25-mar-2002','Attaccante'),
  ('357998','SS Arezzo',null,'Davide','Merola','27-mar-2000','Attaccante'),
  ('240190','SS Arezzo',7,'Niccolò','Belloni','10-jul-1994','Attaccante'),
  ('021748','SS Arezzo',null,'Alessio','Cerci','23-jul-1987','Attaccante'),
  ('038585','SS Arezzo',10,'Aniello','Cutolo','19-may-1983','Attaccante'),
  ('098854','SS Arezzo',27,'Leonardo','Pérez','27-sep-1989','Attaccante'),
  ('355787','SS Arezzo',8,'Cristian','Carletti','27-jul-1996','Attaccante'),
  ('101919','SS Arezzo',9,'Massimiliano','Pesenti','13-apr-1987','Attaccante'),
  ('459644','SS Arezzo',null,'Adama','Sane','11-jun-2000','Attaccante'),
  ('581912','SS Arezzo',32,'Diego','Zuppel','13-oct-2002','Attaccante'),
  ('347656','SS Arezzo',17,'Antonio','Di Nardo','30-sep-1998','Attaccante'),
  ('860708','SS Arezzo',18,'Simone','Stampete','28-nov-2002','Attaccante'),
  ('411371','AS Sambenedettese',22,'Tommaso','Nobile','3-nov-1996','Portiere'),
  ('568846','AS Sambenedettese',1,'Gonzalo','Laborda','13-jan-1995','Portiere'),
  ('697918','AS Sambenedettese',12,'Lorenzo','Fusco','9-sep-2001','Portiere'),
  ('120767','AS Sambenedettese',4,'Dario','D''Ambrosio','9-sep-1988','Difensore'),
  ('163061','AS Sambenedettese',2,'Giacomo','Biondi','15-feb-1993','Difensore'),
  ('287498','AS Sambenedettese',6,'Davide','Di Pasquale','27-jan-1996','Difensore'),
  ('241899','AS Sambenedettese',15,'Andrea','Cristini','29-jul-1994','Difensore'),
  ('487633','AS Sambenedettese',5,'Patrick','Enrici','2-may-2001','Difensore'),
  ('075595','AS Sambenedettese',28,'Esteban','Goicoechea','22-sep-1986','Difensore'),
  ('615242','AS Sambenedettese',33,'Ignacio','Liporace','10-apr-1992','Difensore'),
  ('341081','AS Sambenedettese',3,'Lorenzo','Trillò','20-may-1997','Difensore'),
  ('199115','AS Sambenedettese',25,'Andrea','Scrugli','25-jul-1992','Difensore'),
  ('438807','AS Sambenedettese',29,'Simone','Lavilla','7-sep-1997','Difensore'),
  ('267433','AS Sambenedettese',14,'Iván','Rossi','1-nov-1993','Centrocampista'),
  ('164545','AS Sambenedettese',23,'Federico','Angiulli','4-mar-1992','Centrocampista'),
  ('431735','AS Sambenedettese',30,'Rodrigo','De Ciancio','30-mar-1995','Centrocampista'),
  ('240955','AS Sambenedettese',31,'Mattia','Lombardo','14-feb-1995','Centrocampista'),
  ('195455','AS Sambenedettese',16,'Angelo','D''Angelo','18-sep-1985','Centrocampista'),
  ('457681','AS Sambenedettese',19,'Shaka Mawuli','Eklu','16-may-1998','Centrocampista'),
  ('459665','AS Sambenedettese',null,'Patrizio','Masini','27-jan-2001','Centrocampista'),
  ('534608','AS Sambenedettese',null,'Ludovico','Rocchi','18-feb-1997','Centrocampista'),
  ('564727','AS Sambenedettese',21,'Vittorio','Mehmetaj','27-mar-2001','Centrocampista'),
  ('888134','AS Sambenedettese',null,'Jacopo','Domizi','1-mar-2003','Centrocampista'),
  ('888135','AS Sambenedettese',null,'Alessandro','Medori','1-mar-2002','Centrocampista'),
  ('088542','AS Sambenedettese',10,'Rubén','Botta','31-jan-1990','Centrocampista'),
  ('133823','AS Sambenedettese',13,'Mario','Babic','3-jul-1992','Centrocampista'),
  ('278982','AS Sambenedettese',8,'Santiago','Chacón','30-may-1992','Centrocampista'),
  ('461173','AS Sambenedettese',null,'Lorenzo','Panaioli','14-jan-1999','Centrocampista'),
  ('451354','AS Sambenedettese',null,'Manuele','Malotti','24-apr-1997','Attaccante'),
  ('331476','AS Sambenedettese',24,'Antonio','Bacio Terracino','11-dec-1992','Attaccante'),
  ('801864','AS Sambenedettese',7,'Agustín','Occhiato','8-jul-1997','Attaccante'),
  ('355421','AS Sambenedettese',20,'Francesco','Serafino','17-sep-1997','Attaccante'),
  ('256008','AS Sambenedettese',32,'Facundo','Lescano','18-aug-1996','Attaccante'),
  ('057653','AS Sambenedettese',null,'Manuel','Nocciolini','18-may-1989','Attaccante'),
  ('026263','AS Sambenedettese',11,'Maxi','López','3-apr-1984','Attaccante'),
  ('030263','AS Sambenedettese',17,'Stefano','Padovan','16-apr-1994','Attaccante'),
  ('888136','AS Sambenedettese',null,'Karim','Cardoni','14-feb-2004','Attaccante'),
  ('347353','Cesena FC',null,'Leonardo','Marson','5-jan-1998','Portiere'),
  ('306609','Cesena FC',33,'Michele','Nardi','9-jul-1986','Portiere'),
  ('323255','Cesena FC',null,'Giacomo','Satalino','20-may-1999','Portiere'),
  ('269421','Cesena FC',22,'Elia','Benedettini','22-jun-1995','Portiere'),
  ('544360','Cesena FC',null,'Alessandro','Bizzini','19-sep-2002','Portiere'),
  ('846477','Cesena FC',null,'Davide','Fabbri','11-apr-2003','Portiere'),
  ('864465','Cesena FC',null,'Giacomo','Venturini','1-jan-2004','Portiere'),
  ('392524','Cesena FC',15,'Andrea','Ciofi','28-jun-1999','Difensore'),
  ('163072','Cesena FC',27,'Lorenzo','Gonnelli','28-jun-1993','Difensore'),
  ('392617','Cesena FC',3,'Rosario','Maddaloni','2-jul-1998','Difensore'),
  ('075613','Cesena FC',13,'Luca','Ricci','13-mar-1989','Difensore'),
  ('616906','Cesena FC',null,'Filippo','Fabbri','7-jan-2002','Difensore'),
  ('817468','Cesena FC',null,'Tomas','Lepri','22-apr-2003','Difensore'),
  ('448395','Cesena FC',16,'Giulio','Favale','25-jan-1998','Difensore'),
  ('457444','Cesena FC',null,'Giuseppe','Aurelio','22-mar-2000','Difensore'),
  ('535139','Cesena FC',24,'Mattia','Tonetto','26-mar-2001','Difensore'),
  ('390120','Cesena FC',6,'Davide','Zappella','29-apr-1998','Difensore'),
  ('240019','Cesena FC',2,'Leonardo','Longo','15-may-1995','Difensore'),
  ('052136','Cesena FC',4,'Davide','Di Gennaro','16-jun-1988','Centrocampista'),
  ('199921','Cesena FC',25,'Davide','Petermann','25-dec-1994','Centrocampista'),
  ('817582','Cesena FC',null,'Nicolò','Vallocchia','1-feb-2002','Centrocampista'),
  ('198104','Cesena FC',5,'Demetrio','Steffè','30-jul-1996','Centrocampista'),
  ('062710','Cesena FC',17,'Francesco','Ardizzone','17-feb-1992','Centrocampista'),
  ('434551','Cesena FC',18,'Michele','Collocolo','8-nov-1999','Centrocampista'),
  ('465660','Cesena FC',null,'Alessandro','Sala','7-may-2001','Centrocampista'),
  ('503165','Cesena FC',29,'Francesco','Campagna','27-nov-2000','Centrocampista'),
  ('616645','Cesena FC',null,'Leonardo','Boriani','12-feb-2002','Centrocampista'),
  ('163281','Cesena FC',32,'Nicola','Capellini','24-feb-1991','Centrocampista'),
  ('278309','Cesena FC',10,'Simone','Russini','20-mar-1996','Attaccante'),
  ('460658','Cesena FC',null,'Christian','Koffi','28-aug-2000','Attaccante'),
  ('421446','Cesena FC',14,'Gabriele','Capanni','2-dec-2000','Attaccante'),
  ('485798','Cesena FC',11,'Davide','Munari','27-jan-2000','Attaccante'),
  ('373379','Cesena FC',23,'Giuseppe','Borello','28-apr-1999','Attaccante'),
  ('320456','Cesena FC',7,'Giacomo','Zecca','6-jul-1997','Attaccante'),
  ('269870','Cesena FC',20,'Mattia','Bortolussi','2-may-1996','Attaccante'),
  ('056898','Cesena FC',9,'Salvatore','Caturano','3-jul-1990','Attaccante'),
  ('311334','Cesena FC',26,'Lorenzo','Sorrentino','20-sep-1995','Attaccante'),
  ('401384','Cesena FC',19,'Nicola','Nanni','2-may-2000','Attaccante'),
  ('621803','Cesena FC',null,'Tommaso','Bernardi','8-apr-2001','Attaccante'),
  ('327326','FC Südtirol',1,'Giacomo','Poluzzi','25-feb-1988','Portiere'),
  ('524393','FC Südtirol',22,'Marco','Meneghetti','1-jun-2001','Portiere'),
  ('717423','FC Südtirol',12,'Julian','Pircher','10-feb-2003','Portiere'),
  ('886189','FC Südtirol',null,'Daniel','Theiner','25-feb-2004','Portiere'),
  ('140189','FC Südtirol',5,'Kévin','Vinetot','14-jun-1988','Difensore'),
  ('315857','FC Südtirol',4,'Marco','Curto','5-jan-1999','Difensore'),
  ('104332','FC Südtirol',23,'Alessandro','Malomo','12-apr-1991','Difensore'),
  ('290716','FC Südtirol',null,'Nicolò','Gigli','11-jan-1996','Difensore'),
  ('062530','FC Südtirol',25,'Jan','Polak','26-mar-1989','Difensore'),
  ('819674','FC Südtirol',null,'Andrea','Bussi','1-jan-2003','Difensore'),
  ('890232','FC Südtirol',null,'Jonas','Heinz','21-mar-2003','Difensore'),
  ('611197','FC Südtirol',13,'Simone','Davi','16-sep-1999','Difensore'),
  ('285776','FC Südtirol',20,'Gabriele','Morelli','12-dec-1996','Difensore'),
  ('395089','FC Südtirol',2,'Hamza','El Kaouakibi','22-may-1998','Difensore'),
  ('704254','FC Südtirol',null,'Niccolò','Gabrieli','7-feb-2002','Difensore'),
  ('092870','FC Südtirol',8,'Emanuele','Gatto','11-aug-1994','Centrocampista'),
  ('087260','FC Südtirol',30,'Marco','Beccaro','25-nov-1989','Centrocampista'),
  ('393236','FC Südtirol',14,'Nermin','Karić','23-jul-1999','Centrocampista'),
  ('119051','FC Südtirol',10,'Hannes','Fink','6-oct-1989','Centrocampista'),
  ('816366','FC Südtirol',null,'Stefano','Calabrese','9-jan-2002','Centrocampista'),
  ('039831','FC Südtirol',null,'Leandro','Greco','19-jul-1986','Centrocampista'),
  ('865808','FC Südtirol',null,'Juxhino','Sade','23-apr-2002','Centrocampista'),
  ('331395','FC Südtirol',21,'Fabian','Tait','10-feb-1993','Centrocampista'),
  ('462328','FC Südtirol',3,'Alessandro','Fabbri','11-mar-1990','Centrocampista'),
  ('199272','FC Südtirol',17,'Daniele','Casiraghi','10-mar-1993','Centrocampista'),
  ('199947','FC Südtirol',7,'Davide','Voltan','15-apr-1995','Centrocampista'),
  ('043895','FC Südtirol',null,'Gianluca','Turchetta','29-may-1991','Attaccante'),
  ('392577','FC Südtirol',18,'Matteo','Rover','20-feb-1999','Attaccante'),
  ('102379','FC Südtirol',11,'Manuel','Fischnaller','20-jul-1991','Attaccante'),
  ('136114','FC Südtirol',29,'Simone','Magnaghi','12-oct-1993','Attaccante'),
  ('099408','FC Südtirol',32,'Mattia','Marchi','14-jan-1989','Attaccante'),
  ('307335','FC Südtirol',9,'Raphael','Odogwu','28-jan-1991','Attaccante'),
  ('398082','FC Südtirol',null,'Mauro','Semprini','15-apr-1998','Attaccante'),
  ('713241','FC Südtirol',null,'Alessandro','Bertuolo','24-mar-2002','Attaccante'),
  ('287752','Feralpisalò',22,'Victor','De Lucia','28-may-1996','Portiere'),
  ('057815','Feralpisalò',1,'Luca','Liverani','2-jun-1989','Portiere'),
  ('697029','Feralpisalò',12,'Stefano','Magoni','14-jan-2002','Portiere'),
  ('896527','Feralpisalò',null,'Paolo','Venturelli','11-may-2004','Portiere'),
  ('084742','Feralpisalò',4,'Nicolas','Giani','13-mar-1986','Difensore'),
  ('077970','Feralpisalò',13,'Elia','Legati','3-jan-1986','Difensore'),
  ('394855','Feralpisalò',28,'Tommaso','Farabegoli','26-mar-1999','Difensore'),
  ('167874','Feralpisalò',6,'Loris','Bacchetti','6-feb-1993','Difensore'),
  ('421869','Feralpisalò',31,'Nicholas','Rizzo','11-mar-2000','Difensore'),
  ('202977','Feralpisalò',5,'Luca','Iotti','9-nov-1995','Difensore'),
  ('810768','Feralpisalò',null,'Lorenzo','Messali','14-feb-2002','Difensore'),
  ('465667','Feralpisalò',3,'Giorgio','Brogni','28-jan-2001','Difensore'),
  ('267101','Feralpisalò',null,'Davide','Vitturini','21-feb-1997','Difensore'),
  ('536837','Feralpisalò',2,'Federico','Bergonzi','12-jan-2001','Difensore'),
  ('395190','Feralpisalò',null,'Francesco','Mezzoni','27-may-2000','Difensore'),
  ('062718','Feralpisalò',21,'Federico','Carraro','23-jun-1992','Centrocampista'),
  ('810770','Feralpisalò',26,'Niccolò','Pinardi','26-jun-2001','Centrocampista'),
  ('096133','Feralpisalò',17,'Fabio','Scarsella','19-jul-1989','Centrocampista'),
  ('134383','Feralpisalò',23,'Tommaso','Morosini','8-oct-1991','Centrocampista'),
  ('364136','Feralpisalò',30,'Lorenzo','Gavioli','7-jan-2000','Centrocampista'),
  ('397249','Feralpisalò',8,'Luca','Guidetti','5-jun-1986','Centrocampista'),
  ('166557','Feralpisalò',null,'Luca','Baldassin','28-may-1994','Centrocampista'),
  ('392961','Feralpisalò',27,'Denis','Hergheligiu','9-dec-1999','Centrocampista'),
  ('370435','Feralpisalò',19,'Ludovico','D''Orazio','19-feb-2000','Attaccante'),
  ('106136','Feralpisalò',11,'Giacomo','Tulli','24-oct-1987','Attaccante'),
  ('660190','Feralpisalò',null,'Mattia','Tirelli','30-jun-2002','Attaccante'),
  ('127222','Feralpisalò',10,'Tommaso','Ceccarelli','2-jun-1992','Attaccante'),
  ('163964','Feralpisalò',7,'Andrea','Petrucci','16-jun-1991','Attaccante'),
  ('076110','Feralpisalò',32,'Simone','Guerra','30-aug-1989','Attaccante'),
  ('199888','Feralpisalò',null,'Caio','De Cenco','5-may-1989','Attaccante'),
  ('129616','Feralpisalò',9,'Luca','Miracoli','31-mar-1992','Attaccante'),
  ('889886','Feralpisalò',null,'Stefano','Apollonio','12-jan-2002','Attaccante'),
  ('623851','Vis Pesaro dal 1898',1,'Khadim','Ndiaye','12-apr-2000','Portiere'),
  ('323929','Vis Pesaro dal 1898',34,'Bruno','Bertinato','31-may-1998','Portiere'),
  ('048003','Vis Pesaro dal 1898',null,'Christian','Puggioni','17-jan-1981','Portiere'),
  ('523971','Vis Pesaro dal 1898',12,'Paolo','Bastianello','14-feb-1998','Portiere'),
  ('395880','Vis Pesaro dal 1898',22,'Andrea','Bianchini','3-jul-1999','Portiere'),
  ('727910','Vis Pesaro dal 1898',null,'Michele','Sodani','12-nov-2002','Portiere'),
  ('144037','Vis Pesaro dal 1898',21,'Mattia','Gennari','18-dec-1991','Difensore'),
  ('283319','Vis Pesaro dal 1898',24,'Manuel','Ferrani','29-jun-1987','Difensore'),
  ('536341','Vis Pesaro dal 1898',3,'Diego','Stramaccioni','2-jan-2001','Difensore'),
  ('336926','Vis Pesaro dal 1898',6,'Pasquale','Di Sabatino','26-feb-1997','Difensore'),
  ('355791','Vis Pesaro dal 1898',29,'Fabrizio','Brignani','13-jan-1998','Difensore'),
  ('391011','Vis Pesaro dal 1898',null,'Tommaso','Lelj','6-apr-1985','Difensore'),
  ('091058','Vis Pesaro dal 1898',null,'Enrico','Pezzi','24-sep-1989','Difensore'),
  ('349715','Vis Pesaro dal 1898',15,'Federico','Giraudo','11-aug-1998','Difensore'),
  ('381794','Vis Pesaro dal 1898',25,'Lorenzo','Carissoni','7-feb-1997','Difensore'),
  ('320658','Vis Pesaro dal 1898',null,'Alessandro','Eleuteri','8-jun-1998','Difensore'),
  ('200117','Vis Pesaro dal 1898',17,'Valerio','Nava','17-jan-1994','Difensore'),
  ('334952','Vis Pesaro dal 1898',4,'Luca','Gelonese','11-may-1995','Centrocampista'),
  ('337315','Vis Pesaro dal 1898',32,'Manuel','Di Paola','6-oct-1997','Centrocampista'),
  ('395140','Vis Pesaro dal 1898',26,'Michael','D''Eramo','13-aug-1999','Centrocampista'),
  ('076763','Vis Pesaro dal 1898',33,'Lorenzo','Tassi','12-feb-1995','Centrocampista'),
  ('393605','Vis Pesaro dal 1898',18,'Andrea','Tessiore','1-oct-1999','Centrocampista'),
  ('367621','Vis Pesaro dal 1898',27,'Yassine','Ejjaki','15-may-1999','Centrocampista'),
  ('423615','Vis Pesaro dal 1898',8,'Leonardo','Benedetti','6-jun-2000','Centrocampista'),
  ('844145','Vis Pesaro dal 1898',null,'Giovanni','Galeazzi','9-mar-2003','Centrocampista'),
  ('890231','Vis Pesaro dal 1898',null,'Giacomo','Pierpaoli','26-apr-2002','Centrocampista'),
  ('033340','Vis Pesaro dal 1898',10,'Flavio','Lazzari','5-sep-1986','Centrocampista'),
  ('741681','Vis Pesaro dal 1898',null,'Mattia','Gaudenzi','19-aug-2001','Centrocampista'),
  ('577594','Vis Pesaro dal 1898',null,'Blue','Mamona','15-may-2002','Attaccante'),
  ('199645','Vis Pesaro dal 1898',23,'Gianmarco','De Feo','2-jun-1994','Attaccante'),
  ('526021','Vis Pesaro dal 1898',11,'Orazio','Pannitteri','17-aug-1999','Attaccante'),
  ('808052','Vis Pesaro dal 1898',null,'Samuele','Faraghini','12-apr-2002','Attaccante'),
  ('458816','Vis Pesaro dal 1898',20,'Kevin','Cannavò','9-feb-2000','Attaccante'),
  ('140084','Vis Pesaro dal 1898',7,'Ettore','Marchi','6-nov-1985','Attaccante'),
  ('387304','Vis Pesaro dal 1898',28,'Niccolò','Gucci','3-jun-1990','Attaccante'),
  ('239107','Vis Pesaro dal 1898',null,'Francesco','Marcheggiani','2-aug-1991','Attaccante'),
  ('340639','Vis Pesaro dal 1898',null,'Ngissah','Bismark','9-jan-1998','Attaccante'),
  ('039984','Vis Pesaro dal 1898',9,'Domenico','Germinale','3-jun-1987','Attaccante'),
  ('536350','Vis Pesaro dal 1898',null,'Federico','Benedetti','15-may-2001','Attaccante'),
  ('315788','AS Gubbio 1910',1,'Tommaso','Cucchietti','24-jan-1998','Portiere'),
  ('464753','AS Gubbio 1910',12,'Emanuele','Zamarion','4-aug-2000','Portiere'),
  ('179658','AS Gubbio 1910',32,'Luca','Savelloni','16-jul-1995','Portiere'),
  ('611008','AS Gubbio 1910',null,'Pietro','Montanari','7-mar-2003','Portiere'),
  ('459975','AS Gubbio 1910',29,'Alessandro','Guerri','13-mar-2001','Portiere'),
  ('814756','AS Gubbio 1910',null,'Leonardo','Elisei','13-jul-2003','Portiere'),
  ('056682','AS Gubbio 1910',15,'Andrea','Signorini','31-jan-1990','Difensore'),
  ('116231','AS Gubbio 1910',5,'Maximiliano','Uggè','24-sep-1991','Difensore'),
  ('390724','AS Gubbio 1910',14,'Manuel','Ferrini','25-jun-1998','Difensore'),
  ('198973','AS Gubbio 1910',23,'Davide','Cinaglia','10-apr-1994','Difensore'),
  ('709987','AS Gubbio 1910',null,'Lorenzo','Giacometti','16-mar-2003','Difensore'),
  ('352663','AS Gubbio 1910',3,'Lorenzo','Migliorelli','3-may-1998','Difensore'),
  ('095779','AS Gubbio 1910',2,'Giovanni','Formiconi','14-dec-1989','Difensore'),
  ('480248','AS Gubbio 1910',25,'Rafa','Muñoz','19-jun-1994','Difensore'),
  ('674409','AS Gubbio 1910',18,'Daniele','Sorbelli','22-jun-2002','Difensore'),
  ('300156','AS Gubbio 1910',8,'Linas','Megelaitis','9-sep-1998','Centrocampista'),
  ('240807','AS Gubbio 1910',17,'Zaccaria','Hamlili','27-apr-1991','Centrocampista'),
  ('565041','AS Gubbio 1910',null,'Alessandro','Lovisa','22-aug-2001','Centrocampista'),
  ('818377','AS Gubbio 1910',null,'Gianfilippo','Gaia','4-mar-2002','Centrocampista'),
  ('433881','AS Gubbio 1910',7,'Filippo','Serena','12-oct-1999','Centrocampista'),
  ('140110','AS Gubbio 1910',19,'Nicola','Malaccari','16-feb-1992','Centrocampista'),
  ('393487','AS Gubbio 1910',26,'Shady','Oukhadda','17-jan-1999','Centrocampista'),
  ('364205','AS Gubbio 1910',4,'Zakaria','Sdaigui','9-aug-2000','Centrocampista'),
  ('457251','AS Gubbio 1910',31,'Gabriele','Ingrosso','23-may-2000','Centrocampista'),
  ('062379','AS Gubbio 1910',10,'Cristian','Pasquato','20-jul-1989','Centrocampista'),
  ('142034','AS Gubbio 1910',20,'Miguel Ángel','Sainz-Maza','6-jan-1993','Centrocampista'),
  ('818376','AS Gubbio 1910',null,'Federico','Ruggeri','23-apr-2003','Centrocampista'),
  ('038592','AS Gubbio 1910',21,'Juanito','Gómez','20-may-1985','Attaccante'),
  ('233654','AS Gubbio 1910',30,'Francesco','Fedato','15-oct-1992','Attaccante'),
  ('136100','AS Gubbio 1910',11,'Elio','De Silvestro','10-mar-1993','Attaccante'),
  ('818375','AS Gubbio 1910',null,'Pietro','Ceppodomo','4-jul-2003','Attaccante'),
  ('044368','AS Gubbio 1910',null,'Federico','Gerardi','10-dec-1987','Attaccante'),
  ('546627','AS Gubbio 1910',9,'Jacopo','Pellegrini','12-sep-2000','Attaccante'),
  ('029565','Fermana FC',1,'Paolo','Ginestra','14-feb-1979','Portiere'),
  ('242537','Fermana FC',30,'Samuele','Massolo','4-may-1996','Portiere'),
  ('463559','Fermana FC',12,'Edoardo','Colombo','24-jan-2001','Portiere'),
  ('536937','Fermana FC',null,'Nunzio','Zizzania','8-jun-2001','Portiere'),
  ('818703','Fermana FC',null,'Elia','Tantalocchi','30-jun-2004','Portiere'),
  ('198133','Fermana FC',14,'Edoardo','Scrosta','11-jul-1992','Difensore'),
  ('195192','Fermana FC',6,'Marco','Manetta','14-jul-1991','Difensore'),
  ('387182','Fermana FC',32,'Andrea','Bonetto','21-jan-1997','Difensore'),
  ('462267','Fermana FC',null,'Adriano','Esposito','28-jul-1999','Difensore'),
  ('309064','Fermana FC',5,'Marco','Comotto','9-dec-1983','Difensore'),
  ('489756','Fermana FC',null,'Ismaila','Diop','19-dec-1999','Difensore'),
  ('390154','Fermana FC',2,'Claudio','Manzi','21-jun-2000','Difensore'),
  ('288570','Fermana FC',3,'Davide','Mordini','3-aug-1996','Difensore'),
  ('163599','Fermana FC',21,'Nicolò','Sperotto','30-mar-1992','Difensore'),
  ('355447','Fermana FC',null,'Gianluca','Clemente','15-apr-1996','Difensore'),
  ('402911','Fermana FC',24,'Stefano','Rossoni','14-jan-1997','Difensore'),
  ('397564','Fermana FC',20,'Donato','De Pascalis','11-may-1998','Difensore'),
  ('241074','Fermana FC',31,'Giovanni','Graziano','7-nov-1995','Centrocampista'),
  ('340446','Fermana FC',19,'Lorenzo','Grossi','25-mar-1998','Centrocampista'),
  ('459145','Fermana FC',null,'Simone','Isacco','1-feb-2000','Centrocampista'),
  ('405029','Fermana FC',4,'Gianluca','Urbinati','27-sep-1987','Centrocampista'),
  ('421781','Fermana FC',null,'Valerio','Labriola','13-apr-2001','Centrocampista'),
  ('167446','Fermana FC',16,'Vittorio','Fabris','23-mar-1993','Centrocampista'),
  ('459937','Fermana FC',27,'Elian','Demirovic','1-jun-2000','Centrocampista'),
  ('527601','Fermana FC',26,'Niccolò','Bigica','5-mar-2001','Centrocampista'),
  ('607078','Fermana FC',null,'Giuseppe','Staiano','13-aug-2001','Centrocampista'),
  ('070305','Fermana FC',29,'Paolo','Grbac','9-jul-1990','Centrocampista'),
  ('229337','Fermana FC',11,'Samuele','Neglia','11-aug-1991','Attaccante'),
  ('240518','Fermana FC',10,'Ilario','Iotti','10-may-1995','Attaccante'),
  ('164344','Fermana FC',23,'Simone','D''Anna','24-may-1990','Attaccante'),
  ('536949','Fermana FC',null,'Francesco','Intinacelli','12-nov-2001','Attaccante'),
  ('199243','Fermana FC',17,'Kingsley','Boateng','7-apr-1994','Attaccante'),
  ('395436','Fermana FC',null,'Luigi','Liguori','31-mar-1998','Attaccante'),
  ('401163','Fermana FC',25,'Ciro','Palmieri','1-feb-2000','Attaccante'),
  ('119356','Fermana FC',9,'Luca','Cognigni','23-mar-1991','Attaccante'),
  ('612489','Fermana FC',null,'Alessio','Nepi','25-jan-2000','Attaccante'),
  ('176463','Fermana FC',7,'Davide','Cais','17-feb-1994','Attaccante'),
  ('285915','Fermana FC',null,'Simone','Raffini','28-dec-1996','Attaccante'),
  ('534202','Fermana FC',8,'Redi','Kasa','1-sep-2001','Attaccante'),
  ('171204','Fermana FC',18,'Luca','Cremona','12-dec-1985','Attaccante'),
  ('886196','Fermana FC',13,'Lorenzo','Grassi','27-jul-2004','Attaccante'),
  ('057657','Mantova 1911',1,'Andrea','Tozzo','30-aug-1992','Portiere'),
  ('459966','Mantova 1911',22,'Riccardo','Tosi','27-dec-1999','Portiere'),
  ('373358','Mantova 1911',28,'Enrico','Vencato','19-dec-1998','Portiere'),
  ('638076','Mantova 1911',null,'Gabriel Vittorio','Gecchele','27-jun-2003','Portiere'),
  ('825326','Mantova 1911',null,'Axel','Bertolotti','25-jun-2004','Portiere'),
  ('315874','Mantova 1911',4,'Gianmaria','Zanandrea','26-may-1999','Difensore'),
  ('167289','Mantova 1911',5,'Lorenzo','Checchi','20-jan-1991','Difensore'),
  ('336928','Mantova 1911',21,'Alessio','Milillo','31-mar-1997','Difensore'),
  ('394872','Mantova 1911',13,'Rayyan','Baniya','18-feb-1999','Difensore'),
  ('644891','Mantova 1911',null,'Federico','Tosi','11-apr-2002','Difensore'),
  ('569964','Mantova 1911',14,'Giuseppe','Palmiero','27-aug-2001','Difensore'),
  ('211416','Mantova 1911',23,'Erik','Panizzi','15-feb-1994','Difensore'),
  ('287886','Mantova 1911',2,'Davide','Bianchi','11-may-1996','Difensore'),
  ('287636','Mantova 1911',18,'Mirko','Esposito','8-apr-1996','Difensore'),
  ('389842','Mantova 1911',20,'Matteo','Pinton','9-aug-1998','Difensore'),
  ('148972','Mantova 1911',8,'Urban','Zibert','8-may-1992','Centrocampista'),
  ('420515','Mantova 1911',19,'Leonardo','Mazza','27-sep-2000','Centrocampista'),
  ('239584','Mantova 1911',16,'Matteo','Gerbaudo','10-may-1995','Centrocampista'),
  ('538063','Mantova 1911',30,'Lucas','Felippe','3-may-2000','Centrocampista'),
  ('339866','Mantova 1911',3,'Vincenzo','Silvestro','31-jul-1998','Centrocampista'),
  ('315863','Mantova 1911',6,'Alessio','Militari','15-jan-1999','Centrocampista'),
  ('372122','Mantova 1911',17,'Aleksejs','Saveljevs','30-jan-1999','Centrocampista'),
  ('291433','Mantova 1911',7,'Claudio','Zappa','30-mar-1997','Centrocampista'),
  ('248333','Mantova 1911',null,'Simone','Rosso','10-nov-1995','Attaccante'),
  ('238951','Mantova 1911',33,'Davide','Di Molfetta','23-jun-1996','Attaccante'),
  ('818708','Mantova 1911',null,'Carmine','Nappi','27-apr-2002','Attaccante'),
  ('252743','Mantova 1911',10,'Filippo','Guccione','8-nov-1992','Attaccante'),
  ('603906','Mantova 1911',null,'Manuel','Fontana','29-may-2002','Attaccante'),
  ('160334','Mantova 1911',9,'Simone','Ganz','21-sep-1993','Attaccante'),
  ('100176','Mantova 1911',null,'Gianmarco','Zigoni','10-may-1991','Attaccante'),
  ('521407','Mantova 1911',29,'Walid','Cheddira','22-jan-1998','Attaccante'),
  ('336636','Mantova 1911',null,'Matteo','Cortesi','21-oct-1997','Attaccante'),
  ('534116','Mantova 1911',25,'Niccolò','Moreo','25-mar-2001','Attaccante'),
  ('494805','Athletic Carpi 2021',1,'Alessio','Pozzi','14-dec-2000','Portiere'),
  ('408299','Athletic Carpi 2021',12,'Matteo','Rossi','24-may-2000','Portiere'),
  ('060727','Athletic Carpi 2021',22,'Andrea','Rossini','17-jan-1990','Portiere'),
  ('162956','Athletic Carpi 2021',30,'Matteo','Ricci','4-feb-1994','Portiere'),
  ('858002','Athletic Carpi 2021',null,'Paolo','Cavazza','28-aug-2003','Portiere'),
  ('183993','Athletic Carpi 2021',13,'Minel','Sabotic','20-jan-1994','Difensore'),
  ('441611','Athletic Carpi 2021',23,'Michael','Venturi','23-jan-1999','Difensore'),
  ('057099','Athletic Carpi 2021',25,'Simone','Gozzi','13-apr-1986','Difensore'),
  ('186395','Athletic Carpi 2021',null,'Attila','Varga','11-apr-1996','Difensore'),
  ('392848','Athletic Carpi 2021',6,'Fabio','Varoli','14-jan-1999','Difensore'),
  ('500507','Athletic Carpi 2021',3,'Luca','Ercolani','25-nov-1999','Difensore'),
  ('816930','Athletic Carpi 2021',31,'Andrei','Motoc','13-apr-2002','Difensore'),
  ('238968','Athletic Carpi 2021',26,'Matteo','Lomolino','11-mar-1996','Difensore'),
  ('265087','Athletic Carpi 2021',4,'Andrés','Llamas','7-may-1998','Difensore'),
  ('816878','Athletic Carpi 2021',null,'Lorenzo','Di Marco','3-oct-2003','Difensore'),
  ('480047','Athletic Carpi 2021',null,'Federico','Danovaro','7-sep-2001','Difensore'),
  ('889893','Athletic Carpi 2021',null,'Jacopo','Deratti','1-jul-2003','Difensore'),
  ('390163','Athletic Carpi 2021',16,'Andrea','Ghion','23-feb-2000','Centrocampista'),
  ('614505','Athletic Carpi 2021',24,'Thiago','Ceijas','8-apr-2001','Centrocampista'),
  ('461481','Athletic Carpi 2021',21,'Lamine','Fofana','10-nov-1998','Centrocampista'),
  ('390116','Athletic Carpi 2021',8,'Filippo','Bellini','25-aug-1998','Centrocampista'),
  ('392054','Athletic Carpi 2021',11,'Carlo','Martorelli','13-may-1999','Centrocampista'),
  ('435201','Athletic Carpi 2021',5,'Francesco','Ferrieri','23-mar-1999','Centrocampista'),
  ('700112','Athletic Carpi 2021',29,'Daniele','Mancini','22-oct-2002','Centrocampista'),
  ('594580','Athletic Carpi 2021',null,'Ciro','Esposito','29-aug-2002','Centrocampista'),
  ('816935','Athletic Carpi 2021',null,'Lorenzo','Vittucci','1-feb-2002','Centrocampista'),
  ('451307','Athletic Carpi 2021',17,'Niccolò','Marcellusi','17-dec-1999','Centrocampista'),
  ('715470','Athletic Carpi 2021',19,'Brian','Bayeye','30-jun-2000','Centrocampista'),
  ('581664','Athletic Carpi 2021',20,'Emanuele','Offidani','21-oct-2000','Centrocampista'),
  ('477566','Athletic Carpi 2021',33,'Severino','Marino','26-may-1998','Centrocampista'),
  ('532383','Athletic Carpi 2021',null,'Samuele','Maurizi','8-sep-1995','Centrocampista'),
  ('253267','Athletic Carpi 2021',7,'Hachim','Mastour','15-jun-1998','Centrocampista'),
  ('426185','Athletic Carpi 2021',null,'Alberto','Salata','8-feb-1999','Centrocampista'),
  ('832816','Athletic Carpi 2021',null,'Matteo','Marcellusi','15-aug-2002','Centrocampista'),
  ('704091','Athletic Carpi 2021',null,'Tommaso','Lami','30-sep-2003','Attaccante'),
  ('816879','Athletic Carpi 2021',14,'Sebastiano','Sassi','24-apr-2003','Attaccante'),
  ('617498','Athletic Carpi 2021',35,'Cosimo','Tripoli','4-jun-2001','Attaccante'),
  ('239583','Athletic Carpi 2021',null,'Jacopo','Ferri','5-apr-1995','Attaccante'),
  ('534055','Athletic Carpi 2021',15,'Romeo','Giovannini','28-sep-2001','Attaccante'),
  ('037234','Athletic Carpi 2021',18,'Andrea','Ferretti','18-sep-1986','Attaccante'),
  ('198298','Athletic Carpi 2021',10,'Carmine','De Sena','13-oct-1991','Attaccante'),
  ('563367','Athletic Carpi 2021',27,'Belmin','Ridzal','3-jun-2001','Attaccante'),
  ('048319','Ravenna FC',34,'Matteo','Tomei','28-jun-1984','Portiere'),
  ('199078','Ravenna FC',1,'Alessandro','Tonti','28-may-1992','Portiere'),
  ('244175','Ravenna FC',32,'Marco','Albertoni','5-aug-1995','Portiere'),
  ('432384','Ravenna FC',22,'Matteo','Raspa','21-aug-2001','Portiere'),
  ('540833','Ravenna FC',null,'Giovanni','Salvatori','18-sep-2002','Portiere'),
  ('822333','Ravenna FC',null,'Alessandro','Antonini','30-may-2003','Portiere'),
  ('124558','Ravenna FC',null,'Paolo','Marchi','4-may-1991','Difensore'),
  ('060694','Ravenna FC',23,'Nebil','Caidi','25-sep-1988','Difensore'),
  ('250122','Ravenna FC',15,'Roberto','Codromaz','14-oct-1995','Difensore'),
  ('392953','Ravenna FC',2,'Alberto','Alari','21-jan-1999','Difensore'),
  ('163279','Ravenna FC',33,'Matteo','Boccaccini','8-feb-1993','Difensore'),
  ('727862','Ravenna FC',null,'Martino','Cesprini','20-dec-2002','Difensore'),
  ('082749','Ravenna FC',null,'William','Jidayi','9-aug-1984','Difensore'),
  ('410473','Ravenna FC',30,'Matteo','Perri','6-oct-1998','Difensore'),
  ('168159','Ravenna FC',31,'Corentin','Fiore','24-mar-1995','Difensore'),
  ('392958','Ravenna FC',14,'Enrico','Zanoni','23-aug-1999','Difensore'),
  ('530312','Ravenna FC',3,'Emilio','Vanacore','3-feb-1999','Difensore'),
  ('494803','Ravenna FC',4,'Cristian','Shiba','31-jan-2001','Difensore'),
  ('818706','Ravenna FC',null,'Antonio Pio','Stellacci','2-oct-2002','Difensore'),
  ('330179','Ravenna FC',26,'Gianluca','Esposito','7-mar-1995','Centrocampista'),
  ('160216','Ravenna FC',27,'Salvatore','Papa','27-apr-1990','Centrocampista'),
  ('389578','Ravenna FC',28,'Thomas','Bolis','2-aug-1998','Centrocampista'),
  ('240487','Ravenna FC',24,'Lorenzo','De Grazia','1-apr-1995','Centrocampista'),
  ('341054','Ravenna FC',8,'Simone','Franchini','30-mar-1998','Centrocampista'),
  ('577593','Ravenna FC',5,'Marco','Fiorani','21-mar-2002','Centrocampista'),
  ('224950','Ravenna FC',29,'Alessio','Benedetti','19-may-1990','Centrocampista'),
  ('876298','Ravenna FC',null,'Matteo','Prati','28-dec-2003','Centrocampista'),
  ('392051','Ravenna FC',11,'Marco','Marozzi','7-jan-1999','Centrocampista'),
  ('364138','Ravenna FC',10,'Marco','Meli','2-feb-2000','Centrocampista'),
  ('722004','Ravenna FC',null,'Nicholas','Marra','20-sep-2002','Centrocampista'),
  ('287656','Ravenna FC',21,'Marcello','Sereni','24-jul-1996','Attaccante'),
  ('459168','Ravenna FC',null,'Alex','Cossalter','2-may-2000','Attaccante'),
  ('194220','Ravenna FC',7,'Daniele','Ferretti','30-aug-1986','Attaccante'),
  ('670418','Ravenna FC',17,'Simone','Mancini','8-nov-2001','Attaccante'),
  ('148956','Ravenna FC',20,'Riccardo','Martignago','6-aug-1991','Attaccante'),
  ('055595','Ravenna FC',9,'Benjamin','Mokulu','11-oct-1989','Attaccante'),
  ('084460','Ravenna FC',36,'Christian','Cesaretti','20-jun-1987','Attaccante'),
  ('037787','Ravenna FC',35,'Marvin','Emnes','27-may-1988','Attaccante'),
  ('421764','SS Matelica Calcio',1,'Matteo','Cardinali','28-jun-2001','Portiere'),
  ('340264','SS Matelica Calcio',28,'Leonardo','Vitali','7-aug-1998','Portiere'),
  ('690418','SS Matelica Calcio',22,'Alessio','Martorel','20-apr-2000','Portiere'),
  ('823219','SS Matelica Calcio',null,'Alessandro','Puddu','23-jul-2003','Portiere'),
  ('718827','SS Matelica Calcio',null,'Riccardo','Minerva','20-jun-2003','Portiere'),
  ('818672','SS Matelica Calcio',null,'Matteo','Monti','4-feb-2003','Portiere'),
  ('896532','SS Matelica Calcio',null,'Nicolò','Sansaro','25-feb-2005','Portiere'),
  ('896540','SS Matelica Calcio',null,'Gianluca','Mosca','7-nov-2004','Portiere'),
  ('401077','SS Matelica Calcio',4,'Simone','De Santis','29-jul-1993','Difensore'),
  ('281636','SS Matelica Calcio',null,'Stefano','Cason','9-jul-1995','Difensore'),
  ('280417','SS Matelica Calcio',9,'Valerio','Zigrossi','27-oct-1996','Difensore'),
  ('242075','SS Matelica Calcio',18,'Kevin','Magri','10-aug-1995','Difensore'),
  ('395599','SS Matelica Calcio',16,'Edoardo','Baraboglia','8-feb-1999','Difensore'),
  ('423830','SS Matelica Calcio',3,'Alessandro','Di Renzo','22-sep-2000','Difensore'),
  ('355048','SS Matelica Calcio',24,'Davide','Seminara','5-jul-1998','Difensore'),
  ('460002','SS Matelica Calcio',27,'Emanuele','Maurizii','2-feb-2001','Difensore'),
  ('340442','SS Matelica Calcio',14,'Niccolò','Tofanari','12-may-1998','Difensore'),
  ('456157','SS Matelica Calcio',2,'Matteo','Fracassini','19-dec-2000','Difensore'),
  ('471538','SS Matelica Calcio',null,'Gabriele','Masini','23-sep-1999','Difensore'),
  ('325118','SS Matelica Calcio',5,'Lorenzo','Bordo','5-jan-1996','Centrocampista'),
  ('224453','SS Matelica Calcio',8,'Federico','Pizzutelli','7-jan-1995','Centrocampista'),
  ('430789','SS Matelica Calcio',6,'Filippo','Barbarossa','12-aug-2000','Centrocampista'),
  ('392166','SS Matelica Calcio',11,'Davide','Balestrero','6-oct-1995','Centrocampista'),
  ('240131','SS Matelica Calcio',19,'Riccardo','Calcagni','27-jun-1994','Centrocampista'),
  ('290754','SS Matelica Calcio',30,'Malick','Mbaye','6-nov-1995','Centrocampista'),
  ('639420','SS Matelica Calcio',13,'Samuele','Santamarianova','2-jun-2002','Centrocampista'),
  ('818651','SS Matelica Calcio',26,'Edoardo','Ruani','2-apr-2003','Centrocampista'),
  ('204480','SS Matelica Calcio',10,'Vito','Leonetti','16-mar-1994','Attaccante'),
  ('391409','SS Matelica Calcio',23,'Filippo','Franchi','14-jan-1998','Attaccante'),
  ('163985','SS Matelica Calcio',7,'Emilio','Volpicelli','3-aug-1992','Attaccante'),
  ('459784','SS Matelica Calcio',21,'Alessandro','Peroni','22-nov-2000','Attaccante'),
  ('401082','SS Matelica Calcio',17,'Federico','Moretti','16-sep-1994','Attaccante'),
  ('338107','SS Matelica Calcio',null,'Simone','Rossetti','9-jun-1997','Attaccante'),
  ('489819','SS Matelica Calcio',29,'Thomas','Alberti','23-jun-1998','Attaccante'),
  ('356009','Virtusvecomp Verona',1,'Alessandro','Giacomel','9-jul-1998','Portiere'),
  ('459310','Virtusvecomp Verona',22,'Sheikh','Sibi','21-feb-1998','Portiere'),
  ('535881','Virtusvecomp Verona',12,'Mattia','Chiesa','16-jul-2000','Portiere'),
  ('842788','Virtusvecomp Verona',null,'Giacomo','Mazzei','19-jan-2004','Portiere'),
  ('549681','Virtusvecomp Verona',5,'Santiago','Visentin','5-mar-1999','Difensore'),
  ('389841','Virtusvecomp Verona',23,'Filippo','Pellacani','26-feb-1998','Difensore'),
  ('486621','Virtusvecomp Verona',2,'Antonio','Pinto','7-nov-2001','Difensore'),
  ('430279','Virtusvecomp Verona',4,'Mattia','Pessot','20-jan-2000','Difensore'),
  ('477546','Virtusvecomp Verona',3,'Francesco','Mazzolo','4-sep-2001','Difensore'),
  ('863206','Virtusvecomp Verona',null,'Edoardo','Iurato','25-may-2003','Difensore'),
  ('167816','Virtusvecomp Verona',27,'Gianni','Manfrin','18-aug-1993','Difensore'),
  ('090233','Virtusvecomp Verona',6,'Manuel','Daffara','22-jun-1989','Difensore'),
  ('029604','Virtusvecomp Verona',16,'Riccardo','Cazzola','8-oct-1985','Centrocampista'),
  ('393801','Virtusvecomp Verona',14,'Nicola','Danieli','26-mar-1998','Centrocampista'),
  ('034909','Virtusvecomp Verona',7,'Simone','Bentivoglio','29-may-1985','Centrocampista'),
  ('525653','Virtusvecomp Verona',17,'Lorenzo','Lonardi','10-feb-1999','Centrocampista'),
  ('408311','Virtusvecomp Verona',8,'Andrea','Delcarro','25-mar-1993','Centrocampista'),
  ('521102','Virtusvecomp Verona',15,'Marco','Amadio','3-jun-1999','Centrocampista'),
  ('426186','Virtusvecomp Verona',30,'Leonardo','Zarpellon','22-may-1999','Centrocampista'),
  ('881218','Virtusvecomp Verona',null,'Gabriel','Floriani','6-oct-2004','Centrocampista'),
  ('406054','Virtusvecomp Verona',21,'Davide','Marcandella','21-mar-1997','Centrocampista'),
  ('394356','Virtusvecomp Verona',null,'Enrico','Manconi','26-jan-2000','Centrocampista'),
  ('580546','Virtusvecomp Verona',19,'Cristian','Paloka','7-mar-2002','Attaccante'),
  ('138508','Virtusvecomp Verona',10,'Domenico','Danti','12-jan-1989','Attaccante'),
  ('682043','Virtusvecomp Verona',20,'Andrea','Carlevaris','9-oct-2000','Attaccante'),
  ('459296','Virtusvecomp Verona',13,'Mattia','De Rigo','13-mar-2001','Attaccante'),
  ('355455','Virtusvecomp Verona',11,'Filippo','Pittarello','9-oct-1996','Attaccante'),
  ('102053','Virtusvecomp Verona',9,'Rachid','Arma','16-jan-1985','Attaccante'),
  ('022227','Virtusvecomp Verona',null,'Arturo','Lupoli','24-jun-1987','Attaccante'),
  ('445884','Virtusvecomp Verona',25,'Michael','De Marchi','30-aug-1994','Attaccante'),
  ('404977','Virtusvecomp Verona',null,'Alessio','Zecchinato','2-feb-1990','Attaccante'),
  ('689119','Virtusvecomp Verona',28,'Jacopo','Bridi','26-sep-2001','Attaccante'),
  ('336760','Alma Juventus Fano 1906',1,'Aniello','Viscovo','21-jun-1999','Portiere'),
  ('391049','Alma Juventus Fano 1906',22,'Gabriel','Meli','5-feb-1999','Portiere'),
  ('604491','Alma Juventus Fano 1906',12,'Lorenzo','Santarelli','28-dec-2001','Portiere'),
  ('392444','Alma Juventus Fano 1906',2,'Riccardo','Cargnelutti','8-feb-1999','Difensore'),
  ('285091','Alma Juventus Fano 1906',26,'Luca','Bruno','24-aug-1996','Difensore'),
  ('355807','Alma Juventus Fano 1906',31,'Matteo','Brero','5-may-1997','Difensore'),
  ('357178','Alma Juventus Fano 1906',7,'Lorenzo','Valeau','5-mar-1999','Difensore'),
  ('130349','Alma Juventus Fano 1906',null,'Andrea','De Vito','27-nov-1991','Difensore'),
  ('433446','Alma Juventus Fano 1906',4,'Francesco','Rodio','5-apr-2001','Difensore'),
  ('525980','Alma Juventus Fano 1906',19,'Niccolò','Monti','19-sep-2001','Difensore'),
  ('456647','Alma Juventus Fano 1906',null,'Francesco','Rillo','23-may-2000','Difensore'),
  ('459979','Alma Juventus Fano 1906',23,'Alessandro','Martella','30-nov-2000','Difensore'),
  ('674400','Alma Juventus Fano 1906',28,'Francesco','Busini','1-jan-2002','Difensore'),
  ('160535','Alma Juventus Fano 1906',6,'Stefano','Amadio','5-jan-1989','Centrocampista'),
  ('199088','Alma Juventus Fano 1906',18,'Francesco','Urso','9-jun-1994','Centrocampista'),
  ('288999','Alma Juventus Fano 1906',8,'Gianluca','Carpani','29-aug-1993','Centrocampista'),
  ('340711','Alma Juventus Fano 1906',14,'Roberto','Marino','24-sep-1998','Centrocampista'),
  ('273150','Alma Juventus Fano 1906',15,'Federico','Gentile','27-jan-1985','Centrocampista'),
  ('386851','Alma Juventus Fano 1906',24,'Simone','Paolini','2-apr-1997','Centrocampista'),
  ('362709','Alma Juventus Fano 1906',null,'Samuele','Parlati','5-feb-1997','Centrocampista'),
  ('393666','Alma Juventus Fano 1906',16,'Luca','Scimia','5-jan-1999','Centrocampista'),
  ('492201','Alma Juventus Fano 1906',3,'Adriano','Sbarzella','10-jan-1999','Centrocampista'),
  ('494548','Alma Juventus Fano 1906',17,'Luigi','Sarli','25-feb-2000','Centrocampista'),
  ('459943','Alma Juventus Fano 1906',null,'Alessandro','Catalano','3-apr-2000','Centrocampista'),
  ('397063','Alma Juventus Fano 1906',null,'Sebastiano','Longo','5-jan-1998','Attaccante'),
  ('337373','Alma Juventus Fano 1906',null,'Carte','Said','15-apr-1997','Attaccante'),
  ('691237','Alma Juventus Fano 1906',null,'Mattia','Morsucci','2-may-2002','Attaccante'),
  ('815134','Alma Juventus Fano 1906',null,'Alessandro','Boccia','30-jun-2004','Attaccante'),
  ('660061','Alma Juventus Fano 1906',29,'Valerio','Bernardini','14-jan-2002','Attaccante'),
  ('163649','Alma Juventus Fano 1906',27,'Vincenzo','Ferrara','29-jun-1993','Attaccante'),
  ('429433','Alma Juventus Fano 1906',10,'Kayro','Flores Heatley','1-apr-1998','Attaccante'),
  ('262521','Alma Juventus Fano 1906',null,'Enrico','Baldini','13-nov-1996','Attaccante'),
  ('163628','Alma Juventus Fano 1906',9,'Riccardo','Barbuti','12-mar-1992','Attaccante'),
  ('221990','Alma Juventus Fano 1906',11,'Álvaro','Montero','5-nov-1989','Attaccante'),
  ('561324','Alma Juventus Fano 1906',21,'Ludovico','Mainardi','30-apr-2001','Attaccante'),
  ('691236','Alma Juventus Fano 1906',null,'Thomas','Montesi','14-aug-2002','Attaccante'),
  ('689102','Alma Juventus Fano 1906',25,'Matteo','Pantaleoni','11-aug-2000','Attaccante'),
  ('530847','Imolese Calcio 1919',1,'Alessandro','Siano','28-apr-2001','Portiere'),
  ('057837','Imolese Calcio 1919',22,'Gian Maria','Rossi','19-nov-1986','Portiere'),
  ('818635','Imolese Calcio 1919',12,'Tommaso','Nannetti','31-aug-2003','Portiere'),
  ('120688','Imolese Calcio 1919',26,'Filippo','Carini','26-sep-1990','Difensore'),
  ('044666','Imolese Calcio 1919',5,'Michele','Rinaldi','9-jan-1987','Difensore'),
  ('341093','Imolese Calcio 1919',19,'Filippo','Boccardi','10-jun-1997','Difensore'),
  ('457440','Imolese Calcio 1919',13,'Alessandro','Pilati','26-mar-2000','Difensore'),
  ('621122','Imolese Calcio 1919',6,'Matteo','Angeli','30-dec-2002','Difensore'),
  ('291392','Imolese Calcio 1919',28,'Fabio','Della Giovanna','21-mar-1997','Difensore'),
  ('197748','Imolese Calcio 1919',2,'Ivan','Rondanini','10-apr-1995','Difensore'),
  ('536487','Imolese Calcio 1919',27,'Lorenzo','Alboni','9-mar-2001','Difensore'),
  ('702610','Imolese Calcio 1919',null,'Manuele','Mele','24-may-2001','Difensore'),
  ('473886','Imolese Calcio 1919',23,'Cristian','Cerretti','23-aug-2001','Difensore'),
  ('315870','Imolese Calcio 1919',24,'Emanuele','Torrasi','16-mar-1999','Centrocampista'),
  ('391408','Imolese Calcio 1919',4,'Antonio','D''Alena','24-feb-1998','Centrocampista'),
  ('090655','Imolese Calcio 1919',8,'Alessandro','Provenzano','30-jul-1991','Centrocampista'),
  ('337511','Imolese Calcio 1919',18,'Alessandro','Masala','17-nov-1996','Centrocampista'),
  ('430623','Imolese Calcio 1919',25,'Alessandro','Lombardi','21-jan-2000','Centrocampista'),
  ('418225','Imolese Calcio 1919',14,'Mihael','Onisa','15-mar-2000','Centrocampista'),
  ('557556','Imolese Calcio 1919',16,'Lorenzo','Sabattini','6-oct-2001','Centrocampista'),
  ('244927','Imolese Calcio 1919',11,'Accursio','Bentivegna','21-jun-1996','Attaccante'),
  ('420472','Imolese Calcio 1919',17,'Gregorio','Morachioli','27-feb-2000','Attaccante'),
  ('616668','Imolese Calcio 1919',29,'Gabriel','Mattiolo','11-feb-2002','Attaccante'),
  ('493703','Imolese Calcio 1919',30,'Nicolas','Laghi','19-feb-2002','Attaccante'),
  ('381527','Imolese Calcio 1919',9,'Alessandro','Polidori','24-feb-1992','Attaccante'),
  ('057124','Imolese Calcio 1919',null,'Francesco','Stanco','26-feb-1987','Attaccante'),
  ('379821','Imolese Calcio 1919',32,'Christian','Tommasini','14-mar-1998','Attaccante'),
  ('614797','Imolese Calcio 1919',7,'Abdoulaye','Sall','28-dec-2000','Attaccante'),
  ('401802','Imolese Calcio 1919',null,'Danilo Giacinto','Ventola','11-sep-2000','Attaccante'),
  ('537171','FC Legnago Salus',12,'Semuel','Pizzignacco','1-sep-2001','Portiere'),
  ('529827','FC Legnago Salus',null,'Manuel','Enzo','28-jun-2000','Portiere'),
  ('394348','FC Legnago Salus',1,'Filippo','Pavoni','8-aug-1999','Portiere'),
  ('528181','FC Legnago Salus',22,'Edoardo','Corvi','23-mar-2001','Portiere'),
  ('336683','FC Legnago Salus',6,'Andrea','Bondioli','21-feb-1997','Difensore'),
  ('312745','FC Legnago Salus',3,'Stefano','Pellizzari','3-jan-1997','Difensore'),
  ('430764','FC Legnago Salus',null,'Alberto','Senese','24-mar-2000','Difensore'),
  ('702135','FC Legnago Salus',null,'Matteo','Ferraro','26-feb-2002','Difensore'),
  ('471497','FC Legnago Salus',15,'Marco','Ruggero','1-jun-2000','Difensore'),
  ('021188','FC Legnago Salus',null,'Armando','Perna','25-apr-1981','Difensore'),
  ('401648','FC Legnago Salus',7,'Alessio','Girgi','1-apr-2000','Difensore'),
  ('612533','FC Legnago Salus',26,'Simone','Mazzali','3-oct-2002','Difensore'),
  ('397225','FC Legnago Salus',23,'Alessandro','Zanoli','3-oct-2000','Difensore'),
  ('457672','FC Legnago Salus',2,'Manuel','Ricciardi','17-apr-2000','Difensore'),
  ('314369','FC Legnago Salus',18,'Matteo','Gasperi','17-jul-1997','Centrocampista'),
  ('235793','FC Legnago Salus',27,'Danilo','Bulevardi','31-jan-1995','Centrocampista'),
  ('603050','FC Legnago Salus',4,'Francesco','Antonelli','22-jul-1999','Centrocampista'),
  ('214629','FC Legnago Salus',8,'Abdul','Yabré','3-apr-1995','Centrocampista'),
  ('145303','FC Legnago Salus',10,'Mirko','Giacobbe','26-jul-1992','Centrocampista'),
  ('463178','FC Legnago Salus',null,'Gabriele','Carannante','27-feb-1999','Centrocampista'),
  ('285279','FC Legnago Salus',16,'Lorenzo','Ranelli','5-jun-1996','Centrocampista'),
  ('614480','FC Legnago Salus',20,'Luca','Zanetti','9-nov-2002','Centrocampista'),
  ('697543','FC Legnago Salus',null,'Marco','Leoni','16-mar-2002','Centrocampista'),
  ('077603','FC Legnago Salus',14,'Dejan','Lazarevic','15-feb-1990','Attaccante'),
  ('347885','FC Legnago Salus',28,'Fabio','Morselli','7-apr-1998','Attaccante'),
  ('395714','FC Legnago Salus',9,'Alex','Rolfini','1-sep-1996','Attaccante'),
  ('138295','FC Legnago Salus',24,'Francesco','Grandolfo','26-jul-1992','Attaccante'),
  ('552437','FC Legnago Salus',17,'Mohammed Amine','Chakir','29-oct-2000','Attaccante'),
  ('462793','FC Legnago Salus',29,'Nikola','Buric','1-oct-1996','Attaccante'),
  ('535797','FC Legnago Salus',11,'Lorenzo','Sgarbi','24-mar-2001','Attaccante'),
  ('598137','FC Legnago Salus',null,'Previs','Melaca','22-jun-2002','Attaccante');

insert into Partite values
  ('IT3B0000',1,'AC Perugia Calcio','Alma Juventus Fano 1906',2,2),
  ('IT3B0001',3,'AC Perugia Calcio','Cesena FC',1,2),
  ('IT3B0002',5,'AC Perugia Calcio','Fermana FC',2,0),
  ('IT3B0003',7,'AC Perugia Calcio','Vis Pesaro dal 1898',2,1),
  ('IT3B0004',10,'AC Perugia Calcio','Calcio Padova',3,0),
  ('IT3B0005',12,'AC Perugia Calcio','AS Gubbio 1910',0,0),
  ('IT3B0006',14,'AC Perugia Calcio','Imolese Calcio 1919',2,0),
  ('IT3B0007',15,'AC Perugia Calcio','Virtusvecomp Verona',2,2),
  ('IT3B0008',17,'AC Perugia Calcio','Ravenna FC',3,1),
  ('IT3B0009',19,'AC Perugia Calcio','Feralpisalò',3,2),
  ('IT3B0010',1,'Calcio Padova','Imolese Calcio 1919',0,1),
  ('IT3B0011',3,'Calcio Padova','Mantova 1911',3,1),
  ('IT3B0012',5,'Calcio Padova','FC Legnago Salus',1,1),
  ('IT3B0013',7,'Calcio Padova','FC Südtirol',2,0),
  ('IT3B0014',9,'Calcio Padova','Virtusvecomp Verona',2,0),
  ('IT3B0015',11,'Calcio Padova','SS Matelica Calcio 1921',3,0),
  ('IT3B0016',13,'Calcio Padova','Vis Pesaro dal 1898',5,3),
  ('IT3B0017',15,'Calcio Padova','US Triestina',0,0),
  ('IT3B0018',17,'Calcio Padova','Modena FC 2018',0,1),
  ('IT3B0019',18,'Calcio Padova','Carpi FC 1909',6,0),
  ('IT3B0020',2,'FC Südtirol','Fermana FC',3,0),
  ('IT3B0021',4,'FC Südtirol','AS Gubbio 1910',1,1),
  ('IT3B0022',6,'FC Südtirol','Carpi FC 1909',3,0),
  ('IT3B0023',8,'FC Südtirol','SS Sambenedettese',0,0),
  ('IT3B0024',10,'FC Südtirol','Mantova 1911',2,1),
  ('IT3B0025',13,'FC Südtirol','AC Perugia Calcio',1,1),
  ('IT3B0026',15,'FC Südtirol','FC Legnago Salus',1,0),
  ('IT3B0027',17,'FC Südtirol','US Triestina',1,2),
  ('IT3B0028',19,'FC Südtirol','Vis Pesaro dal 1898',1,0),
  ('IT3B0029',2,'Modena FC 2018','Vis Pesaro dal 1898',3,1),
  ('IT3B0030',4,'Modena FC 2018','Ravenna FC',3,0),
  ('IT3B0031',6,'Modena FC 2018','Feralpisalò',0,0),
  ('IT3B0032',8,'Modena FC 2018','AC Perugia Calcio',0,1),
  ('IT3B0033',10,'Modena FC 2018','Carpi FC 1909',2,1),
  ('IT3B0034',12,'Modena FC 2018','FC Südtirol',1,2),
  ('IT3B0035',14,'Modena FC 2018','Fermana FC',1,0),
  ('IT3B0036',16,'Modena FC 2018','Alma Juventus Fano 1906',2,0),
  ('IT3B0037',19,'Modena FC 2018','Virtusvecomp Verona',0,1),
  ('IT3B0038',1,'Feralpisalò','SS Arezzo',2,1),
  ('IT3B0039',3,'Feralpisalò','Imolese Calcio 1919',2,1),
  ('IT3B0040',5,'Feralpisalò','FC Südtirol',0,1),
  ('IT3B0041',7,'Feralpisalò','Ravenna FC',3,0),
  ('IT3B0042',9,'Feralpisalò','Vis Pesaro dal 1898',1,0),
  ('IT3B0043',11,'Feralpisalò','US Triestina',2,1),
  ('IT3B0044',12,'Feralpisalò','Calcio Padova',3,1),
  ('IT3B0045',14,'Feralpisalò','Mantova 1911',1,3),
  ('IT3B0046',16,'Feralpisalò','Fermana FC',1,1),
  ('IT3B0047',18,'Feralpisalò','SS Sambenedettese',1,2),
  ('IT3B0048',1,'US Triestina','SS Matelica Calcio 1921',0,1),
  ('IT3B0049',3,'US Triestina','Modena FC 2018',1,0),
  ('IT3B0050',5,'US Triestina','Ravenna FC',2,1),
  ('IT3B0051',7,'US Triestina','Virtusvecomp Verona',1,1),
  ('IT3B0052',10,'US Triestina','Imolese Calcio 1919',1,0),
  ('IT3B0053',12,'US Triestina','Fermana FC',3,1),
  ('IT3B0054',14,'US Triestina','SS Sambenedettese',0,1),
  ('IT3B0055',16,'US Triestina','AC Perugia Calcio',2,1),
  ('IT3B0056',18,'US Triestina','Alma Juventus Fano 1906',0,1),
  ('IT3B0057',2,'Cesena FC','US Triestina',0,2),
  ('IT3B0058',4,'Cesena FC','Feralpisalò',2,4),
  ('IT3B0059',6,'Cesena FC','Alma Juventus Fano 1906',3,0),
  ('IT3B0060',8,'Cesena FC','Calcio Padova',0,2),
  ('IT3B0061',9,'Cesena FC','Fermana FC',1,1),
  ('IT3B0062',11,'Cesena FC','Ravenna FC',4,0),
  ('IT3B0063',13,'Cesena FC','Modena FC 2018',0,0),
  ('IT3B0064',16,'Cesena FC','SS Sambenedettese',2,1),
  ('IT3B0065',18,'Cesena FC','FC Südtirol',0,0),
  ('IT3B0066',2,'SS Matelica Calcio','Feralpisalò',3,1),
  ('IT3B0067',3,'SS Matelica Calcio','FC Südtirol',1,1),
  ('IT3B0068',5,'SS Matelica Calcio','Modena FC 2018',2,1),
  ('IT3B0069',7,'SS Matelica Calcio','SS Arezzo',2,2),
  ('IT3B0070',9,'SS Matelica Calcio','Ravenna FC',3,2),
  ('IT3B0071',12,'SS Matelica Calcio','Cesena FC',2,2),
  ('IT3B0072',14,'SS Matelica Calcio','AS Gubbio 1910',1,3),
  ('IT3B0073',16,'SS Matelica Calcio','Carpi FC 1909',1,0),
  ('IT3B0074',18,'SS Matelica Calcio','AC Perugia Calcio',1,3),
  ('IT3B0075',2,'AS Sambenedettese','AS Gubbio 1910',2,1),
  ('IT3B0076',3,'AS Sambenedettese','Fermana FC',1,1),
  ('IT3B0077',5,'AS Sambenedettese','Mantova 1911',2,0),
  ('IT3B0078',7,'AS Sambenedettese','Modena FC 2018',0,2),
  ('IT3B0079',9,'AS Sambenedettese','AC Perugia Calcio',1,1),
  ('IT3B0080',11,'AS Sambenedettese','Vis Pesaro dal 1898',2,0),
  ('IT3B0081',13,'AS Sambenedettese','FC Legnago Salus',1,1),
  ('IT3B0082',15,'AS Sambenedettese','SS Matelica Calcio 1921',2,3),
  ('IT3B0083',17,'AS Sambenedettese','Virtusvecomp Verona',1,0),
  ('IT3B0084',19,'AS Sambenedettese','Calcio Padova',0,1),
  ('IT3B0085',2,'Mantova 1911','Carpi FC 1909',1,2),
  ('IT3B0086',4,'Mantova 1911','AC Perugia Calcio',5,1),
  ('IT3B0087',6,'Mantova 1911','SS Matelica Calcio 1921',5,2),
  ('IT3B0088',8,'Mantova 1911','Imolese Calcio 1919',0,0),
  ('IT3B0089',9,'Mantova 1911','SS Arezzo',2,0),
  ('IT3B0090',11,'Mantova 1911','Modena FC 2018',0,0),
  ('IT3B0091',13,'Mantova 1911','Ravenna FC',2,1),
  ('IT3B0092',15,'Mantova 1911','Cesena FC',0,4),
  ('IT3B0093',17,'Mantova 1911','AS Gubbio 1910',1,2),
  ('IT3B0094',19,'Mantova 1911','US Triestina',0,0),
  ('IT3B0095',1,'Virtusvecomp Verona','Cesena FC',1,1),
  ('IT3B0096',3,'Virtusvecomp Verona','FC Legnago Salus',0,0),
  ('IT3B0097',5,'Virtusvecomp Verona','Vis Pesaro dal 1898',0,0),
  ('IT3B0098',8,'Virtusvecomp Verona','SS Matelica Calcio 1921',1,0),
  ('IT3B0099',10,'Virtusvecomp Verona','Feralpisalò',3,0),
  ('IT3B0100',12,'Virtusvecomp Verona','Mantova 1911',1,1),
  ('IT3B0101',14,'Virtusvecomp Verona','Carpi FC 1909',0,0),
  ('IT3B0102',16,'Virtusvecomp Verona','FC Südtirol',2,2),
  ('IT3B0103',18,'Virtusvecomp Verona','Fermana FC',1,1),
  ('IT3B0104',1,'AS Gubbio 1910','Modena FC 2018',0,2),
  ('IT3B0105',3,'AS Gubbio 1910','SS Arezzo',1,1),
  ('IT3B0106',5,'AS Gubbio 1910','Cesena FC',1,2),
  ('IT3B0107',7,'AS Gubbio 1910','FC Legnago Salus',0,0),
  ('IT3B0108',9,'AS Gubbio 1910','US Triestina',1,0),
  ('IT3B0109',11,'AS Gubbio 1910','Virtusvecomp Verona',1,1),
  ('IT3B0110',13,'AS Gubbio 1910','Feralpisalò',1,1),
  ('IT3B0111',16,'AS Gubbio 1910','Calcio Padova',0,3),
  ('IT3B0112',18,'AS Gubbio 1910','Imolese Calcio 1919',2,1),
  ('IT3B0113',1,'Fermana FC','Mantova 1911',0,1),
  ('IT3B0114',4,'Fermana FC','Calcio Padova',0,1),
  ('IT3B0115',6,'Fermana FC','AS Gubbio 1910',2,1),
  ('IT3B0116',8,'Fermana FC','Carpi FC 1909',0,1),
  ('IT3B0117',10,'Fermana FC','Alma Juventus Fano 1906',0,0),
  ('IT3B0118',11,'Fermana FC','SS Arezzo',0,0),
  ('IT3B0119',13,'Fermana FC','SS Matelica Calcio 1921',1,1),
  ('IT3B0120',15,'Fermana FC','Ravenna FC',2,1),
  ('IT3B0121',17,'Fermana FC','Vis Pesaro dal 1898',2,0),
  ('IT3B0122',19,'Fermana FC','FC Legnago Salus',2,1),
  ('IT3B0123',1,'Vis Pesaro dal 1898','FC Legnago Salus',2,2),
  ('IT3B0124',4,'Vis Pesaro dal 1898','SS Matelica Calcio 1921',2,1),
  ('IT3B0125',6,'Vis Pesaro dal 1898','US Triestina',0,1),
  ('IT3B0126',8,'Vis Pesaro dal 1898','AS Gubbio 1910',1,0),
  ('IT3B0127',10,'Vis Pesaro dal 1898','Cesena FC',0,2),
  ('IT3B0128',12,'Vis Pesaro dal 1898','Carpi FC 1909',3,2),
  ('IT3B0129',14,'Vis Pesaro dal 1898','Alma Juventus Fano 1906',0,0),
  ('IT3B0130',16,'Vis Pesaro dal 1898','SS Arezzo',3,2),
  ('IT3B0131',18,'Vis Pesaro dal 1898','Mantova 1911',1,4),
  ('IT3B0132',1,'Athletic Carpi 2021','SS Sambenedettese',2,0),
  ('IT3B0133',3,'Athletic Carpi 2021','Alma Juventus Fano 1906',0,0),
  ('IT3B0134',5,'Athletic Carpi 2021','SS Arezzo',4,1),
  ('IT3B0135',7,'Athletic Carpi 2021','Cesena FC',2,0),
  ('IT3B0136',9,'Athletic Carpi 2021','FC Legnago Salus',0,0),
  ('IT3B0137',11,'Athletic Carpi 2021','AC Perugia Calcio',0,0),
  ('IT3B0138',13,'Athletic Carpi 2021','US Triestina',2,2),
  ('IT3B0139',15,'Athletic Carpi 2021','AS Gubbio 1910',2,2),
  ('IT3B0140',17,'Athletic Carpi 2021','Feralpisalò',1,2),
  ('IT3B0141',19,'Athletic Carpi 2021','Ravenna FC',4,2),
  ('IT3B0142',2,'FC Legnago Salus','Ravenna FC',1,0),
  ('IT3B0143',4,'FC Legnago Salus','US Triestina',3,0),
  ('IT3B0144',6,'FC Legnago Salus','AC Perugia Calcio',0,2),
  ('IT3B0145',8,'FC Legnago Salus','Feralpisalò',1,1),
  ('IT3B0146',10,'FC Legnago Salus','SS Matelica Calcio 1921',1,2),
  ('IT3B0147',12,'FC Legnago Salus','Imolese Calcio 1919',2,1),
  ('IT3B0148',14,'FC Legnago Salus','Cesena FC',0,1),
  ('IT3B0149',16,'FC Legnago Salus','Mantova 1911',0,0),
  ('IT3B0150',18,'FC Legnago Salus','Modena FC 2018',0,1),
  ('IT3B0151',2,'Imolese Calcio 1919','Virtusvecomp Verona',1,1),
  ('IT3B0152',4,'Imolese Calcio 1919','Carpi FC 1909',2,1),
  ('IT3B0153',6,'Imolese Calcio 1919','SS Sambenedettese',1,1),
  ('IT3B0154',7,'Imolese Calcio 1919','Fermana FC',0,1),
  ('IT3B0155',9,'Imolese Calcio 1919','Modena FC 2018',0,1),
  ('IT3B0156',11,'Imolese Calcio 1919','FC Südtirol',0,3),
  ('IT3B0157',13,'Imolese Calcio 1919','SS Arezzo',0,2),
  ('IT3B0158',15,'Imolese Calcio 1919','Vis Pesaro dal 1898',1,2),
  ('IT3B0159',17,'Imolese Calcio 1919','Cesena FC',1,2),
  ('IT3B0160',19,'Imolese Calcio 1919','SS Matelica Calcio 1921',2,0),
  ('IT3B0161',2,'Alma Juventus Fano 1906','Calcio Padova',1,1),
  ('IT3B0162',4,'Alma Juventus Fano 1906','SS Sambenedettese',0,2),
  ('IT3B0163',5,'Alma Juventus Fano 1906','Imolese Calcio 1919',1,2),
  ('IT3B0164',7,'Alma Juventus Fano 1906','Mantova 1911',1,2),
  ('IT3B0165',9,'Alma Juventus Fano 1906','FC Südtirol',1,1),
  ('IT3B0166',11,'Alma Juventus Fano 1906','FC Legnago Salus',1,0),
  ('IT3B0167',13,'Alma Juventus Fano 1906','Virtusvecomp Verona',1,2),
  ('IT3B0168',15,'Alma Juventus Fano 1906','Feralpisalò',1,1),
  ('IT3B0169',17,'Alma Juventus Fano 1906','SS Matelica Calcio 1921',1,2),
  ('IT3B0170',19,'Alma Juventus Fano 1906','AS Gubbio 1910',1,1),
  ('IT3B0171',1,'Ravenna FC','FC Südtirol',0,3),
  ('IT3B0172',3,'Ravenna FC','Vis Pesaro dal 1898',2,1),
  ('IT3B0173',6,'Ravenna FC','Virtusvecomp Verona',2,0),
  ('IT3B0174',8,'Ravenna FC','Alma Juventus Fano 1906',1,0),
  ('IT3B0175',10,'Ravenna FC','AS Gubbio 1910',1,2),
  ('IT3B0176',12,'Ravenna FC','SS Sambenedettese',1,1),
  ('IT3B0177',14,'Ravenna FC','Calcio Padova',1,3),
  ('IT3B0178',16,'Ravenna FC','Imolese Calcio 1919',3,2),
  ('IT3B0179',18,'Ravenna FC','SS Arezzo',1,1),
  ('IT3B0180',2,'SS Arezzo','AC Perugia Calcio',0,1),
  ('IT3B0181',4,'SS Arezzo','Virtusvecomp Verona',0,3),
  ('IT3B0182',6,'SS Arezzo','Calcio Padova',0,5),
  ('IT3B0183',8,'SS Arezzo','US Triestina',2,2),
  ('IT3B0184',10,'SS Arezzo','SS Sambenedettese',2,3),
  ('IT3B0185',12,'SS Arezzo','Alma Juventus Fano 1906',1,1),
  ('IT3B0186',14,'SS Arezzo','FC Südtirol',0,4),
  ('IT3B0187',15,'SS Arezzo','Modena FC 2018',0,1),
  ('IT3B0188',17,'SS Arezzo','FC Legnago Salus',1,1),
  ('IT3B0189',19,'SS Arezzo','Cesena FC',0,2);

insert into Gol values
  ('IT3B0000',14,'340711',false),
  ('IT3B0000',34,'163649',false),
  ('IT3B0000',48,'529885',false),
  ('IT3B0000',67,'046060',false),
  ('IT3B0001',19,'164164',false),
  ('IT3B0001',20,'056898',false),
  ('IT3B0001',64,'164164',true),
  ('IT3B0002',12,'249046',false),
  ('IT3B0002',42,'163676',false),
  ('IT3B0003',51,'164164',false),
  ('IT3B0003',77,'536341',false),
  ('IT3B0003',84,'319213',false),
  ('IT3B0004',56,'394920',false),
  ('IT3B0004',69,'392205',false),
  ('IT3B0004',86,'392205',false),
  ('IT3B0006',8,'046060',false),
  ('IT3B0006',29,'392963',false),
  ('IT3B0007',39,'406054',false),
  ('IT3B0007',76,'408311',false),
  ('IT3B0007',82,'164164',false),
  ('IT3B0007',86,'046060',false),
  ('IT3B0008',21,'074642',false),
  ('IT3B0008',52,'074642',false),
  ('IT3B0008',61,'341054',false),
  ('IT3B0008',74,'074642',false),
  ('IT3B0009',24,'127222',false),
  ('IT3B0009',36,'074642',false),
  ('IT3B0009',57,'158548',false),
  ('IT3B0009',60,'041920',false),
  ('IT3B0009',94,'076110',false),
  ('IT3B0010',35,'430623',false),
  ('IT3B0011',11,'248333',false),
  ('IT3B0011',35,'286276',false),
  ('IT3B0011',86,'037410',false),
  ('IT3B0012',2,'235793',false),
  ('IT3B0012',79,'163645',false),
  ('IT3B0013',8,'130498',false),
  ('IT3B0013',31,'130498',false),
  ('IT3B0014',61,'022673',false),
  ('IT3B0014',83,'130498',false),
  ('IT3B0015',9,'130498',false),
  ('IT3B0015',20,'286276',false),
  ('IT3B0015',85,'385379',false),
  ('IT3B0016',17,'130498',false),
  ('IT3B0016',21,'130498',false),
  ('IT3B0016',46,'144037',false),
  ('IT3B0016',52,'286276',false),
  ('IT3B0016',67,'199645',false),
  ('IT3B0016',70,'199645',false),
  ('IT3B0016',89,'331467',false),
  ('IT3B0018',43,'200145',false),
  ('IT3B0019',16,'165852',false),
  ('IT3B0019',38,'256118',false),
  ('IT3B0019',46,'065635',false),
  ('IT3B0019',69,'199604',false),
  ('IT3B0019',87,'281872',false),
  ('IT3B0019',90,'163645',false),
  ('IT3B0020',5,'087260',false),
  ('IT3B0020',32,'395089',false),
  ('IT3B0020',69,'199272',false),
  ('IT3B0021',43,'102379',false),
  ('IT3B0021',77,'056682',false),
  ('IT3B0022',8,'331395',false),
  ('IT3B0022',31,'392577',false),
  ('IT3B0022',85,'136114',false),
  ('IT3B0024',41,'392577',false),
  ('IT3B0024',51,'136114',false),
  ('IT3B0024',91,'252743',false),
  ('IT3B0025',2,'046060',false),
  ('IT3B0025',41,'199272',false),
  ('IT3B0026',79,'331395',false),
  ('IT3B0027',26,'102379',false),
  ('IT3B0027',47,'061803',false),
  ('IT3B0027',86,'307334',false),
  ('IT3B0028',14,'119051',false),
  ('IT3B0029',5,'287737',false),
  ('IT3B0029',9,'140084',false),
  ('IT3B0029',72,'163298',false),
  ('IT3B0029',97,'084770',false),
  ('IT3B0030',34,'200145',false),
  ('IT3B0030',59,'083370',false),
  ('IT3B0030',65,'062358',false),
  ('IT3B0032',24,'164164',false),
  ('IT3B0033',5,'287737',false),
  ('IT3B0033',83,'355787',false),
  ('IT3B0033',85,'390116',true),
  ('IT3B0034',22,'162952',false),
  ('IT3B0034',59,'395089',false),
  ('IT3B0034',71,'393236',false),
  ('IT3B0035',1,'286288',false),
  ('IT3B0036',6,'387013',false),
  ('IT3B0036',52,'162952',false),
  ('IT3B0037',56,'389841',false),
  ('IT3B0038',5,'129616',false),
  ('IT3B0038',32,'397249',false),
  ('IT3B0038',84,'038585',false),
  ('IT3B0039',61,'134383',false),
  ('IT3B0039',69,'163964',false),
  ('IT3B0039',83,'420472',false),
  ('IT3B0040',73,'421869',true),
  ('IT3B0041',18,'127222',false),
  ('IT3B0041',28,'134383',false),
  ('IT3B0041',49,'096133',false),
  ('IT3B0042',54,'127222',false),
  ('IT3B0043',7,'096133',false),
  ('IT3B0043',15,'199888',false),
  ('IT3B0043',50,'077970',true),
  ('IT3B0044',69,'163645',false),
  ('IT3B0044',70,'370435',false),
  ('IT3B0044',77,'129616',false),
  ('IT3B0044',90,'370435',false),
  ('IT3B0045',49,'252743',false),
  ('IT3B0045',51,'370435',false),
  ('IT3B0045',79,'252743',false),
  ('IT3B0045',91,'252743',false),
  ('IT3B0046',46,'062718',false),
  ('IT3B0046',93,'199243',false),
  ('IT3B0047',34,'256008',false),
  ('IT3B0047',55,'088542',false),
  ('IT3B0047',82,'129616',false),
  ('IT3B0048',12,'401077',false),
  ('IT3B0049',56,'183969',false),
  ('IT3B0050',10,'055595',false),
  ('IT3B0050',18,'084380',false),
  ('IT3B0050',58,'084380',false),
  ('IT3B0051',17,'084380',false),
  ('IT3B0051',81,'404977',false),
  ('IT3B0052',20,'167687',false),
  ('IT3B0053',2,'158043',false),
  ('IT3B0053',28,'167687',false),
  ('IT3B0053',53,'397564',false),
  ('IT3B0053',55,'307334',false),
  ('IT3B0054',77,'256008',false),
  ('IT3B0055',4,'360516',false),
  ('IT3B0055',39,'360516',false),
  ('IT3B0055',82,'057309',true),
  ('IT3B0056',74,'163649',false),
  ('IT3B0057',18,'057309',false),
  ('IT3B0057',65,'183969',false),
  ('IT3B0058',20,'421869',false),
  ('IT3B0058',38,'269870',false),
  ('IT3B0058',50,'084742',false),
  ('IT3B0058',59,'056898',false),
  ('IT3B0058',87,'096133',false),
  ('IT3B0058',95,'364136',false),
  ('IT3B0059',4,'392524',false),
  ('IT3B0059',18,'269870',false),
  ('IT3B0059',28,'269870',false),
  ('IT3B0060',63,'163645',false),
  ('IT3B0061',62,'269870',false),
  ('IT3B0061',83,'229337',false),
  ('IT3B0062',48,'392524',false),
  ('IT3B0062',71,'062710',false),
  ('IT3B0062',74,'460658',false),
  ('IT3B0062',79,'062710',false),
  ('IT3B0064',2,'198104',false),
  ('IT3B0064',71,'392617',true),
  ('IT3B0064',91,'320456',false),
  ('IT3B0066',26,'129616',false),
  ('IT3B0066',37,'325118',false),
  ('IT3B0066',49,'392166',false),
  ('IT3B0066',67,'392166',false),
  ('IT3B0067',6,'199272',false),
  ('IT3B0067',32,'392166',false),
  ('IT3B0068',5,'083370',false),
  ('IT3B0068',11,'392166',false),
  ('IT3B0068',42,'163985',false),
  ('IT3B0069',14,'163985',false),
  ('IT3B0069',24,'281636',false),
  ('IT3B0069',47,'383165',false),
  ('IT3B0069',58,'038585',false),
  ('IT3B0070',16,'325118',false),
  ('IT3B0070',42,'401077',false),
  ('IT3B0070',56,'055595',false),
  ('IT3B0070',82,'055595',false),
  ('IT3B0070',93,'401082',false),
  ('IT3B0071',26,'204480',false),
  ('IT3B0071',87,'204480',false),
  ('IT3B0071',89,'269870',false),
  ('IT3B0071',92,'269870',false),
  ('IT3B0072',26,'038592',false),
  ('IT3B0072',36,'163985',false),
  ('IT3B0072',42,'390724',false),
  ('IT3B0072',55,'393487',false),
  ('IT3B0073',69,'163985',false),
  ('IT3B0074',11,'164164',false),
  ('IT3B0074',22,'163985',false),
  ('IT3B0074',32,'074642',false),
  ('IT3B0074',87,'400941',false),
  ('IT3B0075',22,'057653',false),
  ('IT3B0075',61,'038592',false),
  ('IT3B0075',79,'026263',false),
  ('IT3B0076',3,'119356',false),
  ('IT3B0076',54,'164545',false),
  ('IT3B0077',33,'057653',false),
  ('IT3B0077',42,'088542',false),
  ('IT3B0078',68,'200145',false),
  ('IT3B0078',84,'235923',false),
  ('IT3B0079',20,'088542',false),
  ('IT3B0079',39,'046060',false),
  ('IT3B0080',28,'256008',false),
  ('IT3B0080',45,'057653',false),
  ('IT3B0081',13,'088764',false),
  ('IT3B0081',86,'459665',false),
  ('IT3B0082',6,'164545',false),
  ('IT3B0082',65,'392166',false),
  ('IT3B0082',80,'195455',true),
  ('IT3B0082',89,'401082',false),
  ('IT3B0082',91,'026263',false),
  ('IT3B0083',91,'164545',false),
  ('IT3B0084',19,'148538',false),
  ('IT3B0085',29,'183993',false),
  ('IT3B0085',36,'392848',false),
  ('IT3B0085',75,'252743',false),
  ('IT3B0086',1,'521407',false),
  ('IT3B0086',6,'148972',false),
  ('IT3B0086',59,'148972',false),
  ('IT3B0086',75,'163676',false),
  ('IT3B0086',77,'160334',false),
  ('IT3B0086',85,'291433',false),
  ('IT3B0087',13,'160334',false),
  ('IT3B0087',48,'163985',false),
  ('IT3B0087',52,'160334',false),
  ('IT3B0087',57,'160334',false),
  ('IT3B0087',62,'238951',false),
  ('IT3B0087',75,'240131',false),
  ('IT3B0087',95,'521407',false),
  ('IT3B0089',58,'160334',false),
  ('IT3B0089',63,'252743',false),
  ('IT3B0091',26,'410473',false),
  ('IT3B0091',65,'160334',false),
  ('IT3B0091',68,'160334',false),
  ('IT3B0092',12,'198104',false),
  ('IT3B0092',14,'421446',false),
  ('IT3B0092',73,'278309',false),
  ('IT3B0092',90,'315874',true),
  ('IT3B0093',10,'038592',false),
  ('IT3B0093',22,'038592',false),
  ('IT3B0093',73,'372122',false),
  ('IT3B0095',9,'269870',false),
  ('IT3B0095',33,'406054',false),
  ('IT3B0098',31,'138508',false),
  ('IT3B0099',2,'355455',false),
  ('IT3B0099',15,'167816',false),
  ('IT3B0099',89,'406054',false),
  ('IT3B0100',29,'355455',false),
  ('IT3B0100',79,'160334',false),
  ('IT3B0102',4,'087260',false),
  ('IT3B0102',19,'355455',false),
  ('IT3B0102',61,'138508',false),
  ('IT3B0102',74,'136114',false),
  ('IT3B0103',32,'138508',false),
  ('IT3B0103',82,'459937',false),
  ('IT3B0104',50,'200145',false),
  ('IT3B0104',78,'083370',false),
  ('IT3B0105',50,'136100',false),
  ('IT3B0105',86,'459644',false),
  ('IT3B0106',56,'434551',false),
  ('IT3B0106',75,'140110',false),
  ('IT3B0106',86,'269870',false),
  ('IT3B0108',69,'075669',true),
  ('IT3B0109',15,'138508',false),
  ('IT3B0109',44,'044368',false),
  ('IT3B0110',27,'062379',false),
  ('IT3B0110',84,'077970',false),
  ('IT3B0111',79,'281872',false),
  ('IT3B0111',96,'281872',false),
  ('IT3B0112',35,'038592',false),
  ('IT3B0112',37,'038592',false),
  ('IT3B0112',70,'420472',false),
  ('IT3B0113',72,'252743',false),
  ('IT3B0114',2,'286276',false),
  ('IT3B0115',3,'142034',false),
  ('IT3B0115',22,'229337',false),
  ('IT3B0115',60,'229337',false),
  ('IT3B0116',64,'355787',false),
  ('IT3B0119',13,'199243',false),
  ('IT3B0119',14,'240131',false),
  ('IT3B0120',29,'459937',false),
  ('IT3B0120',91,'405029',false),
  ('IT3B0120',93,'055595',false),
  ('IT3B0121',19,'229337',false),
  ('IT3B0121',53,'229337',false),
  ('IT3B0122',3,'603050',false),
  ('IT3B0122',16,'229337',false),
  ('IT3B0122',49,'199243',false),
  ('IT3B0123',16,'395714',false),
  ('IT3B0123',30,'200117',false),
  ('IT3B0123',80,'334952',false),
  ('IT3B0123',90,'312745',false),
  ('IT3B0124',38,'401082',false),
  ('IT3B0124',67,'033340',false),
  ('IT3B0124',79,'091058',false),
  ('IT3B0125',46,'084380',false),
  ('IT3B0126',77,'349715',false),
  ('IT3B0127',73,'269870',false),
  ('IT3B0127',85,'269870',false),
  ('IT3B0128',6,'458816',false),
  ('IT3B0128',37,'240129',false),
  ('IT3B0128',44,'240129',false),
  ('IT3B0128',53,'395140',false),
  ('IT3B0128',69,'337315',false),
  ('IT3B0130',14,'395140',false),
  ('IT3B0130',20,'240190',false),
  ('IT3B0130',51,'240190',false),
  ('IT3B0130',55,'199645',false),
  ('IT3B0130',64,'337315',false),
  ('IT3B0131',6,'521407',false),
  ('IT3B0131',17,'521407',false),
  ('IT3B0131',23,'252743',false),
  ('IT3B0131',31,'367621',false),
  ('IT3B0131',59,'252743',false),
  ('IT3B0132',32,'355787',false),
  ('IT3B0132',68,'355787',false),
  ('IT3B0134',5,'383165',false),
  ('IT3B0134',21,'240129',false),
  ('IT3B0134',62,'240129',false),
  ('IT3B0134',86,'390116',false),
  ('IT3B0134',89,'037234',false),
  ('IT3B0135',20,'534055',false),
  ('IT3B0135',84,'451307',false),
  ('IT3B0138',15,'006033',false),
  ('IT3B0138',25,'240129',false),
  ('IT3B0138',67,'057309',false),
  ('IT3B0138',78,'534055',false),
  ('IT3B0139',12,'480248',false),
  ('IT3B0139',53,'044368',false),
  ('IT3B0139',64,'240129',false),
  ('IT3B0139',70,'037234',false),
  ('IT3B0140',17,'370435',false),
  ('IT3B0140',41,'370435',false),
  ('IT3B0140',44,'390116',false),
  ('IT3B0141',31,'055595',false),
  ('IT3B0141',61,'199888',false),
  ('IT3B0141',66,'037234',false),
  ('IT3B0141',70,'199888',false),
  ('IT3B0141',82,'037234',false),
  ('IT3B0141',94,'287656',false),
  ('IT3B0142',46,'397225',false),
  ('IT3B0143',40,'235793',false),
  ('IT3B0143',53,'138295',false),
  ('IT3B0143',63,'395714',false),
  ('IT3B0144',15,'046060',false),
  ('IT3B0144',76,'392205',false),
  ('IT3B0145',22,'138295',false),
  ('IT3B0145',37,'096133',false),
  ('IT3B0146',40,'347885',false),
  ('IT3B0146',49,'325118',false),
  ('IT3B0146',68,'224453',false),
  ('IT3B0147',27,'552437',false),
  ('IT3B0147',49,'552437',false),
  ('IT3B0147',56,'197748',false),
  ('IT3B0148',93,'421446',false),
  ('IT3B0150',81,'084770',false),
  ('IT3B0151',83,'355455',false),
  ('IT3B0151',88,'337511',false),
  ('IT3B0152',16,'197748',false),
  ('IT3B0152',59,'534055',false),
  ('IT3B0152',71,'457440',false),
  ('IT3B0153',24,'026263',false),
  ('IT3B0153',30,'381527',false),
  ('IT3B0154',49,'199243',false),
  ('IT3B0155',48,'083370',false),
  ('IT3B0157',39,'240190',false),
  ('IT3B0157',72,'038585',false),
  ('IT3B0158',43,'420472',false),
  ('IT3B0158',49,'033340',false),
  ('IT3B0158',61,'033340',false),
  ('IT3B0159',12,'062710',false),
  ('IT3B0159',14,'381527',false),
  ('IT3B0159',68,'278309',false),
  ('IT3B0160',49,'315870',false),
  ('IT3B0160',96,'559648',false),
  ('IT3B0161',38,'163645',false),
  ('IT3B0161',69,'163628',false),
  ('IT3B0162',20,'195455',false),
  ('IT3B0162',37,'331476',false),
  ('IT3B0163',8,'392444',false),
  ('IT3B0163',59,'381527',false),
  ('IT3B0163',78,'057124',false),
  ('IT3B0164',3,'238951',false),
  ('IT3B0164',26,'160334',false),
  ('IT3B0164',90,'386851',false),
  ('IT3B0165',92,'362709',false),
  ('IT3B0165',96,'199272',false),
  ('IT3B0166',84,'612489',false),
  ('IT3B0167',9,'262521',false),
  ('IT3B0167',69,'406054',false),
  ('IT3B0167',75,'682043',false),
  ('IT3B0168',77,'096133',false),
  ('IT3B0168',79,'362709',false),
  ('IT3B0169',6,'163628',false),
  ('IT3B0169',46,'401082',false),
  ('IT3B0169',54,'401077',false),
  ('IT3B0170',80,'393487',false),
  ('IT3B0170',82,'163628',false),
  ('IT3B0171',25,'331395',false),
  ('IT3B0171',61,'287656',false),
  ('IT3B0171',74,'087260',false),
  ('IT3B0172',38,'160216',false),
  ('IT3B0172',70,'144037',false),
  ('IT3B0172',89,'392051',false),
  ('IT3B0173',26,'060694',false),
  ('IT3B0173',38,'055595',false),
  ('IT3B0174',77,'055595',false),
  ('IT3B0175',28,'044368',false),
  ('IT3B0175',65,'410473',false),
  ('IT3B0175',76,'142034',false),
  ('IT3B0176',73,'088542',false),
  ('IT3B0176',91,'194220',false),
  ('IT3B0177',5,'163645',false),
  ('IT3B0177',31,'577593',false),
  ('IT3B0177',54,'256118',false),
  ('IT3B0177',94,'281872',false),
  ('IT3B0178',12,'055595',false),
  ('IT3B0178',17,'148956',false),
  ('IT3B0178',47,'055595',false),
  ('IT3B0178',76,'616668',false),
  ('IT3B0178',87,'120688',false),
  ('IT3B0179',32,'341054',false),
  ('IT3B0179',56,'283309',false),
  ('IT3B0180',56,'529885',false),
  ('IT3B0181',33,'102053',false),
  ('IT3B0181',59,'102053',false),
  ('IT3B0181',93,'682043',false),
  ('IT3B0182',9,'163645',false),
  ('IT3B0182',14,'130498',false),
  ('IT3B0182',59,'385379',false),
  ('IT3B0183',1,'183969',false),
  ('IT3B0183',6,'130172',false),
  ('IT3B0183',42,'101919',false),
  ('IT3B0183',79,'581912',false),
  ('IT3B0184',11,'088542',false),
  ('IT3B0184',14,'581912',false),
  ('IT3B0184',32,'256008',false),
  ('IT3B0184',35,'383165',false),
  ('IT3B0184',82,'195455',false),
  ('IT3B0185',9,'163628',false),
  ('IT3B0185',95,'038585',false),
  ('IT3B0186',2,'331395',false),
  ('IT3B0186',16,'392577',false),
  ('IT3B0186',20,'199272',false),
  ('IT3B0186',61,'393236',false),
  ('IT3B0187',49,'162952',false),
  ('IT3B0188',35,'088764',false),
  ('IT3B0188',88,'038585',false),
  ('IT3B0189',12,'448395',false),
  ('IT3B0189',38,'269870',false);
