/* File created by scraping https://www.transfermarkt.com using Antonio Cardin's program */

insert into Squadre values
  ('Modena FC 2018','Modena','Tesser'),
  ('Cesena FC','Cesena','Viali'),
  ('AC Reggiana 1919','Reggio Emilia','Diana'),
  ('Virtus Entella','Chiavari','Volpe'),
  ('Delfino Pescara 1936','Pescara','Auteri'),
  ('ACN Siena 1904','Siena','Padalino'),
  ('AS Gubbio 1910','Gubbio','Torrente'),
  ('SS Teramo Calcio','Teramo','Guidi'),
  ('Carrarese Calcio 1908','Carrara','Di Natale'),
  ('US Viterbese 1908','Viterbo','Dal Canto'),
  ('US Città di Pontedera','Pontedera','Maraia'),
  ('Lucchese 1905','Lucca','Pagliuca'),
  ('Vis Pesaro dal 1898','Pesaro','Banchini'),
  ('Ancona Matelica','Ancona','Colavitto'),
  ('US Pistoiese 1921','Pistoia','Alessandrini'),
  ('Olbia Calcio 1905','Olbia','Canzi'),
  ('Aquila Montevarchi 1902','Montevarchi','Malotti'),
  ('Imolese Calcio 1919','www.imolesecalcio1919.it/','Fontana'),
  ('Fermana FC','Torre San Patrizio','Riolfo'),
  ('US Grosseto 1912','Grosseto','Maurizi');

insert into Giocatori values
  ('337360','Modena FC 2018',26,'Riccardo','Gagno','26-jul-1997','Portiere'),
  ('367618','Modena FC 2018',33,'Andrea','Spurio','22-oct-1998','Portiere'),
  ('038599','Modena FC 2018',1,'Antonio','Narciso','1-oct-1980','Portiere'),
  ('036753','Modena FC 2018',15,'Tommaso','Silvestri','26-oct-1991','Difensore'),
  ('387013','Modena FC 2018',4,'Antonio','Pergreffi','6-may-1988','Difensore'),
  ('163298','Modena FC 2018',5,'Andrea','Ingegneri','18-jan-1992','Difensore'),
  ('391453','Modena FC 2018',25,'Matteo','Piacentini','20-apr-1999','Difensore'),
  ('398025','Modena FC 2018',30,'Riccardo','Baroni','19-sep-1998','Difensore'),
  ('084845','Modena FC 2018',3,'Francesco','Renzetti','22-jan-1988','Difensore'),
  ('534082','Modena FC 2018',2,'Fabio','Ponsi','12-feb-2001','Difensore'),
  ('119355','Modena FC 2018',13,'Matteo','Ciofani','26-feb-1988','Difensore'),
  ('330288','Modena FC 2018',16,'Fabio','Gerli','23-dec-1996','Centrocampista'),
  ('096133','Modena FC 2018',17,'Fabio','Scarsella','19-jul-1989','Centrocampista'),
  ('297444','Modena FC 2018',6,'Luca','Magnino','13-aug-1997','Centrocampista'),
  ('144091','Modena FC 2018',7,'Marco','Armellino','21-aug-1989','Centrocampista'),
  ('337315','Modena FC 2018',23,'Manuel','Di Paola','6-oct-1997','Centrocampista'),
  ('393487','Modena FC 2018',14,'Shady','Oukhadda','17-jan-1999','Centrocampista'),
  ('431581','Modena FC 2018',20,'Edoardo','Duca','30-may-1997','Centrocampista'),
  ('088713','Modena FC 2018',32,'Luca','Tremolada','25-nov-1991','Centrocampista'),
  ('302497','Modena FC 2018',8,'Nicola','Mosti','7-feb-1998','Centrocampista'),
  ('310527','Modena FC 2018',27,'Paulo','Azzi','15-jul-1994','Attaccante'),
  ('074642','Modena FC 2018',18,'Mattia','Minesso','30-mar-1990','Attaccante'),
  ('534055','Modena FC 2018',21,'Romeo','Giovannini','28-sep-2001','Attaccante'),
  ('192105','Modena FC 2018',11,'Roberto','Ogunseye','16-may-1995','Attaccante'),
  ('124560','Modena FC 2018',19,'Samuele','Longo','12-jan-1992','Attaccante'),
  ('144366','Modena FC 2018',10,'Alessandro','Marotta','15-jul-1986','Attaccante'),
  ('553513','Modena FC 2018',9,'Nicholas','Bonfanti','28-mar-2002','Attaccante'),
  ('306609','Cesena FC',33,'Michele','Nardi','9-jul-1986','Portiere'),
  ('269421','Cesena FC',22,'Elia','Benedettini','22-jun-1995','Portiere'),
  ('544360','Cesena FC',34,'Alessandro','Bizzini','19-sep-2002','Portiere'),
  ('392521','Cesena FC',13,'Erasmo','Mulè','13-jun-1999','Difensore'),
  ('392524','Cesena FC',15,'Andrea','Ciofi','28-jun-1999','Difensore'),
  ('163072','Cesena FC',27,'Lorenzo','Gonnelli','28-jun-1993','Difensore'),
  ('392617','Cesena FC',3,'Rosario','Maddaloni','2-jul-1998','Difensore'),
  ('349905','Cesena FC',28,'Cesare','Pogliano','8-jan-1998','Difensore'),
  ('167725','Cesena FC',35,'Nicholas','Allievi','20-apr-1992','Difensore'),
  ('817468','Cesena FC',98,'Tomas','Lepri','22-apr-2003','Difensore'),
  ('448395','Cesena FC',30,'Giulio','Favale','25-jan-1998','Difensore'),
  ('075327','Cesena FC',32,'Marco','Calderoni','18-feb-1989','Difensore'),
  ('392881','Cesena FC',2,'Antonio','Candela','27-apr-2000','Difensore'),
  ('061757','Cesena FC',4,'Nicola','Rigoni','12-nov-1990','Centrocampista'),
  ('539131','Cesena FC',6,'Alessio','Brambilla','16-jun-2001','Centrocampista'),
  ('035747','Cesena FC',25,'Simone','Missiroli','23-may-1986','Centrocampista'),
  ('908768','Cesena FC',14,'Tommaso','Berti','7-mar-2004','Centrocampista'),
  ('119357','Cesena FC',16,'Carlo','Ilari','12-dec-1991','Centrocampista'),
  ('198104','Cesena FC',5,'Demetrio','Steffè','30-jul-1996','Centrocampista'),
  ('062710','Cesena FC',8,'Francesco','Ardizzone','17-feb-1992','Centrocampista'),
  ('372720','Cesena FC',10,'Nicholas','Pierini','6-aug-1998','Attaccante'),
  ('273553','Cesena FC',31,'Dominik','Frieser','9-sep-1993','Attaccante'),
  ('320456','Cesena FC',7,'Giacomo','Zecca','6-jul-1997','Attaccante'),
  ('269870','Cesena FC',20,'Mattia','Bortolussi','2-may-1996','Attaccante'),
  ('355455','Cesena FC',11,'Filippo','Pittarello','9-oct-1996','Attaccante'),
  ('056898','Cesena FC',9,'Salvatore','Caturano','3-jul-1990','Attaccante'),
  ('421773','Cesena FC',99,'Riccardo','Tonin','30-jan-2001','Attaccante'),
  ('908760','Cesena FC',44,'Cristian','Shpendi','19-may-2003','Attaccante'),
  ('931567','Cesena FC',45,'Stiven','Shpendi','19-may-2003','Attaccante'),
  ('120236','AC Reggiana 1919',22,'Giacomo','Venturi','2-jan-1992','Portiere'),
  ('341389','AC Reggiana 1919',1,'Matteo','Voltolini','30-jul-1996','Portiere'),
  ('121047','AC Reggiana 1919',89,'Stefano','Russo','6-mar-1989','Portiere'),
  ('621350','AC Reggiana 1919',12,'Alessandro','Marconi','24-feb-2002','Portiere'),
  ('061617','AC Reggiana 1919',4,'Paolo','Rozzio','22-jul-1992','Difensore'),
  ('240400','AC Reggiana 1919',6,'Agostino','Camigliano','11-jul-1994','Difensore'),
  ('083409','AC Reggiana 1919',26,'Michele','Cremonesi','15-apr-1988','Difensore'),
  ('204478','AC Reggiana 1919',23,'Giuliano','Laezza','23-dec-1993','Difensore'),
  ('061598','AC Reggiana 1919',3,'Sergio','Contessa','14-mar-1990','Difensore'),
  ('283421','AC Reggiana 1919',33,'Cristian','Cauz','15-aug-1996','Difensore'),
  ('341481','AC Reggiana 1919',17,'Lorenzo','Libutti','17-sep-1997','Difensore'),
  ('073932','AC Reggiana 1919',16,'Alessio','Luciani','16-jan-1990','Difensore'),
  ('033218','AC Reggiana 1919',8,'Luca','Cigarini','20-jun-1986','Centrocampista'),
  ('081743','AC Reggiana 1919',5,'Fausto','Rossi','3-dec-1990','Centrocampista'),
  ('343827','AC Reggiana 1919',27,'Sonny','D''Angelo','5-oct-1995','Centrocampista'),
  ('102368','AC Reggiana 1919',88,'Daniele','Sciaudone','10-aug-1988','Centrocampista'),
  ('235923','AC Reggiana 1919',96,'Mattia','Muroni','6-apr-1996','Centrocampista'),
  ('244061','AC Reggiana 1919',28,'Lorenzo','Del Pinto','17-jun-1990','Centrocampista'),
  ('240290','AC Reggiana 1919',44,'Davide','Guglielmotti','24-mar-1994','Centrocampista'),
  ('214537','AC Reggiana 1919',32,'Antonio','Porcino','30-may-1995','Centrocampista'),
  ('167330','AC Reggiana 1919',21,'Igor','Radrezza','6-jun-1993','Centrocampista'),
  ('229337','AC Reggiana 1919',11,'Samuele','Neglia','11-aug-1991','Attaccante'),
  ('199722','AC Reggiana 1919',7,'Marco','Rosafio','19-mar-1994','Attaccante'),
  ('102413','AC Reggiana 1919',30,'Luca','Zamparo','19-nov-1994','Attaccante'),
  ('199635','AC Reggiana 1919',94,'Eric','Lanini','25-feb-1994','Attaccante'),
  ('110823','AC Reggiana 1919',20,'Andrea','Arrighini','6-jun-1990','Attaccante'),
  ('083370','AC Reggiana 1919',9,'Stefano','Scappini','2-feb-1988','Attaccante'),
  ('240799','Virtus Entella',24,'Daniele','Borra','28-jul-1995','Portiere'),
  ('057272','Virtus Entella',1,'Andrea','Paroni','14-oct-1989','Portiere'),
  ('379137','Virtus Entella',22,'Ovidijus','Siaulys','19-jul-1999','Portiere'),
  ('163549','Virtus Entella',19,'Marco','Chiosa','19-nov-1993','Difensore'),
  ('250921','Virtus Entella',21,'Mauro','Coppolaro','10-mar-1997','Difensore'),
  ('104746','Virtus Entella',15,'Michele','Pellizzer','22-may-1989','Difensore'),
  ('020003','Virtus Entella',26,'Matías','Silvestre','25-sep-1984','Difensore'),
  ('429245','Virtus Entella',36,'Kosovar','Sadiki','27-aug-1998','Difensore'),
  ('197741','Virtus Entella',3,'Luca','Barlocco','20-feb-1995','Difensore'),
  ('274940','Virtus Entella',35,'Markus','Pavic','26-mar-1995','Difensore'),
  ('425767','Virtus Entella',2,'Gabriel','Cléùr','31-jan-1998','Difensore'),
  ('698142','Virtus Entella',6,'Davide','Alesso','2-jun-2003','Difensore'),
  ('044540','Virtus Entella',23,'Andrea','Paolucci','23-nov-1986','Centrocampista'),
  ('534164','Virtus Entella',14,'Jacopo','Lipani','24-apr-2001','Centrocampista'),
  ('029962','Virtus Entella',7,'Daniele','Dessena','10-may-1987','Centrocampista'),
  ('393236','Virtus Entella',17,'Nermin','Karić','23-jul-1999','Centrocampista'),
  ('408333','Virtus Entella',28,'Armand','Rada','10-jan-1999','Centrocampista'),
  ('285913','Virtus Entella',27,'Riccardo','Palmieri','26-sep-1995','Centrocampista'),
  ('450167','Virtus Entella',31,'Leonardo','Di Cosmo','31-oct-1998','Centrocampista'),
  ('130357','Virtus Entella',10,'Andrea','Schenetti','9-mar-1991','Centrocampista'),
  ('534166','Virtus Entella',34,'Lorenzo','Meazzi','28-may-2001','Centrocampista'),
  ('240415','Virtus Entella',20,'Leonardo','Morosini','13-oct-1995','Attaccante'),
  ('200190','Virtus Entella',8,'Alessandro','Capello','12-dec-1995','Attaccante'),
  ('256008','Virtus Entella',32,'Facundo','Lescano','18-aug-1996','Attaccante'),
  ('175788','Virtus Entella',9,'Andrea','Magrassi','6-feb-1993','Attaccante'),
  ('460842','Virtus Entella',33,'Silvio','Merkaj','4-dec-1997','Attaccante'),
  ('214635','Virtus Entella',11,'Claudio','Morra','22-jan-1995','Attaccante'),
  ('070580','Delfino Pescara 1936',33,'Raffaele','Di Gennaro','3-oct-1993','Portiere'),
  ('104290','Delfino Pescara 1936',14,'Alessandro','Iacobucci','3-jun-1991','Portiere'),
  ('542588','Delfino Pescara 1936',22,'Alessandro','Sorrentino','3-apr-2002','Portiere'),
  ('441264','Delfino Pescara 1936',5,'Julián','Illanes','10-mar-1997','Difensore'),
  ('042762','Delfino Pescara 1936',18,'Mirko','Drudi','22-feb-1987','Difensore'),
  ('705097','Delfino Pescara 1936',27,'Davide','Veroli','29-jan-2003','Difensore'),
  ('061605','Delfino Pescara 1936',28,'Gianmarco','Ingrosso','28-jan-1989','Difensore'),
  ('463738','Delfino Pescara 1936',29,'Mardochee','Nzita','24-feb-2000','Difensore'),
  ('165885','Delfino Pescara 1936',38,'Paolo','Frascatore','4-jan-1992','Difensore'),
  ('491447','Delfino Pescara 1936',3,'Alessio','Rasi','4-aug-1999','Difensore'),
  ('390120','Delfino Pescara 1936',13,'Davide','Zappella','29-apr-1998','Difensore'),
  ('167879','Delfino Pescara 1936',23,'Tommaso','Cancellotti','22-may-1992','Difensore'),
  ('370704','Delfino Pescara 1936',68,'Mario','Ierardi','19-feb-1998','Difensore'),
  ('459991','Delfino Pescara 1936',21,'Marco','Pompetti','22-may-2000','Centrocampista'),
  ('292422','Delfino Pescara 1936',20,'Simone','Pontisso','20-mar-1997','Centrocampista'),
  ('139634','Delfino Pescara 1936',8,'Ledian','Memushaj','7-dec-1986','Centrocampista'),
  ('159466','Delfino Pescara 1936',19,'Carlo','De Risio','3-jun-1991','Centrocampista'),
  ('708868','Delfino Pescara 1936',16,'Amadou','Diambo','12-feb-2001','Centrocampista'),
  ('341498','Delfino Pescara 1936',7,'Eugenio','D''Ursi','7-may-1995','Attaccante'),
  ('899543','Delfino Pescara 1936',40,'Marco','Delle Monache','3-feb-2005','Attaccante'),
  ('291520','Delfino Pescara 1936',97,'Luca','Clemenza','9-jul-1997','Attaccante'),
  ('560844','Delfino Pescara 1936',52,'Marco','Chiarella','14-aug-2002','Attaccante'),
  ('409553','Delfino Pescara 1936',9,'Franco','Ferrari','10-aug-1995','Attaccante'),
  ('417896','Delfino Pescara 1936',17,'Nicola','Rauti','17-apr-2000','Attaccante'),
  ('234882','Delfino Pescara 1936',11,'Iacopo','Cernigoi','4-jan-1995','Attaccante'),
  ('706166','Delfino Pescara 1936',43,'Vladislav','Blanuta','12-jan-2002','Attaccante'),
  ('124896','ACN Siena 1904',1,'Ivan','Lanni','30-jun-1990','Portiere'),
  ('523971','ACN Siena 1904',22,'Paolo','Bastianello','14-feb-1998','Portiere'),
  ('842753','ACN Siena 1904',12,'Federico','Mataloni','22-jul-2002','Portiere'),
  ('016873','ACN Siena 1904',19,'Claudio','Terzi','19-jun-1984','Difensore'),
  ('127224','ACN Siena 1904',13,'Luca','Crescenzi','2-apr-1992','Difensore'),
  ('106452','ACN Siena 1904',3,'Leonardo','Terigi','21-mar-1991','Difensore'),
  ('418215','ACN Siena 1904',5,'Ricardo','Farcas','24-jun-2000','Difensore'),
  ('464465','ACN Siena 1904',4,'Daniel','Dumbravanu','22-jul-2001','Difensore'),
  ('658438','ACN Siena 1904',50,'Francesco','De Francesco','14-mar-2002','Difensore'),
  ('166073','ACN Siena 1904',33,'Alessandro','Favalli','15-nov-1992','Difensore'),
  ('702384','ACN Siena 1904',16,'Lorenzo','Zaccone','16-jul-2002','Difensore'),
  ('301239','ACN Siena 1904',20,'Christian','Mora','31-dec-1997','Difensore'),
  ('124155','ACN Siena 1904',89,'Lorenzo','Laverone','19-apr-1989','Difensore'),
  ('421871','ACN Siena 1904',8,'Salvatore','Pezzella','11-mar-2000','Centrocampista'),
  ('309472','ACN Siena 1904',6,'Matthew','Guillaumier','9-apr-1998','Centrocampista'),
  ('391421','ACN Siena 1904',21,'Cassio','Cardoselli','26-jul-1998','Centrocampista'),
  ('170337','ACN Siena 1904',18,'Vincenzo','Gatto','21-apr-1992','Centrocampista'),
  ('702372','ACN Siena 1904',44,'Steeve-Mike','Eyango','20-feb-2001','Centrocampista'),
  ('043085','ACN Siena 1904',24,'Tommaso','Bianchi','1-nov-1988','Centrocampista'),
  ('391057','ACN Siena 1904',14,'Cristiano','Bani','14-jan-1999','Centrocampista'),
  ('451307','ACN Siena 1904',23,'Niccolò','Marcellusi','17-dec-1999','Centrocampista'),
  ('364138','ACN Siena 1904',27,'Marco','Meli','2-feb-2000','Centrocampista'),
  ('286525','ACN Siena 1904',7,'Francesco','Disanto','10-oct-1994','Attaccante'),
  ('041310','ACN Siena 1904',17,'Stefano','Guberti','6-nov-1984','Attaccante'),
  ('870248','ACN Siena 1904',68,'Heythem','Kerbache','1-jul-2000','Attaccante'),
  ('102625','ACN Siena 1904',10,'Giuseppe','Caccavallo','11-apr-1987','Attaccante'),
  ('068306','ACN Siena 1904',99,'Alberto','Paloschi','4-jan-1990','Attaccante'),
  ('253855','ACN Siena 1904',9,'Michael','Fabbro','10-may-1996','Attaccante'),
  ('085603','ACN Siena 1904',32,'Matteo','Ardemagni','26-mar-1987','Attaccante'),
  ('357983','AS Gubbio 1910',1,'Simone','Ghidotti','19-mar-2000','Portiere'),
  ('524393','AS Gubbio 1910',22,'Marco','Meneghetti','1-jun-2001','Portiere'),
  ('197476','AS Gubbio 1910',5,'Alex','Redolfi','20-jan-1994','Difensore'),
  ('056682','AS Gubbio 1910',15,'Andrea','Signorini','31-jan-1990','Difensore'),
  ('530552','AS Gubbio 1910',4,'Federico','Bonini','6-aug-2001','Difensore'),
  ('167817','AS Gubbio 1910',6,'Marco','Migliorini','3-jan-1992','Difensore'),
  ('457444','AS Gubbio 1910',3,'Giuseppe','Aurelio','22-mar-2000','Difensore'),
  ('475134','AS Gubbio 1910',33,'Samuele','Righetti','10-oct-2001','Difensore'),
  ('095779','AS Gubbio 1910',2,'Giovanni','Formiconi','14-dec-1989','Difensore'),
  ('391686','AS Gubbio 1910',23,'Massimo','Tazzer','28-may-1999','Difensore'),
  ('603897','AS Gubbio 1910',25,'Francesco','Lamanna','11-jan-2002','Difensore'),
  ('198081','AS Gubbio 1910',8,'Andrea','Cittadino','25-apr-1994','Centrocampista'),
  ('235793','AS Gubbio 1910',27,'Danilo','Bulevardi','31-jan-1995','Centrocampista'),
  ('163264','AS Gubbio 1910',28,'Giovanni','Di Noia','3-jul-1994','Centrocampista'),
  ('140110','AS Gubbio 1910',19,'Nicola','Malaccari','16-feb-1992','Centrocampista'),
  ('419890','AS Gubbio 1910',17,'Nicolò','Francofonte','31-jan-2001','Centrocampista'),
  ('142034','AS Gubbio 1910',20,'Miguel Ángel','Sainz-Maza','6-jan-1993','Centrocampista'),
  ('392500','AS Gubbio 1910',29,'Felice','D''Amico','22-aug-2000','Attaccante'),
  ('291522','AS Gubbio 1910',7,'Tommaso','Fantacci','17-mar-1997','Attaccante'),
  ('678645','AS Gubbio 1910',30,'Alessandro','Arena','3-aug-2000','Attaccante'),
  ('278580','AS Gubbio 1910',9,'Manuel','Sarao','11-oct-1989','Attaccante'),
  ('499830','AS Gubbio 1910',11,'Samuele','Spalluto','15-feb-2001','Attaccante'),
  ('197480','AS Gubbio 1910',99,'Doudou','Mangni','29-mar-1993','Attaccante'),
  ('088701','SS Teramo Calcio',32,'Filippo','Perucchini','6-oct-1991','Portiere'),
  ('579746','SS Teramo Calcio',22,'Giuseppe','Agostino','21-dec-2002','Portiere'),
  ('059699','SS Teramo Calcio',30,'Simone','Iacoponi','30-apr-1987','Difensore'),
  ('280039','SS Teramo Calcio',5,'Marco','Soprano','25-jan-1996','Difensore'),
  ('250122','SS Teramo Calcio',15,'Roberto','Codromaz','14-oct-1995','Difensore'),
  ('349389','SS Teramo Calcio',18,'Pierluigi','Pinto','22-sep-1998','Difensore'),
  ('497585','SS Teramo Calcio',19,'Niccolò','Bellucci','4-aug-2001','Difensore'),
  ('886231','SS Teramo Calcio',27,'Roberto','Furlan','1-aug-2003','Difensore'),
  ('288570','SS Teramo Calcio',14,'Davide','Mordini','3-aug-1996','Difensore'),
  ('539220','SS Teramo Calcio',3,'Angelo','Ndrecka','24-sep-2001','Difensore'),
  ('343950','SS Teramo Calcio',2,'Cristian','Hadžiosmanović','9-jul-1998','Difensore'),
  ('457235','SS Teramo Calcio',13,'Devid Eugene','Bouah','13-aug-2001','Difensore'),
  ('106126','SS Teramo Calcio',6,'Andrea','Arrigoni','10-aug-1988','Centrocampista'),
  ('240955','SS Teramo Calcio',11,'Mattia','Lombardo','14-feb-1995','Centrocampista'),
  ('457470','SS Teramo Calcio',24,'Marco','Cuccurullo','10-feb-2000','Centrocampista'),
  ('566989','SS Teramo Calcio',25,'Gianmarco','Papaserio','16-oct-1999','Centrocampista'),
  ('391463','SS Teramo Calcio',8,'Federico','Viero','10-mar-1999','Centrocampista'),
  ('440878','SS Teramo Calcio',16,'Matteo','Rossetti','23-jul-1998','Centrocampista'),
  ('240487','SS Teramo Calcio',23,'Lorenzo','De Grazia','1-apr-1995','Centrocampista'),
  ('167450','SS Teramo Calcio',29,'Cosimo','Forgione','30-mar-1992','Centrocampista'),
  ('577593','SS Teramo Calcio',28,'Marco','Fiorani','21-mar-2002','Centrocampista'),
  ('248333','SS Teramo Calcio',20,'Simone','Rosso','10-nov-1995','Attaccante'),
  ('426179','SS Teramo Calcio',26,'Andrea','Cisco','8-oct-1998','Attaccante'),
  ('391066','SS Teramo Calcio',33,'Giuseppe','Montaperto','23-jan-2000','Attaccante'),
  ('451354','SS Teramo Calcio',7,'Manuele','Malotti','24-apr-1997','Attaccante'),
  ('457982','SS Teramo Calcio',9,'Gabriele','Bernardotto','22-apr-1997','Attaccante'),
  ('459892','SS Teramo Calcio',17,'Filippo','D''Andrea','25-sep-1998','Attaccante'),
  ('459102','Carrarese Calcio 1908',22,'Thomas','Vettorel','17-sep-2000','Portiere'),
  ('346528','Carrarese Calcio 1908',47,'Stefano','Mazzini','6-dec-1998','Portiere'),
  ('658588','Carrarese Calcio 1908',1,'Gregorio','Capponi','25-jun-2003','Portiere'),
  ('392001','Carrarese Calcio 1908',12,'Simone','Barone','18-mar-1999','Portiere'),
  ('183993','Carrarese Calcio 1908',4,'Minel','Sabotic','20-jan-1994','Difensore'),
  ('102537','Carrarese Calcio 1908',15,'Antonio','Marino','9-aug-1988','Difensore'),
  ('556173','Carrarese Calcio 1908',68,'Omar','Khailoti','5-sep-2001','Difensore'),
  ('539212','Carrarese Calcio 1908',8,'Federico','Bevilacqua','10-aug-2001','Difensore'),
  ('475149','Carrarese Calcio 1908',3,'Marco','Imperiale','1-may-1999','Difensore'),
  ('315843','Carrarese Calcio 1908',29,'Alessandro','Semprini','24-feb-1998','Difensore'),
  ('457710','Carrarese Calcio 1908',21,'Arensi','Rota','7-dec-1995','Difensore'),
  ('357996','Carrarese Calcio 1908',27,'Davide','Grassini','4-may-2000','Difensore'),
  ('164088','Carrarese Calcio 1908',6,'Luca','Berardocco','22-jan-1991','Centrocampista'),
  ('363610','Carrarese Calcio 1908',20,'Georgi','Tunjov','17-apr-2001','Centrocampista'),
  ('473871','Carrarese Calcio 1908',5,'Thomas','Battistella','29-jul-2001','Centrocampista'),
  ('165724','Carrarese Calcio 1908',19,'Lorenzo','Pasciuti','24-sep-1989','Centrocampista'),
  ('222502','Carrarese Calcio 1908',17,'Giovanni','Foresta','4-sep-1995','Centrocampista'),
  ('457420','Carrarese Calcio 1908',18,'Matteo','Figoli','17-dec-2000','Centrocampista'),
  ('704704','Carrarese Calcio 1908',14,'Tommaso','Bertipagani','17-mar-2003','Centrocampista'),
  ('280824','Carrarese Calcio 1908',10,'Gianluca','D''Auria','28-oct-1996','Attaccante'),
  ('147876','Carrarese Calcio 1908',24,'Abdou','Doumbia','7-jun-1990','Attaccante'),
  ('465222','Carrarese Calcio 1908',13,'Antonio','Energe','21-jan-2000','Attaccante'),
  ('534693','Carrarese Calcio 1908',30,'Simone','Bramante','9-may-1998','Attaccante'),
  ('477027','Carrarese Calcio 1908',7,'Elia','Petrelli','15-aug-2001','Attaccante'),
  ('160849','Carrarese Calcio 1908',9,'Saveriano','Infantino','16-sep-1986','Attaccante'),
  ('099235','Carrarese Calcio 1908',99,'Niccolò','Giannetti','12-may-1991','Attaccante'),
  ('104993','US Viterbese 1908',33,'Ermanno','Fumagalli','23-mar-1982','Portiere'),
  ('469847','US Viterbese 1908',77,'Luca','Bisogno','18-jun-2000','Portiere'),
  ('395075','US Viterbese 1908',null,'Davide','Borsellini','4-jan-1999','Portiere'),
  ('075613','US Viterbese 1908',4,'Luca','Ricci','13-mar-1989','Difensore'),
  ('120767','US Viterbese 1908',13,'Dario','D''Ambrosio','9-sep-1988','Difensore'),
  ('122430','US Viterbese 1908',3,'Riccardo','Martinelli','30-apr-1991','Difensore'),
  ('704129','US Viterbese 1908',27,'Filippo','Marenco','9-apr-2003','Difensore'),
  ('390719','US Viterbese 1908',5,'Oliver','Urso','29-apr-1999','Difensore'),
  ('437334','US Viterbese 1908',17,'Daniel','Pavlev','11-oct-2000','Difensore'),
  ('085894','US Viterbese 1908',35,'Daniel','Semenzato','11-jan-1987','Difensore'),
  ('462223','US Viterbese 1908',2,'Vincenzo','Polito','14-mar-1999','Difensore'),
  ('300156','US Viterbese 1908',88,'Linas','Megelaitis','9-sep-1998','Centrocampista'),
  ('240131','US Viterbese 1908',19,'Riccardo','Calcagni','27-jun-1994','Centrocampista'),
  ('512401','US Viterbese 1908',6,'Alvaro','Iuliano','6-jun-1991','Centrocampista'),
  ('564305','US Viterbese 1908',8,'Michel','Adopo','19-jul-2000','Centrocampista'),
  ('884065','US Viterbese 1908',15,'Simone','D''Uffizi','15-sep-2004','Centrocampista'),
  ('274612','US Viterbese 1908',10,'Domenico','Mungo','18-jan-1993','Centrocampista'),
  ('321071','US Viterbese 1908',67,'Domenico','Alberico','23-jan-1999','Centrocampista'),
  ('163985','US Viterbese 1908',7,'Emilio','Volpicelli','3-aug-1992','Attaccante'),
  ('293941','US Viterbese 1908',11,'Murilo','null','8-mar-1995','Attaccante'),
  ('392205','US Viterbese 1908',20,'Andrea','Bianchimano','25-dec-1996','Attaccante'),
  ('381527','US Viterbese 1908',18,'Alessandro','Polidori','24-feb-1992','Attaccante'),
  ('392856','US Viterbese 1908',99,'Claudio','Maffei','23-dec-1999','Attaccante'),
  ('484160','US Città di Pontedera',1,'Alex','Sposito','6-jun-2001','Portiere'),
  ('162951','US Città di Pontedera',32,'Riccardo','Melgrati','17-jun-1994','Portiere'),
  ('929728','US Città di Pontedera',22,'Andrea','Nicoli','1-jan-2001','Portiere'),
  ('604491','US Città di Pontedera',30,'Lorenzo','Santarelli','28-dec-2001','Portiere'),
  ('358002','US Città di Pontedera',23,'Emanuele','Matteucci','26-jan-2000','Difensore'),
  ('163374','US Città di Pontedera',14,'Aboubakar','Bakayoko','14-oct-1992','Difensore'),
  ('331365','US Città di Pontedera',19,'Marcos','Espeche','18-jun-1985','Difensore'),
  ('736340','US Città di Pontedera',5,'Mattia','Pretato','16-may-2002','Difensore'),
  ('930115','US Città di Pontedera',15,'Nicholas','Di Meo','1-jan-2002','Difensore'),
  ('930114','US Città di Pontedera',26,'Leonardo','Di Bella','12-nov-2004','Difensore'),
  ('603683','US Città di Pontedera',2,'Matteo','Martini','14-may-2002','Difensore'),
  ('494803','US Città di Pontedera',6,'Cristian','Shiba','31-jan-2001','Difensore'),
  ('056896','US Città di Pontedera',8,'Andrea','Caponi','8-feb-1988','Centrocampista'),
  ('287681','US Città di Pontedera',10,'Gianluca','Barba','28-feb-1995','Centrocampista'),
  ('091916','US Città di Pontedera',4,'Fabio','Foglia','5-jun-1989','Centrocampista'),
  ('167437','US Città di Pontedera',13,'Giovanni','Catanese','3-jan-1993','Centrocampista'),
  ('458165','US Città di Pontedera',20,'Giacomo','Benedetti','8-mar-1999','Centrocampista'),
  ('433881','US Città di Pontedera',17,'Filippo','Serena','12-oct-1999','Centrocampista'),
  ('536326','US Città di Pontedera',16,'Andrea','Marianelli','14-aug-2001','Centrocampista'),
  ('619946','US Città di Pontedera',25,'Marco','De Ioannon','9-aug-2002','Centrocampista'),
  ('946552','US Città di Pontedera',27,'Alessandro','Del Carlo','1-jan-2004','Centrocampista'),
  ('459577','US Città di Pontedera',21,'Gabriele','Perretta','14-jan-2000','Centrocampista'),
  ('392130','US Città di Pontedera',24,'Gianmarco','Regoli','18-feb-2000','Centrocampista'),
  ('500274','US Città di Pontedera',3,'Lorenzo','Milani','22-may-2001','Centrocampista'),
  ('386846','US Città di Pontedera',11,'Cristian','Mutton','6-jan-1999','Attaccante'),
  ('136114','US Città di Pontedera',9,'Simone','Magnaghi','12-oct-1993','Attaccante'),
  ('458800','US Città di Pontedera',7,'Andrea','Mattioli','9-sep-2001','Attaccante'),
  ('546641','US Città di Pontedera',18,'Giovanni','Benericetti','3-jan-2000','Attaccante'),
  ('125348','Lucchese 1905',1,'Jacopo','Coletta','19-apr-1992','Portiere'),
  ('315788','Lucchese 1905',22,'Tommaso','Cucchietti','24-jan-1998','Portiere'),
  ('706148','Lucchese 1905',12,'Andrea','Plai','26-jan-2002','Portiere'),
  ('113797','Lucchese 1905',5,'Matteo','Bachini','24-may-1995','Difensore'),
  ('391710','Lucchese 1905',13,'Marco','Bellich','5-may-1999','Difensore'),
  ('160322','Lucchese 1905',27,'Marco','Baldan','13-nov-1993','Difensore'),
  ('707449','Lucchese 1905',14,'Ettore','Quirini','14-aug-2003','Difensore'),
  ('416699','Lucchese 1905',3,'Elia','Visconti','30-jun-2000','Difensore'),
  ('392031','Lucchese 1905',6,'Cosimo','Nannini','4-jan-1999','Difensore'),
  ('411211','Lucchese 1905',24,'Niccolò','Ricchi','10-dec-2000','Difensore'),
  ('339892','Lucchese 1905',21,'Francesco','Corsinelli','21-nov-1997','Difensore'),
  ('535031','Lucchese 1905',2,'Federico','Papini','24-nov-1999','Difensore'),
  ('289087','Lucchese 1905',58,'Joseph Marie','Minala','24-aug-1996','Centrocampista'),
  ('394373','Lucchese 1905',15,'Riccardo','Collodel','10-nov-1998','Centrocampista'),
  ('579206','Lucchese 1905',23,'Federico','Zanchetta','23-mar-2002','Centrocampista'),
  ('492627','Lucchese 1905',16,'Marco','Frigerio','16-jul-2001','Centrocampista'),
  ('287564','Lucchese 1905',4,'Giorgio','Tumbarello','20-apr-1996','Centrocampista'),
  ('305686','Lucchese 1905',8,'Alberto','Picchi','12-aug-1997','Centrocampista'),
  ('537668','Lucchese 1905',26,'Nunzio','Brandi','10-may-2001','Centrocampista'),
  ('233654','Lucchese 1905',29,'Francesco','Fedato','15-oct-1992','Attaccante'),
  ('240190','Lucchese 1905',30,'Niccolò','Belloni','10-jul-1994','Attaccante'),
  ('397850','Lucchese 1905',7,'Gabriele','Gibilterra','1-jan-2000','Attaccante'),
  ('433447','Lucchese 1905',25,'Zak','Ruggiero','9-jan-2001','Attaccante'),
  ('398082','Lucchese 1905',10,'Mauro','Semprini','15-apr-1998','Attaccante'),
  ('169533','Lucchese 1905',11,'Alejandro','Rodríguez','30-jul-1991','Attaccante'),
  ('401384','Lucchese 1905',18,'Nicola','Nanni','2-may-2000','Attaccante'),
  ('457675','Lucchese 1905',19,'Leonardo','Ubaldi','9-jul-1999','Attaccante'),
  ('420513','Lucchese 1905',9,'Lorenzo','Babbi','21-may-2000','Attaccante'),
  ('329669','Vis Pesaro dal 1898',22,'Alessandro','Farroni','20-sep-1997','Portiere'),
  ('467354','Vis Pesaro dal 1898',1,'Matteo','Campani','19-aug-2000','Portiere'),
  ('289494','Vis Pesaro dal 1898',4,'Fabio','Gavazzi','4-apr-1988','Difensore'),
  ('602607','Vis Pesaro dal 1898',24,'Stefano','Piccinini','31-dec-2002','Difensore'),
  ('390724','Vis Pesaro dal 1898',3,'Manuel','Ferrini','25-jun-1998','Difensore'),
  ('195192','Vis Pesaro dal 1898',6,'Marco','Manetta','14-jul-1991','Difensore'),
  ('533134','Vis Pesaro dal 1898',31,'Francesco','Cusumano','6-feb-2001','Difensore'),
  ('336926','Vis Pesaro dal 1898',15,'Pasquale','Di Sabatino','26-feb-1997','Difensore'),
  ('055001','Vis Pesaro dal 1898',32,'Matteo','Rubin','9-jul-1987','Difensore'),
  ('557132','Vis Pesaro dal 1898',27,'Matteo','Saccani','1-jan-2001','Difensore'),
  ('320658','Vis Pesaro dal 1898',33,'Alessandro','Eleuteri','8-jun-1998','Difensore'),
  ('838812','Vis Pesaro dal 1898',2,'Theo Fabio','Parrinello','19-feb-2001','Difensore'),
  ('618682','Vis Pesaro dal 1898',16,'Andrea','Astrologo','6-apr-2002','Centrocampista'),
  ('307344','Vis Pesaro dal 1898',5,'Alberto','Acquadro','27-mar-1996','Centrocampista'),
  ('165854','Vis Pesaro dal 1898',23,'Mario','Coppola','7-aug-1990','Centrocampista'),
  ('303111','Vis Pesaro dal 1898',20,'Emmanuel','Besea','15-apr-1997','Centrocampista'),
  ('396080','Vis Pesaro dal 1898',29,'Domenico','Rossi','9-may-2000','Centrocampista'),
  ('644156','Vis Pesaro dal 1898',8,'Luca','Lombardi','6-dec-2002','Centrocampista'),
  ('319172','Vis Pesaro dal 1898',11,'Gabriele','De Nuzzo','12-sep-1999','Centrocampista'),
  ('406054','Vis Pesaro dal 1898',21,'Davide','Marcandella','21-mar-1997','Centrocampista'),
  ('178987','Vis Pesaro dal 1898',7,'Martín','Tonso','19-oct-1989','Attaccante'),
  ('827997','Vis Pesaro dal 1898',18,'Ahmed Kader','Sanogo','9-oct-2004','Attaccante'),
  ('059615','Vis Pesaro dal 1898',9,'Alessandro','De Respinis','13-jul-1993','Attaccante'),
  ('458816','Vis Pesaro dal 1898',10,'Kevin','Cannavò','9-feb-2000','Attaccante'),
  ('387304','Vis Pesaro dal 1898',28,'Niccolò','Gucci','3-jun-1990','Attaccante'),
  ('409828','Vis Pesaro dal 1898',19,'Christian','Silenzi','24-may-1997','Attaccante'),
  ('457859','Ancona Matelica',22,'Michele','Avella','1-may-2000','Portiere'),
  ('340264','Ancona Matelica',12,'Leonardo','Vitali','7-aug-1998','Portiere'),
  ('929049','Ancona Matelica',1,'Lorenzo','Canullo','14-jun-2004','Portiere'),
  ('202977','Ancona Matelica',6,'Luca','Iotti','9-nov-1995','Difensore'),
  ('525662','Ancona Matelica',25,'Lorenzo','Masetti','15-feb-2001','Difensore'),
  ('395123','Ancona Matelica',5,'Alessandro','Bianconi','20-jan-1999','Difensore'),
  ('423830','Ancona Matelica',3,'Alessandro','Di Renzo','22-sep-2000','Difensore'),
  ('460002','Ancona Matelica',28,'Emanuele','Maurizii','2-feb-2001','Difensore'),
  ('340442','Ancona Matelica',14,'Niccolò','Tofanari','12-may-1998','Difensore'),
  ('524406','Ancona Matelica',33,'Mario','Noce','20-oct-1999','Difensore'),
  ('314369','Ancona Matelica',7,'Matteo','Gasperi','17-jul-1997','Centrocampista'),
  ('160216','Ancona Matelica',27,'Salvatore','Papa','27-apr-1990','Centrocampista'),
  ('351951','Ancona Matelica',19,'Luca','Palesi','12-jul-1997','Centrocampista'),
  ('700053','Ancona Matelica',4,'Edoardo','Iannoni','11-apr-2001','Centrocampista'),
  ('408311','Ancona Matelica',8,'Andrea','Delcarro','25-mar-1993','Centrocampista'),
  ('395140','Ancona Matelica',23,'Michael','D''Eramo','13-aug-1999','Centrocampista'),
  ('557556','Ancona Matelica',15,'Lorenzo','Sabattini','6-oct-2001','Centrocampista'),
  ('818651','Ancona Matelica',26,'Edoardo','Ruani','2-apr-2003','Centrocampista'),
  ('287656','Ancona Matelica',10,'Marcello','Sereni','24-jul-1996','Attaccante'),
  ('355479','Ancona Matelica',21,'Ferdinando','Del Sole','17-jan-1998','Attaccante'),
  ('355611','Ancona Matelica',11,'Filippo','Berardi','18-may-1997','Attaccante'),
  ('395714','Ancona Matelica',9,'Alex','Rolfini','1-sep-1996','Attaccante'),
  ('401082','Ancona Matelica',17,'Federico','Moretti','16-sep-1994','Attaccante'),
  ('488515','Ancona Matelica',18,'Alessandro','Faggioli','2-feb-2000','Attaccante'),
  ('911128','Ancona Matelica',20,'Alessio','Vrioni','11-jul-2004','Attaccante'),
  ('085380','US Pistoiese 1921',90,'Andrea','Seculin','14-jul-1990','Portiere'),
  ('504825','US Pistoiese 1921',22,'Gian Marco','Crespi','28-jun-2001','Portiere'),
  ('494805','US Pistoiese 1921',1,'Alessio','Pozzi','14-dec-2000','Portiere'),
  ('699705','US Pistoiese 1921',12,'Simone','Toselli','11-dec-2003','Portiere'),
  ('579299','US Pistoiese 1921',3,'Edoardo','Sottini','18-aug-2002','Difensore'),
  ('287664','US Pistoiese 1921',4,'Andrea','Venturini','15-aug-1996','Difensore'),
  ('539632','US Pistoiese 1921',42,'Lorenzo','Moretti','26-feb-2002','Difensore'),
  ('459248','US Pistoiese 1921',16,'Denis','Portanova','20-jun-2001','Difensore'),
  ('461726','US Pistoiese 1921',33,'Alessandro','Martina','17-nov-2000','Difensore'),
  ('421771','US Pistoiese 1921',15,'Gabriele','Basani','26-mar-2001','Difensore'),
  ('395190','US Pistoiese 1921',94,'Francesco','Mezzoni','27-may-2000','Difensore'),
  ('221815','US Pistoiese 1921',2,'Constantin','Nica','18-mar-1993','Difensore'),
  ('459194','US Pistoiese 1921',77,'Gianvito','Pertica','16-mar-2000','Difensore'),
  ('921449','US Pistoiese 1921',19,'Lorenzo','Taverni','10-sep-2002','Difensore'),
  ('319180','US Pistoiese 1921',6,'Andrea','Marcucci','7-feb-1999','Centrocampista'),
  ('090969','US Pistoiese 1921',23,'Zdeněk','Folprecht','7-jan-1991','Centrocampista'),
  ('113612','US Pistoiese 1921',34,'Sergiu','Suciu','8-may-1990','Centrocampista'),
  ('265074','US Pistoiese 1921',8,'Fabio','Castellano','14-mar-1998','Centrocampista'),
  ('386851','US Pistoiese 1921',97,'Simone','Paolini','2-apr-1997','Centrocampista'),
  ('041989','US Pistoiese 1921',7,'Francesco','Valiani','29-oct-1980','Centrocampista'),
  ('345743','US Pistoiese 1921',27,'Viviano','Minardi','15-jun-1998','Centrocampista'),
  ('822460','US Pistoiese 1921',5,'Dany','Florentine','12-feb-2002','Centrocampista'),
  ('921450','US Pistoiese 1921',24,'Cesare','Tramacere','22-jul-2002','Centrocampista'),
  ('402114','US Pistoiese 1921',99,'Alessio','Di Massimo','7-may-1996','Attaccante'),
  ('393913','US Pistoiese 1921',28,'Samuele','Di Matteo','7-oct-1999','Attaccante'),
  ('399907','US Pistoiese 1921',10,'Ognjen','Stijepovic','22-oct-1999','Attaccante'),
  ('400941','US Pistoiese 1921',9,'Michele','Vano','5-oct-1991','Attaccante'),
  ('398945','US Pistoiese 1921',11,'Miloš','Bočić','26-jan-2000','Attaccante'),
  ('409614','US Pistoiese 1921',20,'Lorenzo','Pinzauti','9-sep-1994','Attaccante'),
  ('705076','US Pistoiese 1921',29,'Riccardo Maria','D''Antoni','5-dec-2002','Attaccante'),
  ('535740','Olbia Calcio 1905',1,'Giuseppe','Ciocci','24-jan-2002','Portiere'),
  ('276376','Olbia Calcio 1905',22,'Maarten','van der Want','15-jan-1995','Portiere'),
  ('692098','Olbia Calcio 1905',12,'Luca','Barone','1-sep-2002','Portiere'),
  ('355791','Olbia Calcio 1905',13,'Fabrizio','Brignani','13-jan-1998','Difensore'),
  ('472176','Olbia Calcio 1905',6,'Salvatore','Boccia','6-jun-2001','Difensore'),
  ('101913','Olbia Calcio 1905',25,'Émerson','null','16-aug-1980','Difensore'),
  ('685506','Olbia Calcio 1905',19,'Christian','Travaglini','7-jan-2000','Difensore'),
  ('303187','Olbia Calcio 1905',17,'Simone','Pinna','17-oct-1997','Difensore'),
  ('329668','Olbia Calcio 1905',23,'Christian','Arboleda','20-feb-1997','Difensore'),
  ('616635','Olbia Calcio 1905',2,'Christophe','Renault','17-mar-2002','Difensore'),
  ('035733','Olbia Calcio 1905',14,'Francesco','Pisano','29-apr-1986','Difensore'),
  ('459452','Olbia Calcio 1905',5,'Riccardo','Ladinetti','20-dec-2000','Centrocampista'),
  ('536452','Olbia Calcio 1905',18,'Luca','Chierico','26-sep-2001','Centrocampista'),
  ('107873','Olbia Calcio 1905',4,'Manuel','Giandonato','10-oct-1991','Centrocampista'),
  ('399233','Olbia Calcio 1905',3,'Luca','La Rosa','20-sep-1988','Centrocampista'),
  ('619323','Olbia Calcio 1905',8,'Fausto','Perseu','17-dec-2002','Centrocampista'),
  ('836240','Olbia Calcio 1905',27,'Fabio','Occhioni','11-jun-2001','Centrocampista'),
  ('459945','Olbia Calcio 1905',7,'Nunzio','Lella','28-jul-2000','Centrocampista'),
  ('537780','Olbia Calcio 1905',38,'Giacomo','Finocchi','8-jan-2001','Centrocampista'),
  ('396681','Olbia Calcio 1905',28,'Roberto','Biancu','19-jan-2000','Centrocampista'),
  ('671293','Olbia Calcio 1905',24,'Luca','Belloni','8-may-2003','Centrocampista'),
  ('066360','Olbia Calcio 1905',10,'Daniele','Ragatzu','21-sep-1991','Attaccante'),
  ('340067','Olbia Calcio 1905',9,'King','Udoh','5-sep-1997','Attaccante'),
  ('386576','Olbia Calcio 1905',11,'Simone','Mancini','7-jan-1999','Attaccante'),
  ('379049','Olbia Calcio 1905',70,'Nikolas','Saira','11-feb-1999','Attaccante'),
  ('476707','Olbia Calcio 1905',21,'Giuseppe','Pinna','22-jan-2002','Attaccante'),
  ('583449','Olbia Calcio 1905',80,'Massimiliano','Manca','6-mar-2002','Attaccante'),
  ('604207','Aquila Montevarchi 1902',1,'Filippo','Rinaldi','4-dec-2002','Portiere'),
  ('409550','Aquila Montevarchi 1902',22,'Andrea','Giusti','13-may-1997','Portiere'),
  ('305485','Aquila Montevarchi 1902',97,'Mattia','Valentini','16-sep-1997','Portiere'),
  ('144037','Aquila Montevarchi 1902',55,'Mattia','Gennari','18-dec-1991','Difensore'),
  ('392872','Aquila Montevarchi 1902',2,'Emmanuel','Achy','5-may-1999','Difensore'),
  ('569579','Aquila Montevarchi 1902',4,'Alessandro','Tozzuolo','31-oct-2002','Difensore'),
  ('455374','Aquila Montevarchi 1902',87,'Gianluca','Bassano','5-jan-1999','Difensore'),
  ('459707','Aquila Montevarchi 1902',6,'Eduard','Dutu','18-apr-2001','Difensore'),
  ('617905','Aquila Montevarchi 1902',20,'Denis','Chiesa','10-may-2001','Difensore'),
  ('456158','Aquila Montevarchi 1902',3,'Sean','Martinelli','11-feb-2000','Difensore'),
  ('450397','Aquila Montevarchi 1902',14,'Antonio','Boccadamo','24-jul-1999','Difensore'),
  ('536342','Aquila Montevarchi 1902',8,'Francesco','Amatucci','15-jun-2001','Centrocampista'),
  ('604579','Aquila Montevarchi 1902',5,'Alessandro','Mercati','12-may-2002','Centrocampista'),
  ('288999','Aquila Montevarchi 1902',29,'Gianluca','Carpani','29-aug-1993','Centrocampista'),
  ('447834','Aquila Montevarchi 1902',10,'Simone','Biagi','3-jul-1997','Centrocampista'),
  ('562259','Aquila Montevarchi 1902',88,'Antonio','Mionic','31-may-2001','Centrocampista'),
  ('409595','Aquila Montevarchi 1902',18,'Luca','Lischi','18-jul-1996','Centrocampista'),
  ('459699','Aquila Montevarchi 1902',7,'Giovanni','Nannelli','17-feb-2000','Centrocampista'),
  ('199911','Aquila Montevarchi 1902',70,'Giulio','Giordani','18-jan-1994','Centrocampista'),
  ('568709','Aquila Montevarchi 1902',13,'Francesco','Barranca','22-aug-1998','Attaccante'),
  ('536949','Aquila Montevarchi 1902',32,'Francesco','Intinacelli','12-nov-2001','Attaccante'),
  ('678212','Aquila Montevarchi 1902',16,'Alberto','Lunghi','27-apr-2003','Attaccante'),
  ('710348','Aquila Montevarchi 1902',77,'Nicolas','Boiga','1-oct-2002','Attaccante'),
  ('786686','Aquila Montevarchi 1902',9,'Diego','Gambale','9-nov-1998','Attaccante'),
  ('388258','Aquila Montevarchi 1902',21,'Sulayman','Jallow','30-nov-1996','Attaccante'),
  ('700631','Aquila Montevarchi 1902',11,'Daniele','Sorrentino','24-jun-1997','Attaccante'),
  ('057837','Imolese Calcio 1919',22,'Gian Maria','Rossi','19-nov-1986','Portiere'),
  ('534125','Imolese Calcio 1919',14,'Marco','Angeletti','24-apr-2001','Portiere'),
  ('395102','Imolese Calcio 1919',1,'Alessandro','Santopadre','4-oct-1998','Portiere'),
  ('621122','Imolese Calcio 1919',6,'Matteo','Angeli','30-dec-2002','Difensore'),
  ('044666','Imolese Calcio 1919',5,'Michele','Rinaldi','9-jan-1987','Difensore'),
  ('383269','Imolese Calcio 1919',3,'Edoardo','Vona','16-dec-1996','Difensore'),
  ('536811','Imolese Calcio 1919',27,'Nicolò','Milani','20-jun-2001','Difensore'),
  ('136113','Imolese Calcio 1919',11,'Matteo','Liviero','13-apr-1993','Difensore'),
  ('673126','Imolese Calcio 1919',18,'Salvatore Dario','La Vardera','7-mar-2002','Difensore'),
  ('395070','Imolese Calcio 1919',2,'Damiano','Lia','25-nov-1997','Difensore'),
  ('473886','Imolese Calcio 1919',23,'Cristian','Cerretti','23-aug-2001','Difensore'),
  ('506650','Imolese Calcio 1919',10,'Salvatore','Santoro','9-mar-1999','Centrocampista'),
  ('391408','Imolese Calcio 1919',21,'Antonio','D''Alena','24-feb-1998','Centrocampista'),
  ('197482','Imolese Calcio 1919',28,'Antonio','Palma','3-jan-1994','Centrocampista'),
  ('423615','Imolese Calcio 1919',8,'Leonardo','Benedetti','6-jun-2000','Centrocampista'),
  ('238989','Imolese Calcio 1919',15,'Antonio','Romano','23-mar-1996','Centrocampista'),
  ('430623','Imolese Calcio 1919',25,'Alessandro','Lombardi','21-jan-2000','Centrocampista'),
  ('553512','Imolese Calcio 1919',4,'Riccardo','Boscolo Chio','6-jul-2002','Centrocampista'),
  ('708087','Imolese Calcio 1919',17,'Valerio','Manzo','20-may-2003','Centrocampista'),
  ('315846','Imolese Calcio 1919',26,'Luca','Matarese','16-apr-1998','Attaccante'),
  ('199645','Imolese Calcio 1919',32,'Gianmarco','De Feo','2-jun-1994','Attaccante'),
  ('556397','Imolese Calcio 1919',20,'Luca','Lombardi','16-feb-2002','Attaccante'),
  ('057124','Imolese Calcio 1919',9,'Francesco','Stanco','26-feb-1987','Attaccante'),
  ('030263','Imolese Calcio 1919',16,'Stefano','Padovan','16-apr-1994','Attaccante'),
  ('744844','Imolese Calcio 1919',29,'Nicolas','Belloni','7-feb-2001','Attaccante'),
  ('483540','Imolese Calcio 1919',13,'Pasquale','De Sarlo','6-may-1999','Attaccante'),
  ('029565','Fermana FC',1,'Paolo','Ginestra','14-feb-1979','Portiere'),
  ('242082','Fermana FC',22,'Simone','Moschin','20-jan-1996','Portiere'),
  ('198133','Fermana FC',14,'Edoardo','Scrosta','11-jul-1992','Difensore'),
  ('167877','Fermana FC',99,'Edoardo','Blondett','7-jan-1992','Difensore'),
  ('706933','Fermana FC',23,'Manuel','Alagna','23-jan-2002','Difensore'),
  ('616142','Fermana FC',6,'Jonathan','Spedalieri','26-jan-2002','Difensore'),
  ('163599','Fermana FC',30,'Nicolò','Sperotto','30-mar-1992','Difensore'),
  ('433446','Fermana FC',21,'Francesco','Rodio','5-apr-2001','Difensore'),
  ('699059','Fermana FC',15,'Alessandro','Giannò','17-apr-2001','Difensore'),
  ('910615','Fermana FC',19,'Francesco','Pistolesi','11-mar-2005','Difensore'),
  ('402911','Fermana FC',2,'Stefano','Rossoni','14-jan-1997','Difensore'),
  ('397564','Fermana FC',5,'Donato','De Pascalis','11-may-1998','Difensore'),
  ('241074','Fermana FC',25,'Giovanni','Graziano','7-nov-1995','Centrocampista'),
  ('046531','Fermana FC',20,'Giorgio','Capece','5-mar-1992','Centrocampista'),
  ('391791','Fermana FC',8,'Alessandro','Sangiorgi','12-nov-1999','Centrocampista'),
  ('405029','Fermana FC',4,'Gianluca','Urbinati','27-sep-1987','Centrocampista'),
  ('290754','Fermana FC',24,'Malick','Mbaye','6-nov-1995','Centrocampista'),
  ('536449','Fermana FC',3,'Stefano','Parodi','10-jan-2001','Centrocampista'),
  ('402907','Fermana FC',11,'Gianluca','Bugaro','13-feb-1993','Centrocampista'),
  ('198084','Fermana FC',18,'Marco','Frediani','13-mar-1994','Attaccante'),
  ('526021','Fermana FC',77,'Orazio','Pannitteri','17-aug-1999','Attaccante'),
  ('199243','Fermana FC',17,'Kingsley','Boateng','7-apr-1994','Attaccante'),
  ('390158','Fermana FC',16,'Nigel','Kyeremateng','29-jan-2000','Attaccante'),
  ('329518','Fermana FC',26,'Niccolò','Molinaro','28-feb-1997','Attaccante'),
  ('456871','Fermana FC',29,'Marco','Simonelli','28-feb-2000','Attaccante'),
  ('140084','Fermana FC',7,'Ettore','Marchi','6-nov-1985','Attaccante'),
  ('119356','Fermana FC',9,'Luca','Cognigni','23-mar-1991','Attaccante'),
  ('886196','Fermana FC',27,'Lorenzo','Grassi','27-jul-2004','Attaccante'),
  ('347587','Fermana FC',32,'Edoardo','Tassi','10-jun-1998','Attaccante'),
  ('458134','US Grosseto 1912',1,'Davide','Barosi','30-mar-2000','Portiere'),
  ('340436','US Grosseto 1912',8,'Daniele','Lazzari','3-dec-1997','Portiere'),
  ('477344','US Grosseto 1912',22,'Mattia','Fallani','31-mar-2001','Portiere'),
  ('160684','US Grosseto 1912',5,'Andrea','Ciolli','20-oct-1989','Difensore'),
  ('408904','US Grosseto 1912',6,'Matteo','Gorelli','5-jun-1991','Difensore'),
  ('458096','US Grosseto 1912',16,'Matteo','Salvi','20-mar-1999','Difensore'),
  ('432088','US Grosseto 1912',19,'Giacomo','Siniega','10-jan-2001','Difensore'),
  ('394123','US Grosseto 1912',54,'Manuel','Peretti','7-mar-2000','Difensore'),
  ('460757','US Grosseto 1912',3,'Francesco','Semeraro','1-may-2001','Difensore'),
  ('459938','US Grosseto 1912',77,'Giovanni','Mauceri','20-mar-1999','Difensore'),
  ('392060','US Grosseto 1912',2,'Alessandro','Raimo','8-mar-1999','Difensore'),
  ('924775','US Grosseto 1912',29,'Manuel','Tiberi','1-jan-2003','Difensore'),
  ('409618','US Grosseto 1912',4,'Riccardo','Cretella','30-jul-1994','Centrocampista'),
  ('497312','US Grosseto 1912',25,'Federico','Artioli','12-jun-2001','Centrocampista'),
  ('624152','US Grosseto 1912',66,'Mario','Rabiu','6-feb-2000','Centrocampista'),
  ('340063','US Grosseto 1912',14,'Gianluca','Piccoli','30-may-1997','Centrocampista'),
  ('391690','US Grosseto 1912',65,'Michele','Bruzzo','26-jun-1999','Centrocampista'),
  ('459504','US Grosseto 1912',7,'Federico','Marigosu','21-apr-2001','Centrocampista'),
  ('534133','US Grosseto 1912',70,'Edoardo','Saporiti','17-sep-2001','Centrocampista'),
  ('256682','US Grosseto 1912',30,'Filippo','Boccardi','4-oct-1996','Attaccante'),
  ('163675','US Grosseto 1912',9,'Filippo','Moscati','19-sep-1992','Attaccante'),
  ('057653','US Grosseto 1912',99,'Manuel','Nocciolini','18-may-1989','Attaccante'),
  ('302478','US Grosseto 1912',21,'Davide','Arras','2-apr-1998','Attaccante'),
  ('601877','US Grosseto 1912',71,'Luan','Capanni','29-may-2000','Attaccante'),
  ('538088','US Grosseto 1912',11,'Federico','Scaffidi','21-sep-2001','Attaccante');

insert into Partite values
  ('IT3B0000',2,'Modena FC 2018','AC Reggiana 1919',1,1),
  ('IT3B0001',3,'Modena FC 2018','SS Teramo Calcio',0,0),
  ('IT3B0002',5,'Modena FC 2018','Virtus Entella',1,2),
  ('IT3B0003',7,'Modena FC 2018','Lucchese 1905',2,1),
  ('IT3B0004',9,'Modena FC 2018','US Viterbese 1908',2,0),
  ('IT3B0005',12,'Modena FC 2018','Carrarese Calcio 1908',2,0),
  ('IT3B0006',14,'Modena FC 2018','Vis Pesaro dal 1898',2,1),
  ('IT3B0007',16,'Modena FC 2018','US Pistoiese 1921',6,1),
  ('IT3B0008',18,'Modena FC 2018','AS Gubbio 1910',3,2),
  ('IT3B0009',1,'AC Reggiana 1919','Aquila Montevarchi 1902',2,0),
  ('IT3B0010',3,'AC Reggiana 1919','AS Gubbio 1910',0,0),
  ('IT3B0011',6,'AC Reggiana 1919','Carrarese Calcio 1908',3,0),
  ('IT3B0012',8,'AC Reggiana 1919','Olbia Calcio 1905',2,0),
  ('IT3B0013',10,'AC Reggiana 1919','Ancona Matelica',3,1),
  ('IT3B0014',12,'AC Reggiana 1919','Lucchese 1905',2,0),
  ('IT3B0015',14,'AC Reggiana 1919','Cesena FC',0,0),
  ('IT3B0016',16,'AC Reggiana 1919','US Viterbese 1908',3,3),
  ('IT3B0017',17,'AC Reggiana 1919','Fermana FC',2,1),
  ('IT3B0018',19,'AC Reggiana 1919','SS Teramo Calcio',5,0),
  ('IT3B0019',1,'Cesena FC','AS Gubbio 1910',0,0),
  ('IT3B0020',3,'Cesena FC','Imolese Calcio 1919',0,0),
  ('IT3B0021',6,'Cesena FC','Modena FC 2018',1,2),
  ('IT3B0022',8,'Cesena FC','Ancona Matelica',2,0),
  ('IT3B0023',10,'Cesena FC','US Città di Pontedera',2,1),
  ('IT3B0024',12,'Cesena FC','US Pistoiese 1921',0,0),
  ('IT3B0025',13,'Cesena FC','Delfino Pescara 1936',1,0),
  ('IT3B0026',15,'Cesena FC','Fermana FC',4,0),
  ('IT3B0027',17,'Cesena FC','Aquila Montevarchi 1902',3,1),
  ('IT3B0028',19,'Cesena FC','ACN Siena 1904',1,0),
  ('IT3B0029',1,'Virtus Entella','SS Teramo Calcio',2,0),
  ('IT3B0030',3,'Virtus Entella','Lucchese 1905',2,0),
  ('IT3B0031',6,'Virtus Entella','Olbia Calcio 1905',3,3),
  ('IT3B0032',8,'Virtus Entella','Delfino Pescara 1936',2,2),
  ('IT3B0033',10,'Virtus Entella','Vis Pesaro dal 1898',0,0),
  ('IT3B0034',12,'Virtus Entella','Imolese Calcio 1919',2,0),
  ('IT3B0035',14,'Virtus Entella','US Grosseto 1912',1,0),
  ('IT3B0036',16,'Virtus Entella','Cesena FC',3,1),
  ('IT3B0037',18,'Virtus Entella','AC Reggiana 1919',0,1),
  ('IT3B0038',1,'Delfino Pescara 1936','Ancona Matelica',2,1),
  ('IT3B0039',3,'Delfino Pescara 1936','Vis Pesaro dal 1898',2,2),
  ('IT3B0040',5,'Delfino Pescara 1936','US Viterbese 1908',1,1),
  ('IT3B0041',7,'Delfino Pescara 1936','AC Reggiana 1919',2,3),
  ('IT3B0042',9,'Delfino Pescara 1936','Fermana FC',2,1),
  ('IT3B0043',10,'Delfino Pescara 1936','Modena FC 2018',1,2),
  ('IT3B0044',12,'Delfino Pescara 1936','Olbia Calcio 1905',1,0),
  ('IT3B0045',14,'Delfino Pescara 1936','SS Teramo Calcio',1,1),
  ('IT3B0046',16,'Delfino Pescara 1936','Lucchese 1905',0,0),
  ('IT3B0047',18,'Delfino Pescara 1936','US Pistoiese 1921',2,0),
  ('IT3B0048',2,'Ancona Matelica','Olbia Calcio 1905',2,1),
  ('IT3B0049',4,'Ancona Matelica','US Città di Pontedera',2,0),
  ('IT3B0050',5,'Ancona Matelica','Lucchese 1905',3,1),
  ('IT3B0051',7,'Ancona Matelica','Imolese Calcio 1919',3,2),
  ('IT3B0052',9,'Ancona Matelica','Aquila Montevarchi 1902',2,0),
  ('IT3B0053',11,'Ancona Matelica','Fermana FC',1,2),
  ('IT3B0054',13,'Ancona Matelica','Virtus Entella',1,3),
  ('IT3B0055',15,'Ancona Matelica','Modena FC 2018',0,1),
  ('IT3B0056',17,'Ancona Matelica','ACN Siena 1904',3,2),
  ('IT3B0057',19,'Ancona Matelica','Vis Pesaro dal 1898',3,1),
  ('IT3B0058',2,'AS Gubbio 1910','Fermana FC',1,0),
  ('IT3B0059',4,'AS Gubbio 1910','Virtus Entella',3,1),
  ('IT3B0060',6,'AS Gubbio 1910','Delfino Pescara 1936',2,2),
  ('IT3B0061',8,'AS Gubbio 1910','US Città di Pontedera',3,0),
  ('IT3B0062',10,'AS Gubbio 1910','Carrarese Calcio 1908',4,0),
  ('IT3B0063',12,'AS Gubbio 1910','ACN Siena 1904',1,2),
  ('IT3B0064',14,'AS Gubbio 1910','Lucchese 1905',0,0),
  ('IT3B0065',16,'AS Gubbio 1910','Ancona Matelica',1,1),
  ('IT3B0066',19,'AS Gubbio 1910','Aquila Montevarchi 1902',1,0),
  ('IT3B0067',1,'US Città di Pontedera','Carrarese Calcio 1908',1,1),
  ('IT3B0068',3,'US Città di Pontedera','US Pistoiese 1921',2,0),
  ('IT3B0069',5,'US Città di Pontedera','Aquila Montevarchi 1902',3,0),
  ('IT3B0070',7,'US Città di Pontedera','Virtus Entella',2,1),
  ('IT3B0071',9,'US Città di Pontedera','Lucchese 1905',2,3),
  ('IT3B0072',11,'US Città di Pontedera','AC Reggiana 1919',2,2),
  ('IT3B0073',13,'US Città di Pontedera','US Grosseto 1912',2,0),
  ('IT3B0074',15,'US Città di Pontedera','Delfino Pescara 1936',2,1),
  ('IT3B0075',17,'US Città di Pontedera','SS Teramo Calcio',0,3),
  ('IT3B0076',19,'US Città di Pontedera','Modena FC 2018',1,2),
  ('IT3B0077',2,'Carrarese Calcio 1908','Delfino Pescara 1936',1,2),
  ('IT3B0078',4,'Carrarese Calcio 1908','US Grosseto 1912',2,1),
  ('IT3B0079',5,'Carrarese Calcio 1908','Fermana FC',1,0),
  ('IT3B0080',7,'Carrarese Calcio 1908','Aquila Montevarchi 1902',2,2),
  ('IT3B0081',9,'Carrarese Calcio 1908','US Pistoiese 1921',1,0),
  ('IT3B0082',11,'Carrarese Calcio 1908','Virtus Entella',1,1),
  ('IT3B0083',14,'Carrarese Calcio 1908','Ancona Matelica',1,1),
  ('IT3B0084',16,'Carrarese Calcio 1908','SS Teramo Calcio',4,0),
  ('IT3B0085',18,'Carrarese Calcio 1908','Cesena FC',1,1),
  ('IT3B0086',2,'Vis Pesaro dal 1898','US Città di Pontedera',2,2),
  ('IT3B0087',5,'Vis Pesaro dal 1898','US Pistoiese 1921',0,2),
  ('IT3B0088',7,'Vis Pesaro dal 1898','Fermana FC',2,0),
  ('IT3B0089',9,'Vis Pesaro dal 1898','Cesena FC',1,1),
  ('IT3B0090',11,'Vis Pesaro dal 1898','AS Gubbio 1910',1,0),
  ('IT3B0091',13,'Vis Pesaro dal 1898','AC Reggiana 1919',0,3),
  ('IT3B0092',15,'Vis Pesaro dal 1898','Carrarese Calcio 1908',0,0),
  ('IT3B0093',17,'Vis Pesaro dal 1898','Olbia Calcio 1905',1,0),
  ('IT3B0094',18,'Vis Pesaro dal 1898','Imolese Calcio 1919',0,0),
  ('IT3B0095',2,'Lucchese 1905','Cesena FC',1,2),
  ('IT3B0096',4,'Lucchese 1905','Olbia Calcio 1905',2,1),
  ('IT3B0097',6,'Lucchese 1905','SS Teramo Calcio',2,2),
  ('IT3B0098',8,'Lucchese 1905','Vis Pesaro dal 1898',1,2),
  ('IT3B0099',11,'Lucchese 1905','US Viterbese 1908',1,0),
  ('IT3B0100',13,'Lucchese 1905','Aquila Montevarchi 1902',2,0),
  ('IT3B0101',15,'Lucchese 1905','ACN Siena 1904',1,0),
  ('IT3B0102',17,'Lucchese 1905','Carrarese Calcio 1908',0,0),
  ('IT3B0103',18,'Lucchese 1905','US Grosseto 1912',0,0),
  ('IT3B0104',1,'ACN Siena 1904','Vis Pesaro dal 1898',3,0),
  ('IT3B0105',3,'ACN Siena 1904','Carrarese Calcio 1908',3,0),
  ('IT3B0106',5,'ACN Siena 1904','AC Reggiana 1919',0,2),
  ('IT3B0107',7,'ACN Siena 1904','US Pistoiese 1921',0,0),
  ('IT3B0108',9,'ACN Siena 1904','Virtus Entella',1,0),
  ('IT3B0109',11,'ACN Siena 1904','Delfino Pescara 1936',1,1),
  ('IT3B0110',13,'ACN Siena 1904','Modena FC 2018',1,2),
  ('IT3B0111',14,'ACN Siena 1904','Olbia Calcio 1905',3,2),
  ('IT3B0112',16,'ACN Siena 1904','US Grosseto 1912',1,3),
  ('IT3B0113',18,'ACN Siena 1904','US Città di Pontedera',0,1),
  ('IT3B0114',1,'Olbia Calcio 1905','US Pistoiese 1921',3,2),
  ('IT3B0115',3,'Olbia Calcio 1905','US Viterbese 1908',3,2),
  ('IT3B0116',5,'Olbia Calcio 1905','Cesena FC',0,1),
  ('IT3B0117',7,'Olbia Calcio 1905','AS Gubbio 1910',1,0),
  ('IT3B0118',9,'Olbia Calcio 1905','Imolese Calcio 1919',0,2),
  ('IT3B0119',11,'Olbia Calcio 1905','Modena FC 2018',0,3),
  ('IT3B0120',13,'Olbia Calcio 1905','Carrarese Calcio 1908',4,1),
  ('IT3B0121',16,'Olbia Calcio 1905','US Città di Pontedera',2,0),
  ('IT3B0122',18,'Olbia Calcio 1905','Fermana FC',0,0),
  ('IT3B0123',2,'SS Teramo Calcio','ACN Siena 1904',0,0),
  ('IT3B0124',4,'SS Teramo Calcio','Vis Pesaro dal 1898',1,2),
  ('IT3B0125',5,'SS Teramo Calcio','Imolese Calcio 1919',0,1),
  ('IT3B0126',7,'SS Teramo Calcio','US Viterbese 1908',1,0),
  ('IT3B0127',9,'SS Teramo Calcio','AS Gubbio 1910',1,1),
  ('IT3B0128',11,'SS Teramo Calcio','Cesena FC',0,4),
  ('IT3B0129',13,'SS Teramo Calcio','Fermana FC',3,2),
  ('IT3B0130',15,'SS Teramo Calcio','Olbia Calcio 1905',2,2),
  ('IT3B0131',18,'SS Teramo Calcio','Ancona Matelica',0,4),
  ('IT3B0132',2,'Aquila Montevarchi 1902','Virtus Entella',3,1),
  ('IT3B0133',4,'Aquila Montevarchi 1902','Delfino Pescara 1936',1,2),
  ('IT3B0134',6,'Aquila Montevarchi 1902','ACN Siena 1904',0,3),
  ('IT3B0135',8,'Aquila Montevarchi 1902','Modena FC 2018',2,1),
  ('IT3B0136',10,'Aquila Montevarchi 1902','Olbia Calcio 1905',0,2),
  ('IT3B0137',12,'Aquila Montevarchi 1902','SS Teramo Calcio',3,1),
  ('IT3B0138',14,'Aquila Montevarchi 1902','Imolese Calcio 1919',4,1),
  ('IT3B0139',16,'Aquila Montevarchi 1902','Vis Pesaro dal 1898',1,1),
  ('IT3B0140',18,'Aquila Montevarchi 1902','US Viterbese 1908',0,0),
  ('IT3B0141',1,'Fermana FC','US Viterbese 1908',3,3),
  ('IT3B0142',3,'Fermana FC','Aquila Montevarchi 1902',0,1),
  ('IT3B0143',4,'Fermana FC','Modena FC 2018',0,4),
  ('IT3B0144',6,'Fermana FC','US Grosseto 1912',2,0),
  ('IT3B0145',8,'Fermana FC','ACN Siena 1904',1,1),
  ('IT3B0146',10,'Fermana FC','Lucchese 1905',0,0),
  ('IT3B0147',12,'Fermana FC','US Città di Pontedera',1,0),
  ('IT3B0148',14,'Fermana FC','US Pistoiese 1921',1,0),
  ('IT3B0149',16,'Fermana FC','Imolese Calcio 1919',3,0),
  ('IT3B0150',19,'Fermana FC','Virtus Entella',1,1),
  ('IT3B0151',2,'US Pistoiese 1921','US Grosseto 1912',1,1),
  ('IT3B0152',4,'US Pistoiese 1921','AC Reggiana 1919',0,2),
  ('IT3B0153',6,'US Pistoiese 1921','Ancona Matelica',0,4),
  ('IT3B0154',8,'US Pistoiese 1921','SS Teramo Calcio',1,2),
  ('IT3B0155',11,'US Pistoiese 1921','Aquila Montevarchi 1902',2,0),
  ('IT3B0156',13,'US Pistoiese 1921','US Viterbese 1908',2,1),
  ('IT3B0157',15,'US Pistoiese 1921','Virtus Entella',0,0),
  ('IT3B0158',17,'US Pistoiese 1921','AS Gubbio 1910',2,3),
  ('IT3B0159',19,'US Pistoiese 1921','Lucchese 1905',0,0),
  ('IT3B0160',2,'US Viterbese 1908','Imolese Calcio 1919',0,3),
  ('IT3B0161',4,'US Viterbese 1908','Cesena FC',0,1),
  ('IT3B0162',6,'US Viterbese 1908','Vis Pesaro dal 1898',1,1),
  ('IT3B0163',8,'US Viterbese 1908','US Grosseto 1912',0,1),
  ('IT3B0164',10,'US Viterbese 1908','ACN Siena 1904',2,0),
  ('IT3B0165',12,'US Viterbese 1908','Ancona Matelica',2,2),
  ('IT3B0166',14,'US Viterbese 1908','US Città di Pontedera',2,3),
  ('IT3B0167',15,'US Viterbese 1908','AS Gubbio 1910',2,1),
  ('IT3B0168',17,'US Viterbese 1908','Virtus Entella',2,5),
  ('IT3B0169',19,'US Viterbese 1908','Carrarese Calcio 1908',0,0),
  ('IT3B0170',1,'Imolese Calcio 1919','Lucchese 1905',0,1),
  ('IT3B0171',4,'Imolese Calcio 1919','ACN Siena 1904',0,0),
  ('IT3B0172',6,'Imolese Calcio 1919','US Città di Pontedera',4,1),
  ('IT3B0173',8,'Imolese Calcio 1919','Carrarese Calcio 1908',2,4),
  ('IT3B0174',10,'Imolese Calcio 1919','US Pistoiese 1921',1,1),
  ('IT3B0175',11,'Imolese Calcio 1919','US Grosseto 1912',5,0),
  ('IT3B0176',13,'Imolese Calcio 1919','AS Gubbio 1910',2,2),
  ('IT3B0177',15,'Imolese Calcio 1919','AC Reggiana 1919',0,1),
  ('IT3B0178',17,'Imolese Calcio 1919','Modena FC 2018',1,2),
  ('IT3B0179',19,'Imolese Calcio 1919','Delfino Pescara 1936',0,1),
  ('IT3B0180',1,'US Grosseto 1912','Modena FC 2018',0,0),
  ('IT3B0181',3,'US Grosseto 1912','Ancona Matelica',0,0),
  ('IT3B0182',5,'US Grosseto 1912','AS Gubbio 1910',1,1),
  ('IT3B0183',7,'US Grosseto 1912','Cesena FC',0,1),
  ('IT3B0184',9,'US Grosseto 1912','AC Reggiana 1919',0,0),
  ('IT3B0185',10,'US Grosseto 1912','SS Teramo Calcio',1,1),
  ('IT3B0186',12,'US Grosseto 1912','Vis Pesaro dal 1898',1,1),
  ('IT3B0187',15,'US Grosseto 1912','Aquila Montevarchi 1902',1,2),
  ('IT3B0188',17,'US Grosseto 1912','Delfino Pescara 1936',1,2),
  ('IT3B0189',19,'US Grosseto 1912','Olbia Calcio 1905',0,1);

insert into Gol values
  ('IT3B0000',49,'192105',false),
  ('IT3B0000',73,'229337',false),
  ('IT3B0002',1,'175788',false),
  ('IT3B0002',52,'074642',false),
  ('IT3B0002',81,'256008',false),
  ('IT3B0003',29,'233654',false),
  ('IT3B0003',89,'144366',false),
  ('IT3B0003',95,'144366',false),
  ('IT3B0004',55,'553513',false),
  ('IT3B0004',82,'302497',false),
  ('IT3B0005',6,'144091',false),
  ('IT3B0005',94,'310527',false),
  ('IT3B0006',19,'302497',false),
  ('IT3B0006',42,'458816',false),
  ('IT3B0006',50,'074642',false),
  ('IT3B0007',11,'096133',false),
  ('IT3B0007',24,'074642',false),
  ('IT3B0007',32,'096133',false),
  ('IT3B0007',34,'310527',false),
  ('IT3B0007',53,'096133',false),
  ('IT3B0007',72,'400941',false),
  ('IT3B0007',83,'624152',false),
  ('IT3B0008',3,'310527',false),
  ('IT3B0008',18,'310527',false),
  ('IT3B0008',62,'278580',false),
  ('IT3B0008',73,'278580',false),
  ('IT3B0008',92,'096133',false),
  ('IT3B0009',31,'102413',false),
  ('IT3B0009',69,'061617',false),
  ('IT3B0011',72,'229337',false),
  ('IT3B0011',88,'199722',false),
  ('IT3B0011',91,'229337',false),
  ('IT3B0012',86,'199635',false),
  ('IT3B0012',91,'199635',false),
  ('IT3B0013',63,'102413',false),
  ('IT3B0013',86,'700631',false),
  ('IT3B0013',91,'287656',false),
  ('IT3B0013',93,'083370',false),
  ('IT3B0014',44,'102368',false),
  ('IT3B0014',64,'061617',false),
  ('IT3B0016',32,'512401',false),
  ('IT3B0016',57,'300156',false),
  ('IT3B0016',72,'199635',false),
  ('IT3B0016',76,'700631',false),
  ('IT3B0016',79,'163985',false),
  ('IT3B0016',85,'102413',false),
  ('IT3B0017',10,'199635',false),
  ('IT3B0017',43,'341481',false),
  ('IT3B0018',9,'199635',false),
  ('IT3B0018',12,'199635',false),
  ('IT3B0018',43,'083409',false),
  ('IT3B0018',52,'083409',false),
  ('IT3B0018',91,'229337',false),
  ('IT3B0021',18,'056898',false),
  ('IT3B0021',26,'553513',false),
  ('IT3B0021',65,'553513',false),
  ('IT3B0022',32,'269870',false),
  ('IT3B0022',84,'372720',false),
  ('IT3B0023',7,'269870',false),
  ('IT3B0023',37,'421773',false),
  ('IT3B0023',67,'136114',false),
  ('IT3B0025',83,'463738',true),
  ('IT3B0026',16,'269870',false),
  ('IT3B0026',49,'392521',false),
  ('IT3B0026',83,'269870',false),
  ('IT3B0026',85,'056898',false),
  ('IT3B0027',3,'269870',false),
  ('IT3B0027',38,'269870',false),
  ('IT3B0027',61,'163072',true),
  ('IT3B0027',96,'908768',false),
  ('IT3B0028',71,'392881',false),
  ('IT3B0029',57,'130357',false),
  ('IT3B0029',63,'250921',false),
  ('IT3B0030',26,'256008',false),
  ('IT3B0030',71,'130357',false),
  ('IT3B0031',10,'175788',false),
  ('IT3B0031',15,'386576',false),
  ('IT3B0031',26,'240415',false),
  ('IT3B0031',39,'240415',false),
  ('IT3B0031',48,'066360',false),
  ('IT3B0031',87,'340067',false),
  ('IT3B0032',37,'256008',false),
  ('IT3B0032',62,'130357',false),
  ('IT3B0032',72,'459991',false),
  ('IT3B0034',35,'200190',false),
  ('IT3B0034',86,'460842',false),
  ('IT3B0035',92,'256008',false),
  ('IT3B0036',28,'460842',false),
  ('IT3B0036',45,'372720',false),
  ('IT3B0036',58,'256008',false),
  ('IT3B0036',74,'460842',false),
  ('IT3B0037',55,'102413',false),
  ('IT3B0038',35,'463738',false),
  ('IT3B0038',63,'488515',false),
  ('IT3B0038',90,'390120',false),
  ('IT3B0039',2,'291520',false),
  ('IT3B0039',33,'458816',false),
  ('IT3B0039',72,'055001',false),
  ('IT3B0039',84,'167879',false),
  ('IT3B0040',5,'163985',false),
  ('IT3B0040',93,'409553',false),
  ('IT3B0041',34,'240290',false),
  ('IT3B0041',41,'341498',false),
  ('IT3B0041',61,'409553',false),
  ('IT3B0041',74,'199635',false),
  ('IT3B0041',90,'102413',false),
  ('IT3B0042',41,'409553',false),
  ('IT3B0043',5,'302497',false),
  ('IT3B0043',25,'409553',false),
  ('IT3B0043',41,'192105',false),
  ('IT3B0044',84,'042762',false),
  ('IT3B0045',41,'409553',false),
  ('IT3B0045',85,'457982',false),
  ('IT3B0047',27,'708868',false),
  ('IT3B0047',77,'417896',false),
  ('IT3B0048',53,'401082',false),
  ('IT3B0048',66,'401082',false),
  ('IT3B0048',68,'066360',false),
  ('IT3B0049',59,'287656',false),
  ('IT3B0049',79,'395714',false),
  ('IT3B0050',24,'395714',false),
  ('IT3B0050',56,'287656',false),
  ('IT3B0050',63,'395714',false),
  ('IT3B0050',74,'398082',false),
  ('IT3B0051',16,'287656',false),
  ('IT3B0051',21,'287656',false),
  ('IT3B0051',43,'395714',false),
  ('IT3B0051',55,'430623',false),
  ('IT3B0052',33,'395714',false),
  ('IT3B0052',72,'395714',false),
  ('IT3B0053',11,'526021',false),
  ('IT3B0053',73,'395714',false),
  ('IT3B0053',76,'198084',false),
  ('IT3B0054',16,'175788',false),
  ('IT3B0054',18,'175788',false),
  ('IT3B0054',51,'355479',false),
  ('IT3B0054',81,'425767',false),
  ('IT3B0055',47,'096133',false),
  ('IT3B0056',57,'391057',false),
  ('IT3B0056',69,'395714',false),
  ('IT3B0056',77,'408311',false),
  ('IT3B0056',95,'408311',false),
  ('IT3B0057',20,'488515',false),
  ('IT3B0057',53,'488515',false),
  ('IT3B0057',89,'396080',false),
  ('IT3B0057',97,'401082',false),
  ('IT3B0058',41,'235793',false),
  ('IT3B0059',17,'198081',false),
  ('IT3B0059',53,'278580',false),
  ('IT3B0059',56,'197480',false),
  ('IT3B0059',59,'256008',false),
  ('IT3B0060',7,'042762',true),
  ('IT3B0060',37,'291520',false),
  ('IT3B0060',63,'198081',false),
  ('IT3B0060',77,'291520',false),
  ('IT3B0061',54,'278580',false),
  ('IT3B0061',64,'142034',false),
  ('IT3B0061',86,'392500',false),
  ('IT3B0062',26,'235793',false),
  ('IT3B0062',40,'457444',false),
  ('IT3B0062',88,'393487',false),
  ('IT3B0062',94,'499830',false),
  ('IT3B0063',31,'307344',false),
  ('IT3B0063',66,'198081',false),
  ('IT3B0065',50,'499830',false),
  ('IT3B0065',62,'488515',false),
  ('IT3B0066',73,'678645',false),
  ('IT3B0067',22,'136114',false),
  ('IT3B0067',59,'465222',false),
  ('IT3B0068',48,'287681',false),
  ('IT3B0068',68,'136114',false),
  ('IT3B0069',9,'136114',false),
  ('IT3B0069',45,'458800',false),
  ('IT3B0069',61,'500274',false),
  ('IT3B0070',71,'136114',false),
  ('IT3B0070',85,'136114',false),
  ('IT3B0070',89,'240415',false),
  ('IT3B0071',3,'398082',false),
  ('IT3B0071',6,'386846',false),
  ('IT3B0071',8,'163374',false),
  ('IT3B0071',34,'398082',false),
  ('IT3B0071',57,'233654',false),
  ('IT3B0072',38,'136114',false),
  ('IT3B0072',55,'102413',false),
  ('IT3B0072',63,'056896',false),
  ('IT3B0072',74,'102413',false),
  ('IT3B0073',10,'136114',false),
  ('IT3B0073',43,'459577',false),
  ('IT3B0074',47,'500274',false),
  ('IT3B0074',68,'136114',false),
  ('IT3B0074',78,'417896',false),
  ('IT3B0075',28,'248333',false),
  ('IT3B0075',31,'494803',true),
  ('IT3B0075',55,'280039',false),
  ('IT3B0076',46,'136114',false),
  ('IT3B0076',50,'088713',false),
  ('IT3B0076',58,'074642',false),
  ('IT3B0077',34,'473871',false),
  ('IT3B0077',79,'139634',false),
  ('IT3B0078',26,'409618',false),
  ('IT3B0078',80,'147876',false),
  ('IT3B0079',68,'363610',false),
  ('IT3B0080',44,'568709',false),
  ('IT3B0080',60,'786686',false),
  ('IT3B0080',72,'147876',false),
  ('IT3B0080',78,'465222',false),
  ('IT3B0081',96,'465222',false),
  ('IT3B0082',56,'280824',false),
  ('IT3B0082',73,'029962',false),
  ('IT3B0083',61,'473871',false),
  ('IT3B0083',82,'287656',false),
  ('IT3B0084',43,'280824',false),
  ('IT3B0084',53,'457420',false),
  ('IT3B0085',40,'473871',false),
  ('IT3B0085',56,'372720',false),
  ('IT3B0086',19,'406054',false),
  ('IT3B0086',35,'178987',false),
  ('IT3B0086',53,'386846',false),
  ('IT3B0086',55,'500274',false),
  ('IT3B0087',4,'579299',false),
  ('IT3B0087',47,'409614',false),
  ('IT3B0088',10,'059615',false),
  ('IT3B0088',62,'387304',false),
  ('IT3B0089',31,'269870',false),
  ('IT3B0089',82,'059615',false),
  ('IT3B0090',53,'387304',false),
  ('IT3B0091',33,'283421',false),
  ('IT3B0091',68,'199635',false),
  ('IT3B0091',77,'102413',false),
  ('IT3B0093',82,'458816',false),
  ('IT3B0095',44,'339892',false),
  ('IT3B0095',48,'062710',false),
  ('IT3B0095',50,'392881',false),
  ('IT3B0096',21,'396681',false),
  ('IT3B0096',66,'398082',false),
  ('IT3B0096',76,'401384',false),
  ('IT3B0097',6,'106126',false),
  ('IT3B0097',18,'233654',false),
  ('IT3B0097',83,'457470',false),
  ('IT3B0098',6,'391710',false),
  ('IT3B0098',28,'195192',false),
  ('IT3B0098',80,'387304',false),
  ('IT3B0100',26,'233654',false),
  ('IT3B0100',55,'401384',false),
  ('IT3B0101',48,'416699',false),
  ('IT3B0104',1,'391421',false),
  ('IT3B0105',45,'068306',false),
  ('IT3B0105',56,'307344',false),
  ('IT3B0106',6,'102368',false),
  ('IT3B0106',8,'102413',false),
  ('IT3B0109',47,'421871',false),
  ('IT3B0109',48,'409553',false),
  ('IT3B0110',42,'088713',false),
  ('IT3B0110',50,'310527',false),
  ('IT3B0110',55,'286525',false),
  ('IT3B0111',49,'286525',false),
  ('IT3B0111',51,'102625',false),
  ('IT3B0111',58,'355791',false),
  ('IT3B0111',68,'340067',false),
  ('IT3B0112',48,'016873',false),
  ('IT3B0112',52,'458096',false),
  ('IT3B0112',76,'163675',false),
  ('IT3B0112',94,'497312',false),
  ('IT3B0113',33,'136114',false),
  ('IT3B0114',52,'400941',false),
  ('IT3B0114',61,'409614',false),
  ('IT3B0114',72,'066360',false),
  ('IT3B0115',9,'163985',false),
  ('IT3B0115',38,'340067',false),
  ('IT3B0115',50,'340067',false),
  ('IT3B0115',70,'120767',false),
  ('IT3B0115',86,'396681',false),
  ('IT3B0116',94,'056898',false),
  ('IT3B0117',34,'459945',false),
  ('IT3B0118',26,'621122',false),
  ('IT3B0118',35,'423615',false),
  ('IT3B0119',9,'330288',false),
  ('IT3B0119',40,'192105',false),
  ('IT3B0119',48,'096133',false),
  ('IT3B0120',15,'459945',false),
  ('IT3B0120',39,'459945',false),
  ('IT3B0120',56,'386576',false),
  ('IT3B0120',68,'355791',false),
  ('IT3B0121',90,'066360',false),
  ('IT3B0121',93,'616635',false),
  ('IT3B0124',6,'451354',false),
  ('IT3B0124',54,'387304',false),
  ('IT3B0124',67,'059615',false),
  ('IT3B0125',46,'621122',false),
  ('IT3B0126',69,'457470',false),
  ('IT3B0127',61,'197476',false),
  ('IT3B0128',38,'539131',false),
  ('IT3B0128',40,'119357',false),
  ('IT3B0128',71,'269870',false),
  ('IT3B0128',90,'056898',false),
  ('IT3B0129',4,'391463',false),
  ('IT3B0129',53,'274612',false),
  ('IT3B0129',56,'248333',false),
  ('IT3B0129',65,'140084',false),
  ('IT3B0130',11,'066360',false),
  ('IT3B0130',17,'457982',false),
  ('IT3B0130',63,'066360',false),
  ('IT3B0131',22,'395714',false),
  ('IT3B0131',68,'401082',false),
  ('IT3B0131',76,'488515',false),
  ('IT3B0131',92,'488515',false),
  ('IT3B0132',3,'388258',false),
  ('IT3B0132',40,'786686',false),
  ('IT3B0132',70,'569579',false),
  ('IT3B0132',79,'130357',false),
  ('IT3B0133',42,'139634',false),
  ('IT3B0133',71,'409595',false),
  ('IT3B0133',88,'165885',false),
  ('IT3B0134',25,'286525',false),
  ('IT3B0134',51,'043085',false),
  ('IT3B0135',23,'096133',false),
  ('IT3B0135',34,'604579',false),
  ('IT3B0135',79,'388258',false),
  ('IT3B0136',44,'340067',false),
  ('IT3B0136',62,'685506',false),
  ('IT3B0137',36,'451354',false),
  ('IT3B0137',38,'568709',false),
  ('IT3B0137',42,'388258',false),
  ('IT3B0137',62,'786686',false),
  ('IT3B0138',12,'483540',true),
  ('IT3B0138',25,'388258',false),
  ('IT3B0138',53,'423615',false),
  ('IT3B0138',69,'786686',false),
  ('IT3B0138',78,'786686',false),
  ('IT3B0139',56,'786686',false),
  ('IT3B0139',74,'178987',false),
  ('IT3B0141',6,'405029',false),
  ('IT3B0141',68,'163985',false),
  ('IT3B0141',93,'601877',false),
  ('IT3B0142',69,'786686',false),
  ('IT3B0143',26,'096133',false),
  ('IT3B0143',57,'074642',false),
  ('IT3B0143',65,'163298',false),
  ('IT3B0143',85,'144091',false),
  ('IT3B0144',33,'290754',false),
  ('IT3B0144',52,'119356',false),
  ('IT3B0145',25,'405029',false),
  ('IT3B0145',44,'068306',false),
  ('IT3B0147',50,'526021',false),
  ('IT3B0148',38,'526021',false),
  ('IT3B0149',31,'405029',false),
  ('IT3B0149',43,'119356',false),
  ('IT3B0149',73,'526021',false),
  ('IT3B0150',10,'460842',false),
  ('IT3B0150',36,'119356',false),
  ('IT3B0151',28,'400941',false),
  ('IT3B0151',91,'538088',false),
  ('IT3B0152',37,'199722',false),
  ('IT3B0152',83,'199635',false),
  ('IT3B0153',8,'488515',false),
  ('IT3B0153',59,'488515',false),
  ('IT3B0153',76,'401082',false),
  ('IT3B0153',87,'287656',false),
  ('IT3B0154',7,'391463',false),
  ('IT3B0154',16,'451354',false),
  ('IT3B0154',40,'144037',false),
  ('IT3B0155',12,'400941',false),
  ('IT3B0155',89,'705076',false),
  ('IT3B0156',6,'409614',false),
  ('IT3B0156',93,'144037',false),
  ('IT3B0158',10,'395190',false),
  ('IT3B0158',14,'235793',false),
  ('IT3B0158',35,'499830',false),
  ('IT3B0158',88,'075613',false),
  ('IT3B0158',96,'095779',false),
  ('IT3B0160',50,'395070',false),
  ('IT3B0160',63,'423615',false),
  ('IT3B0160',90,'256682',false),
  ('IT3B0161',75,'056898',false),
  ('IT3B0162',4,'387304',false),
  ('IT3B0162',94,'120767',false),
  ('IT3B0164',83,'163985',false),
  ('IT3B0165',21,'700053',false),
  ('IT3B0165',49,'355479',false),
  ('IT3B0165',73,'163985',false),
  ('IT3B0166',9,'136114',false),
  ('IT3B0166',15,'136114',false),
  ('IT3B0166',96,'331365',false),
  ('IT3B0167',11,'499830',false),
  ('IT3B0167',22,'240131',false),
  ('IT3B0168',12,'564305',false),
  ('IT3B0168',16,'256008',false),
  ('IT3B0168',70,'175788',false),
  ('IT3B0168',73,'163985',false),
  ('IT3B0168',75,'240415',false),
  ('IT3B0168',90,'044540',false),
  ('IT3B0168',94,'175788',false),
  ('IT3B0170',38,'398082',false),
  ('IT3B0172',16,'744844',false),
  ('IT3B0172',37,'744844',false),
  ('IT3B0172',73,'430623',false),
  ('IT3B0172',79,'386846',false),
  ('IT3B0173',10,'147876',false),
  ('IT3B0173',59,'534693',false),
  ('IT3B0173',91,'030263',false),
  ('IT3B0174',10,'136113',false),
  ('IT3B0174',87,'238989',false),
  ('IT3B0175',17,'030263',false),
  ('IT3B0175',39,'621122',false),
  ('IT3B0175',57,'621122',false),
  ('IT3B0175',94,'553512',false),
  ('IT3B0176',7,'621122',false),
  ('IT3B0176',52,'198081',false),
  ('IT3B0176',74,'678645',false),
  ('IT3B0176',78,'315846',false),
  ('IT3B0177',44,'083370',false),
  ('IT3B0178',29,'030263',false),
  ('IT3B0178',80,'553513',false),
  ('IT3B0178',92,'553513',false),
  ('IT3B0179',50,'409553',false),
  ('IT3B0182',55,'197480',false),
  ('IT3B0183',34,'269870',false),
  ('IT3B0185',42,'302478',false),
  ('IT3B0185',60,'343950',false),
  ('IT3B0186',83,'303111',false),
  ('IT3B0186',92,'302478',false),
  ('IT3B0187',15,'786686',false),
  ('IT3B0187',44,'568709',false),
  ('IT3B0187',78,'163675',false),
  ('IT3B0188',31,'409553',false),
  ('IT3B0188',44,'291520',false),
  ('IT3B0188',83,'409618',false),
  ('IT3B0189',90,'340067',false);
