/* File created by scraping https://www.transfermarkt.com using Antonio Cardin's program */

insert into Squadre values
  ('SSC Bari','Bari','Mignani'),
  ('US Catanzaro','Catanzaro','Vivarini'),
  ('Calcio Catania','Catania','Baldini'),
  ('US Avellino 1912','Avellino','Gautieri'),
  ('Palermo FC','Palermo','Baldini'),
  ('Calcio Foggia 1920','Foggia','Zeman'),
  ('ACR Messina','Messina','Raciti'),
  ('Potenza Calcio','Potenza','Arleo'),
  ('SS Monopoli 1966','Monopoli','Colombo'),
  ('SS Juve Stabia','Castellammare di Stabia','Novellino'),
  ('SS Turris Calcio','Torre del Greco','Caneo'),
  ('Virtus Francavilla Calcio','Francavilla Fontana (BR)','Taurino'),
  ('Taranto FC 1927','Taranto','Laterza'),
  ('US Vibonese','Vibo Valentia','Orlandi'),
  ('SSD Fidelis Andria','Andria','Di Bari'),
  ('Latina Calcio 1932','Latina','Di Donato'),
  ('Monterosi Tuscia FC','dello','Menichini'),
  ('Paganese Calcio 1926','Pagani','Grassadonia'),
  ('SS Città di Campobasso','Campobasso','Cudini'),
  ('AZ Picerno','Picerno (PZ)','Colucci');

insert into Giocatori values
  ('043217','SSC Bari',1,'Pierluigi','Frattali','1-dec-1985','Portiere'),
  ('425215','SSC Bari',13,'Emanuele','Polverino','13-feb-1997','Portiere'),
  ('552214','SSC Bari',22,'Denis','Plitko','1-apr-2002','Portiere'),
  ('200167','SSC Bari',5,'Daniele','Celiento','6-aug-1994','Difensore'),
  ('061770','SSC Bari',26,'Emanuele','Terranova','14-apr-1987','Difensore'),
  ('060541','SSC Bari',3,'Guillaume','Gigliotti','9-nov-1989','Difensore'),
  ('003159','SSC Bari',6,'Valerio','Di Cesare','23-may-1983','Difensore'),
  ('261056','SSC Bari',31,'Giacomo','Ricci','2-sep-1996','Difensore'),
  ('061751','SSC Bari',23,'Antonio','Mazzotta','2-aug-1989','Difensore'),
  ('139307','SSC Bari',25,'Raffaele','Pucino','3-may-1991','Difensore'),
  ('197299','SSC Bari',24,'Francesco','Belli','16-mar-1994','Difensore'),
  ('140559','SSC Bari',17,'Raffaele','Maiello','10-jul-1991','Centrocampista'),
  ('056693','SSC Bari',8,'Raffaele','Bianco','25-aug-1987','Centrocampista'),
  ('167470','SSC Bari',4,'Mattia','Maita','29-jul-1994','Centrocampista'),
  ('160302','SSC Bari',14,'Andrea','D''Errico','24-mar-1992','Centrocampista'),
  ('346560','SSC Bari',99,'Alessandro','Mallamo','22-mar-1999','Centrocampista'),
  ('032107','SSC Bari',29,'Manuel','Scavone','3-jun-1987','Centrocampista'),
  ('061753','SSC Bari',21,'Gianvito','Misuraca','2-apr-1990','Centrocampista'),
  ('088542','SSC Bari',10,'Rubén','Botta','31-jan-1990','Centrocampista'),
  ('096766','SSC Bari',19,'Cristian','Galano','1-apr-1991','Attaccante'),
  ('083458','SSC Bari',7,'Mirco','Antenucci','8-sep-1984','Attaccante'),
  ('035853','SSC Bari',88,'Daniele','Paponi','16-apr-1988','Attaccante'),
  ('521407','SSC Bari',11,'Walid','Cheddira','22-jan-1998','Attaccante'),
  ('274760','SSC Bari',9,'Simone','Simeri','12-apr-1993','Attaccante'),
  ('094943','SSC Bari',18,'Nicola','Citro','27-may-1989','Attaccante'),
  ('119086','US Catanzaro',33,'Paolo','Branduani','9-mar-1989','Portiere'),
  ('107392','US Catanzaro',1,'Timothy','Nocchi','7-jul-1990','Portiere'),
  ('391406','US Catanzaro',12,'Andrea','Romagnoli','29-jul-1998','Portiere'),
  ('084751','US Catanzaro',5,'Luca','Martinelli','20-dec-1988','Difensore'),
  ('142990','US Catanzaro',14,'Stefano','Scognamillo','4-may-1994','Difensore'),
  ('401077','US Catanzaro',4,'Simone','De Santis','29-jul-1993','Difensore'),
  ('337385','US Catanzaro',44,'Riccardo','Gatti','30-mar-1997','Difensore'),
  ('123641','US Catanzaro',13,'Pasquale','Fazio','10-jun-1989','Difensore'),
  ('355482','US Catanzaro',15,'Luis','Maldonado','15-may-1996','Centrocampista'),
  ('168346','US Catanzaro',6,'Nana','Welbeck','24-nov-1994','Centrocampista'),
  ('167826','US Catanzaro',8,'Luca','Verna','21-jun-1993','Centrocampista'),
  ('073920','US Catanzaro',18,'Antonio','Cinelli','8-dec-1989','Centrocampista'),
  ('234137','US Catanzaro',24,'Dimitrios','Sounas','12-aug-1994','Centrocampista'),
  ('249068','US Catanzaro',77,'Gabriele','Rolando','2-apr-1995','Centrocampista'),
  ('715470','US Catanzaro',2,'Brian','Bayeye','30-jun-2000','Centrocampista'),
  ('281633','US Catanzaro',3,'Alberto','Tentardini','21-oct-1996','Centrocampista'),
  ('258827','US Catanzaro',23,'Jari','Vandeputte','14-feb-1996','Centrocampista'),
  ('093292','US Catanzaro',10,'Francesco','Bombagi','7-sep-1989','Centrocampista'),
  ('566613','US Catanzaro',19,'Bjarki','Bjarkason','11-may-2000','Attaccante'),
  ('043206','US Catanzaro',29,'Massimiliano','Carlini','20-aug-1986','Attaccante'),
  ('240129','US Catanzaro',28,'Tommaso','Biasci','10-nov-1994','Attaccante'),
  ('062735','US Catanzaro',90,'Pietro','Iemmello','6-mar-1992','Attaccante'),
  ('288799','US Catanzaro',9,'Federico','Vázquez','31-mar-1993','Attaccante'),
  ('285754','US Catanzaro',99,'Pietro','Cianci','2-feb-1996','Attaccante'),
  ('120347','Calcio Catania',1,'Andrea','Sala','16-sep-1993','Portiere'),
  ('387601','Calcio Catania',12,'Giuseppe','Stancampiano','9-jan-1987','Portiere'),
  ('215624','Calcio Catania',26,'Filippo','Lorenzini','9-feb-1995','Difensore'),
  ('198999','Calcio Catania',21,'Paolo','Ropolo','18-jul-1993','Difensore'),
  ('442492','Calcio Catania',18,'Juan','Monteagudo','26-oct-1995','Difensore'),
  ('139169','Calcio Catania',3,'Claiton','null','7-sep-1984','Difensore'),
  ('748311','Calcio Catania',2,'Salvatore Simone','Pino','15-apr-2002','Difensore'),
  ('500507','Calcio Catania',6,'Luca','Ercolani','25-nov-1999','Difensore'),
  ('397797','Calcio Catania',19,'Giovanni','Pinto','19-sep-1991','Difensore'),
  ('224990','Calcio Catania',29,'Andrea','Zanchi','29-aug-1991','Difensore'),
  ('016043','Calcio Catania',16,'Alessandro','Albertini','25-apr-1994','Difensore'),
  ('488657','Calcio Catania',23,'Riccardo','Cataldi','31-jan-2001','Centrocampista'),
  ('498557','Calcio Catania',15,'Jean Freddi','Greco','12-feb-2001','Centrocampista'),
  ('062750','Calcio Catania',8,'Giacomo','Rosaia','26-mar-1993','Centrocampista'),
  ('090655','Calcio Catania',5,'Alessandro','Provenzano','30-jul-1991','Centrocampista'),
  ('504530','Calcio Catania',28,'Pier Luigi','Simonetti','4-jan-2001','Centrocampista'),
  ('030853','Calcio Catania',13,'Mariano','Izco','13-mar-1983','Centrocampista'),
  ('499678','Calcio Catania',10,'Kevin','Biondi','10-feb-1999','Centrocampista'),
  ('020590','Calcio Catania',7,'Andrea','Russotto','25-may-1988','Centrocampista'),
  ('278309','Calcio Catania',20,'Simone','Russini','20-mar-1996','Attaccante'),
  ('041986','Calcio Catania',14,'Antonio','Piccolo','7-apr-1988','Attaccante'),
  ('551723','Calcio Catania',33,'Gabriel','Bianco','21-oct-2002','Attaccante'),
  ('600936','Calcio Catania',24,'Luca','Moro','25-jan-2001','Attaccante'),
  ('648638','Calcio Catania',null,'Felipe','Estrella','10-jan-2001','Attaccante'),
  ('425781','Calcio Catania',25,'Leon','Sipos','28-feb-2000','Attaccante'),
  ('278586','US Avellino 1912',22,'Francesco','Forte','12-oct-1991','Portiere'),
  ('140312','US Avellino 1912',1,'Pasquale','Pane','11-mar-1990','Portiere'),
  ('457872','US Avellino 1912',12,'Antonio','Pizzella','30-jun-2001','Portiere'),
  ('385394','US Avellino 1912',13,'Alberto','Dossena','13-oct-1998','Difensore'),
  ('163195','US Avellino 1912',28,'Luigi','Silvestri','22-jan-1993','Difensore'),
  ('394668','US Avellino 1912',16,'Davide','Bove','7-nov-1998','Difensore'),
  ('625630','US Avellino 1912',5,'Lorenzo','Chiti','13-jan-2001','Difensore'),
  ('119082','US Avellino 1912',6,'Gennaro','Scognamiglio','24-apr-1987','Difensore'),
  ('331432','US Avellino 1912',3,'Fabio','Tito','10-jul-1993','Difensore'),
  ('167801','US Avellino 1912',33,'Daniele','Mignanelli','10-may-1993','Difensore'),
  ('112049','US Avellino 1912',23,'Simone','Ciancio','18-jul-1987','Difensore'),
  ('386457','US Avellino 1912',2,'Agostino','Rizzo','24-mar-1999','Difensore'),
  ('287307','US Avellino 1912',8,'Alessandro','Mastalli','7-feb-1996','Centrocampista'),
  ('199735','US Avellino 1912',10,'Alberto','De Francesco','12-oct-1994','Centrocampista'),
  ('398576','US Avellino 1912',20,'Giuseppe','Carriero','4-sep-1997','Centrocampista'),
  ('265967','US Avellino 1912',4,'Salvatore','Aloi','11-nov-1996','Centrocampista'),
  ('320669','US Avellino 1912',21,'Antonio','Matera','11-oct-1996','Centrocampista'),
  ('056513','US Avellino 1912',69,'Oliver','Kragl','12-may-1990','Centrocampista'),
  ('165722','US Avellino 1912',14,'Antonio','Di Gaudio','16-aug-1989','Attaccante'),
  ('319231','US Avellino 1912',25,'Claudiu','Micovschi','19-may-1999','Attaccante'),
  ('201734','US Avellino 1912',7,'Mamadou','Kanoute','7-oct-1993','Attaccante'),
  ('052135','US Avellino 1912',19,'Riccardo','Maniero','26-nov-1987','Attaccante'),
  ('164164','US Avellino 1912',9,'Jacopo','Murano','14-feb-1990','Attaccante'),
  ('348520','US Avellino 1912',11,'Vincenzo','Plescia','18-feb-1998','Attaccante'),
  ('056921','Palermo FC',1,'Alberto','Pelagotti','9-mar-1989','Portiere'),
  ('242537','Palermo FC',12,'Samuele','Massolo','4-may-1996','Portiere'),
  ('041780','Palermo FC',15,'Ivan','Marconi','25-oct-1989','Difensore'),
  ('240365','Palermo FC',16,'Michele','Somma','16-mar-1995','Difensore'),
  ('171696','Palermo FC',33,'Marco','Perrotta','14-feb-1994','Difensore'),
  ('552939','Palermo FC',25,'Alessio','Buttaro','10-sep-2002','Difensore'),
  ('197898','Palermo FC',79,'Edoardo','Lancini','10-apr-1994','Difensore'),
  ('247247','Palermo FC',4,'Andrea','Accardi','30-jul-1995','Difensore'),
  ('701961','Palermo FC',5,'Bubacarr','Marong','10-jan-2000','Difensore'),
  ('909895','Palermo FC',36,'Enrico','Mauthe','27-apr-2004','Difensore'),
  ('130348','Palermo FC',6,'Roberto','Crivello','14-sep-1991','Difensore'),
  ('379092','Palermo FC',3,'Maxime','Giron','15-sep-1994','Difensore'),
  ('391848','Palermo FC',77,'Masimiliano','Doda','17-nov-2000','Difensore'),
  ('262595','Palermo FC',19,'Moses','Odjer','17-aug-1996','Centrocampista'),
  ('124932','Palermo FC',20,'Francesco','De Rose','21-jun-1987','Centrocampista'),
  ('390117','Palermo FC',21,'Samuele','Damiani','30-jan-1998','Centrocampista'),
  ('167443','Palermo FC',11,'Jacopo','Dall''Oglio','2-apr-1992','Centrocampista'),
  ('162946','Palermo FC',17,'Gregorio','Luperini','10-feb-1994','Centrocampista'),
  ('383876','Palermo FC',30,'Nicola','Valente','6-oct-1991','Attaccante'),
  ('198929','Palermo FC',7,'Roberto','Floriano','14-aug-1986','Attaccante'),
  ('600041','Palermo FC',75,'Mattia','Felici','17-apr-2001','Attaccante'),
  ('536451','Palermo FC',10,'Andrea','Silipo','17-apr-2001','Attaccante'),
  ('199896','Palermo FC',23,'Giuseppe','Fella','11-aug-1993','Attaccante'),
  ('188889','Palermo FC',9,'Matteo Luigi','Brunori','1-nov-1994','Attaccante'),
  ('321065','Palermo FC',27,'Edoardo','Soleri','19-oct-1997','Attaccante'),
  ('340265','Calcio Foggia 1920',12,'Giacomo','Volpe','16-jan-1996','Portiere'),
  ('287871','Calcio Foggia 1920',1,'Fabrizio','Alastra','1-oct-1997','Portiere'),
  ('921955','Calcio Foggia 1920',22,'Joaquin Domingo','Dalmasso','27-apr-2000','Portiere'),
  ('108581','Calcio Foggia 1920',5,'Toni','Markic','25-oct-1990','Difensore'),
  ('238992','Calcio Foggia 1920',19,'Giacomo','Sciacca','19-apr-1996','Difensore'),
  ('287498','Calcio Foggia 1920',6,'Davide','Di Pasquale','27-jan-1996','Difensore'),
  ('294840','Calcio Foggia 1920',35,'Fabrizio','Buschiazzo','7-jul-1996','Difensore'),
  ('392941','Calcio Foggia 1920',20,'Domenico','Girasole','8-jun-2000','Difensore'),
  ('289040','Calcio Foggia 1920',33,'Alberto','Rizzo','25-apr-1997','Difensore'),
  ('392575','Calcio Foggia 1920',23,'Roberto','Di Jenno','10-aug-1999','Difensore'),
  ('200177','Calcio Foggia 1920',38,'Giuseppe','Nicolao','5-mar-1994','Difensore'),
  ('390720','Calcio Foggia 1920',2,'Alessandro','Garattoni','23-jan-1998','Difensore'),
  ('309746','Calcio Foggia 1920',27,'Pietro','Martino','4-aug-1997','Difensore'),
  ('199921','Calcio Foggia 1920',25,'Davide','Petermann','25-dec-1994','Centrocampista'),
  ('542572','Calcio Foggia 1920',14,'Sergio','Maselli','6-apr-2001','Centrocampista'),
  ('257118','Calcio Foggia 1920',8,'Michele','Rocca','6-feb-1996','Centrocampista'),
  ('283309','Calcio Foggia 1920',31,'Alessandro','Di Paolantonio','31-dec-1992','Centrocampista'),
  ('337156','Calcio Foggia 1920',4,'Andrea','Gallo','9-may-1997','Centrocampista'),
  ('399336','Calcio Foggia 1920',21,'Vincenzo','Garofalo','8-aug-1999','Centrocampista'),
  ('411465','Calcio Foggia 1920',7,'Andrea','Rizzo Pinna','13-jan-2000','Centrocampista'),
  ('138816','Calcio Foggia 1920',10,'Alessio','Curcio','12-mar-1990','Attaccante'),
  ('043895','Calcio Foggia 1920',24,'Gianluca','Turchetta','29-may-1991','Attaccante'),
  ('287265','Calcio Foggia 1920',28,'Andrea','Di Grazia','8-may-1996','Attaccante'),
  ('357998','Calcio Foggia 1920',18,'Davide','Merola','27-mar-2000','Attaccante'),
  ('811397','Calcio Foggia 1920',11,'Pablo','Vitali','7-jul-2002','Attaccante'),
  ('433089','Calcio Foggia 1920',26,'Filippo','Tuzzo','18-feb-2001','Attaccante'),
  ('176023','Calcio Foggia 1920',9,'Alexis','Ferrante','27-jun-1995','Attaccante'),
  ('248359','ACR Messina',22,'Michal','Lewandowski','2-aug-1996','Portiere'),
  ('601499','ACR Messina',1,'Antonino','Fusco','7-oct-2000','Portiere'),
  ('470591','ACR Messina',12,'Leonardo','Caruso','8-aug-1999','Portiere'),
  ('348768','ACR Messina',18,'Maks Juraj','Celic','8-mar-1996','Difensore'),
  ('421774','ACR Messina',19,'Antony','Angileri','27-mar-2001','Difensore'),
  ('240338','ACR Messina',13,'Luigi','Carillo','8-aug-1996','Difensore'),
  ('069212','ACR Messina',16,'Vincenzo','Camilleri','6-mar-1992','Difensore'),
  ('454053','ACR Messina',23,'Daniele','Trasciani','4-jan-2000','Difensore'),
  ('814349','ACR Messina',5,'Nicholas','Fantoni','4-oct-2002','Difensore'),
  ('645195','ACR Messina',3,'Tiago Gonçalves','null','18-aug-2000','Difensore'),
  ('285776','ACR Messina',2,'Gabriele','Morelli','12-dec-1996','Difensore'),
  ('639640','ACR Messina',21,'Genny','Rondinella','22-may-2001','Difensore'),
  ('547827','ACR Messina',24,'Iulius','Marginean','3-jul-2001','Centrocampista'),
  ('287690','ACR Messina',10,'Filippo','Damian','21-apr-1996','Centrocampista'),
  ('130172','ACR Messina',91,'Giuseppe','Rizzo','18-mar-1991','Centrocampista'),
  ('461481','ACR Messina',6,'Lamine','Fofana','10-nov-1998','Centrocampista'),
  ('577741','ACR Messina',4,'Mattia','Matese','29-dec-2001','Centrocampista'),
  ('285796','ACR Messina',8,'Lorenzo','Simonetti','28-aug-1996','Centrocampista'),
  ('563848','ACR Messina',14,'Amara','Konate','1-feb-1999','Centrocampista'),
  ('197744','ACR Messina',26,'Nicolò','Fazzi','2-mar-1995','Centrocampista'),
  ('074304','ACR Messina',77,'Giuseppe','Statella','15-mar-1988','Centrocampista'),
  ('537546','ACR Messina',25,'Riccardo','Burgio','5-may-2001','Centrocampista'),
  ('393652','ACR Messina',7,'Raffaele','Russo','25-feb-1999','Attaccante'),
  ('707090','ACR Messina',15,'Gian Marco','Distefano','1-dec-2000','Attaccante'),
  ('364206','ACR Messina',9,'Andrea','Adorante','5-feb-2000','Attaccante'),
  ('398061','ACR Messina',11,'Ibourahima','Baldé','23-mar-1999','Attaccante'),
  ('044514','ACR Messina',99,'Federico','Piovaccari','1-sep-1984','Attaccante'),
  ('818125','ACR Messina',17,'Tommaso','Busatto','21-mar-2002','Attaccante'),
  ('929799','ACR Messina',20,'Lorenzo','Catania','18-jul-1999','Attaccante'),
  ('086083','Potenza Calcio',12,'Richard','Marcone','21-jan-1993','Portiere'),
  ('319177','Potenza Calcio',1,'Stefano','Greco','21-feb-1999','Portiere'),
  ('162955','Potenza Calcio',18,'Luca','Piana','6-apr-1994','Difensore'),
  ('290716','Potenza Calcio',15,'Nicolò','Gigli','11-jan-1996','Difensore'),
  ('392444','Potenza Calcio',5,'Riccardo','Cargnelutti','8-feb-1999','Difensore'),
  ('340408','Potenza Calcio',3,'Luka','Koblar','8-aug-1999','Difensore'),
  ('395527','Potenza Calcio',26,'Emmanuele','Matino','7-oct-1998','Difensore'),
  ('708250','Potenza Calcio',2,'Lorenzo','Vecchi','21-jul-2002','Difensore'),
  ('395078','Potenza Calcio',23,'Andrea','Maestrelli','23-feb-1998','Difensore'),
  ('464640','Potenza Calcio',6,'Azzedine','Dkidak','11-may-2000','Difensore'),
  ('333003','Potenza Calcio',33,'Antonio','Sepe','10-jan-1992','Difensore'),
  ('596693','Potenza Calcio',19,'Gennaro','Nigro','29-may-2000','Centrocampista'),
  ('084577','Potenza Calcio',4,'Rosario','Bucolo','7-oct-1988','Centrocampista'),
  ('421777','Potenza Calcio',8,'Mattia','Sandri','4-apr-2001','Centrocampista'),
  ('127228','Potenza Calcio',10,'Manuel','Ricci','25-apr-1990','Centrocampista'),
  ('824121','Potenza Calcio',25,'Nicola','Zagaria','1-jan-2002','Centrocampista'),
  ('396488','Potenza Calcio',7,'Giuseppe','Coccia','18-dec-1993','Centrocampista'),
  ('199597','Potenza Calcio',93,'Giuseppe','Zampano','30-sep-1993','Centrocampista'),
  ('132460','Potenza Calcio',11,'Pedro','Costa Ferreira','1-jan-1991','Centrocampista'),
  ('295659','Potenza Calcio',21,'Federico','Zenuni','19-jan-1997','Centrocampista'),
  ('707100','Potenza Calcio',24,'Giovanni','Volpe','13-jul-2002','Attaccante'),
  ('165859','Potenza Calcio',32,'Leandro','Guaita','19-may-1986','Attaccante'),
  ('352704','Potenza Calcio',27,'Luigi','Cuppone','6-aug-1997','Attaccante'),
  ('531973','Potenza Calcio',20,'Gianluigi','Sueva','1-jan-2001','Attaccante'),
  ('249172','Potenza Calcio',14,'Pablo','Burzio','3-dec-1992','Attaccante'),
  ('130378','Potenza Calcio',9,'Niccolò','Romero','18-mar-1992','Attaccante'),
  ('254997','Potenza Calcio',17,'Francesco','Salvemini','25-sep-1996','Attaccante'),
  ('103001','Potenza Calcio',16,'Allan','Baclet','26-may-1986','Attaccante'),
  ('386567','SS Monopoli 1966',1,'Leonardo','Loria','28-mar-1999','Portiere'),
  ('647884','SS Monopoli 1966',22,'Mattia','Guido','5-dec-2001','Portiere'),
  ('825417','SS Monopoli 1966',2,'Francesco','Basile','1-jan-2003','Difensore'),
  ('208077','SS Monopoli 1966',3,'Mario','Mercadante','27-feb-1995','Difensore'),
  ('156207','SS Monopoli 1966',4,'Nicola','Bizzotto','1-mar-1990','Difensore'),
  ('417772','SS Monopoli 1966',23,'Matteo','Arena','14-jan-1999','Difensore'),
  ('141654','SS Monopoli 1966',15,'Michele','Fornasier','22-aug-1993','Difensore'),
  ('037431','SS Monopoli 1966',5,'Francesco','Pambianchi','12-jan-1989','Difensore'),
  ('325897','SS Monopoli 1966',17,'Joel','Baraye','5-jan-1997','Difensore'),
  ('662556','SS Monopoli 1966',19,'Flavio','Romano','19-jul-2002','Difensore'),
  ('464752','SS Monopoli 1966',26,'Antonio','Natalucci','1-aug-2000','Difensore'),
  ('500419','SS Monopoli 1966',35,'Mattia','Novella','25-jan-2001','Difensore'),
  ('240807','SS Monopoli 1966',27,'Zaccaria','Hamlili','27-apr-1991','Centrocampista'),
  ('400577','SS Monopoli 1966',16,'Biagio','Morrone','4-mar-2000','Centrocampista'),
  ('163203','SS Monopoli 1966',25,'Francesco','Vassallo','30-dec-1993','Centrocampista'),
  ('137110','SS Monopoli 1966',8,'Marco','Piccinni','19-apr-1987','Centrocampista'),
  ('345742','SS Monopoli 1966',98,'Alessandro','Quaini','17-sep-1998','Centrocampista'),
  ('399590','SS Monopoli 1966',21,'Andrea','Bussaglia','28-may-1997','Centrocampista'),
  ('463790','SS Monopoli 1966',33,'Christian','Langella','7-apr-2000','Centrocampista'),
  ('721288','SS Monopoli 1966',24,'Christian','Nina','24-oct-2001','Centrocampista'),
  ('331472','SS Monopoli 1966',77,'Orlando','Viteritti','14-apr-1994','Centrocampista'),
  ('507351','SS Monopoli 1966',11,'Abdoul','Guiebre','17-jul-1997','Centrocampista'),
  ('288061','SS Monopoli 1966',7,'Ernesto','Starita','3-mar-1996','Attaccante'),
  ('459988','SS Monopoli 1966',29,'Gennaro','Borrelli','10-mar-2000','Attaccante'),
  ('138295','SS Monopoli 1966',9,'Francesco','Grandolfo','26-jul-1992','Attaccante'),
  ('339782','SS Monopoli 1966',10,'Alessandro','Rossi','3-jan-1997','Attaccante'),
  ('457453','SS Monopoli 1966',18,'Mattia','D''Agostino','12-may-2000','Attaccante'),
  ('355444','SS Juve Stabia',99,'Andrea','Dini','20-feb-1996','Portiere'),
  ('062270','SS Juve Stabia',1,'Danilo','Russo','8-jul-1987','Portiere'),
  ('422631','SS Juve Stabia',22,'Giacomo','Pozzer','19-feb-2001','Portiere'),
  ('037528','SS Juve Stabia',20,'Magnus','Troest','5-jun-1987','Difensore'),
  ('060732','SS Juve Stabia',6,'Denis','Tonucci','6-sep-1988','Difensore'),
  ('199788','SS Juve Stabia',24,'Marco','Caldore','28-feb-1994','Difensore'),
  ('198973','SS Juve Stabia',21,'Davide','Cinaglia','10-apr-1994','Difensore'),
  ('392334','SS Juve Stabia',28,'Giuseppe','Esposito','16-apr-1999','Difensore'),
  ('719802','SS Juve Stabia',26,'Michele','Picardi','11-feb-2004','Difensore'),
  ('474684','SS Juve Stabia',3,'Ciro','Panico','3-aug-1999','Difensore'),
  ('568941','SS Juve Stabia',13,'Ugo','Dell''Orfanello','13-jun-2000','Difensore'),
  ('525660','SS Juve Stabia',27,'Francesco','Donati','20-jan-2001','Difensore'),
  ('433173','SS Juve Stabia',2,'Michele','Peluso','25-jun-2001','Difensore'),
  ('306643','SS Juve Stabia',8,'Jacopo','Scaccabarozzi','18-nov-1994','Centrocampista'),
  ('170085','SS Juve Stabia',25,'Daniele','Altobelli','18-mar-1993','Centrocampista'),
  ('061745','SS Juve Stabia',4,'Guido','Davì','16-sep-1990','Centrocampista'),
  ('487838','SS Juve Stabia',16,'Niccolò','Squizzato','7-jan-2002','Centrocampista'),
  ('539685','SS Juve Stabia',27,'Bilal','Erradi','22-feb-2001','Centrocampista'),
  ('293367','SS Juve Stabia',5,'Nicolás','Schiavi','1-feb-1995','Centrocampista'),
  ('244927','SS Juve Stabia',10,'Accursio','Bentivegna','21-jun-1996','Attaccante'),
  ('708255','SS Juve Stabia',17,'Mariano','Guarracino','25-jun-2002','Attaccante'),
  ('127222','SS Juve Stabia',30,'Tommaso','Ceccarelli','2-jun-1992','Attaccante'),
  ('136100','SS Juve Stabia',11,'Elio','De Silvestro','10-mar-1993','Attaccante'),
  ('391899','SS Juve Stabia',7,'Matteo','Stoppa','27-sep-2000','Attaccante'),
  ('062238','SS Juve Stabia',9,'Umberto','Eusepi','9-jan-1989','Attaccante'),
  ('550660','SS Juve Stabia',18,'Vincenzo','Della Pietra','22-jun-2002','Attaccante'),
  ('005852','SS Juve Stabia',32,'Felice','Evacuo','23-aug-1982','Attaccante'),
  ('163315','SS Turris Calcio',33,'Pietro','Perina','28-feb-1992','Portiere'),
  ('319289','SS Turris Calcio',1,'Alessandro','Abagnale','21-sep-1998','Portiere'),
  ('882760','SS Turris Calcio',22,'Vincenzo','Colantuono','1-jan-2003','Portiere'),
  ('199747','SS Turris Calcio',5,'Andrea','Sbraga','14-jan-1992','Difensore'),
  ('390154','SS Turris Calcio',16,'Claudio','Manzi','21-jun-2000','Difensore'),
  ('139497','SS Turris Calcio',20,'Francesco','Di Nunzio','8-nov-1985','Difensore'),
  ('523164','SS Turris Calcio',26,'Malick','Lame','2-aug-1998','Difensore'),
  ('195307','SS Turris Calcio',23,'Mickael','Varutti','15-jun-1990','Difensore'),
  ('426084','SS Turris Calcio',3,'Ciro','Loreto','2-sep-1998','Difensore'),
  ('392958','SS Turris Calcio',14,'Enrico','Zanoni','23-aug-1999','Difensore'),
  ('421769','SS Turris Calcio',13,'Davide','Ghislandi','16-jun-2001','Difensore'),
  ('410372','SS Turris Calcio',2,'Stefano','Esempio','7-mar-1999','Difensore'),
  ('239105','SS Turris Calcio',4,'Daniele','Franco','29-aug-1994','Centrocampista'),
  ('325118','SS Turris Calcio',8,'Lorenzo','Bordo','5-jan-1996','Centrocampista'),
  ('127230','SS Turris Calcio',6,'Enrico','Zampa','18-mar-1992','Centrocampista'),
  ('356144','SS Turris Calcio',17,'Simone','Tascone','18-dec-1997','Centrocampista'),
  ('421767','SS Turris Calcio',30,'Sebastiano','Finardi','20-feb-2001','Centrocampista'),
  ('421772','SS Turris Calcio',24,'Giuseppe','Iglio','24-feb-2001','Centrocampista'),
  ('487495','SS Turris Calcio',28,'Christian','Nunziante','28-jun-2000','Centrocampista'),
  ('204480','SS Turris Calcio',11,'Vito','Leonetti','16-mar-1994','Attaccante'),
  ('061520','SS Turris Calcio',10,'Luca','Giannone','2-jul-1989','Attaccante'),
  ('411312','SS Turris Calcio',27,'Fabian','Pavone','5-feb-2000','Attaccante'),
  ('882767','SS Turris Calcio',25,'Gerardo','D''Oriano','1-jan-2003','Attaccante'),
  ('164220','SS Turris Calcio',9,'Emanuele','Santaniello','27-jan-1990','Attaccante'),
  ('392911','SS Turris Calcio',19,'Salvatore','Longo','19-may-2000','Attaccante'),
  ('411371','Virtus Francavilla Calcio',22,'Tommaso','Nobile','3-nov-1996','Portiere'),
  ('596581','Virtus Francavilla Calcio',1,'Joakim','Milli','27-apr-2000','Portiere'),
  ('731066','Virtus Francavilla Calcio',12,'Giuseppe','Cassano','8-may-2003','Portiere'),
  ('397115','Virtus Francavilla Calcio',17,'Alessandro','Caporale','28-oct-1995','Difensore'),
  ('331477','Virtus Francavilla Calcio',5,'Riccardo','Idda','26-dec-1988','Difensore'),
  ('146618','Virtus Francavilla Calcio',6,'Mirko','Miceli','16-jun-1991','Difensore'),
  ('448473','Virtus Francavilla Calcio',15,'Fabio','Delvino','1-mar-1998','Difensore'),
  ('617645','Virtus Francavilla Calcio',13,'Luigi','Gianfreda','14-sep-2000','Difensore'),
  ('707389','Virtus Francavilla Calcio',4,'Andrea','Feltrin','15-aug-2002','Difensore'),
  ('336959','Virtus Francavilla Calcio',25,'Marco','Toscano','7-jul-1997','Centrocampista'),
  ('148941','Virtus Francavilla Calcio',16,'Domenico','Franco','9-sep-1992','Centrocampista'),
  ('286288','Virtus Francavilla Calcio',19,'Mario Francesco','Prezioso','15-apr-1996','Centrocampista'),
  ('538215','Virtus Francavilla Calcio',23,'Giovanni','Tchetchoua','11-jan-2000','Centrocampista'),
  ('538824','Virtus Francavilla Calcio',8,'Francesco','Carella','17-dec-2001','Centrocampista'),
  ('542570','Virtus Francavilla Calcio',18,'Roberto','Pierno','14-feb-2001','Centrocampista'),
  ('459961','Virtus Francavilla Calcio',20,'Elimelech','Enyan','31-jan-2001','Centrocampista'),
  ('457251','Virtus Francavilla Calcio',3,'Gabriele','Ingrosso','23-may-2000','Centrocampista'),
  ('101345','Virtus Francavilla Calcio',7,'Pasquale','Maiorino','21-jun-1989','Centrocampista'),
  ('386577','Virtus Francavilla Calcio',11,'Federico','Mastropietro','23-jan-1999','Centrocampista'),
  ('287737','Virtus Francavilla Calcio',97,'Tiziano','Tulissi','22-jul-1997','Attaccante'),
  ('098854','Virtus Francavilla Calcio',10,'Leonardo','Pérez','27-sep-1989','Attaccante'),
  ('401802','Virtus Francavilla Calcio',21,'Danilo Giacinto','Ventola','11-sep-2000','Attaccante'),
  ('283352','Virtus Francavilla Calcio',9,'Cosimo','Patierno','1-mar-1991','Attaccante'),
  ('459697','Taranto FC 1927',22,'Niccolò','Chiorra','16-mar-2001','Portiere'),
  ('374140','Taranto FC 1927',12,'Vittorio','Antonino','29-jun-1998','Portiere'),
  ('395750','Taranto FC 1927',1,'Andrea','Loliva','29-mar-2000','Portiere'),
  ('286259','Taranto FC 1927',6,'Davide','Riccardi','9-apr-1996','Difensore'),
  ('396366','Taranto FC 1927',23,'Francesco','Benassai','19-may-1998','Difensore'),
  ('284975','Taranto FC 1927',19,'Antonio','Guastamacchia','19-jun-1995','Difensore'),
  ('123617','Taranto FC 1927',5,'Walter','Zullo','3-may-1990','Difensore'),
  ('463776','Taranto FC 1927',17,'Antonio','Granata','6-apr-2000','Difensore'),
  ('461774','Taranto FC 1927',3,'Antonio','Ferrara','3-mar-1999','Difensore'),
  ('560586','Taranto FC 1927',97,'Vincent','De Maria','24-nov-1999','Difensore'),
  ('628644','Taranto FC 1927',2,'Matteo','Tomassini','7-jun-2002','Difensore'),
  ('355538','Taranto FC 1927',18,'Nicola','Turi','5-feb-1998','Difensore'),
  ('312208','Taranto FC 1927',27,'Leandro','Versienti','15-aug-1996','Difensore'),
  ('052136','Taranto FC 1927',21,'Davide','Di Gennaro','16-jun-1988','Centrocampista'),
  ('055791','Taranto FC 1927',4,'Massimiliano','Marsili','14-jul-1987','Centrocampista'),
  ('134331','Taranto FC 1927',28,'Marco','Civilleri','16-jul-1991','Centrocampista'),
  ('421781','Taranto FC 1927',20,'Valerio','Labriola','13-apr-2001','Centrocampista'),
  ('697391','Taranto FC 1927',8,'Aboubakar','Diaby','27-may-2000','Centrocampista'),
  ('610217','Taranto FC 1927',88,'Manuel','Cannavaro','20-jun-2002','Centrocampista'),
  ('485083','Taranto FC 1927',33,'Kalifa','Manneh','2-sep-1998','Attaccante'),
  ('456654','Taranto FC 1927',11,'Antonio','Santarpia','31-oct-2000','Attaccante'),
  ('134885','Taranto FC 1927',10,'Luigi','Falcone','26-may-1992','Attaccante'),
  ('063559','Taranto FC 1927',15,'Mario','Pacilli','25-apr-1987','Attaccante'),
  ('458780','Taranto FC 1927',72,'Gianluca','Mastromonaco','4-jan-2000','Attaccante'),
  ('073381','Taranto FC 1927',32,'Giuseppe','Giovinco','26-sep-1990','Attaccante'),
  ('429304','Taranto FC 1927',9,'Andrea','Saraniti','23-jul-1988','Attaccante'),
  ('241327','Taranto FC 1927',7,'Vincenzo','Barone','5-feb-1995','Attaccante'),
  ('347353','US Vibonese',22,'Leonardo','Marson','5-jan-1998','Portiere'),
  ('138127','US Vibonese',1,'Riccardo','Mengoni','13-mar-1986','Portiere'),
  ('818225','US Vibonese',12,'Flavio','Curtosi','6-jul-2004','Portiere'),
  ('163600','US Vibonese',23,'Emanuele','Suagher','26-nov-1992','Difensore'),
  ('207965','US Vibonese',5,'Giacomo','Risaliti','24-apr-1995','Difensore'),
  ('395104','US Vibonese',4,'Mattia','Polidori','6-may-1998','Difensore'),
  ('692100','US Vibonese',27,'Alessandro','Carosso','2-feb-2002','Difensore'),
  ('372721','US Vibonese',2,'Amir','Mahrous','23-jan-1998','Difensore'),
  ('418580','US Vibonese',3,'Nicola','Alvaro','10-mar-1999','Difensore'),
  ('102562','US Vibonese',19,'Angelo','Corsi','18-may-1989','Difensore'),
  ('334952','US Vibonese',6,'Luca','Gelonese','11-may-1995','Centrocampista'),
  ('148972','US Vibonese',13,'Urban','Zibert','8-may-1992','Centrocampista'),
  ('455843','US Vibonese',8,'Gianmarco','Basso','5-jan-1999','Centrocampista'),
  ('390116','US Vibonese',15,'Filippo','Bellini','25-aug-1998','Centrocampista'),
  ('681460','US Vibonese',24,'Gheorghe','Fomov','3-feb-2001','Centrocampista'),
  ('243819','US Vibonese',17,'Allan','Blaze','24-jun-1994','Centrocampista'),
  ('291433','US Vibonese',null,'Claudio','Zappa','30-mar-1997','Centrocampista'),
  ('273148','US Vibonese',25,'Luca','Cattaneo','30-jan-1989','Centrocampista'),
  ('397860','US Vibonese',10,'Marco','Spina','25-jan-2000','Centrocampista'),
  ('409592','US Vibonese',28,'Francesco','Golfo','5-sep-1994','Attaccante'),
  ('539222','US Vibonese',21,'Matteo','Panati','21-jun-2001','Attaccante'),
  ('336963','US Vibonese',7,'Paolo','Grillo','8-feb-1997','Attaccante'),
  ('673453','US Vibonese',9,'Domenico','La Ragione','1-jan-2001','Attaccante'),
  ('340657','US Vibonese',18,'Michele','Volpe','16-sep-1997','Attaccante'),
  ('084741','US Vibonese',99,'Davis','Curiale','30-dec-1987','Attaccante'),
  ('390157','US Vibonese',11,'Mamadou Bara','Ngom','16-mar-2000','Attaccante'),
  ('199001','SSD Fidelis Andria',12,'Umberto','Saracco','10-apr-1994','Portiere'),
  ('500624','SSD Fidelis Andria',1,'Filippo','Vandelli','22-aug-2000','Portiere'),
  ('440331','SSD Fidelis Andria',99,'Federico','Donini','21-nov-1999','Portiere'),
  ('929232','SSD Fidelis Andria',22,'Romeo','Paparesta','11-jul-2003','Portiere'),
  ('550116','SSD Fidelis Andria',15,'Ilario','Monterisi','19-dec-2001','Difensore'),
  ('240424','SSD Fidelis Andria',23,'Cristian','Riggio','4-jun-1996','Difensore'),
  ('074033','SSD Fidelis Andria',90,'Raffaele','Alcibiade','23-may-1990','Difensore'),
  ('459305','SSD Fidelis Andria',14,'Mario','De Marino','23-jan-2000','Difensore'),
  ('108989','SSD Fidelis Andria',21,'Leonardo','Nunzella','4-jun-1992','Difensore'),
  ('061606','SSD Fidelis Andria',5,'Matteo','Legittimo','17-jun-1989','Difensore'),
  ('391138','SSD Fidelis Andria',3,'Gioacchino','Carullo','25-jul-1999','Difensore'),
  ('450553','SSD Fidelis Andria',16,'Pietro','Ciotti','31-jul-1999','Difensore'),
  ('113050','SSD Fidelis Andria',7,'Alex','Benvenga','30-may-1991','Difensore'),
  ('199088','SSD Fidelis Andria',10,'Francesco','Urso','9-jun-1994','Centrocampista'),
  ('457472','SSD Fidelis Andria',30,'Angelo','Bonavolontà','3-aug-2000','Centrocampista'),
  ('057640','SSD Fidelis Andria',20,'Giacomo','Casoli','15-sep-1988','Centrocampista'),
  ('317717','SSD Fidelis Andria',28,'Andrea','Risolo','13-aug-1996','Centrocampista'),
  ('315844','SSD Fidelis Andria',18,'Alessandro','Bordin','1-aug-1998','Centrocampista'),
  ('525526','SSD Fidelis Andria',8,'Simone','Bolognese','1-jun-1999','Centrocampista'),
  ('383165','SSD Fidelis Andria',98,'Mirko','Bortoletti','19-nov-1998','Centrocampista'),
  ('393660','SSD Fidelis Andria',24,'Danilo','Gaeta','9-mar-1999','Centrocampista'),
  ('671573','SSD Fidelis Andria',45,'Pasqualino','Ortisi','24-apr-2002','Centrocampista'),
  ('106136','SSD Fidelis Andria',26,'Giacomo','Tulli','24-oct-1987','Attaccante'),
  ('127264','SSD Fidelis Andria',19,'Nicolás','Bubas','23-apr-1989','Attaccante'),
  ('144109','SSD Fidelis Andria',9,'Matteo','Di Piazza','15-may-1988','Attaccante'),
  ('311334','SSD Fidelis Andria',95,'Lorenzo','Sorrentino','20-sep-1995','Attaccante'),
  ('578073','SSD Fidelis Andria',11,'Antonio','Messina','14-jul-2000','Attaccante'),
  ('421764','Latina Calcio 1932',1,'Matteo','Cardinali','28-jun-2001','Portiere'),
  ('199078','Latina Calcio 1932',22,'Alessandro','Tonti','28-may-1992','Portiere'),
  ('035849','Latina Calcio 1932',27,'Andrea','Esposito','17-may-1986','Difensore'),
  ('691235','Latina Calcio 1932',5,'Andrea','Giorgini','22-apr-2002','Difensore'),
  ('340509','Latina Calcio 1932',19,'Alessandro','Celli','7-jul-1997','Difensore'),
  ('287344','Latina Calcio 1932',3,'Daniele','Sarzi Puttini','8-jun-1996','Difensore'),
  ('269081','Latina Calcio 1932',33,'Nelson','Atiagli','18-jan-1996','Difensore'),
  ('567444','Latina Calcio 1932',70,'Emanuel','Ercolano','15-oct-2002','Difensore'),
  ('381794','Latina Calcio 1932',24,'Lorenzo','Carissoni','7-feb-1997','Difensore'),
  ('340435','Latina Calcio 1932',13,'Eros','De Santis','30-oct-1997','Difensore'),
  ('160535','Latina Calcio 1932',6,'Stefano','Amadio','5-jan-1989','Centrocampista'),
  ('534195','Latina Calcio 1932',65,'Marco','D''Aloia','21-jul-2001','Centrocampista'),
  ('340447','Latina Calcio 1932',4,'Emanuele','Spinozzi','23-jul-1998','Centrocampista'),
  ('393605','Latina Calcio 1932',18,'Andrea','Tessiore','1-oct-1999','Centrocampista'),
  ('424274','Latina Calcio 1932',23,'Marco','Palermo','1-nov-1995','Centrocampista'),
  ('393638','Latina Calcio 1932',14,'Christian','Barberini','17-sep-1999','Centrocampista'),
  ('729937','Latina Calcio 1932',17,'Marco','Teraschi','17-aug-2001','Centrocampista'),
  ('315568','Latina Calcio 1932',7,'Lorenzo','Di Livio','11-jan-1997','Centrocampista'),
  ('608243','Latina Calcio 1932',92,'Alessandro','Rossi','21-may-2001','Attaccante'),
  ('789096','Latina Calcio 1932',21,'Filippo','Mascia','25-jun-2002','Attaccante'),
  ('355787','Latina Calcio 1932',9,'Cristian','Carletti','27-jul-1996','Attaccante'),
  ('176130','Latina Calcio 1932',11,'Lorenzo','Rosseti','5-aug-1994','Attaccante'),
  ('054464','Latina Calcio 1932',79,'Jefferson','null','6-jan-1988','Attaccante'),
  ('459644','Latina Calcio 1932',15,'Adama','Sane','11-jun-2000','Attaccante'),
  ('396094','Monterosi Tuscia FC',35,'Riccardo','Daga','13-jan-2000','Portiere'),
  ('391931','Monterosi Tuscia FC',1,'Marco','Alia','26-apr-2000','Portiere'),
  ('415801','Monterosi Tuscia FC',12,'Nicola','Borghetto','25-nov-1999','Portiere'),
  ('489272','Monterosi Tuscia FC',55,'Umberto','Basile','27-apr-2000','Portiere'),
  ('196646','Monterosi Tuscia FC',33,'Emmanuel','Mbende','3-mar-1996','Difensore'),
  ('410458','Monterosi Tuscia FC',6,'Lorenzo','Borri','24-sep-1997','Difensore'),
  ('057309','Monterosi Tuscia FC',16,'Angelo','Tartaglia','30-sep-1992','Difensore'),
  ('207197','Monterosi Tuscia FC',19,'Danilo','Piroli','19-dec-1989','Difensore'),
  ('285096','Monterosi Tuscia FC',23,'Gabriele','Rocchi','7-may-1996','Difensore'),
  ('535742','Monterosi Tuscia FC',3,'Damiano','Cancellieri','28-mar-2001','Difensore'),
  ('535139','Monterosi Tuscia FC',21,'Mattia','Tonetto','26-mar-2001','Difensore'),
  ('392924','Monterosi Tuscia FC',14,'Francesco','Verde','18-mar-2000','Difensore'),
  ('385379','Monterosi Tuscia FC',98,'Davide','Buglio','26-feb-1998','Centrocampista'),
  ('341054','Monterosi Tuscia FC',8,'Simone','Franchini','30-mar-1998','Centrocampista'),
  ('362709','Monterosi Tuscia FC',18,'Samuele','Parlati','5-feb-1997','Centrocampista'),
  ('464682','Monterosi Tuscia FC',7,'Andrea','Errico','1-jan-1999','Centrocampista'),
  ('457773','Monterosi Tuscia FC',66,'Abdallah','Basit','15-oct-1999','Centrocampista'),
  ('364205','Monterosi Tuscia FC',28,'Zakaria','Sdaigui','9-aug-2000','Centrocampista'),
  ('666867','Monterosi Tuscia FC',79,'Francesco','D''Antonio','29-may-2000','Centrocampista'),
  ('537455','Monterosi Tuscia FC',99,'Giammarco','Caon','17-dec-2001','Attaccante'),
  ('411666','Monterosi Tuscia FC',17,'Emanuele','Adamo','19-jul-1998','Attaccante'),
  ('610395','Monterosi Tuscia FC',10,'Andrea','Milani','18-jan-2002','Attaccante'),
  ('617498','Monterosi Tuscia FC',13,'Cosimo','Tripoli','4-jun-2001','Attaccante'),
  ('402915','Monterosi Tuscia FC',90,'Rocco','Costantino','8-may-1990','Attaccante'),
  ('459649','Monterosi Tuscia FC',14,'Joseph','Ekuban','2-jan-2000','Attaccante'),
  ('604239','Monterosi Tuscia FC',77,'Gabriele','Artistico','14-jul-2002','Attaccante'),
  ('672869','Monterosi Tuscia FC',11,'Pierluca','Luciani','24-feb-2002','Attaccante'),
  ('160824','Paganese Calcio 1926',1,'Paolo','Baiocco','29-jun-1989','Portiere'),
  ('707905','Paganese Calcio 1926',12,'Sabino','Pellecchia','10-sep-2003','Portiere'),
  ('463497','Paganese Calcio 1926',30,'Lorenzo','Avogadri','21-aug-2001','Portiere'),
  ('562287','Paganese Calcio 1926',7,'Christian','Celesia','22-jan-2002','Difensore'),
  ('204497','Paganese Calcio 1926',23,'Marco','Schiavino','25-apr-1993','Difensore'),
  ('375320','Paganese Calcio 1926',4,'Edoardo','Sbampato','5-feb-1998','Difensore'),
  ('264485','Paganese Calcio 1926',22,'Ivan','De Santis','21-may-1997','Difensore'),
  ('416665','Paganese Calcio 1926',25,'Edoardo','Scanagatta','6-apr-2002','Difensore'),
  ('104995','Paganese Calcio 1926',5,'Michele','Murolo','27-nov-1983','Difensore'),
  ('240094','Paganese Calcio 1926',2,'Dramane','Konaté','12-apr-1994','Difensore'),
  ('465667','Paganese Calcio 1926',6,'Giorgio','Brogni','28-jan-2001','Difensore'),
  ('690204','Paganese Calcio 1926',20,'Davide','Manarelli','1-feb-2002','Difensore'),
  ('672873','Paganese Calcio 1926',17,'Francesco','Perlingieri','14-may-2002','Difensore'),
  ('311328','Paganese Calcio 1926',44,'Nicholas','Bensaja','7-jun-1995','Centrocampista'),
  ('035871','Paganese Calcio 1926',15,'Fernando','Tissone','24-jul-1986','Centrocampista'),
  ('199604','Paganese Calcio 1926',8,'Marco','Firenze','26-jun-1993','Centrocampista'),
  ('672535','Paganese Calcio 1926',24,'Carmine','Cretella','30-aug-2002','Centrocampista'),
  ('392054','Paganese Calcio 1926',13,'Carlo','Martorelli','13-may-1999','Centrocampista'),
  ('387017','Paganese Calcio 1926',16,'Giovanni','Volpicelli','24-sep-1999','Centrocampista'),
  ('241800','Paganese Calcio 1926',21,'Matteo','Zanini','10-may-1994','Centrocampista'),
  ('603524','Paganese Calcio 1926',19,'Christian','Sussi','7-mar-2001','Attaccante'),
  ('537360','Paganese Calcio 1926',26,'Giuseppe','Guadagni','26-nov-2001','Attaccante'),
  ('542393','Paganese Calcio 1926',29,'Agostino','Del Regno','9-may-2001','Attaccante'),
  ('198976','Paganese Calcio 1926',11,'Abou','Diop','6-oct-1993','Attaccante'),
  ('379821','Paganese Calcio 1926',18,'Christian','Tommasini','14-mar-1998','Attaccante'),
  ('542394','Paganese Calcio 1926',27,'Carmine','Iannone','19-jul-2001','Attaccante'),
  ('085261','Paganese Calcio 1926',10,'Luigi','Castaldo','2-may-1982','Attaccante'),
  ('464753','SS Città di Campobasso',12,'Emanuele','Zamarion','4-aug-2000','Portiere'),
  ('458479','SS Città di Campobasso',1,'Matteo','Raccichini','18-jun-2000','Portiere'),
  ('930939','SS Città di Campobasso',22,'Stefano','Coco','4-oct-2003','Portiere'),
  ('406094','SS Città di Campobasso',5,'Damiano','Menna','27-apr-1995','Difensore'),
  ('171898','SS Città di Campobasso',6,'Alessandro','Dalmazzi','3-aug-1994','Difensore'),
  ('242075','SS Città di Campobasso',30,'Kevin','Magri','10-aug-1995','Difensore'),
  ('406353','SS Città di Campobasso',2,'Luca','Sbardella','17-apr-1993','Difensore'),
  ('395134','SS Città di Campobasso',3,'Nicola','Vanzan','30-jan-1999','Difensore'),
  ('469899','SS Città di Campobasso',11,'Federico','Pace','9-aug-1999','Difensore'),
  ('500127','SS Città di Campobasso',23,'Cristian','Fabriani','1-dec-2001','Difensore'),
  ('670500','SS Città di Campobasso',13,'Antonio','Martino','5-jul-2001','Difensore'),
  ('287290','SS Città di Campobasso',8,'Pietro','Ladu','2-jun-1995','Centrocampista'),
  ('407478','SS Città di Campobasso',26,'Angelo','Persia','2-jun-1998','Centrocampista'),
  ('088171','SS Città di Campobasso',7,'Francesco','Bontà','14-may-1993','Centrocampista'),
  ('428977','SS Città di Campobasso',18,'Kevin','Candellori','7-jul-1996','Centrocampista'),
  ('527180','SS Città di Campobasso',16,'Joshua','Tenkorang','26-may-2000','Centrocampista'),
  ('357177','SS Città di Campobasso',19,'Francesco','Giunta','19-mar-1999','Centrocampista'),
  ('431496','SS Città di Campobasso',4,'Federico','Nacci','5-apr-1998','Centrocampista'),
  ('460007','SS Città di Campobasso',14,'Davide','Di Francesco','19-jan-2001','Attaccante'),
  ('484703','SS Città di Campobasso',21,'Michael','Liguori','16-jan-1999','Attaccante'),
  ('318833','SS Città di Campobasso',27,'Olger','Merkaj','23-jul-1997','Attaccante'),
  ('440718','SS Città di Campobasso',10,'Michele','Emmausso','4-aug-1997','Attaccante'),
  ('430798','SS Città di Campobasso',98,'Don','Bolsius','29-nov-1998','Attaccante'),
  ('287337','SS Città di Campobasso',9,'Mattia','Rossetti','16-jun-1996','Attaccante'),
  ('336760','AZ Picerno',22,'Aniello','Viscovo','21-jun-1999','Portiere'),
  ('323654','AZ Picerno',1,'Mirko','Albertazzi','28-jun-1997','Portiere'),
  ('790473','AZ Picerno',12,'Elia','Summa','30-mar-2003','Portiere'),
  ('283319','AZ Picerno',4,'Manuel','Ferrani','29-jun-1987','Difensore'),
  ('161077','AZ Picerno',28,'Ciro','De Franco','8-oct-1988','Difensore'),
  ('325852','AZ Picerno',18,'Rubén','García','12-apr-1995','Difensore'),
  ('492786','AZ Picerno',6,'Andrea','Allegretto','16-jan-2001','Difensore'),
  ('394851','AZ Picerno',99,'Carmine','Setola','13-jan-1999','Difensore'),
  ('330754','AZ Picerno',2,'Mario','Finizio','25-mar-1992','Difensore'),
  ('530312','AZ Picerno',3,'Emilio','Vanacore','3-feb-1999','Difensore'),
  ('577616','AZ Picerno',13,'Eduardo','Alcides','28-aug-2002','Difensore'),
  ('431735','AZ Picerno',30,'Rodrigo','De Ciancio','30-mar-1995','Centrocampista'),
  ('130383','AZ Picerno',5,'Francesco','Pitarresi','30-jul-1990','Centrocampista'),
  ('525492','AZ Picerno',8,'Antonio','De Cristofaro','10-jan-2000','Centrocampista'),
  ('085537','AZ Picerno',14,'Francesco','Dettori','2-mar-1983','Centrocampista'),
  ('487840','AZ Picerno',75,'Andrea','Viviani','16-may-2002','Centrocampista'),
  ('167886','AZ Picerno',25,'Walter','Guerra','2-feb-1992','Centrocampista'),
  ('160542','AZ Picerno',7,'Massimo','D''Angelo','12-oct-1990','Attaccante'),
  ('628308','AZ Picerno',80,'Flavio','Di Dio','5-mar-2002','Attaccante'),
  ('199752','AZ Picerno',9,'Francesco','Vivacqua','19-jun-1994','Attaccante'),
  ('396955','AZ Picerno',11,'Emmanuele','Esposito','4-apr-1991','Attaccante'),
  ('402555','AZ Picerno',20,'Yuri','Senesi','26-jun-1997','Attaccante'),
  ('023365','AZ Picerno',19,'Reginaldo','null','31-jul-1983','Attaccante'),
  ('549097','AZ Picerno',69,'Giuseppe','Carrà','4-mar-2002','Attaccante'),
  ('044368','AZ Picerno',17,'Federico','Gerardi','10-dec-1987','Attaccante'),
  ('133871','AZ Picerno',10,'Diego','Albadoro','26-feb-1989','Attaccante'),
  ('254708','AZ Picerno',97,'Giacomo','Parigi','18-jun-1996','Attaccante');

insert into Partite values
  ('IT3C0000',2,'SSC Bari','Monterosi Tuscia FC',4,0),
  ('IT3C0001',5,'SSC Bari','Paganese Calcio 1926',1,1),
  ('IT3C0002',7,'SSC Bari','SS Monopoli 1966',1,0),
  ('IT3C0003',8,'SSC Bari','SS Turris Calcio',4,2),
  ('IT3C0004',10,'SSC Bari','Calcio Foggia 1920',1,1),
  ('IT3C0005',12,'SSC Bari','US Catanzaro',2,1),
  ('IT3C0006',14,'SSC Bari','US Vibonese',2,0),
  ('IT3C0007',16,'SSC Bari','Latina Calcio 1932',3,1),
  ('IT3C0008',18,'SSC Bari','Taranto FC 1927',3,1),
  ('IT3C0009',1,'US Catanzaro','Virtus Francavilla Calcio',3,1),
  ('IT3C0010',3,'US Catanzaro','Potenza Calcio',1,1),
  ('IT3C0011',5,'US Catanzaro','Calcio Catania',1,1),
  ('IT3C0012',7,'US Catanzaro','SSD Fidelis Andria',3,1),
  ('IT3C0013',9,'US Catanzaro','Taranto FC 1927',3,0),
  ('IT3C0014',11,'US Catanzaro','SS Monopoli 1966',1,2),
  ('IT3C0015',13,'US Catanzaro','ACR Messina',2,0),
  ('IT3C0016',15,'US Catanzaro','SS Juve Stabia',1,1),
  ('IT3C0017',17,'US Catanzaro','Calcio Foggia 1920',2,0),
  ('IT3C0018',19,'US Catanzaro','US Vibonese',1,1),
  ('IT3C0019',2,'Virtus Francavilla Calcio','US Vibonese',1,0),
  ('IT3C0020',5,'Virtus Francavilla Calcio','SS Monopoli 1966',3,1),
  ('IT3C0021',7,'Virtus Francavilla Calcio','Taranto FC 1927',0,0),
  ('IT3C0022',9,'Virtus Francavilla Calcio','Calcio Catania',1,1),
  ('IT3C0023',11,'Virtus Francavilla Calcio','SSC Bari',3,0),
  ('IT3C0024',13,'Virtus Francavilla Calcio','Latina Calcio 1932',2,1),
  ('IT3C0025',15,'Virtus Francavilla Calcio','SS Turris Calcio',1,2),
  ('IT3C0026',17,'Virtus Francavilla Calcio','Monterosi Tuscia FC',1,0),
  ('IT3C0027',19,'Virtus Francavilla Calcio','SS Juve Stabia',3,0),
  ('IT3C0028',1,'US Avellino 1912','SS Città di Campobasso',1,1),
  ('IT3C0029',3,'US Avellino 1912','Latina Calcio 1932',1,1),
  ('IT3C0030',5,'US Avellino 1912','Potenza Calcio',1,0),
  ('IT3C0031',6,'US Avellino 1912','US Catanzaro',0,0),
  ('IT3C0032',8,'US Avellino 1912','Virtus Francavilla Calcio',1,0),
  ('IT3C0033',11,'US Avellino 1912','Paganese Calcio 1926',3,0),
  ('IT3C0034',13,'US Avellino 1912','Taranto FC 1927',2,1),
  ('IT3C0035',15,'US Avellino 1912','AZ Picerno',1,1),
  ('IT3C0036',17,'US Avellino 1912','SSC Bari',1,1),
  ('IT3C0037',19,'US Avellino 1912','Calcio Foggia 1920',2,2),
  ('IT3C0038',1,'SS Monopoli 1966','Calcio Catania',3,0),
  ('IT3C0039',3,'SS Monopoli 1966','ACR Messina',2,1),
  ('IT3C0040',4,'SS Monopoli 1966','US Avellino 1912',0,0),
  ('IT3C0041',6,'SS Monopoli 1966','AZ Picerno',2,0),
  ('IT3C0042',8,'SS Monopoli 1966','SS Città di Campobasso',1,2),
  ('IT3C0043',10,'SS Monopoli 1966','SS Juve Stabia',1,0),
  ('IT3C0044',12,'SS Monopoli 1966','Monterosi Tuscia FC',2,0),
  ('IT3C0045',14,'SS Monopoli 1966','Taranto FC 1927',2,0),
  ('IT3C0046',16,'SS Monopoli 1966','Paganese Calcio 1926',1,0),
  ('IT3C0047',18,'SS Monopoli 1966','Latina Calcio 1932',0,0),
  ('IT3C0048',1,'Palermo FC','Latina Calcio 1932',2,0),
  ('IT3C0049',4,'Palermo FC','US Catanzaro',0,0),
  ('IT3C0050',6,'Palermo FC','SS Città di Campobasso',3,1),
  ('IT3C0051',8,'Palermo FC','Calcio Foggia 1920',3,0),
  ('IT3C0052',10,'Palermo FC','Virtus Francavilla Calcio',1,0),
  ('IT3C0053',12,'Palermo FC','US Avellino 1912',1,1),
  ('IT3C0054',14,'Palermo FC','Potenza Calcio',2,0),
  ('IT3C0055',15,'Palermo FC','Paganese Calcio 1926',3,0),
  ('IT3C0056',17,'Palermo FC','SS Monopoli 1966',2,1),
  ('IT3C0057',19,'Palermo FC','SSC Bari',0,0),
  ('IT3C0058',2,'SS Turris Calcio','SS Monopoli 1966',1,2),
  ('IT3C0059',4,'SS Turris Calcio','AZ Picerno',0,1),
  ('IT3C0060',7,'SS Turris Calcio','Latina Calcio 1932',3,1),
  ('IT3C0061',9,'SS Turris Calcio','Palermo FC',3,0),
  ('IT3C0062',10,'SS Turris Calcio','SS Città di Campobasso',2,3),
  ('IT3C0063',12,'SS Turris Calcio','SS Juve Stabia',2,1),
  ('IT3C0064',14,'SS Turris Calcio','US Catanzaro',1,0),
  ('IT3C0065',16,'SS Turris Calcio','US Avellino 1912',1,2),
  ('IT3C0066',18,'SS Turris Calcio','ACR Messina',5,0),
  ('IT3C0067',2,'Latina Calcio 1932','Paganese Calcio 1926',2,0),
  ('IT3C0068',4,'Latina Calcio 1932','Calcio Foggia 1920',1,1),
  ('IT3C0069',6,'Latina Calcio 1932','SS Juve Stabia',0,1),
  ('IT3C0070',8,'Latina Calcio 1932','AZ Picerno',3,0),
  ('IT3C0071',10,'Latina Calcio 1932','US Catanzaro',0,2),
  ('IT3C0072',12,'Latina Calcio 1932','SSD Fidelis Andria',1,0),
  ('IT3C0073',14,'Latina Calcio 1932','SS Città di Campobasso',4,1),
  ('IT3C0074',15,'Latina Calcio 1932','ACR Messina',1,0),
  ('IT3C0075',17,'Latina Calcio 1932','Calcio Catania',1,0),
  ('IT3C0076',19,'Latina Calcio 1932','Monterosi Tuscia FC',3,3),
  ('IT3C0077',2,'Calcio Foggia 1920','Potenza Calcio',4,1),
  ('IT3C0078',3,'Calcio Foggia 1920','SS Turris Calcio',0,2),
  ('IT3C0079',5,'Calcio Foggia 1920','SS Juve Stabia',1,1),
  ('IT3C0080',7,'Calcio Foggia 1920','ACR Messina',3,1),
  ('IT3C0081',9,'Calcio Foggia 1920','SS Monopoli 1966',1,0),
  ('IT3C0082',11,'Calcio Foggia 1920','Taranto FC 1927',1,1),
  ('IT3C0083',13,'Calcio Foggia 1920','Paganese Calcio 1926',3,0),
  ('IT3C0084',16,'Calcio Foggia 1920','US Vibonese',5,2),
  ('IT3C0085',18,'Calcio Foggia 1920','Virtus Francavilla Calcio',1,0),
  ('IT3C0086',2,'AZ Picerno','US Catanzaro',0,0),
  ('IT3C0087',3,'AZ Picerno','SSC Bari',0,1),
  ('IT3C0088',5,'AZ Picerno','ACR Messina',2,1),
  ('IT3C0089',7,'AZ Picerno','Calcio Catania',0,1),
  ('IT3C0090',10,'AZ Picerno','Monterosi Tuscia FC',2,0),
  ('IT3C0091',12,'AZ Picerno','Calcio Foggia 1920',1,1),
  ('IT3C0092',14,'AZ Picerno','Virtus Francavilla Calcio',0,1),
  ('IT3C0093',16,'AZ Picerno','Palermo FC',1,0),
  ('IT3C0094',18,'AZ Picerno','Paganese Calcio 1926',5,3),
  ('IT3C0095',2,'SS Juve Stabia','US Avellino 1912',0,0),
  ('IT3C0096',4,'SS Juve Stabia','SS Città di Campobasso',0,0),
  ('IT3C0097',7,'SS Juve Stabia','Palermo FC',0,0),
  ('IT3C0098',9,'SS Juve Stabia','AZ Picerno',2,3),
  ('IT3C0099',11,'SS Juve Stabia','ACR Messina',1,0),
  ('IT3C0100',13,'SS Juve Stabia','SSC Bari',1,0),
  ('IT3C0101',14,'SS Juve Stabia','Monterosi Tuscia FC',1,1),
  ('IT3C0102',16,'SS Juve Stabia','Taranto FC 1927',3,2),
  ('IT3C0103',18,'SS Juve Stabia','Potenza Calcio',3,0),
  ('IT3C0104',1,'Monterosi Tuscia FC','Calcio Foggia 1920',0,0),
  ('IT3C0105',3,'Monterosi Tuscia FC','SS Città di Campobasso',2,3),
  ('IT3C0106',5,'Monterosi Tuscia FC','Palermo FC',1,1),
  ('IT3C0107',7,'Monterosi Tuscia FC','US Avellino 1912',2,1),
  ('IT3C0108',9,'Monterosi Tuscia FC','Paganese Calcio 1926',1,0),
  ('IT3C0109',11,'Monterosi Tuscia FC','Calcio Catania',1,4),
  ('IT3C0110',13,'Monterosi Tuscia FC','SS Turris Calcio',1,3),
  ('IT3C0111',16,'Monterosi Tuscia FC','US Catanzaro',1,1),
  ('IT3C0112',18,'Monterosi Tuscia FC','SSD Fidelis Andria',1,0),
  ('IT3C0113',1,'Taranto FC 1927','SS Turris Calcio',0,0),
  ('IT3C0114',3,'Taranto FC 1927','Palermo FC',3,1),
  ('IT3C0115',5,'Taranto FC 1927','Latina Calcio 1932',2,0),
  ('IT3C0116',6,'Taranto FC 1927','Monterosi Tuscia FC',0,0),
  ('IT3C0117',8,'Taranto FC 1927','US Vibonese',0,0),
  ('IT3C0118',10,'Taranto FC 1927','SSD Fidelis Andria',2,1),
  ('IT3C0119',12,'Taranto FC 1927','Potenza Calcio',2,1),
  ('IT3C0120',15,'Taranto FC 1927','Calcio Catania',3,2),
  ('IT3C0121',17,'Taranto FC 1927','ACR Messina',0,0),
  ('IT3C0122',19,'Taranto FC 1927','AZ Picerno',2,0),
  ('IT3C0123',2,'Calcio Catania','SSD Fidelis Andria',2,0),
  ('IT3C0124',4,'Calcio Catania','SSC Bari',1,2),
  ('IT3C0125',6,'Calcio Catania','SS Turris Calcio',3,4),
  ('IT3C0126',8,'Calcio Catania','SS Juve Stabia',3,2),
  ('IT3C0127',10,'Calcio Catania','US Avellino 1912',2,2),
  ('IT3C0128',12,'Calcio Catania','US Vibonese',1,0),
  ('IT3C0129',14,'Calcio Catania','Calcio Foggia 1920',1,2),
  ('IT3C0130',16,'Calcio Catania','Potenza Calcio',2,1),
  ('IT3C0131',18,'Calcio Catania','Palermo FC',2,0),
  ('IT3C0132',2,'SS Città di Campobasso','Taranto FC 1927',0,1),
  ('IT3C0133',5,'SS Città di Campobasso','SSD Fidelis Andria',1,3),
  ('IT3C0134',7,'SS Città di Campobasso','Paganese Calcio 1926',2,0),
  ('IT3C0135',9,'SS Città di Campobasso','SSC Bari',1,3),
  ('IT3C0136',11,'SS Città di Campobasso','AZ Picerno',1,1),
  ('IT3C0137',13,'SS Città di Campobasso','Calcio Catania',4,4),
  ('IT3C0138',15,'SS Città di Campobasso','Calcio Foggia 1920',1,1),
  ('IT3C0139',16,'SS Città di Campobasso','Virtus Francavilla Calcio',2,2),
  ('IT3C0140',18,'SS Città di Campobasso','US Catanzaro',1,2),
  ('IT3C0141',2,'ACR Messina','Palermo FC',1,1),
  ('IT3C0142',4,'ACR Messina','Virtus Francavilla Calcio',1,0),
  ('IT3C0143',6,'ACR Messina','SSC Bari',0,2),
  ('IT3C0144',8,'ACR Messina','Monterosi Tuscia FC',1,3),
  ('IT3C0145',10,'ACR Messina','US Vibonese',0,0),
  ('IT3C0146',12,'ACR Messina','SS Città di Campobasso',2,0),
  ('IT3C0147',14,'ACR Messina','US Avellino 1912',0,1),
  ('IT3C0148',16,'ACR Messina','SSD Fidelis Andria',2,3),
  ('IT3C0149',19,'ACR Messina','Calcio Catania',2,2),
  ('IT3C0150',1,'Paganese Calcio 1926','ACR Messina',4,4),
  ('IT3C0151',3,'Paganese Calcio 1926','Calcio Catania',1,0),
  ('IT3C0152',4,'Paganese Calcio 1926','Taranto FC 1927',2,1),
  ('IT3C0153',6,'Paganese Calcio 1926','US Vibonese',1,0),
  ('IT3C0154',8,'Paganese Calcio 1926','US Catanzaro',0,2),
  ('IT3C0155',10,'Paganese Calcio 1926','Potenza Calcio',2,0),
  ('IT3C0156',12,'Paganese Calcio 1926','Virtus Francavilla Calcio',2,1),
  ('IT3C0157',14,'Paganese Calcio 1926','SSD Fidelis Andria',0,1),
  ('IT3C0158',17,'Paganese Calcio 1926','SS Juve Stabia',3,1),
  ('IT3C0159',19,'Paganese Calcio 1926','SS Turris Calcio',1,1),
  ('IT3C0160',1,'Potenza Calcio','SSC Bari',1,1),
  ('IT3C0161',4,'Potenza Calcio','Monterosi Tuscia FC',1,1),
  ('IT3C0162',6,'Potenza Calcio','Virtus Francavilla Calcio',0,1),
  ('IT3C0163',8,'Potenza Calcio','SSD Fidelis Andria',2,0),
  ('IT3C0164',9,'Potenza Calcio','ACR Messina',2,3),
  ('IT3C0165',11,'Potenza Calcio','Latina Calcio 1932',2,1),
  ('IT3C0166',13,'Potenza Calcio','AZ Picerno',2,0),
  ('IT3C0167',15,'Potenza Calcio','SS Monopoli 1966',0,0),
  ('IT3C0168',17,'Potenza Calcio','SS Turris Calcio',0,0),
  ('IT3C0169',19,'Potenza Calcio','SS Città di Campobasso',0,1),
  ('IT3C0170',1,'SSD Fidelis Andria','SS Juve Stabia',1,1),
  ('IT3C0171',3,'SSD Fidelis Andria','Virtus Francavilla Calcio',0,1),
  ('IT3C0172',4,'SSD Fidelis Andria','US Vibonese',1,1),
  ('IT3C0173',6,'SSD Fidelis Andria','Calcio Foggia 1920',0,3),
  ('IT3C0174',9,'SSD Fidelis Andria','US Avellino 1912',1,1),
  ('IT3C0175',11,'SSD Fidelis Andria','SS Turris Calcio',1,0),
  ('IT3C0176',13,'SSD Fidelis Andria','Palermo FC',0,2),
  ('IT3C0177',15,'SSD Fidelis Andria','SSC Bari',0,3),
  ('IT3C0178',17,'SSD Fidelis Andria','AZ Picerno',2,3),
  ('IT3C0179',19,'SSD Fidelis Andria','SS Monopoli 1966',1,2),
  ('IT3C0180',1,'US Vibonese','AZ Picerno',0,0),
  ('IT3C0181',3,'US Vibonese','SS Juve Stabia',1,3),
  ('IT3C0182',5,'US Vibonese','SS Turris Calcio',1,4),
  ('IT3C0183',7,'US Vibonese','Potenza Calcio',1,1),
  ('IT3C0184',9,'US Vibonese','Latina Calcio 1932',2,0),
  ('IT3C0185',11,'US Vibonese','Palermo FC',1,3),
  ('IT3C0186',13,'US Vibonese','SS Monopoli 1966',1,1),
  ('IT3C0187',15,'US Vibonese','Monterosi Tuscia FC',0,0),
  ('IT3C0188',17,'US Vibonese','SS Città di Campobasso',2,0),
  ('IT3C0189',18,'US Vibonese','US Avellino 1912',0,1);

insert into Gol values
  ('IT3C0000',42,'003159',false),
  ('IT3C0000',53,'521407',false),
  ('IT3C0000',57,'083458',false),
  ('IT3C0000',82,'274760',false),
  ('IT3C0001',2,'088542',false),
  ('IT3C0001',75,'199604',false),
  ('IT3C0002',79,'032107',false),
  ('IT3C0003',8,'061520',false),
  ('IT3C0003',21,'521407',false),
  ('IT3C0003',37,'204480',false),
  ('IT3C0003',46,'160302',false),
  ('IT3C0003',57,'032107',false),
  ('IT3C0003',82,'061770',false),
  ('IT3C0004',43,'167470',false),
  ('IT3C0004',70,'176023',false),
  ('IT3C0005',19,'083458',false),
  ('IT3C0005',41,'285754',false),
  ('IT3C0005',47,'274760',false),
  ('IT3C0006',29,'088542',false),
  ('IT3C0006',94,'083458',false),
  ('IT3C0007',32,'083458',false),
  ('IT3C0007',49,'315568',false),
  ('IT3C0007',55,'035853',false),
  ('IT3C0008',13,'139307',false),
  ('IT3C0008',42,'088542',false),
  ('IT3C0008',60,'083458',false),
  ('IT3C0008',73,'073381',false),
  ('IT3C0009',10,'288799',false),
  ('IT3C0009',53,'101345',false),
  ('IT3C0009',61,'288799',false),
  ('IT3C0009',79,'258827',false),
  ('IT3C0010',75,'395527',false),
  ('IT3C0010',87,'285754',false),
  ('IT3C0011',10,'278309',false),
  ('IT3C0011',20,'043206',false),
  ('IT3C0012',3,'142990',false),
  ('IT3C0012',41,'113050',false),
  ('IT3C0012',43,'084751',false),
  ('IT3C0012',92,'167826',false),
  ('IT3C0013',34,'285754',false),
  ('IT3C0013',36,'258827',false),
  ('IT3C0013',81,'288799',false),
  ('IT3C0014',16,'417772',false),
  ('IT3C0014',46,'417772',false),
  ('IT3C0014',76,'043206',false),
  ('IT3C0015',27,'043206',false),
  ('IT3C0015',54,'258827',false),
  ('IT3C0016',85,'093292',false),
  ('IT3C0016',89,'550660',false),
  ('IT3C0017',45,'288799',false),
  ('IT3C0017',71,'238992',true),
  ('IT3C0018',85,'084751',true),
  ('IT3C0018',87,'043206',false),
  ('IT3C0019',20,'401802',false),
  ('IT3C0020',23,'101345',false),
  ('IT3C0020',60,'288061',false),
  ('IT3C0020',71,'101345',false),
  ('IT3C0020',87,'459961',false),
  ('IT3C0022',11,'448473',false),
  ('IT3C0022',28,'600936',false),
  ('IT3C0023',8,'459649',false),
  ('IT3C0023',27,'397115',false),
  ('IT3C0023',71,'401802',false),
  ('IT3C0024',17,'567444',false),
  ('IT3C0024',26,'101345',false),
  ('IT3C0024',58,'459649',false),
  ('IT3C0025',49,'101345',false),
  ('IT3C0025',61,'164220',false),
  ('IT3C0025',82,'411312',false),
  ('IT3C0026',52,'098854',false),
  ('IT3C0027',9,'386577',false),
  ('IT3C0027',21,'098854',false),
  ('IT3C0027',84,'386577',false),
  ('IT3C0028',70,'460007',false),
  ('IT3C0029',6,'385394',false),
  ('IT3C0029',36,'355787',false),
  ('IT3C0030',41,'398576',false),
  ('IT3C0033',58,'165722',false),
  ('IT3C0033',70,'331432',false),
  ('IT3C0034',30,'199747',false),
  ('IT3C0034',77,'052135',false),
  ('IT3C0034',81,'134331',false),
  ('IT3C0035',10,'525492',false),
  ('IT3C0035',49,'052135',false),
  ('IT3C0036',33,'083458',false),
  ('IT3C0036',82,'201734',false),
  ('IT3C0037',52,'052135',false),
  ('IT3C0037',63,'287498',false),
  ('IT3C0037',81,'052135',false),
  ('IT3C0037',94,'176023',false),
  ('IT3C0038',5,'288061',false),
  ('IT3C0038',14,'288061',false),
  ('IT3C0038',77,'331472',false),
  ('IT3C0039',17,'364206',false),
  ('IT3C0039',26,'288061',false),
  ('IT3C0039',67,'138295',false),
  ('IT3C0041',21,'137110',false),
  ('IT3C0041',86,'208077',false),
  ('IT3C0042',5,'527180',false),
  ('IT3C0042',38,'288061',false),
  ('IT3C0042',52,'507351',true),
  ('IT3C0043',30,'208077',false),
  ('IT3C0044',37,'138295',false),
  ('IT3C0044',41,'288061',false),
  ('IT3C0045',23,'138295',false),
  ('IT3C0045',50,'138295',false),
  ('IT3C0046',86,'208077',false),
  ('IT3C0048',33,'198929',false),
  ('IT3C0048',94,'321065',false),
  ('IT3C0050',4,'536451',false),
  ('IT3C0050',5,'383876',false),
  ('IT3C0050',54,'287337',false),
  ('IT3C0050',81,'188889',false),
  ('IT3C0051',4,'198929',false),
  ('IT3C0051',20,'188889',false),
  ('IT3C0051',86,'321065',false),
  ('IT3C0052',58,'188889',false),
  ('IT3C0053',14,'197898',false),
  ('IT3C0053',77,'331432',false),
  ('IT3C0054',51,'199896',false),
  ('IT3C0054',94,'536451',false),
  ('IT3C0055',38,'199896',false),
  ('IT3C0055',80,'321065',false),
  ('IT3C0055',83,'188889',false),
  ('IT3C0056',24,'383876',false),
  ('IT3C0056',26,'138295',false),
  ('IT3C0056',88,'188889',false),
  ('IT3C0058',2,'288061',false),
  ('IT3C0058',7,'417772',false),
  ('IT3C0058',67,'356144',false),
  ('IT3C0059',89,'394851',false),
  ('IT3C0060',24,'061520',false),
  ('IT3C0060',33,'356144',false),
  ('IT3C0060',54,'200177',false),
  ('IT3C0060',60,'204480',false),
  ('IT3C0061',37,'164220',false),
  ('IT3C0061',45,'204480',false),
  ('IT3C0061',91,'411312',false),
  ('IT3C0062',6,'061520',false),
  ('IT3C0062',15,'460007',false),
  ('IT3C0062',51,'484703',false),
  ('IT3C0062',54,'811397',false),
  ('IT3C0062',75,'239105',false),
  ('IT3C0063',51,'061520',false),
  ('IT3C0063',58,'061520',false),
  ('IT3C0063',67,'062238',false),
  ('IT3C0064',76,'061520',false),
  ('IT3C0065',19,'356144',false),
  ('IT3C0065',30,'165722',false),
  ('IT3C0066',16,'164220',false),
  ('IT3C0066',29,'164220',false),
  ('IT3C0066',57,'164220',false),
  ('IT3C0066',78,'061520',false),
  ('IT3C0066',80,'239105',false),
  ('IT3C0067',15,'355787',false),
  ('IT3C0067',58,'355787',false),
  ('IT3C0068',29,'176023',false),
  ('IT3C0068',86,'393605',false),
  ('IT3C0069',42,'005852',false),
  ('IT3C0070',34,'729937',false),
  ('IT3C0070',89,'459644',false),
  ('IT3C0071',15,'288799',false),
  ('IT3C0071',55,'142990',false),
  ('IT3C0073',20,'355787',false),
  ('IT3C0073',45,'459644',false),
  ('IT3C0073',67,'459644',false),
  ('IT3C0073',68,'355787',false),
  ('IT3C0073',92,'287337',false),
  ('IT3C0074',31,'355787',false),
  ('IT3C0075',28,'459644',false),
  ('IT3C0076',7,'196646',true),
  ('IT3C0076',42,'567444',false),
  ('IT3C0076',51,'392924',false),
  ('IT3C0076',59,'196646',false),
  ('IT3C0076',75,'392924',false),
  ('IT3C0077',4,'176023',false),
  ('IT3C0077',53,'127228',false),
  ('IT3C0077',69,'199921',false),
  ('IT3C0077',72,'318833',false),
  ('IT3C0077',75,'138816',false),
  ('IT3C0078',42,'356144',false),
  ('IT3C0078',61,'164220',false),
  ('IT3C0080',37,'309746',false),
  ('IT3C0080',85,'318833',false),
  ('IT3C0080',94,'257118',false),
  ('IT3C0081',32,'176023',false),
  ('IT3C0082',17,'429304',false),
  ('IT3C0082',67,'199921',false),
  ('IT3C0083',34,'176023',false),
  ('IT3C0083',43,'138816',false),
  ('IT3C0083',61,'138816',false),
  ('IT3C0084',22,'433089',false),
  ('IT3C0084',39,'176023',false),
  ('IT3C0084',44,'138816',false),
  ('IT3C0084',46,'390116',false),
  ('IT3C0084',58,'409592',false),
  ('IT3C0084',81,'138816',false),
  ('IT3C0085',41,'176023',false),
  ('IT3C0087',67,'274760',false),
  ('IT3C0088',16,'364206',false),
  ('IT3C0088',26,'085537',false),
  ('IT3C0089',80,'600936',false),
  ('IT3C0090',63,'199752',false),
  ('IT3C0090',70,'130383',false),
  ('IT3C0091',43,'130383',false),
  ('IT3C0091',56,'287498',false),
  ('IT3C0092',65,'397115',false),
  ('IT3C0094',22,'537360',false),
  ('IT3C0094',25,'044368',false),
  ('IT3C0094',44,'199604',false),
  ('IT3C0094',45,'375320',true),
  ('IT3C0094',52,'044368',false),
  ('IT3C0094',77,'044514',false),
  ('IT3C0098',32,'199752',false),
  ('IT3C0098',35,'062238',false),
  ('IT3C0098',57,'044368',false),
  ('IT3C0098',64,'283319',true),
  ('IT3C0099',61,'391899',false),
  ('IT3C0100',46,'062238',false),
  ('IT3C0101',12,'385379',false),
  ('IT3C0101',28,'244927',false),
  ('IT3C0102',12,'244927',false),
  ('IT3C0102',33,'391899',false),
  ('IT3C0102',49,'073381',false),
  ('IT3C0102',50,'391899',false),
  ('IT3C0102',87,'073381',false),
  ('IT3C0103',35,'244927',false),
  ('IT3C0103',76,'391899',false),
  ('IT3C0103',85,'391899',false),
  ('IT3C0105',3,'287337',false),
  ('IT3C0105',10,'287337',false),
  ('IT3C0105',14,'088171',false),
  ('IT3C0105',41,'402915',false),
  ('IT3C0106',22,'188889',false),
  ('IT3C0106',50,'535742',false),
  ('IT3C0107',12,'411666',false),
  ('IT3C0107',86,'402915',false),
  ('IT3C0108',39,'402915',false),
  ('IT3C0109',26,'600936',false),
  ('IT3C0109',48,'278309',false),
  ('IT3C0109',79,'498557',false),
  ('IT3C0109',84,'600936',false),
  ('IT3C0110',19,'164220',false),
  ('IT3C0110',53,'061520',false),
  ('IT3C0110',72,'204480',false),
  ('IT3C0110',82,'537455',false),
  ('IT3C0111',2,'385379',false),
  ('IT3C0111',29,'043206',false),
  ('IT3C0112',58,'385379',false),
  ('IT3C0114',11,'429304',false),
  ('IT3C0114',57,'396366',false),
  ('IT3C0114',90,'697391',false),
  ('IT3C0115',61,'063559',false),
  ('IT3C0115',68,'073381',false),
  ('IT3C0118',68,'429304',false),
  ('IT3C0118',73,'456654',false),
  ('IT3C0119',28,'073381',false),
  ('IT3C0119',61,'461774',false),
  ('IT3C0119',96,'254997',false),
  ('IT3C0120',14,'073381',false),
  ('IT3C0120',57,'134331',false),
  ('IT3C0120',61,'425781',false),
  ('IT3C0120',71,'600936',false),
  ('IT3C0122',16,'429304',false),
  ('IT3C0122',56,'134885',false),
  ('IT3C0123',8,'425781',false),
  ('IT3C0123',46,'425781',false),
  ('IT3C0124',53,'061770',false),
  ('IT3C0124',71,'600936',false),
  ('IT3C0124',94,'274760',false),
  ('IT3C0125',7,'600936',false),
  ('IT3C0125',8,'061520',false),
  ('IT3C0125',46,'204480',false),
  ('IT3C0125',53,'164220',false),
  ('IT3C0125',57,'600936',false),
  ('IT3C0125',65,'410372',false),
  ('IT3C0125',82,'499678',false),
  ('IT3C0126',7,'600936',false),
  ('IT3C0126',15,'278309',false),
  ('IT3C0126',25,'062238',false),
  ('IT3C0126',29,'062238',false),
  ('IT3C0126',64,'600936',false),
  ('IT3C0127',7,'600936',false),
  ('IT3C0127',44,'348520',false),
  ('IT3C0127',87,'163195',false),
  ('IT3C0128',5,'278309',false),
  ('IT3C0129',16,'278309',false),
  ('IT3C0129',66,'337156',false),
  ('IT3C0129',94,'176023',false),
  ('IT3C0130',48,'600936',false),
  ('IT3C0130',59,'600936',false),
  ('IT3C0130',72,'127228',false),
  ('IT3C0131',24,'600936',false),
  ('IT3C0131',85,'600936',false),
  ('IT3C0132',57,'073381',false),
  ('IT3C0133',55,'144109',false),
  ('IT3C0133',64,'527180',false),
  ('IT3C0133',67,'127264',false),
  ('IT3C0133',93,'525526',false),
  ('IT3C0134',15,'460007',false),
  ('IT3C0134',47,'287337',false),
  ('IT3C0135',4,'061770',false),
  ('IT3C0135',42,'287337',false),
  ('IT3C0135',55,'083458',false),
  ('IT3C0135',77,'521407',false),
  ('IT3C0136',16,'283319',true),
  ('IT3C0136',59,'044368',false),
  ('IT3C0137',6,'062750',false),
  ('IT3C0137',19,'440718',false),
  ('IT3C0137',21,'287337',false),
  ('IT3C0137',33,'428977',false),
  ('IT3C0137',38,'600936',false),
  ('IT3C0137',68,'600936',false),
  ('IT3C0137',73,'600936',false),
  ('IT3C0137',87,'527180',false),
  ('IT3C0138',23,'176023',false),
  ('IT3C0138',47,'484703',false),
  ('IT3C0139',7,'407478',false),
  ('IT3C0139',28,'101345',false),
  ('IT3C0139',36,'397115',false),
  ('IT3C0139',63,'527180',false),
  ('IT3C0140',33,'093292',false),
  ('IT3C0140',45,'258827',false),
  ('IT3C0140',86,'440718',false),
  ('IT3C0141',47,'398061',false),
  ('IT3C0141',65,'321065',false),
  ('IT3C0143',8,'088542',false),
  ('IT3C0143',76,'035853',false),
  ('IT3C0144',32,'402915',false),
  ('IT3C0144',42,'364206',false),
  ('IT3C0144',75,'196646',false),
  ('IT3C0146',36,'364206',false),
  ('IT3C0147',32,'201734',false),
  ('IT3C0148',2,'929799',false),
  ('IT3C0148',13,'144109',false),
  ('IT3C0148',25,'127264',false),
  ('IT3C0148',70,'364206',false),
  ('IT3C0149',19,'639640',false),
  ('IT3C0149',74,'016043',false),
  ('IT3C0149',78,'547827',false),
  ('IT3C0149',80,'425781',false),
  ('IT3C0150',11,'393652',false),
  ('IT3C0150',26,'085261',false),
  ('IT3C0150',43,'398061',false),
  ('IT3C0150',50,'285776',false),
  ('IT3C0150',63,'285796',false),
  ('IT3C0150',66,'104995',false),
  ('IT3C0150',89,'044514',false),
  ('IT3C0150',95,'085261',false),
  ('IT3C0151',69,'198976',false),
  ('IT3C0152',45,'199604',false),
  ('IT3C0152',54,'429304',false),
  ('IT3C0152',95,'044514',false),
  ('IT3C0153',89,'085261',false),
  ('IT3C0154',26,'043206',false),
  ('IT3C0154',54,'249068',false),
  ('IT3C0155',15,'104995',false),
  ('IT3C0155',94,'044514',false),
  ('IT3C0156',14,'537360',false),
  ('IT3C0156',42,'537360',false),
  ('IT3C0156',58,'538215',false),
  ('IT3C0157',49,'393660',false),
  ('IT3C0158',31,'672535',false),
  ('IT3C0158',35,'244927',false),
  ('IT3C0158',45,'537360',false),
  ('IT3C0158',81,'199604',false),
  ('IT3C0159',64,'035871',false),
  ('IT3C0159',73,'204480',false),
  ('IT3C0160',41,'032107',false),
  ('IT3C0160',52,'254997',false),
  ('IT3C0161',87,'196646',false),
  ('IT3C0161',90,'396488',false),
  ('IT3C0162',24,'401802',false),
  ('IT3C0163',60,'132460',false),
  ('IT3C0163',75,'396488',false),
  ('IT3C0164',33,'132460',false),
  ('IT3C0164',36,'287344',false),
  ('IT3C0164',59,'364206',false),
  ('IT3C0164',83,'461481',false),
  ('IT3C0165',48,'127230',false),
  ('IT3C0165',84,'333003',false),
  ('IT3C0166',15,'162955',false),
  ('IT3C0166',90,'824121',false),
  ('IT3C0169',44,'428977',false),
  ('IT3C0170',1,'057640',false),
  ('IT3C0170',28,'244927',false),
  ('IT3C0171',92,'287737',false),
  ('IT3C0172',89,'311334',false),
  ('IT3C0173',31,'138816',false),
  ('IT3C0173',62,'176023',false),
  ('IT3C0173',65,'357998',false),
  ('IT3C0174',62,'199735',false),
  ('IT3C0174',65,'113050',false),
  ('IT3C0176',27,'188889',false),
  ('IT3C0177',20,'083458',false),
  ('IT3C0177',38,'035853',false),
  ('IT3C0177',72,'083458',false),
  ('IT3C0178',42,'160542',false),
  ('IT3C0178',46,'057640',false),
  ('IT3C0178',77,'396955',false),
  ('IT3C0178',95,'130383',false),
  ('IT3C0179',32,'127264',false),
  ('IT3C0179',47,'288061',false),
  ('IT3C0179',49,'156207',false),
  ('IT3C0181',51,'244927',false),
  ('IT3C0181',65,'455843',false),
  ('IT3C0181',90,'005852',false),
  ('IT3C0182',14,'061520',false),
  ('IT3C0182',20,'204480',false),
  ('IT3C0182',92,'426084',false),
  ('IT3C0183',83,'127230',false),
  ('IT3C0184',35,'409592',false),
  ('IT3C0184',97,'397860',false),
  ('IT3C0185',13,'409592',false),
  ('IT3C0185',50,'199896',false),
  ('IT3C0185',60,'199896',false),
  ('IT3C0185',85,'321065',false),
  ('IT3C0186',8,'288061',false),
  ('IT3C0186',25,'311334',false),
  ('IT3C0188',88,'450553',false),
  ('IT3C0188',94,'390157',false),
  ('IT3C0189',35,'398576',false);
