/* File created by scraping https://www.transfermarkt.com using Antonio Cardin's program */

insert into Squadre values
  ('Ternana Calcio','Terni','Lucarelli'),
  ('SSC Bari','Bari','Auteri'),
  ('Calcio Catania','Catania','Baldini'),
  ('US Catanzaro','Catanzaro','Calabro'),
  ('SS Juve Stabia','Castellammare di Stabia','Padalino'),
  ('Palermo FC','Palermo','Boscaglia'),
  ('SS Monopoli 1966','Monopoli','Scienza'),
  ('US Avellino 1912','Avellino','Braglia'),
  ('Potenza Calcio','Potenza','Somma'),
  ('SS Teramo Calcio','Teramo','Paci'),
  ('US Viterbese 1908','Viterbo','Taurino'),
  ('Virtus Francavilla Calcio','Francavilla Fontana (BR)','Colombo'),
  ('Cavese 1919','Cava de'' Tirreni','Modica'),
  ('US Vibonese','Vibo Valentia','Galfano'),
  ('Casertana FC','Caserta','Guidi'),
  ('Calcio Foggia 1920','Foggia','Marchionni'),
  ('Paganese Calcio 1926','Pagani','Di Napoli'),
  ('SS Turris Calcio','Torre del Greco','Fabiano'),
  ('AS Bisceglie 1913','Bisceglie','Bucaro');

insert into Giocatori values
  ('073929','Ternana Calcio',1,'Antony','Iannarilli','18-dec-1990','Portiere'),
  ('102626','Ternana Calcio',32,'Angelo','Casadei','8-jan-1988','Portiere'),
  ('393150','Ternana Calcio',22,'Tommaso','Vitali','26-aug-1999','Portiere'),
  ('656703','Ternana Calcio',null,'Emilio','Marinaro','25-mar-2002','Portiere'),
  ('402580','Ternana Calcio',6,'Ivan','Kontek','29-jan-1997','Difensore'),
  ('149810','Ternana Calcio',18,'Matija','Boben','26-feb-1994','Difensore'),
  ('163600','Ternana Calcio',15,'Emanuele','Suagher','26-nov-1992','Difensore'),
  ('240812','Ternana Calcio',14,'Michele','Russo','31-aug-1986','Difensore'),
  ('041749','Ternana Calcio',29,'Modibo','Diakité','2-mar-1987','Difensore'),
  ('617650','Ternana Calcio',16,'Ndir','Mame Ass','24-jan-2001','Difensore'),
  ('084468','Ternana Calcio',27,'Dario','Bergamelli','26-apr-1987','Difensore'),
  ('330560','Ternana Calcio',2,'Alessandro','Celli','28-jan-1994','Difensore'),
  ('165885','Ternana Calcio',31,'Paolo','Frascatore','4-jan-1992','Difensore'),
  ('038595','Ternana Calcio',3,'Carlo','Mammarella','29-jun-1982','Difensore'),
  ('124155','Ternana Calcio',26,'Lorenzo','Laverone','19-apr-1989','Difensore'),
  ('127799','Ternana Calcio',20,'Fabrizio','Paghera','12-dec-1991','Centrocampista'),
  ('198137','Ternana Calcio',8,'Mattia','Proietti','27-feb-1992','Centrocampista'),
  ('287863','Ternana Calcio',30,'Antonio','Palumbo','6-aug-1996','Centrocampista'),
  ('195199','Ternana Calcio',28,'Aniello','Salzano','20-jul-1991','Centrocampista'),
  ('287690','Ternana Calcio',5,'Filippo','Damian','21-apr-1996','Centrocampista'),
  ('373378','Ternana Calcio',null,'Giuseppe','Argento','2-feb-1999','Centrocampista'),
  ('038589','Ternana Calcio',25,'Marino','Defendi','19-aug-1985','Centrocampista'),
  ('218306','Ternana Calcio',17,'César','Falletti','2-dec-1992','Centrocampista'),
  ('685273','Ternana Calcio',19,'Gabriele','Onesti','7-jun-2002','Attaccante'),
  ('182517','Ternana Calcio',21,'Anthony','Partipilo','27-oct-1994','Attaccante'),
  ('088688','Ternana Calcio',7,'Federico','Furlan','25-nov-1990','Attaccante'),
  ('256659','Ternana Calcio',24,'Diego','Peralta','27-sep-1996','Attaccante'),
  ('056764','Ternana Calcio',11,'Giuseppe','Torromino','21-jun-1988','Attaccante'),
  ('240789','Ternana Calcio',23,'Filip','Raicevic','2-jul-1993','Attaccante'),
  ('022155','Ternana Calcio',10,'Daniele','Vantaggiato','10-oct-1984','Attaccante'),
  ('061786','Ternana Calcio',null,'Guido','Marilungo','9-aug-1989','Attaccante'),
  ('176023','Ternana Calcio',9,'Alexis','Ferrante','27-jun-1995','Attaccante'),
  ('562023','Ternana Calcio',13,'Gioacchino','Niosi','17-dec-2001','Attaccante'),
  ('043217','SSC Bari',1,'Pierluigi','Frattali','1-dec-1985','Portiere'),
  ('417414','SSC Bari',22,'Davide','Marfella','15-sep-1999','Portiere'),
  ('694951','SSC Bari',null,'Luca','Liso','1-jan-2002','Portiere'),
  ('045966','SSC Bari',33,'Gianmarco','Fiory','26-jun-1990','Portiere'),
  ('287472','SSC Bari',17,'Alessio','Sabbione','12-dec-1991','Difensore'),
  ('200167','SSC Bari',21,'Daniele','Celiento','6-aug-1994','Difensore'),
  ('171696','SSC Bari',3,'Marco','Perrotta','14-feb-1994','Difensore'),
  ('431470','SSC Bari',23,'Alessandro','Minelli','23-jul-1999','Difensore'),
  ('392334','SSC Bari',null,'Giuseppe','Esposito','16-apr-1999','Difensore'),
  ('003159','SSC Bari',6,'Valerio','Di Cesare','23-may-1983','Difensore'),
  ('864976','SSC Bari',null,'Alessandro','Pinto','17-may-2002','Difensore'),
  ('331199','SSC Bari',null,'Tommaso','D''Orazio','3-may-1990','Difensore'),
  ('287344','SSC Bari',15,'Daniele','Sarzi Puttini','8-jun-1996','Difensore'),
  ('864951','SSC Bari',null,'Christian','Colaci','8-jan-2003','Difensore'),
  ('213952','SSC Bari',null,'Filippo','Berra','6-feb-1995','Difensore'),
  ('119355','SSC Bari',13,'Matteo','Ciofani','26-feb-1988','Difensore'),
  ('273126','SSC Bari',27,'Cristian','Andreoni','30-may-1992','Difensore'),
  ('085894','SSC Bari',29,'Daniel','Semenzato','11-jan-1987','Difensore'),
  ('339892','SSC Bari',null,'Francesco','Corsinelli','21-nov-1997','Difensore'),
  ('877620','SSC Bari',null,'Moussa','Manè','19-nov-2003','Difensore'),
  ('056693','SSC Bari',5,'Raffaele','Bianco','25-aug-1987','Centrocampista'),
  ('240807','SSC Bari',null,'Zaccaria','Hamlili','27-apr-1991','Centrocampista'),
  ('167470','SSC Bari',4,'Mattia','Maita','29-jul-1994','Centrocampista'),
  ('158463','SSC Bari',25,'Lorenzo','Lollo','8-dec-1990','Centrocampista'),
  ('159466','SSC Bari',19,'Carlo','De Risio','3-jun-1991','Centrocampista'),
  ('032107','SSC Bari',null,'Manuel','Scavone','3-jun-1987','Centrocampista'),
  ('676631','SSC Bari',null,'Giuseppe','Polichetti','1-jan-2002','Centrocampista'),
  ('864961','SSC Bari',null,'Giuseppe','Dargenio','2-jan-2003','Centrocampista'),
  ('249068','SSC Bari',9,'Gabriele','Rolando','2-apr-1995','Centrocampista'),
  ('864955','SSC Bari',null,'Gianluca','Daugenti','15-oct-2002','Attaccante'),
  ('341498','SSC Bari',11,'Eugenio','D''Ursi','7-may-1995','Attaccante'),
  ('676632','SSC Bari',null,'Gianluca','Stasi','15-jan-2002','Attaccante'),
  ('864956','SSC Bari',null,'Josè','Rutigliano','27-mar-2003','Attaccante'),
  ('198128','SSC Bari',10,'Manuel','Marras','9-jul-1993','Attaccante'),
  ('542574','SSC Bari',null,'Maurizio','Pinto','7-jul-2001','Attaccante'),
  ('864947','SSC Bari',null,'Giovanni','Mercurio','11-aug-2003','Attaccante'),
  ('083458','SSC Bari',7,'Mirco','Antenucci','8-sep-1984','Attaccante'),
  ('084763','SSC Bari',null,'Adriano','Montalto','6-apr-1988','Attaccante'),
  ('342341','SSC Bari',18,'Leonardo','Candellone','15-sep-1997','Attaccante'),
  ('285754','SSC Bari',8,'Pietro','Cianci','2-feb-1996','Attaccante'),
  ('094943','SSC Bari',20,'Nicola','Citro','27-may-1989','Attaccante'),
  ('274760','SSC Bari',null,'Simone','Simeri','12-apr-1993','Attaccante'),
  ('163652','Calcio Catania',null,'Jacopo','Furlan','22-feb-1993','Portiere'),
  ('393797','Calcio Catania',32,'Alessandro','Confente','7-jun-1998','Portiere'),
  ('446457','Calcio Catania',22,'Miguel Ángel','Martínez','16-feb-1995','Portiere'),
  ('130388','Calcio Catania',1,'Antonio','Santurro','29-feb-1992','Portiere'),
  ('748318','Calcio Catania',null,'Salvatore','Della Valle','19-feb-2003','Portiere'),
  ('882775','Calcio Catania',null,'Francesco','Borriello','25-jul-2005','Portiere'),
  ('036753','Calcio Catania',5,'Tommaso','Silvestri','26-oct-1991','Difensore'),
  ('060732','Calcio Catania',18,'Denis','Tonucci','6-sep-1988','Difensore'),
  ('139169','Calcio Catania',3,'Claiton','null','7-sep-1984','Difensore'),
  ('022112','Calcio Catania',4,'Antonio','Giosa','21-aug-1983','Difensore'),
  ('817127','Calcio Catania',null,'Angelo','Panarello','3-sep-2003','Difensore'),
  ('397797','Calcio Catania',20,'Giovanni','Pinto','19-sep-1991','Difensore'),
  ('224990','Calcio Catania',29,'Andrea','Zanchi','29-aug-1991','Difensore'),
  ('817056','Calcio Catania',null,'Antonio','Panebianco','1-jan-2001','Difensore'),
  ('168189','Calcio Catania',26,'Luca','Calapai','20-may-1993','Difensore'),
  ('016043','Calcio Catania',16,'Alessandro','Albertini','25-apr-1994','Difensore'),
  ('133400','Calcio Catania',17,'Simone','Sales','31-jan-1988','Difensore'),
  ('142141','Calcio Catania',null,'Eros','Pellegrini','26-aug-1990','Difensore'),
  ('524406','Calcio Catania',null,'Mario','Noce','20-oct-1999','Difensore'),
  ('817128','Calcio Catania',null,'Lorenzo','Lo Duca','4-oct-2003','Difensore'),
  ('355482','Calcio Catania',15,'Luis','Maldonado','15-may-1996','Centrocampista'),
  ('102471','Calcio Catania',null,'Vicente','null','18-feb-1989','Centrocampista'),
  ('168346','Calcio Catania',6,'Nana','Welbeck','24-nov-1994','Centrocampista'),
  ('167443','Calcio Catania',23,'Jacopo','Dall''Oglio','2-apr-1992','Centrocampista'),
  ('062750','Calcio Catania',8,'Giacomo','Rosaia','26-mar-1993','Centrocampista'),
  ('030853','Calcio Catania',13,'Mariano','Izco','13-mar-1983','Centrocampista'),
  ('499678','Calcio Catania',null,'Kevin','Biondi','10-feb-1999','Centrocampista'),
  ('748312','Calcio Catania',null,'Giuseppe','Giuffrida','28-dec-2002','Centrocampista'),
  ('020590','Calcio Catania',7,'Andrea','Russotto','25-may-1988','Centrocampista'),
  ('741906','Calcio Catania',null,'Luigi','Rossitto','27-dec-2001','Centrocampista'),
  ('485083','Calcio Catania',19,'Kalifa','Manneh','2-sep-1998','Attaccante'),
  ('409592','Calcio Catania',28,'Francesco','Golfo','5-sep-1994','Attaccante'),
  ('041986','Calcio Catania',14,'Antonio','Piccolo','7-apr-1988','Attaccante'),
  ('440718','Calcio Catania',null,'Michele','Emmausso','4-aug-1997','Attaccante'),
  ('559648','Calcio Catania',null,'Enrico','Piovanello','20-apr-2000','Attaccante'),
  ('678645','Calcio Catania',null,'Alessandro','Arena','3-aug-2000','Attaccante'),
  ('707090','Calcio Catania',null,'Gian Marco','Distefano','1-dec-2000','Attaccante'),
  ('511878','Calcio Catania',11,'Agapios','Vrikkis','3-may-2001','Attaccante'),
  ('023365','Calcio Catania',10,'Reginaldo','null','31-jul-1983','Attaccante'),
  ('199713','Calcio Catania',null,'Alessandro','Gatto','2-feb-1994','Attaccante'),
  ('278580','Calcio Catania',9,'Manuel','Sarao','11-oct-1989','Attaccante'),
  ('340657','Calcio Catania',30,'Michele','Volpe','16-sep-1997','Attaccante'),
  ('144109','Calcio Catania',33,'Matteo','Di Piazza','15-may-1988','Attaccante'),
  ('084741','Calcio Catania',null,'Davis','Curiale','30-dec-1987','Attaccante'),
  ('658729','Calcio Catania',null,'Emanuele','Pecorino','15-jul-2001','Attaccante'),
  ('070580','US Catanzaro',33,'Raffaele','Di Gennaro','3-oct-1993','Portiere'),
  ('119086','US Catanzaro',22,'Paolo','Branduani','9-mar-1989','Portiere'),
  ('426029','US Catanzaro',1,'Rocco','Mittica','26-jan-1998','Portiere'),
  ('817113','US Catanzaro',12,'Serafino','Iannì','18-aug-2002','Portiere'),
  ('084751','US Catanzaro',5,'Luca','Martinelli','20-dec-1988','Difensore'),
  ('142990','US Catanzaro',14,'Stefano','Scognamillo','4-may-1994','Difensore'),
  ('286259','US Catanzaro',20,'Davide','Riccardi','9-apr-1996','Difensore'),
  ('337385','US Catanzaro',19,'Riccardo','Gatti','30-mar-1997','Difensore'),
  ('240424','US Catanzaro',null,'Cristian','Riggio','4-jun-1996','Difensore'),
  ('564721','US Catanzaro',null,'Emmanuele','Salines','8-nov-2000','Difensore'),
  ('816971','US Catanzaro',null,'Gianluca','Napoli','15-jan-2002','Difensore'),
  ('819650','US Catanzaro',26,'Alessio','Pipicella','16-jan-2003','Difensore'),
  ('061598','US Catanzaro',3,'Sergio','Contessa','14-mar-1990','Difensore'),
  ('330135','US Catanzaro',null,'Paride','Pinna','28-jul-1992','Difensore'),
  ('543720','US Catanzaro',null,'Jean Lambert','Evan''s','17-dec-1998','Difensore'),
  ('123641','US Catanzaro',13,'Pasquale','Fazio','10-jun-1989','Difensore'),
  ('161092','US Catanzaro',32,'Desiderio','Garufo','22-apr-1987','Difensore'),
  ('199088','US Catanzaro',null,'Francesco','Urso','9-jun-1994','Centrocampista'),
  ('816977','US Catanzaro',null,'Lorenzo','Iseppon','1-jan-2003','Centrocampista'),
  ('167826','US Catanzaro',8,'Luca','Verna','21-jun-1993','Centrocampista'),
  ('057640','US Catanzaro',27,'Giacomo','Casoli','15-sep-1988','Centrocampista'),
  ('156406','US Catanzaro',4,'Francesco','Corapi','22-dec-1985','Centrocampista'),
  ('170085','US Catanzaro',null,'Daniele','Altobelli','18-mar-1993','Centrocampista'),
  ('317717','US Catanzaro',21,'Andrea','Risolo','13-aug-1996','Centrocampista'),
  ('166557','US Catanzaro',23,'Luca','Baldassin','28-may-1994','Centrocampista'),
  ('362709','US Catanzaro',10,'Samuele','Parlati','5-feb-1997','Centrocampista'),
  ('542570','US Catanzaro',16,'Roberto','Pierno','14-feb-2001','Centrocampista'),
  ('715470','US Catanzaro',null,'Brian','Bayeye','30-jun-2000','Centrocampista'),
  ('214537','US Catanzaro',34,'Antonio','Porcino','30-may-1995','Centrocampista'),
  ('816983','US Catanzaro',null,'Paolo','Brugnano','16-jun-2001','Centrocampista'),
  ('671693','US Catanzaro',24,'Alberto','Cristiano','16-sep-2002','Centrocampista'),
  ('816976','US Catanzaro',null,'Simone','Mirarchi','7-mar-2001','Attaccante'),
  ('402114','US Catanzaro',18,'Alessio','Di Massimo','7-may-1996','Attaccante'),
  ('336963','US Catanzaro',25,'Paolo','Grillo','8-feb-1997','Attaccante'),
  ('854589','US Catanzaro',null,'Emanuele','Schimmenti','3-apr-2002','Attaccante'),
  ('043206','US Catanzaro',29,'Massimiliano','Carlini','20-aug-1986','Attaccante'),
  ('054464','US Catanzaro',9,'Jefferson','null','6-jan-1988','Attaccante'),
  ('531785','US Catanzaro',15,'Salvatore','Molinaro','10-mar-1998','Attaccante'),
  ('005852','US Catanzaro',17,'Felice','Evacuo','23-aug-1982','Attaccante'),
  ('616918','US Catanzaro',null,'Vincenzo','Furina','13-may-2002','Attaccante'),
  ('566969','US Catanzaro',2,'Salvatore','Cusumano','1-feb-2002','Attaccante'),
  ('048319','SS Juve Stabia',null,'Matteo','Tomei','28-jun-1984','Portiere'),
  ('329669','SS Juve Stabia',22,'Alessandro','Farroni','20-sep-1997','Portiere'),
  ('062270','SS Juve Stabia',25,'Danilo','Russo','8-jul-1987','Portiere'),
  ('573971','SS Juve Stabia',null,'Matteo','Esposito','6-aug-2002','Portiere'),
  ('340436','SS Juve Stabia',23,'Daniele','Lazzari','3-dec-1997','Portiere'),
  ('722907','SS Juve Stabia',null,'Biagio','Maresca','23-mar-2004','Portiere'),
  ('867530','SS Juve Stabia',null,'Emanuele','Gianfagna','20-nov-2004','Portiere'),
  ('465677','SS Juve Stabia',4,'Edgar','Elizalde','27-feb-2000','Difensore'),
  ('037528','SS Juve Stabia',20,'Magnus','Troest','5-jun-1987','Difensore'),
  ('392521','SS Juve Stabia',13,'Erasmo','Mulè','13-jun-1999','Difensore'),
  ('199788','SS Juve Stabia',24,'Marco','Caldore','28-feb-1994','Difensore'),
  ('167725','SS Juve Stabia',null,'Nicholas','Allievi','20-apr-1992','Difensore'),
  ('250122','SS Juve Stabia',null,'Roberto','Codromaz','14-oct-1995','Difensore'),
  ('704804','SS Juve Stabia',null,'Francesco','Sigismondo','1-nov-2003','Difensore'),
  ('289040','SS Juve Stabia',3,'Alberto','Rizzo','25-apr-1997','Difensore'),
  ('704810','SS Juve Stabia',null,'Amedeo','Tufano','28-oct-2003','Difensore'),
  ('390720','SS Juve Stabia',5,'Alessandro','Garattoni','23-jan-1998','Difensore'),
  ('711034','SS Juve Stabia',null,'Gianmarco','Todisco','30-apr-2002','Difensore'),
  ('395070','SS Juve Stabia',2,'Damiano','Lia','25-nov-1997','Difensore'),
  ('164088','SS Juve Stabia',14,'Luca','Berardocco','22-jan-1991','Centrocampista'),
  ('734922','SS Juve Stabia',34,'Manuel','Fioravanti','2-sep-2000','Centrocampista'),
  ('287307','SS Juve Stabia',7,'Alessandro','Mastalli','7-feb-1996','Centrocampista'),
  ('355929','SS Juve Stabia',21,'Andrea','Vallocchia','22-may-1997','Centrocampista'),
  ('113612','SS Juve Stabia',30,'Sergiu','Suciu','8-may-1990','Centrocampista'),
  ('306643','SS Juve Stabia',8,'Jacopo','Scaccabarozzi','18-nov-1994','Centrocampista'),
  ('021837','SS Juve Stabia',16,'Andrea','Bovo','14-may-1986','Centrocampista'),
  ('387017','SS Juve Stabia',null,'Giovanni','Volpicelli','24-sep-1999','Centrocampista'),
  ('700053','SS Juve Stabia',15,'Edoardo','Iannoni','11-apr-2001','Centrocampista'),
  ('702349','SS Juve Stabia',null,'Stefano','Selvaggio','7-dec-2002','Centrocampista'),
  ('708254','SS Juve Stabia',null,'Marino','Grimaldi','22-nov-2002','Centrocampista'),
  ('708253','SS Juve Stabia',31,'Alessandro','Oliva','25-jun-2002','Centrocampista'),
  ('244927','SS Juve Stabia',null,'Accursio','Bentivegna','21-jun-1996','Attaccante'),
  ('708255','SS Juve Stabia',17,'Mariano','Guarracino','25-jun-2002','Attaccante'),
  ('334341','SS Juve Stabia',11,'Francesco','Orlando','1-oct-1996','Attaccante'),
  ('291522','SS Juve Stabia',33,'Tommaso','Fantacci','17-mar-1997','Attaccante'),
  ('459988','SS Juve Stabia',29,'Gennaro','Borrelli','10-mar-2000','Attaccante'),
  ('144366','SS Juve Stabia',10,'Alessandro','Marotta','15-jul-1986','Attaccante'),
  ('130378','SS Juve Stabia',null,'Niccolò','Romero','18-mar-1992','Attaccante'),
  ('127264','SS Juve Stabia',null,'Nicolás','Bubas','23-apr-1989','Attaccante'),
  ('234882','SS Juve Stabia',32,'Iacopo','Cernigoi','4-jan-1995','Attaccante'),
  ('550660','SS Juve Stabia',null,'Vincenzo','Della Pietra','22-jun-2002','Attaccante'),
  ('104754','SS Juve Stabia',18,'Francesco','Ripa','5-nov-1985','Attaccante'),
  ('709615','SS Juve Stabia',null,'Gianmaria','Stoecklin','17-apr-2002','Attaccante'),
  ('056921','Palermo FC',1,'Alberto','Pelagotti','9-mar-1989','Portiere'),
  ('477344','Palermo FC',12,'Mattia','Fallani','31-mar-2001','Portiere'),
  ('831778','Palermo FC',null,'Giorgio','Faraone','12-oct-2002','Portiere'),
  ('805058','Palermo FC',22,'Marco','Matranga','10-sep-2002','Portiere'),
  ('240365','Palermo FC',24,'Michele','Somma','16-mar-1995','Difensore'),
  ('041780','Palermo FC',15,'Ivan','Marconi','25-oct-1989','Difensore'),
  ('197898','Palermo FC',13,'Edoardo','Lancini','10-apr-1994','Difensore'),
  ('247247','Palermo FC',4,'Andrea','Accardi','30-jul-1995','Difensore'),
  ('394123','Palermo FC',16,'Manuel','Peretti','7-mar-2000','Difensore'),
  ('701961','Palermo FC',26,'Bubacarr','Marong','10-jan-2000','Difensore'),
  ('130348','Palermo FC',6,'Roberto','Crivello','14-sep-1991','Difensore'),
  ('444662','Palermo FC',3,'Niccolò','Corrado','19-mar-2000','Difensore'),
  ('163542','Palermo FC',29,'Alberto','Almici','11-jan-1993','Difensore'),
  ('391848','Palermo FC',2,'Masimiliano','Doda','17-nov-2000','Difensore'),
  ('741654','Palermo FC',null,'Christian','Cangemi','7-jun-2002','Difensore'),
  ('262595','Palermo FC',19,'Moses','Odjer','17-aug-1996','Centrocampista'),
  ('124932','Palermo FC',18,'Francesco','De Rose','21-jun-1987','Centrocampista'),
  ('040875','Palermo FC',8,'Malaury','Martin','25-aug-1988','Centrocampista'),
  ('238980','Palermo FC',5,'Andrea','Palazzi','24-feb-1996','Centrocampista'),
  ('340075','Palermo FC',21,'Jérémie','Broh','21-mar-1997','Centrocampista'),
  ('162946','Palermo FC',27,'Gregorio','Luperini','10-feb-1994','Centrocampista'),
  ('741656','Palermo FC',18,'Salvatore','Florio','28-oct-2002','Centrocampista'),
  ('383876','Palermo FC',14,'Nicola','Valente','6-oct-1991','Attaccante'),
  ('198929','Palermo FC',7,'Roberto','Floriano','14-aug-1986','Attaccante'),
  ('201734','Palermo FC',20,'Mamadou','Kanoute','7-oct-1993','Attaccante'),
  ('536451','Palermo FC',10,'Andrea','Silipo','17-apr-2001','Attaccante'),
  ('006721','Palermo FC',11,'Mario','Santana','23-dec-1981','Attaccante'),
  ('417896','Palermo FC',23,'Nicola','Rauti','17-apr-2000','Attaccante'),
  ('572265','Palermo FC',17,'Lorenzo','Lucca','10-sep-2000','Attaccante'),
  ('429304','Palermo FC',9,'Andrea','Saraniti','23-jul-1988','Attaccante'),
  ('323255','SS Monopoli 1966',1,'Giacomo','Satalino','20-may-1999','Portiere'),
  ('085489','SS Monopoli 1966',22,'Pietro','Menegatti','17-jan-1992','Portiere'),
  ('392951','SS Monopoli 1966',35,'Roberto','Taliento','8-jul-1999','Portiere'),
  ('422631','SS Monopoli 1966',null,'Giacomo','Pozzer','19-feb-2001','Portiere'),
  ('524517','SS Monopoli 1966',null,'Alessandro','Gallitelli','6-jun-2001','Portiere'),
  ('623041','SS Monopoli 1966',12,'Nicolas','Oliveto','11-jan-2003','Portiere'),
  ('825417','SS Monopoli 1966',null,'Francesco','Basile','1-jan-2003','Difensore'),
  ('208077','SS Monopoli 1966',3,'Mario','Mercadante','27-feb-1995','Difensore'),
  ('156207','SS Monopoli 1966',4,'Nicola','Bizzotto','1-mar-1990','Difensore'),
  ('355923','SS Monopoli 1966',null,'Francesco','Fusco','19-feb-1999','Difensore'),
  ('417772','SS Monopoli 1966',5,'Matteo','Arena','14-jan-1999','Difensore'),
  ('535136','SS Monopoli 1966',19,'Lorenzo','Vignati','22-jun-2000','Difensore'),
  ('039829','SS Monopoli 1966',null,'Alessandro','Bastrini','3-apr-1987','Difensore'),
  ('318058','SS Monopoli 1966',6,'Manuel','Nicoletti','9-dec-1998','Difensore'),
  ('136113','SS Monopoli 1966',9,'Matteo','Liviero','13-apr-1993','Difensore'),
  ('872096','SS Monopoli 1966',null,'Vito','Di Benedetto','3-jul-2004','Difensore'),
  ('391686','SS Monopoli 1966',31,'Massimo','Tazzer','28-may-1999','Difensore'),
  ('240955','SS Monopoli 1966',null,'Mattia','Lombardo','14-feb-1995','Centrocampista'),
  ('459145','SS Monopoli 1966',14,'Simone','Isacco','1-feb-2000','Centrocampista'),
  ('512401','SS Monopoli 1966',28,'Alvaro','Iuliano','6-jun-1991','Centrocampista'),
  ('273131','SS Monopoli 1966',null,'Francesco','Giorno','11-oct-1993','Centrocampista'),
  ('260416','SS Monopoli 1966',10,'Lorenzo','Paolucci','1-oct-1996','Centrocampista'),
  ('163203','SS Monopoli 1966',25,'Francesco','Vassallo','30-dec-1993','Centrocampista'),
  ('137110','SS Monopoli 1966',8,'Marco','Piccinni','19-apr-1987','Centrocampista'),
  ('547818','SS Monopoli 1966',15,'Raul','Steau','22-apr-2001','Centrocampista'),
  ('817082','SS Monopoli 1966',null,'Renato','Cascella','1-jan-2004','Centrocampista'),
  ('817151','SS Monopoli 1966',null,'Saverio','Desiderato','9-nov-2003','Centrocampista'),
  ('817152','SS Monopoli 1966',null,'Gabriel','Cutrone','1-jan-2003','Centrocampista'),
  ('542577','SS Monopoli 1966',18,'Gianmarco','Alba','21-mar-2001','Centrocampista'),
  ('721288','SS Monopoli 1966',24,'Christian','Nina','24-oct-2001','Centrocampista'),
  ('331472','SS Monopoli 1966',2,'Orlando','Viteritti','14-apr-1994','Centrocampista'),
  ('389581','SS Monopoli 1966',11,'Eyob','Zambataro','18-aug-1998','Centrocampista'),
  ('507351','SS Monopoli 1966',29,'Abdoul','Guiebre','17-jul-1997','Centrocampista'),
  ('066613','SS Monopoli 1966',null,'Nikola','Jakimovski','26-feb-1990','Centrocampista'),
  ('613765','SS Monopoli 1966',null,'Gianmarco','Antonacci','19-jul-2001','Centrocampista'),
  ('390679','SS Monopoli 1966',21,'Michele','Currarino','6-aug-1992','Centrocampista'),
  ('872089','SS Monopoli 1966',null,'Giuseppe','Glorioso','15-jan-2003','Attaccante'),
  ('881553','SS Monopoli 1966',null,'Vincenzo','Cirrottola','10-may-2003','Attaccante'),
  ('288061','SS Monopoli 1966',7,'Ernesto','Starita','3-mar-1996','Attaccante'),
  ('537142','SS Monopoli 1966',null,'Salvatore','Rimoli','7-jun-2001','Attaccante'),
  ('507354','SS Monopoli 1966',null,'Scott','Arlotti','27-jun-1999','Attaccante'),
  ('266217','SS Monopoli 1966',17,'Cristian','Bunino','27-aug-1996','Attaccante'),
  ('221990','SS Monopoli 1966',null,'Álvaro','Montero','5-nov-1989','Attaccante'),
  ('658244','SS Monopoli 1966',null,'Luigi','Samele','9-apr-2002','Attaccante'),
  ('321065','SS Monopoli 1966',32,'Edoardo','Soleri','19-oct-1997','Attaccante'),
  ('397357','SS Monopoli 1966',null,'Domenico','Santoro','6-mar-1995','Attaccante'),
  ('391698','SS Monopoli 1966',23,'Andrea','De Paoli','6-aug-1999','Attaccante'),
  ('459344','SS Monopoli 1966',null,'Christian','Spadoni','27-sep-2000','Attaccante'),
  ('278586','US Avellino 1912',22,'Francesco','Forte','12-oct-1991','Portiere'),
  ('140312','US Avellino 1912',1,'Pasquale','Pane','11-mar-1990','Portiere'),
  ('404597','US Avellino 1912',32,'Riccardo','Leoni','10-jun-1998','Portiere'),
  ('457872','US Avellino 1912',null,'Antonio','Pizzella','30-jun-2001','Portiere'),
  ('385394','US Avellino 1912',13,'Alberto','Dossena','13-oct-1998','Difensore'),
  ('146618','US Avellino 1912',6,'Mirko','Miceli','16-jun-1991','Difensore'),
  ('163195','US Avellino 1912',28,'Luigi','Silvestri','22-jan-1993','Difensore'),
  ('441264','US Avellino 1912',31,'Julián','Illanes','10-mar-1997','Difensore'),
  ('204478','US Avellino 1912',5,'Giuliano','Laezza','23-dec-1993','Difensore'),
  ('432749','US Avellino 1912',null,'Mario','Nikolic','24-jan-2001','Difensore'),
  ('285096','US Avellino 1912',15,'Gabriele','Rocchi','7-may-1996','Difensore'),
  ('331432','US Avellino 1912',3,'Fabio','Tito','10-jul-1993','Difensore'),
  ('325897','US Avellino 1912',null,'Joel','Baraye','5-jan-1997','Difensore'),
  ('875344','US Avellino 1912',null,'Leo','Di Martino','27-mar-2005','Difensore'),
  ('112049','US Avellino 1912',23,'Simone','Ciancio','18-jul-1987','Difensore'),
  ('386457','US Avellino 1912',2,'Agostino','Rizzo','24-mar-1999','Difensore'),
  ('707908','US Avellino 1912',null,'Federico','Capone','7-mar-2003','Difensore'),
  ('199735','US Avellino 1912',10,'Alberto','De Francesco','12-oct-1994','Centrocampista'),
  ('265967','US Avellino 1912',4,'Salvatore','Aloi','11-nov-1996','Centrocampista'),
  ('398576','US Avellino 1912',21,'Giuseppe','Carriero','4-sep-1997','Centrocampista'),
  ('343827','US Avellino 1912',27,'Sonny','D''Angelo','5-oct-1995','Centrocampista'),
  ('391690','US Avellino 1912',null,'Michele','Bruzzo','26-jun-1999','Centrocampista'),
  ('464682','US Avellino 1912',14,'Andrea','Errico','1-jan-1999','Centrocampista'),
  ('391696','US Avellino 1912',8,'Marco','Silvestri','30-apr-1999','Centrocampista'),
  ('537546','US Avellino 1912',null,'Riccardo','Burgio','5-may-2001','Centrocampista'),
  ('411666','US Avellino 1912',17,'Emanuele','Adamo','19-jul-1998','Attaccante'),
  ('199896','US Avellino 1912',11,'Giuseppe','Fella','11-aug-1993','Attaccante'),
  ('052135','US Avellino 1912',19,'Riccardo','Maniero','26-nov-1987','Attaccante'),
  ('457982','US Avellino 1912',7,'Gabriele','Bernardotto','22-apr-1997','Attaccante'),
  ('164220','US Avellino 1912',9,'Emanuele','Santaniello','27-jan-1990','Attaccante'),
  ('818563','US Avellino 1912',null,'Gianmarco','Mariconda','5-jul-2002','Attaccante'),
  ('086083','Potenza Calcio',31,'Richard','Marcone','21-jan-1993','Portiere'),
  ('250937','Potenza Calcio',null,'Gabriele','Marchegiani','3-jun-1996','Portiere'),
  ('395102','Potenza Calcio',1,'Alessandro','Santopadre','4-oct-1998','Portiere'),
  ('689508','Potenza Calcio',12,'Andrea','Brescia','22-dec-2002','Portiere'),
  ('239570','Potenza Calcio',null,'Deian','Boldor','3-feb-1995','Difensore'),
  ('158542','Potenza Calcio',6,'Diego','Conson','11-jan-1990','Difensore'),
  ('290716','Potenza Calcio',15,'Nicolò','Gigli','11-jan-1996','Difensore'),
  ('386847','Potenza Calcio',26,'Vincenzo','Di Somma','1-mar-1997','Difensore'),
  ('616142','Potenza Calcio',null,'Jonathan','Spedalieri','26-jan-2002','Difensore'),
  ('474684','Potenza Calcio',3,'Ciro','Panico','3-aug-1999','Difensore'),
  ('333003','Potenza Calcio',33,'Antonio','Sepe','10-jan-1992','Difensore'),
  ('398058','Potenza Calcio',null,'Carlo','Romei','4-sep-1999','Difensore'),
  ('596693','Potenza Calcio',19,'Gennaro','Nigro','29-may-2000','Centrocampista'),
  ('127230','Potenza Calcio',18,'Enrico','Zampa','18-mar-1992','Centrocampista'),
  ('084577','Potenza Calcio',32,'Rosario','Bucolo','7-oct-1988','Centrocampista'),
  ('462252','Potenza Calcio',null,'Diogo Pinto','null','29-jun-1999','Centrocampista'),
  ('127228','Potenza Calcio',10,'Manuel','Ricci','25-apr-1990','Centrocampista'),
  ('421777','Potenza Calcio',4,'Mattia','Sandri','4-apr-2001','Centrocampista'),
  ('165854','Potenza Calcio',23,'Mario','Coppola','7-aug-1990','Centrocampista'),
  ('591736','Potenza Calcio',20,'Tommaso','Fontana','6-mar-2000','Centrocampista'),
  ('396488','Potenza Calcio',7,'Giuseppe','Coccia','18-dec-1993','Centrocampista'),
  ('537509','Potenza Calcio',null,'Mattia','Compagnon','6-nov-2001','Centrocampista'),
  ('315568','Potenza Calcio',21,'Lorenzo','Di Livio','11-jan-1997','Centrocampista'),
  ('748321','Potenza Calcio',14,'Federico','Iacullo','9-sep-2003','Centrocampista'),
  ('707100','Potenza Calcio',24,'Giovanni','Volpe','13-jul-2002','Attaccante'),
  ('593044','Potenza Calcio',28,'Fabio','Lorusso','12-oct-2001','Attaccante'),
  ('524116','Potenza Calcio',13,'Pasquale','Lauro','24-may-2001','Attaccante'),
  ('254997','Potenza Calcio',17,'Francesco','Salvemini','25-sep-1996','Attaccante'),
  ('541027','Potenza Calcio',null,'Amil','Gassama','28-oct-1999','Attaccante'),
  ('021850','Potenza Calcio',11,'Fabio','Mazzeo','24-jul-1983','Attaccante'),
  ('103001','Potenza Calcio',16,'Allan','Baclet','26-may-1986','Attaccante'),
  ('524922','Potenza Calcio',34,'Davide','Cavaliere','11-feb-1999','Attaccante'),
  ('248359','SS Teramo Calcio',22,'Michal','Lewandowski','2-aug-1996','Portiere'),
  ('305485','SS Teramo Calcio',1,'Mattia','Valentini','16-sep-1997','Portiere'),
  ('705161','SS Teramo Calcio',null,'Ahmed','Mejri','9-aug-2001','Portiere'),
  ('331062','SS Teramo Calcio',12,'Andrea','D''Egidio','30-jun-1996','Portiere'),
  ('391453','SS Teramo Calcio',26,'Matteo','Piacentini','20-apr-1999','Difensore'),
  ('280039','SS Teramo Calcio',5,'Marco','Soprano','25-jan-1996','Difensore'),
  ('202977','SS Teramo Calcio',null,'Luca','Iotti','9-nov-1995','Difensore'),
  ('454053','SS Teramo Calcio',4,'Daniele','Trasciani','4-jan-2000','Difensore'),
  ('497585','SS Teramo Calcio',19,'Niccolò','Bellucci','4-aug-2001','Difensore'),
  ('886231','SS Teramo Calcio',null,'Roberto','Furlan','1-aug-2003','Difensore'),
  ('068862','SS Teramo Calcio',27,'Luca','Di Matteo','25-feb-1988','Difensore'),
  ('672689','SS Teramo Calcio',null,'Marco','Romanucci','10-dec-2002','Difensore'),
  ('167879','SS Teramo Calcio',null,'Tommaso','Cancellotti','22-may-1992','Difensore'),
  ('267101','SS Teramo Calcio',16,'Davide','Vitturini','21-feb-1997','Difensore'),
  ('696550','SS Teramo Calcio',23,'Salim','Diakité','3-jun-2000','Difensore'),
  ('538083','SS Teramo Calcio',null,'Lorenzo','Celentano','14-jan-2001','Difensore'),
  ('106126','SS Teramo Calcio',6,'Andrea','Arrigoni','10-aug-1988','Centrocampista'),
  ('091888','SS Teramo Calcio',18,'Richard','Lasik','18-aug-1992','Centrocampista'),
  ('392515','SS Teramo Calcio',21,'Simone','Santoro','20-sep-1999','Centrocampista'),
  ('119357','SS Teramo Calcio',20,'Carlo','Ilari','12-dec-1991','Centrocampista'),
  ('644156','SS Teramo Calcio',35,'Luca','Lombardi','6-dec-2002','Centrocampista'),
  ('391463','SS Teramo Calcio',28,'Federico','Viero','10-mar-1999','Centrocampista'),
  ('281633','SS Teramo Calcio',3,'Alberto','Tentardini','21-oct-1996','Centrocampista'),
  ('132460','SS Teramo Calcio',8,'Pedro','Costa Ferreira','1-jan-1991','Centrocampista'),
  ('274612','SS Teramo Calcio',7,'Domenico','Mungo','18-jan-1993','Centrocampista'),
  ('093292','SS Teramo Calcio',10,'Francesco','Bombagi','7-sep-1989','Centrocampista'),
  ('460007','SS Teramo Calcio',17,'Davide','Di Francesco','19-jan-2001','Attaccante'),
  ('349033','SS Teramo Calcio',9,'Riccardo','Cappa','29-apr-1999','Attaccante'),
  ('287903','SS Teramo Calcio',14,'Simone','Minelli','8-jan-1997','Attaccante'),
  ('390158','SS Teramo Calcio',29,'Nigel','Kyeremateng','29-jan-2000','Attaccante'),
  ('409614','SS Teramo Calcio',11,'Lorenzo','Pinzauti','9-sep-1994','Attaccante'),
  ('468192','SS Teramo Calcio',25,'Daniel','Birligea','19-apr-2000','Attaccante'),
  ('410305','SS Teramo Calcio',36,'Erik','Gerbi','11-jun-2000','Attaccante'),
  ('552940','SS Teramo Calcio',null,'Francesco','Persiani','29-apr-2002','Attaccante'),
  ('752414','SS Teramo Calcio',null,'Tomety','Ekue Goodfried','16-may-2002','Attaccante'),
  ('396094','US Viterbese 1908',1,'Riccardo','Daga','13-jan-2000','Portiere'),
  ('395075','US Viterbese 1908',null,'Davide','Borsellini','4-jan-1999','Portiere'),
  ('469847','US Viterbese 1908',12,'Luca','Bisogno','18-jun-2000','Portiere'),
  ('461969','US Viterbese 1908',22,'Massimiliano','Maraolo','22-may-1998','Portiere'),
  ('625087','US Viterbese 1908',null,'Gabriele','Benvenuti','26-jan-2003','Portiere'),
  ('196646','US Viterbese 1908',3,'Emmanuel','Mbende','3-mar-1996','Difensore'),
  ('108581','US Viterbese 1908',5,'Toni','Markic','25-oct-1990','Difensore'),
  ('069212','US Viterbese 1908',29,'Vincenzo','Camilleri','6-mar-1992','Difensore'),
  ('283319','US Viterbese 1908',null,'Manuel','Ferrani','29-jun-1987','Difensore'),
  ('397852','US Viterbese 1908',null,'Mattia','Zanoli','19-jan-2000','Difensore'),
  ('346566','US Viterbese 1908',2,'Edoardo','Bianchi','30-apr-1999','Difensore'),
  ('535543','US Viterbese 1908',null,'Paolo','Cerroni','1-jan-2000','Difensore'),
  ('537436','US Viterbese 1908',13,'Ludovico','Ricci','26-sep-2001','Difensore'),
  ('390719','US Viterbese 1908',19,'Oliver','Urso','29-apr-1999','Difensore'),
  ('457236','US Viterbese 1908',16,'Luca','Falbo','21-feb-2000','Difensore'),
  ('693294','US Viterbese 1908',null,'Gabriele','Galardi','5-feb-2002','Difensore'),
  ('351955','US Viterbese 1908',6,'Federico','Baschirotto','20-sep-1996','Difensore'),
  ('340435','US Viterbese 1908',14,'Eros','De Santis','30-oct-1997','Difensore'),
  ('606336','US Viterbese 1908',null,'Gabriele','Macrì','2-apr-2002','Difensore'),
  ('422539','US Viterbese 1908',33,'Fabio','Porru','3-jan-2000','Difensore'),
  ('315842','US Viterbese 1908',30,'Giuseppe','Scalera','26-jan-1998','Difensore'),
  ('311328','US Viterbese 1908',4,'Nicholas','Bensaja','7-jun-1995','Centrocampista'),
  ('213338','US Viterbese 1908',18,'Francesco','Salandria','18-apr-1995','Centrocampista'),
  ('459821','US Viterbese 1908',17,'Davide','Sibilia','29-jul-1999','Centrocampista'),
  ('670978','US Viterbese 1908',15,'Emanuele','Menghi','1-jan-2001','Centrocampista'),
  ('564305','US Viterbese 1908',25,'Michel','Adopo','19-jul-2000','Centrocampista'),
  ('055794','US Viterbese 1908',10,'Simone','Palermo','17-aug-1988','Centrocampista'),
  ('337810','US Viterbese 1908',8,'Daniel','Bezziccheri','21-jan-1998','Centrocampista'),
  ('303111','US Viterbese 1908',31,'Emmanuel','Besea','15-apr-1997','Centrocampista'),
  ('016848','US Viterbese 1908',null,'Andrea','De Falco','19-jun-1986','Centrocampista'),
  ('826785','US Viterbese 1908',null,'Manuel','Zanon','24-apr-2002','Centrocampista'),
  ('131908','US Viterbese 1908',23,'Najib','Ammari','10-apr-1992','Centrocampista'),
  ('456871','US Viterbese 1908',7,'Marco','Simonelli','28-feb-2000','Attaccante'),
  ('670979','US Viterbese 1908',27,'Matteo','Menghi','1-jan-2001','Attaccante'),
  ('293941','US Viterbese 1908',11,'Murilo','null','8-mar-1995','Attaccante'),
  ('242965','US Viterbese 1908',9,'Mamadou','Tounkara','19-jan-1996','Attaccante'),
  ('339782','US Viterbese 1908',20,'Alessandro','Rossi','3-jan-1997','Attaccante'),
  ('324230','US Viterbese 1908',null,'Aimone','Calì','11-feb-1997','Attaccante'),
  ('287631','US Viterbese 1908',null,'Pierluigi','Cappelluzzo','9-jun-1996','Attaccante'),
  ('347587','US Viterbese 1908',32,'Edoardo','Tassi','10-jun-1998','Attaccante'),
  ('200168','Virtus Francavilla Calcio',1,'Diamante','Crispino','5-sep-1994','Portiere'),
  ('355540','Virtus Francavilla Calcio',22,'Bryan','Costa','28-jul-1998','Portiere'),
  ('628198','Virtus Francavilla Calcio',12,'Francesco','De Luca','6-jul-2002','Portiere'),
  ('863522','Virtus Francavilla Calcio',30,'Diego','Negro','28-jun-2005','Portiere'),
  ('397115','Virtus Francavilla Calcio',17,'Alessandro','Caporale','28-oct-1995','Difensore'),
  ('448473','Virtus Francavilla Calcio',15,'Fabio','Delvino','1-mar-1998','Difensore'),
  ('355924','Virtus Francavilla Calcio',19,'Luca','Sparandeo','18-aug-1999','Difensore'),
  ('037431','Virtus Francavilla Calcio',3,'Francesco','Pambianchi','12-jan-1989','Difensore'),
  ('045579','Virtus Francavilla Calcio',18,'Daniele','Marino','25-jul-1988','Difensore'),
  ('340509','Virtus Francavilla Calcio',5,'Alessandro','Celli','7-jul-1997','Difensore'),
  ('642030','Virtus Francavilla Calcio',2,'Andrea','Sarcinella','25-jun-2002','Difensore'),
  ('108989','Virtus Francavilla Calcio',21,'Leonardo','Nunzella','4-jun-1992','Difensore'),
  ('395851','Virtus Francavilla Calcio',null,'Federico','De Vita','6-apr-1999','Difensore'),
  ('459651','Virtus Francavilla Calcio',25,'Matteo','Calcagno','4-feb-2000','Difensore'),
  ('338423','Virtus Francavilla Calcio',null,'Stefano','Pino','26-jun-1996','Difensore'),
  ('148941','Virtus Francavilla Calcio',16,'Domenico','Franco','9-sep-1992','Centrocampista'),
  ('391058','Virtus Francavilla Calcio',6,'Manuele','Castorani','7-oct-1999','Centrocampista'),
  ('373381','Virtus Francavilla Calcio',7,'Pasquale','Giannotti','5-jun-1999','Centrocampista'),
  ('538215','Virtus Francavilla Calcio',23,'Giovanni','Tchetchoua','11-jan-2000','Centrocampista'),
  ('538824','Virtus Francavilla Calcio',8,'Francesco','Carella','17-dec-2001','Centrocampista'),
  ('844773','Virtus Francavilla Calcio',null,'Nicolas','Magnavita','1-jan-2002','Centrocampista'),
  ('450167','Virtus Francavilla Calcio',27,'Leonardo','Di Cosmo','31-oct-1998','Centrocampista'),
  ('647929','Virtus Francavilla Calcio',13,'Antonio','Miccoli','15-jan-2001','Centrocampista'),
  ('101345','Virtus Francavilla Calcio',10,'Pasquale','Maiorino','21-jun-1989','Centrocampista'),
  ('295659','Virtus Francavilla Calcio',4,'Federico','Zenuni','19-jan-1997','Centrocampista'),
  ('386577','Virtus Francavilla Calcio',11,'Federico','Mastropietro','23-jan-1999','Centrocampista'),
  ('566975','Virtus Francavilla Calcio',null,'Aboubacar','Dacosta','20-dec-2002','Attaccante'),
  ('364206','Virtus Francavilla Calcio',31,'Andrea','Adorante','5-feb-2000','Attaccante'),
  ('288799','Virtus Francavilla Calcio',9,'Federico','Vázquez','31-mar-1993','Attaccante'),
  ('098854','Virtus Francavilla Calcio',null,'Leonardo','Pérez','27-sep-1989','Attaccante'),
  ('287632','Virtus Francavilla Calcio',29,'Nicola','Ciccone','21-apr-1996','Attaccante'),
  ('395787','Virtus Francavilla Calcio',26,'Francesco','Puntoriere','23-apr-1998','Attaccante'),
  ('459649','Virtus Francavilla Calcio',20,'Joseph','Ekuban','2-jan-2000','Attaccante'),
  ('816985','Virtus Francavilla Calcio',null,'Federico','Buglia','17-jan-2002','Attaccante'),
  ('383778','Cavese 1919',41,'Matteo','Kucich','1-oct-1998','Portiere'),
  ('121047','Cavese 1919',38,'Stefano','Russo','6-mar-1989','Portiere'),
  ('392331','Cavese 1919',12,'Alessandro','D''Andrea','22-mar-2000','Portiere'),
  ('828444','Cavese 1919',null,'Ciro Luca','Vivace','1-jan-2003','Portiere'),
  ('760364','Cavese 1919',22,'Gennaro','Paduano','29-aug-2003','Portiere'),
  ('161077','Cavese 1919',27,'Ciro','De Franco','8-oct-1988','Difensore'),
  ('395527','Cavese 1919',2,'Emmanuele','Matino','7-oct-1998','Difensore'),
  ('479709','Cavese 1919',null,'Paolo','Cannistrà','3-nov-2000','Difensore'),
  ('460121','Cavese 1919',13,'Manuel','Marzupio','5-apr-2000','Difensore'),
  ('197899','Cavese 1919',43,'Nicola','Lancini','29-mar-1994','Difensore'),
  ('463776','Cavese 1919',null,'Antonio','Granata','6-apr-2000','Difensore'),
  ('430764','Cavese 1919',16,'Alberto','Senese','24-mar-2000','Difensore'),
  ('536948','Cavese 1919',42,'Ertijon','Gega','17-aug-2001','Difensore'),
  ('460757','Cavese 1919',36,'Francesco','Semeraro','1-may-2001','Difensore'),
  ('130349','Cavese 1919',26,'Andrea','De Vito','27-nov-1991','Difensore'),
  ('411211','Cavese 1919',3,'Niccolò','Ricchi','10-dec-2000','Difensore'),
  ('330549','Cavese 1919',null,'Salvatore','Tazza','18-jan-1998','Difensore'),
  ('464752','Cavese 1919',44,'Antonio','Natalucci','1-aug-2000','Difensore'),
  ('459991','Cavese 1919',34,'Marco','Pompetti','22-may-2000','Centrocampista'),
  ('330179','Cavese 1919',null,'Gianluca','Esposito','7-mar-1995','Centrocampista'),
  ('164105','Cavese 1919',null,'Luca','Lulli','22-dec-1991','Centrocampista'),
  ('078621','Cavese 1919',4,'Federico','Scoppa','7-jul-1987','Centrocampista'),
  ('457470','Cavese 1919',15,'Marco','Cuccurullo','10-feb-2000','Centrocampista'),
  ('028075','Cavese 1919',null,'Andrea','Migliorini','22-mar-1988','Centrocampista'),
  ('542720','Cavese 1919',null,'Alessandro','De Luca','22-jan-2001','Centrocampista'),
  ('103371','Cavese 1919',8,'Francesco','Favasuli','24-aug-1983','Centrocampista'),
  ('320669','Cavese 1919',21,'Antonio','Matera','11-oct-1996','Centrocampista'),
  ('198083','Cavese 1919',7,'Simone','De Marco','14-jan-1994','Centrocampista'),
  ('418225','Cavese 1919',null,'Mihael','Onisa','15-mar-2000','Centrocampista'),
  ('828635','Cavese 1919',null,'Gerardo','Di Gilio','15-may-2002','Centrocampista'),
  ('612065','Cavese 1919',null,'Karim','Zedadka','9-jun-2000','Centrocampista'),
  ('487495','Cavese 1919',28,'Christian','Nunziante','28-jun-2000','Centrocampista'),
  ('119144','Cavese 1919',31,'Elio','Calderini','9-jun-1988','Attaccante'),
  ('540887','Cavese 1919',null,'Enrico','Oviszach','26-mar-2001','Attaccante'),
  ('391066','Cavese 1919',18,'Giuseppe','Montaperto','23-jan-2000','Attaccante'),
  ('199752','Cavese 1919',37,'Francesco','Vivacqua','19-jun-1994','Attaccante'),
  ('402555','Cavese 1919',35,'Yuri','Senesi','26-jun-1997','Attaccante'),
  ('392540','Cavese 1919',null,'Riccardo','Forte','17-may-1999','Attaccante'),
  ('044368','Cavese 1919',45,'Federico','Gerardi','10-dec-1987','Attaccante'),
  ('039984','Cavese 1919',null,'Domenico','Germinale','3-jun-1987','Attaccante'),
  ('473889','Cavese 1919',null,'Francesco','Gancitano','20-apr-2001','Attaccante'),
  ('145592','Cavese 1919',10,'Claudio','De Rosa','13-nov-1981','Attaccante'),
  ('347353','US Vibonese',22,'Leonardo','Marson','5-jan-1998','Portiere'),
  ('138127','US Vibonese',1,'Riccardo','Mengoni','13-mar-1986','Portiere'),
  ('818225','US Vibonese',12,'Flavio','Curtosi','6-jul-2004','Portiere'),
  ('818228','US Vibonese',24,'Bruno','Riga','11-aug-2003','Difensore'),
  ('197476','US Vibonese',5,'Alex','Redolfi','20-jan-1994','Difensore'),
  ('113797','US Vibonese',21,'Matteo','Bachini','24-may-1995','Difensore'),
  ('238992','US Vibonese',6,'Giacomo','Sciacca','19-apr-1996','Difensore'),
  ('262972','US Vibonese',30,'Jherson','Vergara','26-may-1994','Difensore'),
  ('533807','US Vibonese',27,'Giulio','Mattei','17-jan-2000','Difensore'),
  ('818226','US Vibonese',13,'Ruben','Falla','2-mar-2002','Difensore'),
  ('372721','US Vibonese',2,'Amir','Mahrous','23-jan-1998','Difensore'),
  ('491447','US Vibonese',3,'Alessio','Rasi','4-aug-1999','Difensore'),
  ('418580','US Vibonese',null,'Nicola','Alvaro','10-mar-1999','Difensore'),
  ('450553','US Vibonese',11,'Pietro','Ciotti','31-jul-1999','Difensore'),
  ('836530','US Vibonese',null,'Saverio','Staropoli','1-jan-2003','Centrocampista'),
  ('057473','US Vibonese',25,'Leandro','Vitiello','16-oct-1985','Centrocampista'),
  ('238986','US Vibonese',4,'Mario','Pugliese','26-mar-1996','Centrocampista'),
  ('287564','US Vibonese',14,'Giorgio','Tumbarello','20-apr-1996','Centrocampista'),
  ('392508','US Vibonese',16,'Danilo','Ambro','16-jan-1999','Centrocampista'),
  ('458969','US Vibonese',null,'Alessandro','Prezzabile','22-jul-1998','Centrocampista'),
  ('394301','US Vibonese',null,'Edoardo','Rezzi','3-jul-1999','Centrocampista'),
  ('395195','US Vibonese',8,'Emir','Murati','7-mar-2000','Centrocampista'),
  ('681460','US Vibonese',32,'Gheorghe','Fomov','3-feb-2001','Centrocampista'),
  ('074304','US Vibonese',18,'Giuseppe','Statella','15-mar-1988','Centrocampista'),
  ('426034','US Vibonese',20,'Mohamed','Laaribi','18-mar-1993','Centrocampista'),
  ('273148','US Vibonese',33,'Luca','Cattaneo','30-jan-1989','Centrocampista'),
  ('397860','US Vibonese',7,'Marco','Spina','25-jan-2000','Centrocampista'),
  ('818227','US Vibonese',15,'Alberto','Leone','1-jan-2003','Attaccante'),
  ('459313','US Vibonese',26,'Gaetano','Mancino','23-feb-2001','Attaccante'),
  ('355611','US Vibonese',10,'Filippo','Berardi','18-may-1997','Attaccante'),
  ('673453','US Vibonese',9,'Domenico','La Ragione','1-jan-2001','Attaccante'),
  ('836534','US Vibonese',null,'Domenico','Aguì','13-jan-2002','Attaccante'),
  ('699151','US Vibonese',null,'Marco','Montagno Grillo','4-aug-1999','Attaccante'),
  ('348520','US Vibonese',28,'Vincenzo','Plescia','18-feb-1998','Attaccante'),
  ('254708','US Vibonese',19,'Giacomo','Parigi','18-jun-1996','Attaccante'),
  ('582080','US Vibonese',17,'Manuel','Di Santo','8-mar-2001','Attaccante'),
  ('457859','Casertana FC',22,'Michele','Avella','1-may-2000','Portiere'),
  ('416587','Casertana FC',1,'Vladan','Dekić','10-aug-1999','Portiere'),
  ('436795','Casertana FC',12,'Marko','Zivkovic','3-may-1999','Portiere'),
  ('240338','Casertana FC',13,'Luigi','Carillo','8-aug-1996','Difensore'),
  ('294840','Casertana FC',5,'Fabrizio','Buschiazzo','7-jul-1996','Difensore'),
  ('240094','Casertana FC',27,'Dramane','Konaté','12-apr-1994','Difensore'),
  ('601450','Casertana FC',14,'Vincenzo','Ciriello','16-aug-2002','Difensore'),
  ('632136','Casertana FC',null,'Nicola','Longobardo','3-may-2002','Difensore'),
  ('736366','Casertana FC',null,'Davide','De Vivo','6-mar-2003','Difensore'),
  ('357178','Casertana FC',null,'Lorenzo','Valeau','5-mar-1999','Difensore'),
  ('394851','Casertana FC',null,'Carmine','Setola','13-jan-1999','Difensore'),
  ('034211','Casertana FC',31,'Cristiano','Del Grosso','24-mar-1983','Difensore'),
  ('456647','Casertana FC',32,'Francesco','Rillo','23-may-2000','Difensore'),
  ('343950','Casertana FC',17,'Cristian','Hadžiosmanović','9-jul-1998','Difensore'),
  ('462223','Casertana FC',30,'Vincenzo','Polito','14-mar-1999','Difensore'),
  ('506650','Casertana FC',4,'Salvatore','Santoro','9-mar-1999','Centrocampista'),
  ('315844','Casertana FC',23,'Alessandro','Bordin','1-aug-1998','Centrocampista'),
  ('239106','Casertana FC',8,'Nicolas','Izzillo','19-apr-1994','Centrocampista'),
  ('577741','Casertana FC',16,'Mattia','Matese','29-dec-2001','Centrocampista'),
  ('355451','Casertana FC',24,'Simone','Icardi','13-sep-1996','Centrocampista'),
  ('366068','Casertana FC',21,'Mak','Varesanovic','28-aug-1998','Centrocampista'),
  ('392445','Casertana FC',null,'Alessandro','Petruccelli','27-jul-1999','Centrocampista'),
  ('823457','Casertana FC',null,'Francesco Pio','Petito','2-dec-2002','Centrocampista'),
  ('821895','Casertana FC',28,'Giuseppe','De Lucia','5-mar-2001','Centrocampista'),
  ('459732','Casertana FC',null,'Gioele','Origlia','7-jan-1999','Centrocampista'),
  ('043895','Casertana FC',20,'Gianluca','Turchetta','29-may-1991','Attaccante'),
  ('248333','Casertana FC',11,'Simone','Rosso','10-nov-1995','Attaccante'),
  ('233654','Casertana FC',null,'Francesco','Fedato','15-oct-1992','Attaccante'),
  ('315846','Casertana FC',26,'Luca','Matarese','16-apr-1998','Attaccante'),
  ('392087','Casertana FC',null,'Lorenzo','Cavallini','6-mar-2000','Attaccante'),
  ('397063','Casertana FC',33,'Sebastiano','Longo','5-jan-1998','Attaccante'),
  ('063559','Casertana FC',29,'Mario','Pacilli','25-apr-1987','Attaccante'),
  ('885170','Casertana FC',null,'Leonardo','Saracino','1-jan-2002','Attaccante'),
  ('352704','Casertana FC',25,'Luigi','Cuppone','6-aug-1997','Attaccante'),
  ('535958','Casertana FC',19,'Ricardo Matos','null','25-mar-2000','Attaccante'),
  ('085261','Casertana FC',10,'Luigi','Castaldo','2-may-1982','Attaccante'),
  ('483540','Casertana FC',9,'Pasquale','De Sarlo','6-may-1999','Attaccante'),
  ('340264','Calcio Foggia 1920',null,'Leonardo','Vitali','7-aug-1998','Portiere'),
  ('104993','Calcio Foggia 1920',1,'Ermanno','Fumagalli','23-mar-1982','Portiere'),
  ('532966','Calcio Foggia 1920',12,'Davide','Di Stasio','19-jan-2001','Portiere'),
  ('730320','Calcio Foggia 1920',null,'Andrea','Mascolo','7-jun-2002','Portiere'),
  ('830856','Calcio Foggia 1920',null,'Giovanni','Sarracino','15-feb-2004','Portiere'),
  ('485752','Calcio Foggia 1920',36,'Lorenzo','Jorio','5-may-2000','Portiere'),
  ('289494','Calcio Foggia 1920',4,'Fabio','Gavazzi','4-apr-1988','Difensore'),
  ('525586','Calcio Foggia 1920',13,'Gabriele','Germinio','4-may-1998','Difensore'),
  ('080448','Calcio Foggia 1920',5,'Christian','Anelli','1-feb-1989','Difensore'),
  ('397721','Calcio Foggia 1920',2,'Gioacchino','Galeotafiore','15-feb-2000','Difensore'),
  ('534215','Calcio Foggia 1920',null,'Matteo','Lucarelli','10-oct-2001','Difensore'),
  ('392575','Calcio Foggia 1920',23,'Roberto','Di Jenno','10-aug-1999','Difensore'),
  ('102768','Calcio Foggia 1920',16,'Giuseppe','Agostinone','6-apr-1988','Difensore'),
  ('445525','Calcio Foggia 1920',29,'Valerio','Cardamone','7-feb-1999','Difensore'),
  ('078615','Calcio Foggia 1920',18,'Lorenzo','Del Prete','12-jan-1986','Difensore'),
  ('355538','Calcio Foggia 1920',35,'Nicola','Turi','5-feb-1998','Difensore'),
  ('676624','Calcio Foggia 1920',28,'Savino','Pompa','24-sep-2002','Difensore'),
  ('525480','Calcio Foggia 1920',31,'Alessandro','Tomassini','12-may-2000','Difensore'),
  ('400577','Calcio Foggia 1920',25,'Biagio','Morrone','4-mar-2000','Centrocampista'),
  ('056683','Calcio Foggia 1920',14,'Silvano','Raggio Garibaldi','27-mar-1989','Centrocampista'),
  ('394360','Calcio Foggia 1920',6,'Manlio','Di Masi','12-feb-2000','Centrocampista'),
  ('257118','Calcio Foggia 1920',33,'Michele','Rocca','6-feb-1996','Centrocampista'),
  ('615180','Calcio Foggia 1920',3,'Gaetano','Vitale','4-aug-2001','Centrocampista'),
  ('273150','Calcio Foggia 1920',null,'Federico','Gentile','27-jan-1985','Centrocampista'),
  ('033772','Calcio Foggia 1920',17,'Stefano','Salvi','2-jan-1987','Centrocampista'),
  ('399336','Calcio Foggia 1920',21,'Vincenzo','Garofalo','8-aug-1999','Centrocampista'),
  ('540774','Calcio Foggia 1920',26,'Matteo','Iurato','13-may-2000','Centrocampista'),
  ('392130','Calcio Foggia 1920',null,'Gianmarco','Regoli','18-feb-2000','Centrocampista'),
  ('522046','Calcio Foggia 1920',27,'Riccardo','Aramini','15-jan-2000','Centrocampista'),
  ('701088','Calcio Foggia 1920',null,'Ndiaye','Mbaba','20-dec-2000','Centrocampista'),
  ('562770','Calcio Foggia 1920',20,'Patrick','Moreschini','31-dec-2001','Centrocampista'),
  ('138816','Calcio Foggia 1920',10,'Alessio','Curcio','12-mar-1990','Attaccante'),
  ('260777','Calcio Foggia 1920',19,'Sedrick','Kalombo','8-feb-1995','Attaccante'),
  ('337373','Calcio Foggia 1920',15,'Carte','Said','15-apr-1997','Attaccante'),
  ('147265','Calcio Foggia 1920',null,'Jens','Naessens','1-apr-1991','Attaccante'),
  ('459892','Calcio Foggia 1920',11,'Filippo','D''Andrea','25-sep-1998','Attaccante'),
  ('110929','Calcio Foggia 1920',9,'Simone','Dell''Agnello','12-apr-1992','Attaccante'),
  ('398061','Calcio Foggia 1920',32,'Ibourahima','Baldé','23-mar-1999','Attaccante'),
  ('542394','Calcio Foggia 1920',null,'Carmine','Iannone','19-jul-2001','Attaccante'),
  ('405032','Calcio Foggia 1920',null,'Alessandro','Tascini','29-feb-1992','Attaccante'),
  ('396822','Calcio Foggia 1920',30,'Rilind','Nivokazi','26-jan-2000','Attaccante'),
  ('872418','Calcio Foggia 1920',null,'Emiliano','Dema','22-jun-2001','Attaccante'),
  ('160824','Paganese Calcio 1926',30,'Paolo','Baiocco','29-jun-1989','Portiere'),
  ('467354','Paganese Calcio 1926',1,'Matteo','Campani','19-aug-2000','Portiere'),
  ('215589','Paganese Calcio 1926',null,'Leonardo','Fasan','4-jan-1994','Portiere'),
  ('700120','Paganese Calcio 1926',12,'Nicola','Bovenzi','18-mar-2002','Portiere'),
  ('204497','Paganese Calcio 1926',23,'Marco','Schiavino','25-apr-1993','Difensore'),
  ('061360','Paganese Calcio 1926',21,'Ciro','Sirignano','1-oct-1985','Difensore'),
  ('375320','Paganese Calcio 1926',4,'Edoardo','Sbampato','5-feb-1998','Difensore'),
  ('529826','Paganese Calcio 1926',20,'Emanuele','Cigagna','5-jun-1999','Difensore'),
  ('229250','Paganese Calcio 1926',25,'Francesco','Cernuto','25-jan-1992','Difensore'),
  ('465269','Paganese Calcio 1926',13,'Riccardo','Perazzolo','7-jun-2000','Difensore'),
  ('543577','Paganese Calcio 1926',2,'Giuseppe','Esposito','14-nov-2001','Difensore'),
  ('410473','Paganese Calcio 1926',null,'Matteo','Perri','6-oct-1998','Difensore'),
  ('088252','Paganese Calcio 1926',3,'Tommaso','Squillace','8-jul-1989','Difensore'),
  ('690453','Paganese Calcio 1926',27,'Alessandro','Curci','19-aug-2001','Difensore'),
  ('176105','Paganese Calcio 1926',6,'Fabrizio','Bramati','12-jun-1993','Centrocampista'),
  ('457472','Paganese Calcio 1926',8,'Angelo','Bonavolontà','3-aug-2000','Centrocampista'),
  ('282310','Paganese Calcio 1926',16,'Daniel','Onescu','7-mar-1993','Centrocampista'),
  ('410488','Paganese Calcio 1926',14,'Giulio','Carotenuto','9-apr-1998','Centrocampista'),
  ('224950','Paganese Calcio 1926',null,'Alessio','Benedetti','19-may-1990','Centrocampista'),
  ('238941','Paganese Calcio 1926',28,'Stefano','Antezza','13-jan-1996','Centrocampista'),
  ('289085','Paganese Calcio 1926',5,'Simone','Mattia','19-jan-1996','Centrocampista'),
  ('241800','Paganese Calcio 1926',33,'Matteo','Zanini','10-may-1994','Centrocampista'),
  ('393660','Paganese Calcio 1926',7,'Danilo','Gaeta','9-mar-1999','Centrocampista'),
  ('833516','Paganese Calcio 1926',null,'Alessandro','Criscuolo','24-jun-2002','Attaccante'),
  ('537360','Paganese Calcio 1926',26,'Giuseppe','Guadagni','26-nov-2001','Attaccante'),
  ('083120','Paganese Calcio 1926',10,'Francesco','Scarpa','18-jun-1979','Attaccante'),
  ('198976','Paganese Calcio 1926',11,'Abou','Diop','6-oct-1993','Attaccante'),
  ('084460','Paganese Calcio 1926',null,'Christian','Cesaretti','20-jun-1987','Attaccante'),
  ('463356','Paganese Calcio 1926',null,'Andrea','Isufaj','21-nov-1999','Attaccante'),
  ('073934','Paganese Calcio 1926',18,'Ettore','Mendicino','11-feb-1990','Attaccante'),
  ('285915','Paganese Calcio 1926',32,'Simone','Raffini','28-dec-1996','Attaccante'),
  ('604217','Paganese Calcio 1926',null,'Salvatore','Costagliola','27-nov-2001','Attaccante'),
  ('818481','Paganese Calcio 1926',15,'Marcello','Di Palma','1-jan-2002','Attaccante'),
  ('319289','SS Turris Calcio',1,'Alessandro','Abagnale','21-sep-1998','Portiere'),
  ('357990','SS Turris Calcio',12,'Flavio','Lonoce','20-feb-2000','Portiere'),
  ('392001','SS Turris Calcio',22,'Simone','Barone','18-mar-1999','Portiere'),
  ('109286','SS Turris Calcio',24,'Pasquale','Rainone','13-jul-1988','Difensore'),
  ('215624','SS Turris Calcio',5,'Filippo','Lorenzini','9-feb-1995','Difensore'),
  ('139497','SS Turris Calcio',16,'Francesco','Di Nunzio','8-nov-1985','Difensore'),
  ('523164','SS Turris Calcio',26,'Malick','Lame','2-aug-1998','Difensore'),
  ('736199','SS Turris Calcio',null,'Bruno','Giordano','4-jan-2003','Difensore'),
  ('426084','SS Turris Calcio',3,'Ciro','Loreto','2-sep-1998','Difensore'),
  ('355051','SS Turris Calcio',27,'Luigi','D''Ignazio','13-mar-1998','Difensore'),
  ('418879','SS Turris Calcio',15,'Mattia','Pitzalis','4-apr-2000','Difensore'),
  ('410372','SS Turris Calcio',2,'Stefano','Esempio','7-mar-1999','Difensore'),
  ('199792','SS Turris Calcio',20,'Johad','Ferretti','30-may-1994','Difensore'),
  ('392917','SS Turris Calcio',null,'Simone','D''Alessandro','22-may-1999','Difensore'),
  ('818564','SS Turris Calcio',null,'Francesco','D''Oriano','17-mar-2002','Difensore'),
  ('882740','SS Turris Calcio',null,'Antonio','Primicile','1-jan-2004','Centrocampista'),
  ('239105','SS Turris Calcio',4,'Daniele','Franco','29-aug-1994','Centrocampista'),
  ('238989','SS Turris Calcio',6,'Antonio','Romano','23-mar-1996','Centrocampista'),
  ('356144','SS Turris Calcio',29,'Simone','Tascone','18-dec-1997','Centrocampista'),
  ('163690','SS Turris Calcio',8,'Franco','Signorelli','1-jan-1991','Centrocampista'),
  ('577738','SS Turris Calcio',14,'Raffaele','Fabiano','2-oct-2000','Centrocampista'),
  ('463178','SS Turris Calcio',23,'Gabriele','Carannante','27-feb-1999','Centrocampista'),
  ('537668','SS Turris Calcio',25,'Nunzio','Brandi','10-may-2001','Centrocampista'),
  ('645198','SS Turris Calcio',null,'Giuseppe','Esposito','27-feb-2001','Centrocampista'),
  ('821894','SS Turris Calcio',null,'Daniele','Marchese','24-apr-2002','Centrocampista'),
  ('887614','SS Turris Calcio',null,'Angelo Pio','Capuozzo','20-aug-2003','Centrocampista'),
  ('274645','SS Turris Calcio',null,'Salvatore','Sandomenico','21-jan-1990','Attaccante'),
  ('443697','SS Turris Calcio',19,'Giuliano','Alma','27-jul-1993','Attaccante'),
  ('061520','SS Turris Calcio',10,'Luca','Giannone','2-jul-1989','Attaccante'),
  ('061800','SS Turris Calcio',33,'Franco','Da Dalt','10-sep-1987','Attaccante'),
  ('882767','SS Turris Calcio',null,'Gerardo','D''Oriano','1-jan-2003','Attaccante'),
  ('358734','SS Turris Calcio',11,'Alexandru','Boiciuc','21-aug-1997','Attaccante'),
  ('438021','SS Turris Calcio',null,'Luca','Pandolfi','14-mar-1998','Attaccante'),
  ('284622','SS Turris Calcio',9,'Fabio','Longo','1-aug-1987','Attaccante'),
  ('338333','SS Turris Calcio',18,'Mattia','Persano','21-sep-1996','Attaccante'),
  ('401802','SS Turris Calcio',13,'Danilo Giacinto','Ventola','11-sep-2000','Attaccante'),
  ('862296','SS Turris Calcio',21,'Oscar','Salazaro','24-apr-2001','Attaccante'),
  ('541282','AS Bisceglie 1913',1,'Antonio','Russo','1-feb-2000','Portiere'),
  ('367618','AS Bisceglie 1913',22,'Andrea','Spurio','22-oct-1998','Portiere'),
  ('395750','AS Bisceglie 1913',12,'Andrea','Loliva','29-mar-2000','Portiere'),
  ('789470','AS Bisceglie 1913',null,'Ruggiero','Sapri','1-jan-2004','Portiere'),
  ('195326','AS Bisceglie 1913',5,'Giusto','Priola','26-may-1990','Difensore'),
  ('082841','AS Bisceglie 1913',26,'Errico','Altobello','20-nov-1990','Difensore'),
  ('222017','AS Bisceglie 1913',31,'Yarin','Hassan','22-mar-1994','Difensore'),
  ('459305','AS Bisceglie 1913',4,'Mario','De Marino','23-jan-2000','Difensore'),
  ('383269','AS Bisceglie 1913',6,'Edoardo','Vona','16-dec-1996','Difensore'),
  ('455374','AS Bisceglie 1913',27,'Gianluca','Bassano','5-jan-1999','Difensore'),
  ('379092','AS Bisceglie 1913',3,'Maxime','Giron','15-sep-1994','Difensore'),
  ('542571','AS Bisceglie 1913',null,'Michele','Laraspata','2-jun-2001','Difensore'),
  ('392523','AS Bisceglie 1913',null,'Giuseppe','Tarantino','19-apr-1999','Difensore'),
  ('370434','AS Bisceglie 1913',null,'Salvatore','Pelliccia','23-jan-2000','Difensore'),
  ('463795','AS Bisceglie 1913',16,'Filippo','Gilli','19-oct-2000','Difensore'),
  ('872433','AS Bisceglie 1913',null,'Luigi','Barletta','1-jan-2003','Difensore'),
  ('198081','AS Bisceglie 1913',8,'Andrea','Cittadino','25-apr-1994','Centrocampista'),
  ('369908','AS Bisceglie 1913',null,'Giuseppe','Lauria','12-oct-1994','Centrocampista'),
  ('057659','AS Bisceglie 1913',20,'Marco','Romizi','13-feb-1990','Centrocampista'),
  ('170805','AS Bisceglie 1913',23,'Giuseppe','Maimone','2-mar-1994','Centrocampista'),
  ('121406','AS Bisceglie 1913',10,'Abdisalam','Ibrahim','1-may-1991','Centrocampista'),
  ('373375','AS Bisceglie 1913',null,'Luca','Cigliano','3-nov-1998','Centrocampista'),
  ('824121','AS Bisceglie 1913',13,'Nicola','Zagaria','1-jan-2002','Centrocampista'),
  ('611886','AS Bisceglie 1913',21,'Adriano','Casella','24-nov-2000','Centrocampista'),
  ('872448','AS Bisceglie 1913',null,'Brandon','Goffredo','1-jan-2001','Centrocampista'),
  ('550451','AS Bisceglie 1913',15,'Claudio','Ferrante','2-apr-2002','Centrocampista'),
  ('535765','AS Bisceglie 1913',7,'Mohamed','Mansour','1-aug-1995','Attaccante'),
  ('459152','AS Bisceglie 1913',28,'Matteo','Pedrini','16-jan-2000','Attaccante'),
  ('248649','AS Bisceglie 1913',24,'Francisco','Sartore','6-jul-1995','Attaccante'),
  ('604794','AS Bisceglie 1913',19,'Vincenzo','Vitale','26-nov-2000','Attaccante'),
  ('199629','AS Bisceglie 1913',null,'Fabio','Padulano','11-apr-1994','Attaccante'),
  ('397812','AS Bisceglie 1913',11,'Daniele','Rocco','6-feb-1990','Attaccante'),
  ('170936','AS Bisceglie 1913',14,'Yannick','Makota','20-jan-1992','Attaccante'),
  ('395357','AS Bisceglie 1913',18,'Antonino','Musso','14-sep-1999','Attaccante'),
  ('248400','AS Bisceglie 1913',9,'Giacomo','Cecconi','9-feb-1995','Attaccante'),
  ('434898','AS Bisceglie 1913',null,'Salvatore','Manfrellotti','12-jan-1994','Attaccante');

insert into Partite values
  ('IT3C0000',1,'Ternana Calcio','US Viterbese 1908',0,0),
  ('IT3C0001',3,'Ternana Calcio','Palermo FC',0,0),
  ('IT3C0002',5,'Ternana Calcio','Potenza Calcio',3,0),
  ('IT3C0003',7,'Ternana Calcio','Calcio Foggia 1920',2,0),
  ('IT3C0004',8,'Ternana Calcio','US Catanzaro',5,1),
  ('IT3C0005',10,'Ternana Calcio','Virtus Francavilla Calcio',1,0),
  ('IT3C0006',12,'Ternana Calcio','SS Teramo Calcio',3,0),
  ('IT3C0007',14,'Ternana Calcio','AS Bisceglie 1913',3,0),
  ('IT3C0008',16,'Ternana Calcio','SS Turris Calcio',2,2),
  ('IT3C0009',18,'Ternana Calcio','SS Monopoli 1966',2,1),
  ('IT3C0010',1,'US Avellino 1912','SS Turris Calcio',2,2),
  ('IT3C0011',3,'US Avellino 1912','AS Bisceglie 1913',4,2),
  ('IT3C0012',5,'US Avellino 1912','SS Juve Stabia',0,0),
  ('IT3C0013',7,'US Avellino 1912','Casertana FC',3,1),
  ('IT3C0014',9,'US Avellino 1912','US Catanzaro',1,3),
  ('IT3C0015',11,'US Avellino 1912','SS Monopoli 1966',4,0),
  ('IT3C0016',13,'US Avellino 1912','Calcio Catania',1,2),
  ('IT3C0017',15,'US Avellino 1912','Ternana Calcio',1,2),
  ('IT3C0018',17,'US Avellino 1912','US Vibonese',1,0),
  ('IT3C0019',19,'US Avellino 1912','Cavese 1919',1,0),
  ('IT3C0020',3,'US Catanzaro','Paganese Calcio 1926',1,0),
  ('IT3C0021',5,'US Catanzaro','Calcio Foggia 1920',2,1),
  ('IT3C0022',7,'US Catanzaro','Palermo FC',1,1),
  ('IT3C0023',10,'US Catanzaro','SS Teramo Calcio',1,0),
  ('IT3C0024',12,'US Catanzaro','Cavese 1919',2,1),
  ('IT3C0025',14,'US Catanzaro','SS Turris Calcio',3,1),
  ('IT3C0026',16,'US Catanzaro','SS Juve Stabia',2,2),
  ('IT3C0027',18,'US Catanzaro','US Viterbese 1908',0,0),
  ('IT3C0028',20,'US Catanzaro','Potenza Calcio',1,0),
  ('IT3C0029',2,'SSC Bari','SS Teramo Calcio',1,1),
  ('IT3C0030',7,'SSC Bari','Calcio Catania',4,1),
  ('IT3C0031',9,'SSC Bari','SS Juve Stabia',2,0),
  ('IT3C0032',11,'SSC Bari','Ternana Calcio',1,3),
  ('IT3C0033',13,'SSC Bari','US Catanzaro',1,0),
  ('IT3C0034',15,'SSC Bari','US Vibonese',0,0),
  ('IT3C0035',16,'SSC Bari','US Avellino 1912',4,1),
  ('IT3C0036',18,'SSC Bari','SS Turris Calcio',1,1),
  ('IT3C0037',20,'SSC Bari','Virtus Francavilla Calcio',4,1),
  ('IT3C0038',1,'SS Juve Stabia','SS Monopoli 1966',1,2),
  ('IT3C0039',4,'SS Juve Stabia','Virtus Francavilla Calcio',2,1),
  ('IT3C0040',6,'SS Juve Stabia','Cavese 1919',2,0),
  ('IT3C0041',8,'SS Juve Stabia','AS Bisceglie 1913',1,0),
  ('IT3C0042',10,'SS Juve Stabia','Palermo FC',1,2),
  ('IT3C0043',12,'SS Juve Stabia','US Viterbese 1908',2,0),
  ('IT3C0044',13,'SS Juve Stabia','Paganese Calcio 1926',1,1),
  ('IT3C0045',15,'SS Juve Stabia','Potenza Calcio',2,0),
  ('IT3C0046',17,'SS Juve Stabia','Casertana FC',0,2),
  ('IT3C0047',19,'SS Juve Stabia','Ternana Calcio',0,3),
  ('IT3C0048',1,'Calcio Catania','Paganese Calcio 1926',1,1),
  ('IT3C0049',3,'Calcio Catania','SS Juve Stabia',1,0),
  ('IT3C0050',6,'Calcio Catania','Ternana Calcio',1,3),
  ('IT3C0051',8,'Calcio Catania','US Vibonese',2,1),
  ('IT3C0052',10,'Calcio Catania','AS Bisceglie 1913',3,0),
  ('IT3C0053',12,'Calcio Catania','SS Turris Calcio',0,0),
  ('IT3C0054',14,'Calcio Catania','Cavese 1919',1,1),
  ('IT3C0055',17,'Calcio Catania','US Catanzaro',1,1),
  ('IT3C0056',19,'Calcio Catania','Calcio Foggia 1920',2,1),
  ('IT3C0057',2,'Palermo FC','Potenza Calcio',1,0),
  ('IT3C0058',4,'Palermo FC','US Avellino 1912',0,2),
  ('IT3C0059',6,'Palermo FC','SS Turris Calcio',0,1),
  ('IT3C0060',8,'Palermo FC','US Viterbese 1908',3,3),
  ('IT3C0061',9,'Palermo FC','Calcio Catania',1,1),
  ('IT3C0062',11,'Palermo FC','Paganese Calcio 1926',2,1),
  ('IT3C0063',13,'Palermo FC','SS Monopoli 1966',3,0),
  ('IT3C0064',15,'Palermo FC','Casertana FC',2,0),
  ('IT3C0065',17,'Palermo FC','SSC Bari',1,1),
  ('IT3C0066',19,'Palermo FC','Virtus Francavilla Calcio',1,2),
  ('IT3C0067',20,'Palermo FC','SS Teramo Calcio',1,1),
  ('IT3C0068',1,'SS Teramo Calcio','Palermo FC',2,0),
  ('IT3C0069',3,'SS Teramo Calcio','Calcio Foggia 1920',2,0),
  ('IT3C0070',5,'SS Teramo Calcio','Casertana FC',2,0),
  ('IT3C0071',7,'SS Teramo Calcio','SS Juve Stabia',1,0),
  ('IT3C0072',11,'SS Teramo Calcio','Calcio Catania',1,0),
  ('IT3C0073',14,'SS Teramo Calcio','US Vibonese',2,2),
  ('IT3C0074',16,'SS Teramo Calcio','Cavese 1919',1,1),
  ('IT3C0075',18,'SS Teramo Calcio','US Avellino 1912',1,1),
  ('IT3C0076',1,'Calcio Foggia 1920','AS Bisceglie 1913',1,3),
  ('IT3C0077',4,'Calcio Foggia 1920','Potenza Calcio',2,0),
  ('IT3C0078',6,'Calcio Foggia 1920','US Avellino 1912',1,2),
  ('IT3C0079',8,'Calcio Foggia 1920','SSC Bari',1,0),
  ('IT3C0080',10,'Calcio Foggia 1920','SS Turris Calcio',2,2),
  ('IT3C0081',12,'Calcio Foggia 1920','Virtus Francavilla Calcio',1,1),
  ('IT3C0082',14,'Calcio Foggia 1920','Palermo FC',2,0),
  ('IT3C0083',18,'Calcio Foggia 1920','SS Juve Stabia',1,1),
  ('IT3C0084',2,'Casertana FC','Calcio Foggia 1920',0,2),
  ('IT3C0085',4,'Casertana FC','Ternana Calcio',3,3),
  ('IT3C0086',6,'Casertana FC','US Catanzaro',0,0),
  ('IT3C0087',8,'Casertana FC','SS Turris Calcio',2,4),
  ('IT3C0088',10,'Casertana FC','US Vibonese',0,2),
  ('IT3C0089',12,'Casertana FC','SSC Bari',0,2),
  ('IT3C0090',14,'Casertana FC','SS Monopoli 1966',2,1),
  ('IT3C0091',16,'Casertana FC','US Viterbese 1908',0,3),
  ('IT3C0092',18,'Casertana FC','Calcio Catania',3,2),
  ('IT3C0093',2,'SS Monopoli 1966','Calcio Catania',0,1),
  ('IT3C0094',4,'SS Monopoli 1966','SS Teramo Calcio',0,2),
  ('IT3C0095',6,'SS Monopoli 1966','SSC Bari',0,0),
  ('IT3C0096',8,'SS Monopoli 1966','Virtus Francavilla Calcio',1,3),
  ('IT3C0097',10,'SS Monopoli 1966','US Viterbese 1908',1,1),
  ('IT3C0098',12,'SS Monopoli 1966','US Vibonese',2,0),
  ('IT3C0099',15,'SS Monopoli 1966','Calcio Foggia 1920',2,3),
  ('IT3C0100',17,'SS Monopoli 1966','Potenza Calcio',0,1),
  ('IT3C0101',19,'SS Monopoli 1966','US Catanzaro',1,1),
  ('IT3C0102',20,'SS Monopoli 1966','SS Juve Stabia',4,2),
  ('IT3C0103',2,'US Viterbese 1908','US Avellino 1912',0,1),
  ('IT3C0104',4,'US Viterbese 1908','SSC Bari',0,3),
  ('IT3C0105',6,'US Viterbese 1908','AS Bisceglie 1913',1,1),
  ('IT3C0106',9,'US Viterbese 1908','Paganese Calcio 1926',0,1),
  ('IT3C0107',13,'US Viterbese 1908','Calcio Foggia 1920',0,1),
  ('IT3C0108',15,'US Viterbese 1908','Calcio Catania',1,2),
  ('IT3C0109',17,'US Viterbese 1908','Virtus Francavilla Calcio',2,2),
  ('IT3C0110',19,'US Viterbese 1908','SS Teramo Calcio',1,0),
  ('IT3C0111',20,'US Viterbese 1908','Ternana Calcio',0,1),
  ('IT3C0112',1,'Potenza Calcio','US Catanzaro',2,1),
  ('IT3C0113',3,'Potenza Calcio','Casertana FC',2,2),
  ('IT3C0114',6,'Potenza Calcio','SS Teramo Calcio',1,1),
  ('IT3C0115',8,'Potenza Calcio','Cavese 1919',4,4),
  ('IT3C0116',10,'Potenza Calcio','SSC Bari',1,4),
  ('IT3C0117',12,'Potenza Calcio','US Avellino 1912',0,1),
  ('IT3C0118',14,'Potenza Calcio','US Viterbese 1908',2,3),
  ('IT3C0119',16,'Potenza Calcio','Calcio Catania',0,1),
  ('IT3C0120',18,'Potenza Calcio','Paganese Calcio 1926',1,0),
  ('IT3C0121',2,'SS Turris Calcio','Virtus Francavilla Calcio',1,0),
  ('IT3C0122',3,'SS Turris Calcio','US Viterbese 1908',2,1),
  ('IT3C0123',5,'SS Turris Calcio','SS Monopoli 1966',1,1),
  ('IT3C0124',7,'SS Turris Calcio','Paganese Calcio 1926',0,3),
  ('IT3C0125',9,'SS Turris Calcio','Potenza Calcio',0,2),
  ('IT3C0126',11,'SS Turris Calcio','SS Juve Stabia',1,1),
  ('IT3C0127',15,'SS Turris Calcio','SS Teramo Calcio',1,1),
  ('IT3C0128',17,'SS Turris Calcio','Cavese 1919',2,0),
  ('IT3C0129',19,'SS Turris Calcio','US Vibonese',1,1),
  ('IT3C0130',20,'SS Turris Calcio','US Avellino 1912',0,2),
  ('IT3C0131',1,'Virtus Francavilla Calcio','SSC Bari',2,3),
  ('IT3C0132',3,'Virtus Francavilla Calcio','US Vibonese',2,2),
  ('IT3C0133',5,'Virtus Francavilla Calcio','Calcio Catania',0,1),
  ('IT3C0134',7,'Virtus Francavilla Calcio','Potenza Calcio',2,1),
  ('IT3C0135',9,'Virtus Francavilla Calcio','Casertana FC',1,3),
  ('IT3C0136',11,'Virtus Francavilla Calcio','US Catanzaro',1,1),
  ('IT3C0137',13,'Virtus Francavilla Calcio','SS Teramo Calcio',1,1),
  ('IT3C0138',14,'Virtus Francavilla Calcio','US Avellino 1912',1,0),
  ('IT3C0139',16,'Virtus Francavilla Calcio','AS Bisceglie 1913',2,1),
  ('IT3C0140',2,'US Vibonese','SS Juve Stabia',0,1),
  ('IT3C0141',4,'US Vibonese','US Catanzaro',0,0),
  ('IT3C0142',5,'US Vibonese','Paganese Calcio 1926',5,2),
  ('IT3C0143',7,'US Vibonese','US Viterbese 1908',2,2),
  ('IT3C0144',9,'US Vibonese','Calcio Foggia 1920',1,1),
  ('IT3C0145',11,'US Vibonese','Potenza Calcio',1,0),
  ('IT3C0146',13,'US Vibonese','Ternana Calcio',2,3),
  ('IT3C0147',16,'US Vibonese','Palermo FC',0,0),
  ('IT3C0148',18,'US Vibonese','AS Bisceglie 1913',1,1),
  ('IT3C0149',20,'US Vibonese','Cavese 1919',1,1),
  ('IT3C0150',2,'Paganese Calcio 1926','Ternana Calcio',0,3),
  ('IT3C0151',4,'Paganese Calcio 1926','Cavese 1919',0,0),
  ('IT3C0152',6,'Paganese Calcio 1926','Virtus Francavilla Calcio',0,0),
  ('IT3C0153',8,'Paganese Calcio 1926','SS Teramo Calcio',1,2),
  ('IT3C0154',10,'Paganese Calcio 1926','US Avellino 1912',1,1),
  ('IT3C0155',12,'Paganese Calcio 1926','AS Bisceglie 1913',1,1),
  ('IT3C0156',14,'Paganese Calcio 1926','SSC Bari',0,1),
  ('IT3C0157',16,'Paganese Calcio 1926','SS Monopoli 1966',0,3),
  ('IT3C0158',17,'Paganese Calcio 1926','Calcio Foggia 1920',1,4),
  ('IT3C0159',19,'Paganese Calcio 1926','Casertana FC',1,3),
  ('IT3C0160',20,'Paganese Calcio 1926','Calcio Catania',0,0),
  ('IT3C0161',2,'AS Bisceglie 1913','Cavese 1919',0,1),
  ('IT3C0162',4,'AS Bisceglie 1913','SS Turris Calcio',0,1),
  ('IT3C0163',5,'AS Bisceglie 1913','Palermo FC',2,1),
  ('IT3C0164',9,'AS Bisceglie 1913','SS Monopoli 1966',1,1),
  ('IT3C0165',11,'AS Bisceglie 1913','Casertana FC',0,1),
  ('IT3C0166',13,'AS Bisceglie 1913','Potenza Calcio',1,1),
  ('IT3C0167',15,'AS Bisceglie 1913','US Catanzaro',1,3),
  ('IT3C0168',17,'AS Bisceglie 1913','SS Teramo Calcio',1,0),
  ('IT3C0169',19,'AS Bisceglie 1913','SSC Bari',0,1),
  ('IT3C0170',20,'AS Bisceglie 1913','Calcio Foggia 1920',0,0),
  ('IT3C0171',1,'Cavese 1919','US Vibonese',0,1),
  ('IT3C0172',3,'Cavese 1919','SSC Bari',2,3),
  ('IT3C0173',5,'Cavese 1919','US Viterbese 1908',0,2),
  ('IT3C0174',7,'Cavese 1919','SS Monopoli 1966',0,1),
  ('IT3C0175',9,'Cavese 1919','Ternana Calcio',0,5),
  ('IT3C0176',11,'Cavese 1919','Calcio Foggia 1920',0,1),
  ('IT3C0177',13,'Cavese 1919','Casertana FC',0,1),
  ('IT3C0178',15,'Cavese 1919','Virtus Francavilla Calcio',0,0),
  ('IT3C0179',18,'Cavese 1919','Palermo FC',0,1);

insert into Gol values
  ('IT3C0002',15,'182517',false),
  ('IT3C0002',41,'149810',false),
  ('IT3C0002',87,'218306',false),
  ('IT3C0003',21,'182517',false),
  ('IT3C0003',69,'218306',false),
  ('IT3C0004',17,'182517',false),
  ('IT3C0004',36,'043206',false),
  ('IT3C0004',52,'218306',false),
  ('IT3C0004',59,'287863',false),
  ('IT3C0004',65,'240789',false),
  ('IT3C0004',92,'176023',false),
  ('IT3C0005',64,'195199',false),
  ('IT3C0006',6,'182517',false),
  ('IT3C0006',51,'218306',false),
  ('IT3C0006',74,'056764',false),
  ('IT3C0007',8,'088688',false),
  ('IT3C0007',40,'198137',false),
  ('IT3C0007',50,'182517',false),
  ('IT3C0008',13,'218306',false),
  ('IT3C0008',20,'438021',false),
  ('IT3C0008',26,'438021',false),
  ('IT3C0008',75,'218306',false),
  ('IT3C0009',9,'022155',false),
  ('IT3C0009',44,'288061',false),
  ('IT3C0009',61,'038589',false),
  ('IT3C0010',26,'164220',false),
  ('IT3C0010',73,'331432',false),
  ('IT3C0010',85,'338333',false),
  ('IT3C0010',92,'238989',false),
  ('IT3C0011',4,'163195',false),
  ('IT3C0011',49,'199896',false),
  ('IT3C0011',67,'248649',false),
  ('IT3C0011',72,'164220',false),
  ('IT3C0011',83,'199896',false),
  ('IT3C0011',93,'395357',false),
  ('IT3C0013',14,'355451',false),
  ('IT3C0013',29,'052135',false),
  ('IT3C0013',59,'052135',false),
  ('IT3C0013',86,'411666',false),
  ('IT3C0014',31,'199896',false),
  ('IT3C0014',42,'084741',false),
  ('IT3C0014',58,'402114',false),
  ('IT3C0014',76,'144109',false),
  ('IT3C0015',10,'457982',false),
  ('IT3C0015',13,'343827',false),
  ('IT3C0015',16,'385394',false),
  ('IT3C0015',87,'199896',false),
  ('IT3C0016',50,'146618',true),
  ('IT3C0016',67,'658729',false),
  ('IT3C0016',90,'052135',false),
  ('IT3C0017',9,'022155',false),
  ('IT3C0017',38,'265967',false),
  ('IT3C0017',90,'124155',false),
  ('IT3C0018',53,'057473',true),
  ('IT3C0019',10,'411666',false),
  ('IT3C0020',56,'167826',false),
  ('IT3C0021',16,'005852',false),
  ('IT3C0021',33,'138816',false),
  ('IT3C0021',72,'043206',false),
  ('IT3C0022',74,'005852',false),
  ('IT3C0022',88,'005852',true),
  ('IT3C0023',72,'043206',false),
  ('IT3C0024',62,'317717',false),
  ('IT3C0024',85,'144109',false),
  ('IT3C0024',92,'039984',false),
  ('IT3C0025',23,'410372',false),
  ('IT3C0025',44,'317717',false),
  ('IT3C0025',80,'005852',false),
  ('IT3C0025',95,'084741',false),
  ('IT3C0026',43,'156406',false),
  ('IT3C0026',69,'334341',false),
  ('IT3C0026',76,'286259',false),
  ('IT3C0026',86,'409592',false),
  ('IT3C0028',94,'084741',false),
  ('IT3C0029',2,'093292',false),
  ('IT3C0029',63,'200167',false),
  ('IT3C0030',10,'119355',true),
  ('IT3C0030',40,'003159',false),
  ('IT3C0030',64,'084763',false),
  ('IT3C0030',84,'094943',false),
  ('IT3C0031',21,'084763',false),
  ('IT3C0031',41,'083458',false),
  ('IT3C0032',21,'182517',false),
  ('IT3C0032',42,'119355',false),
  ('IT3C0032',47,'182517',false),
  ('IT3C0032',88,'088688',false),
  ('IT3C0033',57,'083458',false),
  ('IT3C0035',14,'198128',false),
  ('IT3C0035',16,'200167',false),
  ('IT3C0035',26,'083458',false),
  ('IT3C0035',41,'083458',false),
  ('IT3C0035',93,'457982',false),
  ('IT3C0036',29,'061520',false),
  ('IT3C0036',39,'341498',false),
  ('IT3C0037',34,'083458',false),
  ('IT3C0037',36,'391058',false),
  ('IT3C0037',40,'198128',false),
  ('IT3C0037',54,'198128',false),
  ('IT3C0037',68,'083458',false),
  ('IT3C0038',37,'130378',false),
  ('IT3C0038',62,'289040',true),
  ('IT3C0038',69,'288061',false),
  ('IT3C0039',51,'459649',false),
  ('IT3C0039',81,'390720',false),
  ('IT3C0039',93,'130378',false),
  ('IT3C0040',60,'287307',false),
  ('IT3C0040',94,'355929',false),
  ('IT3C0041',85,'291522',false),
  ('IT3C0042',5,'429304',false),
  ('IT3C0042',73,'198929',false),
  ('IT3C0042',96,'287307',false),
  ('IT3C0043',4,'130378',false),
  ('IT3C0043',50,'291522',false),
  ('IT3C0044',12,'130378',false),
  ('IT3C0044',38,'073934',false),
  ('IT3C0045',32,'334341',false),
  ('IT3C0045',77,'127264',false),
  ('IT3C0046',44,'043895',false),
  ('IT3C0046',91,'085261',false),
  ('IT3C0047',28,'256659',false),
  ('IT3C0047',43,'163600',false),
  ('IT3C0047',51,'022155',false),
  ('IT3C0048',15,'537360',false),
  ('IT3C0049',23,'060732',false),
  ('IT3C0050',42,'182517',false),
  ('IT3C0050',59,'240789',false),
  ('IT3C0050',67,'038589',false),
  ('IT3C0050',81,'355482',false),
  ('IT3C0051',20,'168346',false),
  ('IT3C0051',64,'658729',false),
  ('IT3C0051',88,'348520',false),
  ('IT3C0052',4,'278580',false),
  ('IT3C0052',42,'168189',false),
  ('IT3C0052',81,'195326',true),
  ('IT3C0054',35,'658729',false),
  ('IT3C0054',58,'020590',false),
  ('IT3C0055',8,'402114',false),
  ('IT3C0055',87,'485083',false),
  ('IT3C0056',15,'167443',false),
  ('IT3C0056',46,'110929',false),
  ('IT3C0056',51,'041986',false),
  ('IT3C0057',86,'162946',false),
  ('IT3C0058',20,'343827',false),
  ('IT3C0058',57,'199896',false),
  ('IT3C0059',95,'438021',false),
  ('IT3C0060',57,'572265',false),
  ('IT3C0060',65,'456871',false),
  ('IT3C0060',68,'242965',false),
  ('IT3C0060',76,'429304',false),
  ('IT3C0060',81,'196646',false),
  ('IT3C0060',91,'572265',false),
  ('IT3C0061',15,'201734',false),
  ('IT3C0061',80,'658729',false),
  ('IT3C0062',11,'417896',false),
  ('IT3C0062',33,'429304',false),
  ('IT3C0062',52,'204497',false),
  ('IT3C0063',20,'163542',false),
  ('IT3C0063',23,'041780',false),
  ('IT3C0063',75,'429304',false),
  ('IT3C0064',19,'417896',false),
  ('IT3C0064',71,'572265',false),
  ('IT3C0065',45,'341498',false),
  ('IT3C0065',88,'572265',false),
  ('IT3C0066',37,'383876',false),
  ('IT3C0066',67,'391058',false),
  ('IT3C0066',87,'287632',false),
  ('IT3C0067',20,'468192',false),
  ('IT3C0067',30,'572265',false),
  ('IT3C0068',57,'392515',false),
  ('IT3C0068',80,'460007',false),
  ('IT3C0069',48,'349033',false),
  ('IT3C0069',84,'409614',false),
  ('IT3C0070',3,'202977',false),
  ('IT3C0070',21,'119357',false),
  ('IT3C0071',49,'106126',false),
  ('IT3C0072',3,'119357',false),
  ('IT3C0073',12,'348520',false),
  ('IT3C0073',27,'132460',false),
  ('IT3C0073',71,'132460',false),
  ('IT3C0073',82,'287564',false),
  ('IT3C0074',52,'020590',false),
  ('IT3C0074',81,'349033',false),
  ('IT3C0075',9,'093292',false),
  ('IT3C0075',56,'343827',false),
  ('IT3C0076',10,'138816',false),
  ('IT3C0076',13,'198081',false),
  ('IT3C0076',72,'397812',false),
  ('IT3C0076',95,'198081',false),
  ('IT3C0077',43,'525586',false),
  ('IT3C0077',73,'110929',false),
  ('IT3C0078',35,'343827',false),
  ('IT3C0078',63,'164220',false),
  ('IT3C0078',86,'615180',false),
  ('IT3C0079',41,'138816',false),
  ('IT3C0080',18,'284622',false),
  ('IT3C0080',45,'138816',false),
  ('IT3C0080',53,'438021',false),
  ('IT3C0080',68,'138816',false),
  ('IT3C0081',52,'257118',false),
  ('IT3C0081',82,'391058',false),
  ('IT3C0082',17,'459892',false),
  ('IT3C0082',36,'257118',false),
  ('IT3C0083',62,'164088',false),
  ('IT3C0083',87,'110929',false),
  ('IT3C0084',10,'257118',false),
  ('IT3C0084',55,'615180',false),
  ('IT3C0085',31,'233654',false),
  ('IT3C0085',38,'315846',false),
  ('IT3C0085',48,'218306',false),
  ('IT3C0085',50,'256659',false),
  ('IT3C0085',84,'088688',false),
  ('IT3C0085',90,'352704',false),
  ('IT3C0087',9,'061520',false),
  ('IT3C0087',22,'085261',false),
  ('IT3C0087',42,'238989',false),
  ('IT3C0087',60,'239106',false),
  ('IT3C0087',67,'239105',false),
  ('IT3C0087',70,'438021',false),
  ('IT3C0088',45,'355611',false),
  ('IT3C0088',86,'348520',false),
  ('IT3C0089',45,'083458',false),
  ('IT3C0089',88,'084763',false),
  ('IT3C0090',10,'352704',false),
  ('IT3C0090',36,'239106',false),
  ('IT3C0090',47,'389581',false),
  ('IT3C0091',19,'311328',false),
  ('IT3C0091',50,'339782',false),
  ('IT3C0091',63,'339782',false),
  ('IT3C0092',17,'043895',false),
  ('IT3C0092',20,'041986',false),
  ('IT3C0092',47,'240338',false),
  ('IT3C0092',65,'352704',false),
  ('IT3C0092',74,'485083',false),
  ('IT3C0093',52,'036753',false),
  ('IT3C0094',1,'119357',false),
  ('IT3C0094',19,'132460',false),
  ('IT3C0096',29,'389581',false),
  ('IT3C0096',38,'355924',false),
  ('IT3C0096',72,'098854',false),
  ('IT3C0096',91,'039829',true),
  ('IT3C0097',61,'417772',false),
  ('IT3C0097',76,'242965',false),
  ('IT3C0098',37,'288061',false),
  ('IT3C0098',46,'288061',false),
  ('IT3C0099',5,'138816',false),
  ('IT3C0099',15,'208077',false),
  ('IT3C0099',30,'658244',false),
  ('IT3C0099',42,'138816',false),
  ('IT3C0099',86,'399336',false),
  ('IT3C0100',15,'537509',false),
  ('IT3C0101',55,'321065',false),
  ('IT3C0101',90,'137110',true),
  ('IT3C0102',5,'334341',false),
  ('IT3C0102',9,'164088',false),
  ('IT3C0102',38,'288061',false),
  ('IT3C0102',46,'260416',false),
  ('IT3C0102',85,'266217',false),
  ('IT3C0102',95,'288061',false),
  ('IT3C0103',95,'343827',false),
  ('IT3C0104',5,'083458',false),
  ('IT3C0104',39,'003159',false),
  ('IT3C0104',45,'341498',false),
  ('IT3C0105',15,'339782',false),
  ('IT3C0105',90,'248649',false),
  ('IT3C0106',76,'537360',false),
  ('IT3C0107',65,'257118',false),
  ('IT3C0108',53,'337810',false),
  ('IT3C0108',78,'658729',false),
  ('IT3C0108',94,'278580',false),
  ('IT3C0109',26,'055794',false),
  ('IT3C0109',30,'288799',false),
  ('IT3C0109',35,'055794',false),
  ('IT3C0109',64,'450167',false),
  ('IT3C0110',43,'108581',false),
  ('IT3C0111',40,'088688',false),
  ('IT3C0112',1,'707100',false),
  ('IT3C0112',26,'254997',false),
  ('IT3C0112',74,'043206',false),
  ('IT3C0113',27,'254997',false),
  ('IT3C0113',31,'240338',false),
  ('IT3C0113',42,'331472',false),
  ('IT3C0113',65,'352704',false),
  ('IT3C0114',33,'285754',false),
  ('IT3C0114',67,'409614',false),
  ('IT3C0115',11,'020590',false),
  ('IT3C0115',25,'285754',false),
  ('IT3C0115',37,'386847',false),
  ('IT3C0115',41,'285754',false),
  ('IT3C0115',60,'402555',false),
  ('IT3C0115',65,'402555',false),
  ('IT3C0115',67,'145592',false),
  ('IT3C0115',81,'103001',false),
  ('IT3C0116',43,'198128',false),
  ('IT3C0116',49,'198128',false),
  ('IT3C0116',54,'119355',false),
  ('IT3C0116',61,'285754',false),
  ('IT3C0116',72,'274760',false),
  ('IT3C0117',69,'052135',false),
  ('IT3C0118',15,'285754',false),
  ('IT3C0118',40,'285754',false),
  ('IT3C0118',50,'196646',false),
  ('IT3C0118',56,'196646',false),
  ('IT3C0118',94,'456871',false),
  ('IT3C0119',84,'278580',false),
  ('IT3C0120',4,'127228',false),
  ('IT3C0121',28,'061520',false),
  ('IT3C0122',24,'239105',false),
  ('IT3C0122',26,'351955',false),
  ('IT3C0122',46,'239105',false),
  ('IT3C0123',49,'438021',false),
  ('IT3C0123',81,'507354',false),
  ('IT3C0124',10,'198976',false),
  ('IT3C0124',20,'375320',false),
  ('IT3C0124',85,'457472',false),
  ('IT3C0125',56,'285754',false),
  ('IT3C0125',76,'285754',false),
  ('IT3C0126',11,'250122',false),
  ('IT3C0126',47,'109286',false),
  ('IT3C0127',19,'392515',false),
  ('IT3C0127',70,'061520',false),
  ('IT3C0128',18,'061520',false),
  ('IT3C0128',19,'061520',false),
  ('IT3C0129',33,'348520',false),
  ('IT3C0129',88,'238989',false),
  ('IT3C0130',23,'163195',false),
  ('IT3C0130',67,'052135',false),
  ('IT3C0131',5,'083458',false),
  ('IT3C0131',18,'331199',false),
  ('IT3C0131',30,'341498',false),
  ('IT3C0131',34,'098854',false),
  ('IT3C0131',45,'148941',false),
  ('IT3C0132',36,'355611',false),
  ('IT3C0132',52,'391058',false),
  ('IT3C0132',65,'348520',false),
  ('IT3C0132',82,'288799',false),
  ('IT3C0133',43,'278580',false),
  ('IT3C0134',29,'285754',false),
  ('IT3C0134',56,'108989',false),
  ('IT3C0134',62,'386577',false),
  ('IT3C0135',22,'240338',false),
  ('IT3C0135',51,'352704',false),
  ('IT3C0135',70,'355451',false),
  ('IT3C0135',77,'355924',false),
  ('IT3C0136',37,'123641',false),
  ('IT3C0136',41,'295659',false),
  ('IT3C0137',3,'391058',false),
  ('IT3C0137',37,'460007',false),
  ('IT3C0138',2,'288799',false),
  ('IT3C0139',37,'288799',false),
  ('IT3C0139',52,'395787',false),
  ('IT3C0139',94,'170936',false),
  ('IT3C0140',87,'287307',false),
  ('IT3C0142',11,'426034',false),
  ('IT3C0142',19,'074304',false),
  ('IT3C0142',51,'397860',false),
  ('IT3C0142',57,'198976',false),
  ('IT3C0142',59,'238986',false),
  ('IT3C0142',75,'083120',false),
  ('IT3C0142',90,'254708',false),
  ('IT3C0143',2,'339782',false),
  ('IT3C0143',34,'074304',false),
  ('IT3C0143',45,'242965',false),
  ('IT3C0143',74,'348520',false),
  ('IT3C0144',8,'459892',false),
  ('IT3C0144',24,'426034',false),
  ('IT3C0145',86,'392508',false),
  ('IT3C0146',38,'038595',false),
  ('IT3C0146',59,'348520',false),
  ('IT3C0146',77,'197476',false),
  ('IT3C0146',81,'022155',false),
  ('IT3C0146',92,'022155',false),
  ('IT3C0148',11,'348520',false),
  ('IT3C0148',17,'535765',false),
  ('IT3C0149',19,'355611',false),
  ('IT3C0149',20,'127264',false),
  ('IT3C0150',9,'022155',false),
  ('IT3C0150',20,'287690',false),
  ('IT3C0150',38,'218306',false),
  ('IT3C0153',22,'119357',false),
  ('IT3C0153',56,'537360',false),
  ('IT3C0153',90,'119357',false),
  ('IT3C0154',43,'198976',false),
  ('IT3C0154',70,'265967',false),
  ('IT3C0155',22,'198976',false),
  ('IT3C0155',87,'395357',false),
  ('IT3C0156',33,'084763',false),
  ('IT3C0157',50,'260416',false),
  ('IT3C0157',56,'240955',false),
  ('IT3C0157',90,'397357',false),
  ('IT3C0158',4,'459892',false),
  ('IT3C0158',27,'459892',false),
  ('IT3C0158',43,'204497',false),
  ('IT3C0158',51,'138816',false),
  ('IT3C0158',70,'257118',false),
  ('IT3C0159',7,'198976',false),
  ('IT3C0159',57,'085261',false),
  ('IT3C0159',70,'352704',false),
  ('IT3C0159',72,'355451',false),
  ('IT3C0161',53,'145592',false),
  ('IT3C0162',41,'061520',false),
  ('IT3C0163',18,'170805',false),
  ('IT3C0163',33,'535765',false),
  ('IT3C0163',87,'162946',false),
  ('IT3C0164',56,'389581',false),
  ('IT3C0164',95,'198081',false),
  ('IT3C0165',46,'352704',false),
  ('IT3C0166',10,'285754',false),
  ('IT3C0166',66,'535765',false),
  ('IT3C0167',12,'198081',false),
  ('IT3C0167',38,'402114',false),
  ('IT3C0167',48,'061598',false),
  ('IT3C0167',62,'005852',false),
  ('IT3C0168',79,'395357',false),
  ('IT3C0169',86,'083458',false),
  ('IT3C0171',58,'533807',false),
  ('IT3C0172',24,'200167',false),
  ('IT3C0172',60,'391698',false),
  ('IT3C0172',81,'083458',false),
  ('IT3C0172',87,'392540',false),
  ('IT3C0172',90,'200167',false),
  ('IT3C0173',4,'242965',false),
  ('IT3C0173',34,'339782',false),
  ('IT3C0174',32,'273131',false),
  ('IT3C0175',4,'218306',false),
  ('IT3C0175',49,'022155',false),
  ('IT3C0175',51,'022155',false),
  ('IT3C0175',64,'198137',false),
  ('IT3C0175',76,'088688',false),
  ('IT3C0176',55,'138816',false),
  ('IT3C0177',85,'240338',false),
  ('IT3C0179',92,'417896',false);
