/* File created by scraping https://www.transfermarkt.com using Antonio Cardin's program */

insert into Squadre values
  ('Bayern Munich','München','Nagelsmann'),
  ('Borussia Dortmund','Dortmund','Rose'),
  ('RB Leipzig','Leipzig','Tedesco'),
  ('Bayer 04 Leverkusen','Leverkusen','Seoane'),
  ('VfL Wolfsburg','Wolfsburg','Kohfeldt'),
  ('Borussia Mönchengladbach','Mönchengladbach','Hütter'),
  ('Eintracht Frankfurt','Frankfurt am Main','Glasner'),
  ('TSG 1899 Hoffenheim','Zuzenhausen','Hoeneß'),
  ('VfB Stuttgart','Stuttgart','Matarazzo'),
  ('SC Freiburg','Freiburg im Breisgau','Streich'),
  ('1.FSV Mainz 05','Mainz','Svensson'),
  ('Hertha BSC','Berlin','Korkut'),
  ('FC Augsburg','Augsburg','Weinzierl'),
  ('1. FC Köln','Köln','Baumgart'),
  ('1.FC Union Berlin','Berlin','Fischer'),
  ('Arminia Bielefeld','Bielefeld','Kramer'),
  ('VfL Bochum','Bochum','Reis'),
  ('SpVgg Greuther Fürth','Fürth','Leitl');

insert into Giocatori values
  ('017259','Bayern Munich',1,'Manuel','Neuer','27-mar-1986','Portiere'),
  ('040680','Bayern Munich',26,'Sven','Ulreich','3-aug-1988','Portiere'),
  ('336307','Bayern Munich',36,'Christian','Früchtl','28-jan-2000','Portiere'),
  ('344695','Bayern Munich',2,'Dayot','Upamecano','27-oct-1998','Difensore'),
  ('281963','Bayern Munich',21,'Lucas','Hernández','14-feb-1996','Difensore'),
  ('166601','Bayern Munich',4,'Niklas','Süle','3-sep-1995','Difensore'),
  ('538996','Bayern Munich',23,'Tanguy','Nianzou','7-jun-2002','Difensore'),
  ('424204','Bayern Munich',19,'Alphonso','Davies','2-nov-2000','Difensore'),
  ('424881','Bayern Munich',3,'Omar','Richards','15-feb-1998','Difensore'),
  ('353366','Bayern Munich',5,'Benjamin','Pavard','28-mar-1996','Difensore'),
  ('483046','Bayern Munich',44,'Josip','Stanisic','2-apr-2000','Difensore'),
  ('190685','Bayern Munich',20,'Bouna','Sarr','31-jan-1992','Difensore'),
  ('161056','Bayern Munich',6,'Joshua','Kimmich','8-feb-1995','Centrocampista'),
  ('336869','Bayern Munich',22,'Marc','Roca','26-nov-1996','Centrocampista'),
  ('153084','Bayern Munich',8,'Leon','Goretzka','6-feb-1995','Centrocampista'),
  ('106987','Bayern Munich',18,'Marcel','Sabitzer','17-mar-1994','Centrocampista'),
  ('190393','Bayern Munich',24,'Corentin','Tolisso','3-aug-1994','Centrocampista'),
  ('580195','Bayern Munich',42,'Jamal','Musiala','26-feb-2003','Centrocampista'),
  ('467437','Bayern Munich',40,'Malik','Tillman','28-may-2002','Centrocampista'),
  ('900909','Bayern Munich',14,'Paul','Wanner','23-dec-2005','Centrocampista'),
  ('192565','Bayern Munich',10,'Leroy','Sané','11-jan-1996','Attaccante'),
  ('159471','Bayern Munich',7,'Serge','Gnabry','14-jul-1995','Attaccante'),
  ('243714','Bayern Munich',11,'Kingsley','Coman','13-jun-1996','Attaccante'),
  ('058358','Bayern Munich',25,'Thomas','Müller','13-sep-1989','Attaccante'),
  ('038253','Bayern Munich',9,'Robert','Lewandowski','21-aug-1988','Attaccante'),
  ('045660','Bayern Munich',13,'Eric Maxim','Choupo-Moting','23-mar-1989','Attaccante'),
  ('257814','Borussia Dortmund',1,'Gregor','Kobel','6-dec-1997','Portiere'),
  ('059027','Borussia Dortmund',38,'Roman','Bürki','14-nov-1990','Portiere'),
  ('388815','Borussia Dortmund',25,'Luca','Unbehaun','27-feb-2001','Portiere'),
  ('059238','Borussia Dortmund',35,'Marwin','Hitz','18-sep-1987','Portiere'),
  ('388067','Borussia Dortmund',40,'Stefan','Drljaca','20-apr-1999','Portiere'),
  ('284730','Borussia Dortmund',16,'Manuel','Akanji','19-jul-1995','Difensore'),
  ('344598','Borussia Dortmund',5,'Dan-Axel','Zagadou','3-jun-1999','Difensore'),
  ('039728','Borussia Dortmund',15,'Mats','Hummels','16-dec-1988','Difensore'),
  ('282144','Borussia Dortmund',34,'Marin','Pongracic','11-sep-1997','Difensore'),
  ('659513','Borussia Dortmund',4,'Soumaïla','Coulibaly','14-oct-2003','Difensore'),
  ('170986','Borussia Dortmund',13,'Raphaël','Guerreiro','22-dec-1993','Difensore'),
  ('085867','Borussia Dortmund',14,'Nico','Schulz','1-apr-1993','Difensore'),
  ('035208','Borussia Dortmund',29,'Marcel','Schmelzer','22-jan-1988','Difensore'),
  ('100986','Borussia Dortmund',24,'Thomas','Meunier','12-sep-1991','Difensore'),
  ('388513','Borussia Dortmund',2,'Mateu','Morey Bauzà','2-mar-2000','Difensore'),
  ('274461','Borussia Dortmund',30,'Felix','Passlack','29-may-1998','Difensore'),
  ('119296','Borussia Dortmund',23,'Emre','Can','12-jan-1994','Centrocampista'),
  ('035047','Borussia Dortmund',28,'Axel','Witsel','12-jan-1989','Centrocampista'),
  ('718232','Borussia Dortmund',32,'Abdoulaye','Kamara','6-nov-2004','Centrocampista'),
  ('581678','Borussia Dortmund',22,'Jude','Bellingham','29-jun-2003','Centrocampista'),
  ('191422','Borussia Dortmund',8,'Mahmoud','Dahoud','1-jan-1996','Centrocampista'),
  ('504215','Borussia Dortmund',7,'Giovanni','Reyna','13-nov-2002','Centrocampista'),
  ('187492','Borussia Dortmund',19,'Julian','Brandt','2-may-1996','Centrocampista'),
  ('035207','Borussia Dortmund',11,'Marco','Reus','31-may-1989','Centrocampista'),
  ('627226','Borussia Dortmund',20,'Reinier','null','19-jan-2002','Centrocampista'),
  ('102226','Borussia Dortmund',10,'Thorgan','Hazard','29-mar-1993','Attaccante'),
  ('193900','Borussia Dortmund',39,'Marius','Wolf','27-may-1995','Attaccante'),
  ('418560','Borussia Dortmund',9,'Erling','Haaland','21-jul-2000','Attaccante'),
  ('326029','Borussia Dortmund',21,'Donyell','Malen','19-jan-1999','Attaccante'),
  ('467720','Borussia Dortmund',18,'Youssoufa','Moukoko','20-nov-2004','Attaccante'),
  ('296879','Borussia Dortmund',27,'Steffen','Tigges','31-jul-1998','Attaccante'),
  ('057071','RB Leipzig',1,'Péter','Gulácsi','6-may-1990','Portiere'),
  ('388516','RB Leipzig',31,'Josep','Martínez','27-may-1998','Portiere'),
  ('021726','RB Leipzig',13,'Philipp','Tschauner','3-nov-1985','Portiere'),
  ('692463','RB Leipzig',29,'Fabian','Eutinger','12-oct-2003','Portiere'),
  ('475959','RB Leipzig',32,'Josko','Gvardiol','23-jan-2002','Difensore'),
  ('215599','RB Leipzig',16,'Lukas','Klostermann','3-jun-1996','Difensore'),
  ('666234','RB Leipzig',2,'Mohamed','Simakan','3-may-2000','Difensore'),
  ('093740','RB Leipzig',4,'Willi','Orbán','3-nov-1992','Difensore'),
  ('070243','RB Leipzig',23,'Marcel','Halstenberg','27-sep-1991','Difensore'),
  ('348026','RB Leipzig',22,'Nordi','Mukiele','1-nov-1997','Difensore'),
  ('202591','RB Leipzig',39,'Benjamin','Henrichs','23-feb-1997','Difensore'),
  ('508637','RB Leipzig',35,'Solomon','Bonnah','19-aug-2003','Difensore'),
  ('332705','RB Leipzig',14,'Tyler','Adams','14-feb-1999','Centrocampista'),
  ('223967','RB Leipzig',27,'Konrad','Laimer','27-may-1997','Centrocampista'),
  ('402008','RB Leipzig',8,'Amadou','Haidara','31-jan-1998','Centrocampista'),
  ('053418','RB Leipzig',44,'Kevin','Kampl','9-oct-1990','Centrocampista'),
  ('717345','RB Leipzig',37,'Sidney','Raebiger','17-apr-2005','Centrocampista'),
  ('692462','RB Leipzig',46,'Ben','Klefisch','2-jun-2003','Centrocampista'),
  ('277179','RB Leipzig',3,'Angeliño','null','4-jan-1997','Centrocampista'),
  ('344381','RB Leipzig',18,'Christopher','Nkunku','14-nov-1997','Centrocampista'),
  ('293385','RB Leipzig',25,'Dani','Olmo','7-may-1998','Centrocampista'),
  ('451276','RB Leipzig',17,'Dominik','Szoboszlai','25-oct-2000','Attaccante'),
  ('111078','RB Leipzig',10,'Emil','Forsberg','23-oct-1991','Attaccante'),
  ('668276','RB Leipzig',38,'Hugo','Novoa','24-jan-2003','Attaccante'),
  ('198008','RB Leipzig',33,'André','Silva','6-nov-1995','Attaccante'),
  ('157635','RB Leipzig',9,'Yussuf','Poulsen','15-jun-1994','Attaccante'),
  ('048015','Bayer 04 Leverkusen',1,'Lukas','Hradecky','24-nov-1989','Portiere'),
  ('112541','Bayer 04 Leverkusen',40,'Andrey','Lunev','13-nov-1991','Portiere'),
  ('309397','Bayer 04 Leverkusen',21,'Lennart','Grill','25-jan-1999','Portiere'),
  ('085543','Bayer 04 Leverkusen',36,'Niklas','Lomb','28-jul-1993','Portiere'),
  ('564545','Bayer 04 Leverkusen',12,'Edmond','Tapsoba','2-feb-1999','Difensore'),
  ('196357','Bayer 04 Leverkusen',4,'Jonathan','Tah','11-feb-1996','Difensore'),
  ('644771','Bayer 04 Leverkusen',6,'Odilon','Kossounou','4-jan-2001','Difensore'),
  ('659813','Bayer 04 Leverkusen',33,'Piero','Hincapié','9-jan-2002','Difensore'),
  ('361065','Bayer 04 Leverkusen',5,'Mitchel','Bakker','20-jun-2000','Difensore'),
  ('215099','Bayer 04 Leverkusen',22,'Daley','Sinkgraven','4-jul-1995','Difensore'),
  ('484547','Bayer 04 Leverkusen',30,'Jeremie','Frimpong','10-dec-2000','Difensore'),
  ('315131','Bayer 04 Leverkusen',24,'Timothy','Fosu-Mensah','2-jan-1998','Difensore'),
  ('034787','Bayer 04 Leverkusen',15,'Julian','Baumgartlinger','2-jan-1988','Centrocampista'),
  ('125858','Bayer 04 Leverkusen',10,'Kerem','Demirbay','3-jul-1993','Centrocampista'),
  ('401578','Bayer 04 Leverkusen',25,'Exequiel','Palacios','5-oct-1998','Centrocampista'),
  ('159088','Bayer 04 Leverkusen',8,'Robert','Andrich','22-sep-1994','Centrocampista'),
  ('089701','Bayer 04 Leverkusen',20,'Charles','Aránguiz','17-apr-1989','Centrocampista'),
  ('788445','Bayer 04 Leverkusen',29,'Zidan','Sertdemir','4-feb-2005','Centrocampista'),
  ('598577','Bayer 04 Leverkusen',27,'Florian','Wirtz','3-may-2003','Centrocampista'),
  ('395516','Bayer 04 Leverkusen',19,'Moussa','Diaby','7-jul-1999','Attaccante'),
  ('428791','Bayer 04 Leverkusen',7,'Paulinho','null','15-jul-2000','Attaccante'),
  ('532776','Bayer 04 Leverkusen',31,'Amine','Adli','10-may-2000','Attaccante'),
  ('061087','Bayer 04 Leverkusen',38,'Karim','Bellarabi','8-apr-1990','Attaccante'),
  ('242086','Bayer 04 Leverkusen',14,'Patrik','Schick','24-jan-1996','Attaccante'),
  ('180337','Bayer 04 Leverkusen',9,'Sardar','Azmoun','1-jan-1995','Attaccante'),
  ('193782','Bayer 04 Leverkusen',13,'Lucas','Alario','8-oct-1992','Attaccante'),
  ('741292','Bayer 04 Leverkusen',28,'Iker','Bravo','13-jan-2005','Attaccante'),
  ('108880','VfL Wolfsburg',1,'Koen','Casteels','25-jun-1992','Portiere'),
  ('051977','VfL Wolfsburg',12,'Pavao','Pervan','13-nov-1987','Portiere'),
  ('574203','VfL Wolfsburg',35,'Philipp','Schulze','29-jan-2003','Portiere'),
  ('192268','VfL Wolfsburg',30,'Niklas','Klinger','13-oct-1995','Portiere'),
  ('434224','VfL Wolfsburg',4,'Maxence','Lacroix','6-apr-2000','Difensore'),
  ('338629','VfL Wolfsburg',3,'Sebastiaan','Bornauw','22-mar-1999','Difensore'),
  ('124732','VfL Wolfsburg',25,'John Anthony','Brooks','28-jan-1993','Difensore'),
  ('557459','VfL Wolfsburg',5,'Micky','van de Ven','19-apr-2001','Difensore'),
  ('631904','VfL Wolfsburg',18,'Anselmo','García McNulty','19-feb-2003','Difensore'),
  ('221611','VfL Wolfsburg',6,'Paulo Otávio','null','23-nov-1994','Difensore'),
  ('127076','VfL Wolfsburg',15,'Jérôme','Roussillon','6-jan-1993','Difensore'),
  ('183321','VfL Wolfsburg',19,'Kevin','Mbabu','19-apr-1995','Difensore'),
  ('341710','VfL Wolfsburg',2,'William','null','3-apr-1995','Difensore'),
  ('223979','VfL Wolfsburg',24,'Xaver','Schlager','28-sep-1997','Centrocampista'),
  ('117674','VfL Wolfsburg',27,'Maximilian','Arnold','27-may-1994','Centrocampista'),
  ('503881','VfL Wolfsburg',8,'Aster','Vranckx','4-oct-2002','Centrocampista'),
  ('119277','VfL Wolfsburg',31,'Yannick','Gerhardt','13-mar-1994','Centrocampista'),
  ('327251','VfL Wolfsburg',20,'Ridle','Baku','8-apr-1998','Centrocampista'),
  ('711517','VfL Wolfsburg',40,'Kevin','Paredes','7-may-2003','Centrocampista'),
  ('406640','VfL Wolfsburg',22,'Felix','Nmecha','10-oct-2000','Centrocampista'),
  ('194638','VfL Wolfsburg',11,'Renato','Steffen','3-nov-1991','Attaccante'),
  ('303259','VfL Wolfsburg',28,'Dodi','Lukébakio','24-sep-1997','Attaccante'),
  ('196095','VfL Wolfsburg',7,'Luca','Waldschmidt','19-may-1996','Attaccante'),
  ('143891','VfL Wolfsburg',17,'Maximilian','Philipp','1-mar-1994','Attaccante'),
  ('036182','VfL Wolfsburg',9,'Max','Kruse','19-mar-1988','Attaccante'),
  ('314288','VfL Wolfsburg',10,'Lukas','Nmecha','14-dec-1998','Attaccante'),
  ('391004','VfL Wolfsburg',23,'Jonas','Wind','7-feb-1999','Attaccante'),
  ('535551','VfL Wolfsburg',21,'Bartosz','Bialek','11-nov-2001','Attaccante'),
  ('042205','Borussia Mönchengladbach',1,'Yann','Sommer','17-dec-1988','Portiere'),
  ('031653','Borussia Mönchengladbach',21,'Tobias','Sippel','22-mar-1988','Portiere'),
  ('455922','Borussia Mönchengladbach',41,'Jan','Olschowsky','18-nov-2001','Portiere'),
  ('597804','Borussia Mönchengladbach',46,'Jonas','Kersken','1-sep-2000','Portiere'),
  ('124502','Borussia Mönchengladbach',28,'Matthias','Ginter','19-jan-1994','Difensore'),
  ('192635','Borussia Mönchengladbach',30,'Nico','Elvedi','30-sep-1996','Difensore'),
  ('196231','Borussia Mönchengladbach',5,'Marvin','Friedrich','13-dec-1995','Difensore'),
  ('403898','Borussia Mönchengladbach',15,'Jordan','Beyer','19-may-2000','Difensore'),
  ('047587','Borussia Mönchengladbach',24,'Tony','Jantschke','7-apr-1990','Difensore'),
  ('340480','Borussia Mönchengladbach',4,'Mamadou','Doucouré','21-may-1998','Difensore'),
  ('284732','Borussia Mönchengladbach',25,'Ramy','Bensebaini','16-apr-1995','Difensore'),
  ('524285','Borussia Mönchengladbach',20,'Luca','Netz','15-may-2003','Difensore'),
  ('085791','Borussia Mönchengladbach',18,'Stefan','Lainer','27-aug-1992','Difensore'),
  ('504153','Borussia Mönchengladbach',29,'Joe','Scally','31-dec-2002','Difensore'),
  ('082097','Borussia Mönchengladbach',6,'Christoph','Kramer','19-feb-1991','Centrocampista'),
  ('278332','Borussia Mönchengladbach',32,'Florian','Neuhaus','16-mar-1997','Centrocampista'),
  ('624690','Borussia Mönchengladbach',17,'Kouadio','Koné','17-may-2001','Centrocampista'),
  ('243188','Borussia Mönchengladbach',22,'Lászlo','Bénes','9-sep-1997','Centrocampista'),
  ('321096','Borussia Mönchengladbach',37,'Keanan','Bennetts','9-mar-1999','Centrocampista'),
  ('048298','Borussia Mönchengladbach',13,'Lars','Stindl','26-aug-1988','Centrocampista'),
  ('318528','Borussia Mönchengladbach',10,'Marcus','Thuram','6-aug-1997','Attaccante'),
  ('007161','Borussia Mönchengladbach',23,'Jonas','Hofmann','14-jul-1992','Attaccante'),
  ('032711','Borussia Mönchengladbach',7,'Patrick','Herrmann','12-feb-1991','Attaccante'),
  ('520857','Borussia Mönchengladbach',34,'Conor','Noß','1-jan-2001','Attaccante'),
  ('237662','Borussia Mönchengladbach',36,'Breel','Embolo','14-feb-1997','Attaccante'),
  ('167329','Borussia Mönchengladbach',14,'Alassane','Plea','10-mar-1993','Attaccante'),
  ('045672','Eintracht Frankfurt',1,'Kevin','Trapp','8-jul-1990','Portiere'),
  ('448705','Eintracht Frankfurt',40,'Diant','Ramaj','19-sep-2001','Portiere'),
  ('040034','Eintracht Frankfurt',31,'Jens','Grahl','22-sep-1988','Portiere'),
  ('586229','Eintracht Frankfurt',47,'Jannik','Horz','14-apr-2003','Portiere'),
  ('371149','Eintracht Frankfurt',2,'Evan','Ndicka','20-aug-1999','Difensore'),
  ('085789','Eintracht Frankfurt',13,'Martin','Hinteregger','7-sep-1992','Difensore'),
  ('546213','Eintracht Frankfurt',35,'Tuta','null','4-jul-1999','Difensore'),
  ('159844','Eintracht Frankfurt',25,'Christopher','Lenz','22-sep-1994','Difensore'),
  ('610798','Eintracht Frankfurt',49,'Jan','Schröder','15-apr-2003','Difensore'),
  ('216181','Eintracht Frankfurt',18,'Almamy','Touré','28-apr-1996','Difensore'),
  ('085906','Eintracht Frankfurt',24,'Danny','da Costa','13-jul-1993','Difensore'),
  ('093922','Eintracht Frankfurt',37,'Erik','Durm','12-may-1992','Difensore'),
  ('049723','Eintracht Frankfurt',22,'Timothy','Chandler','29-mar-1990','Difensore'),
  ('374954','Eintracht Frankfurt',6,'Kristijan','Jakic','14-may-1997','Centrocampista'),
  ('040074','Eintracht Frankfurt',3,'Stefan','Ilsanker','18-may-1989','Centrocampista'),
  ('039259','Eintracht Frankfurt',20,'Makoto','Hasebe','18-jan-1984','Centrocampista'),
  ('212723','Eintracht Frankfurt',8,'Djibril','Sow','6-feb-1997','Centrocampista'),
  ('265625','Eintracht Frankfurt',7,'Ajdin','Hrustic','5-jul-1996','Centrocampista'),
  ('044466','Eintracht Frankfurt',17,'Sebastian','Rode','11-oct-1990','Centrocampista'),
  ('615036','Eintracht Frankfurt',46,'Antonio','Foti','3-nov-2003','Centrocampista'),
  ('161011','Eintracht Frankfurt',10,'Filip','Kostic','1-nov-1992','Centrocampista'),
  ('356141','Eintracht Frankfurt',15,'Daichi','Kamada','5-aug-1996','Centrocampista'),
  ('513245','Eintracht Frankfurt',29,'Jesper','Lindström','29-feb-2000','Centrocampista'),
  ('315332','Eintracht Frankfurt',27,'Aymen','Barkok','21-may-1998','Centrocampista'),
  ('429874','Eintracht Frankfurt',36,'Ansgar','Knauff','10-jan-2002','Attaccante'),
  ('580277','Eintracht Frankfurt',48,'Gianluca','Schäfer','27-feb-2003','Attaccante'),
  ('422355','Eintracht Frankfurt',23,'Jens Petter','Hauge','12-oct-1999','Attaccante'),
  ('323831','Eintracht Frankfurt',19,'Rafael','Borré','15-sep-1995','Attaccante'),
  ('181547','Eintracht Frankfurt',39,'Gonçalo','Paciência','1-aug-1994','Attaccante'),
  ('386914','Eintracht Frankfurt',9,'Sam','Lammers','30-apr-1997','Attaccante'),
  ('416380','Eintracht Frankfurt',21,'Ragnar','Ache','28-jul-1998','Attaccante'),
  ('741295','Eintracht Frankfurt',38,'Enrique','Herrero García','28-jan-2005','Attaccante'),
  ('055089','TSG 1899 Hoffenheim',1,'Oliver','Baumann','2-jun-1990','Portiere'),
  ('008246','TSG 1899 Hoffenheim',12,'Philipp','Pentke','1-may-1985','Portiere'),
  ('432671','TSG 1899 Hoffenheim',37,'Luca','Philipp','28-nov-2000','Portiere'),
  ('600942','TSG 1899 Hoffenheim',36,'Nahue','Noll','17-mar-2003','Portiere'),
  ('223974','TSG 1899 Hoffenheim',38,'Stefan','Posch','14-may-1997','Difensore'),
  ('578539','TSG 1899 Hoffenheim',28,'Chris','Richards','28-mar-2000','Difensore'),
  ('160241','TSG 1899 Hoffenheim',25,'Kevin','Akpoguma','19-apr-1995','Difensore'),
  ('084435','TSG 1899 Hoffenheim',22,'Kevin','Vogt','23-sep-1991','Difensore'),
  ('796429','TSG 1899 Hoffenheim',24,'Justin','Che','18-nov-2003','Difensore'),
  ('042234','TSG 1899 Hoffenheim',6,'Havard','Nordtveit','21-jun-1990','Difensore'),
  ('051676','TSG 1899 Hoffenheim',4,'Ermin','Bicakcic','24-jan-1990','Difensore'),
  ('263801','TSG 1899 Hoffenheim',15,'Kasim','Adams','22-jun-1995','Difensore'),
  ('052348','TSG 1899 Hoffenheim',21,'Benjamin','Hübner','4-jul-1989','Difensore'),
  ('318204','TSG 1899 Hoffenheim',17,'David','Raum','22-apr-1998','Difensore'),
  ('143798','TSG 1899 Hoffenheim',3,'Pavel','Kaderabek','25-apr-1992','Difensore'),
  ('195736','TSG 1899 Hoffenheim',11,'Florian','Grillitsch','7-aug-1995','Centrocampista'),
  ('315604','TSG 1899 Hoffenheim',18,'Diadié','Samassékou','11-jan-1996','Centrocampista'),
  ('443710','TSG 1899 Hoffenheim',13,'Angelo','Stiller','4-apr-2001','Centrocampista'),
  ('057051','TSG 1899 Hoffenheim',16,'Sebastian','Rudy','28-feb-1990','Centrocampista'),
  ('251309','TSG 1899 Hoffenheim',8,'Dennis','Geiger','10-jun-1998','Centrocampista'),
  ('450234','TSG 1899 Hoffenheim',30,'Marco','John','2-apr-2002','Centrocampista'),
  ('324278','TSG 1899 Hoffenheim',14,'Christoph','Baumgartner','1-aug-1999','Centrocampista'),
  ('822959','TSG 1899 Hoffenheim',39,'Tom','Bischof','28-jun-2005','Centrocampista'),
  ('293281','TSG 1899 Hoffenheim',7,'Jacob','Bruun Larsen','19-sep-1998','Attaccante'),
  ('270393','TSG 1899 Hoffenheim',29,'Robert','Skov','20-may-1996','Attaccante'),
  ('046580','TSG 1899 Hoffenheim',27,'Andrej','Kramaric','19-jun-1991','Attaccante'),
  ('237164','TSG 1899 Hoffenheim',9,'Ihlas','Bebou','23-apr-1994','Attaccante'),
  ('538977','TSG 1899 Hoffenheim',33,'Georginio','Rutter','20-apr-2002','Attaccante'),
  ('145866','TSG 1899 Hoffenheim',10,'Munas','Dabbur','14-may-1992','Attaccante'),
  ('524290','TSG 1899 Hoffenheim',44,'Fisnik','Asllani','8-aug-2002','Attaccante'),
  ('284769','VfB Stuttgart',1,'Florian','Müller','13-nov-1997','Portiere'),
  ('187624','VfB Stuttgart',33,'Fabian','Bredlow','2-mar-1995','Portiere'),
  ('470816','VfB Stuttgart',42,'Florian','Schock','22-may-2001','Portiere'),
  ('415912','VfB Stuttgart',5,'Konstantinos','Mavropanos','11-dec-1997','Difensore'),
  ('193004','VfB Stuttgart',2,'Waldemar','Anton','20-jul-1996','Difensore'),
  ('353892','VfB Stuttgart',37,'Hiroki','Ito','12-may-1999','Difensore'),
  ('195246','VfB Stuttgart',15,'Pascal','Stenzel','20-mar-1996','Difensore'),
  ('293194','VfB Stuttgart',24,'Borna','Sosa','21-jan-1998','Difensore'),
  ('289592','VfB Stuttgart',23,'Orel','Mangala','18-mar-1998','Centrocampista'),
  ('146310','VfB Stuttgart',3,'Wataru','Endo','9-feb-1993','Centrocampista'),
  ('232320','VfB Stuttgart',16,'Atakan','Karazor','13-oct-1996','Centrocampista'),
  ('538971','VfB Stuttgart',32,'Naouirou','Ahamada','29-mar-2002','Centrocampista'),
  ('470594','VfB Stuttgart',6,'Clinton','Mola','15-mar-2001','Centrocampista'),
  ('569366','VfB Stuttgart',8,'Enzo','Millot','17-jul-2002','Centrocampista'),
  ('400546','VfB Stuttgart',28,'Nikolas','Nartey','22-feb-2000','Centrocampista'),
  ('612826','VfB Stuttgart',14,'Silas','Katompa Mvumpa','6-oct-1998','Centrocampista'),
  ('431561','VfB Stuttgart',30,'Roberto','Massimo','12-oct-2000','Centrocampista'),
  ('156779','VfB Stuttgart',11,'Erik','Thommy','20-aug-1994','Centrocampista'),
  ('179635','VfB Stuttgart',20,'Philipp','Förster','4-feb-1995','Centrocampista'),
  ('540302','VfB Stuttgart',31,'Mateo','Klimowicz','6-jul-2000','Centrocampista'),
  ('057995','VfB Stuttgart',10,'Daniel','Didavi','21-feb-1990','Centrocampista'),
  ('472243','VfB Stuttgart',25,'Lilian','Egloff','20-aug-2002','Centrocampista'),
  ('588020','VfB Stuttgart',34,'Ömer','Beyaz','29-aug-2003','Centrocampista'),
  ('618425','VfB Stuttgart',7,'Tanguy','Coulibaly','18-feb-2001','Attaccante'),
  ('272278','VfB Stuttgart',22,'Chris','Führich','9-jan-1998','Attaccante'),
  ('369567','VfB Stuttgart',9,'Sasa','Kalajdzic','7-jul-1997','Attaccante'),
  ('616344','VfB Stuttgart',18,'Tiago','Tomás','16-jun-2002','Attaccante'),
  ('445939','VfB Stuttgart',17,'Omar','Marmoush','7-feb-1999','Attaccante'),
  ('610431','VfB Stuttgart',19,'Wahid','Faghir','29-jul-2003','Attaccante'),
  ('572919','VfB Stuttgart',44,'Mohamed','Sankoh','16-oct-2003','Attaccante'),
  ('750886','VfB Stuttgart',50,'Alexis','Tibidi','3-nov-2003','Attaccante'),
  ('125714','SC Freiburg',26,'Mark','Flekken','13-jun-1993','Portiere'),
  ('526845','SC Freiburg',21,'Noah','Atubolu','25-may-2002','Portiere'),
  ('120296','SC Freiburg',1,'Benjamin','Uphoff','8-aug-1993','Portiere'),
  ('388198','SC Freiburg',4,'Nico','Schlotterbeck','1-dec-1999','Difensore'),
  ('225657','SC Freiburg',3,'Philipp','Lienhart','11-jul-1996','Difensore'),
  ('413843','SC Freiburg',31,'Keven','Schlotterbeck','28-apr-1997','Difensore'),
  ('045683','SC Freiburg',5,'Manuel','Gulde','12-feb-1991','Difensore'),
  ('548348','SC Freiburg',25,'Kiliann','Sildillia','16-may-2002','Difensore'),
  ('093707','SC Freiburg',30,'Christian','Günter','28-feb-1993','Difensore'),
  ('453865','SC Freiburg',24,'Kimberly','Ezekwem','19-jun-2001','Difensore'),
  ('578680','SC Freiburg',2,'Hugo','Siquet','9-jul-2002','Difensore'),
  ('093604','SC Freiburg',17,'Lukas','Kübler','30-aug-1992','Difensore'),
  ('070285','SC Freiburg',7,'Jonathan','Schmid','22-jun-1990','Difensore'),
  ('342039','SC Freiburg',14,'Yannik','Keitel','15-feb-2000','Centrocampista'),
  ('055099','SC Freiburg',27,'Nicolas','Höfler','9-mar-1990','Centrocampista'),
  ('190284','SC Freiburg',8,'Maximilian','Eggestein','8-dec-1996','Centrocampista'),
  ('177779','SC Freiburg',19,'Janik','Haberer','2-apr-1994','Centrocampista'),
  ('185077','SC Freiburg',32,'Vincenzo','Grifo','7-apr-1993','Attaccante'),
  ('392163','SC Freiburg',33,'Noah','Weißhaupt','20-sep-2001','Attaccante'),
  ('332798','SC Freiburg',22,'Roland','Sallai','22-may-1997','Attaccante'),
  ('473050','SC Freiburg',20,'Kevin','Schade','27-nov-2001','Attaccante'),
  ('297583','SC Freiburg',29,'Woo-yeong','Jeong','20-sep-1999','Attaccante'),
  ('335457','SC Freiburg',11,'Ermedin','Demirovic','25-mar-1998','Attaccante'),
  ('248999','SC Freiburg',9,'Lucas','Höler','10-jul-1994','Attaccante'),
  ('042936','SC Freiburg',18,'Nils','Petersen','6-dec-1988','Attaccante'),
  ('346900','SC Freiburg',45,'Nishan','Burkart','31-jan-2000','Attaccante'),
  ('160963','1.FSV Mainz 05',27,'Robin','Zentner','28-oct-1994','Portiere'),
  ('251299','1.FSV Mainz 05',1,'Finn','Dahmen','27-mar-1998','Portiere'),
  ('490609','1.FSV Mainz 05',32,'Lasse','Rieß','27-jul-2001','Portiere'),
  ('291200','1.FSV Mainz 05',19,'Moussa','Niakhaté','8-mar-1996','Difensore'),
  ('288253','1.FSV Mainz 05',4,'Jeremiah','St. Juste','19-oct-1996','Difensore'),
  ('451906','1.FSV Mainz 05',34,'David','Nemeth','18-mar-2001','Difensore'),
  ('082350','1.FSV Mainz 05',16,'Stefan','Bell','24-aug-1991','Difensore'),
  ('126281','1.FSV Mainz 05',42,'Alexander','Hack','8-sep-1993','Difensore'),
  ('251878','1.FSV Mainz 05',3,'Aarón','Martín','22-apr-1997','Difensore'),
  ('240274','1.FSV Mainz 05',23,'Anderson','Lucoqui','6-jul-1997','Difensore'),
  ('168989','1.FSV Mainz 05',30,'Silvan','Widmer','5-mar-1993','Difensore'),
  ('043984','1.FSV Mainz 05',18,'Daniel','Brosinski','17-jul-1988','Difensore'),
  ('344069','1.FSV Mainz 05',6,'Anton','Stach','15-nov-1998','Centrocampista'),
  ('470815','1.FSV Mainz 05',25,'Niklas','Tauer','17-feb-2001','Centrocampista'),
  ('357233','1.FSV Mainz 05',8,'Leandro','Barreiro','3-jan-2000','Centrocampista'),
  ('118847','1.FSV Mainz 05',31,'Dominik','Kohr','31-jan-1994','Centrocampista'),
  ('405689','1.FSV Mainz 05',24,'Merveille','Papela','18-jan-2001','Centrocampista'),
  ('182574','1.FSV Mainz 05',5,'Jean-Paul','Boëtius','22-mar-1994','Centrocampista'),
  ('314398','1.FSV Mainz 05',7,'Jae-sung','Lee','10-aug-1992','Centrocampista'),
  ('106872','1.FSV Mainz 05',22,'Kevin','Stöger','27-aug-1993','Centrocampista'),
  ('436585','1.FSV Mainz 05',37,'Delano','Burgzorg','7-nov-1998','Attaccante'),
  ('503160','1.FSV Mainz 05',26,'Paul','Nebel','10-oct-2002','Attaccante'),
  ('333647','1.FSV Mainz 05',29,'Jonathan','Burkardt','11-jul-2000','Attaccante'),
  ('119234','1.FSV Mainz 05',9,'Karim','Onisiwo','17-mar-1992','Attaccante'),
  ('269878','1.FSV Mainz 05',11,'Marcus','Ingvartsen','4-jan-1996','Attaccante'),
  ('093763','Hertha BSC',1,'Alexander','Schwolow','2-jun-1992','Portiere'),
  ('471936','Hertha BSC',32,'Oliver','Christensen','22-mar-1999','Portiere'),
  ('024112','Hertha BSC',22,'Rune','Jarstein','29-sep-1984','Portiere'),
  ('241974','Hertha BSC',12,'Nils-Jonathan','Körber','13-nov-1996','Portiere'),
  ('453737','Hertha BSC',37,'Marcel','Lotka','25-may-2001','Portiere'),
  ('162434','Hertha BSC',5,'Niklas','Stark','14-apr-1995','Difensore'),
  ('160938','Hertha BSC',20,'Marc Oliver','Kempf','28-jan-1995','Difensore'),
  ('432281','Hertha BSC',31,'Márton','Dárdai','12-feb-2002','Difensore'),
  ('088262','Hertha BSC',4,'Dedryck','Boyata','28-nov-1990','Difensore'),
  ('692734','Hertha BSC',44,'Linus','Gechter','27-feb-2004','Difensore'),
  ('282660','Hertha BSC',17,'Maximilian','Mittelstädt','18-mar-1997','Difensore'),
  ('089592','Hertha BSC',21,'Marvin','Plattenhardt','26-jan-1992','Difensore'),
  ('364938','Hertha BSC',3,'Fredrik André','Björkan','21-aug-1998','Difensore'),
  ('282577','Hertha BSC',13,'Lukas','Klünter','26-may-1996','Difensore'),
  ('051100','Hertha BSC',2,'Peter','Pekarik','30-oct-1986','Difensore'),
  ('353948','Hertha BSC',29,'Lucas','Tousart','29-apr-1997','Centrocampista'),
  ('423436','Hertha BSC',18,'Santiago','Ascacíbar','25-feb-1997','Centrocampista'),
  ('261905','Hertha BSC',8,'Suat','Serdar','11-apr-1997','Centrocampista'),
  ('361068','Hertha BSC',10,'Jurgen','Ekkelenkamp','5-apr-2000','Centrocampista'),
  ('179643','Hertha BSC',6,'Vladimir','Darida','8-aug-1990','Centrocampista'),
  ('471901','Hertha BSC',40,'Jonas','Michelbrink','23-jun-2001','Centrocampista'),
  ('016922','Hertha BSC',27,'Kevin-Prince','Boateng','6-mar-1987','Centrocampista'),
  ('371142','Hertha BSC',11,'Myziane','Maolida','14-feb-1999','Attaccante'),
  ('654234','Hertha BSC',46,'Anton','Kade','17-jan-2004','Attaccante'),
  ('279009','Hertha BSC',23,'Marco','Richter','24-nov-1997','Attaccante'),
  ('569368','Hertha BSC',28,'Kelian','Nsona','11-may-2002','Attaccante'),
  ('269601','Hertha BSC',30,'Dong-jun','Lee','1-feb-1997','Attaccante'),
  ('046104','Hertha BSC',19,'Stevan','Jovetic','2-nov-1989','Attaccante'),
  ('178459','Hertha BSC',7,'Davie','Selke','20-jan-1995','Attaccante'),
  ('111039','Hertha BSC',14,'Ishak','Belfodil','12-jan-1992','Attaccante'),
  ('447896','Hertha BSC',36,'Ruwen','Werthmüller','28-jan-2001','Attaccante'),
  ('078339','FC Augsburg',1,'Rafal','Gikiewicz','26-oct-1987','Portiere'),
  ('146714','FC Augsburg',40,'Tomas','Koubek','26-aug-1992','Portiere'),
  ('392124','FC Augsburg',25,'Daniel','Klein','13-mar-2001','Portiere'),
  ('278343','FC Augsburg',19,'Felix','Uduokhai','9-sep-1997','Difensore'),
  ('314295','FC Augsburg',4,'Reece','Oxford','16-dec-1998','Difensore'),
  ('106405','FC Augsburg',6,'Jeffrey','Gouweleeuw','10-jul-1991','Difensore'),
  ('569349','FC Augsburg',26,'Frederik','Winther','4-jan-2001','Difensore'),
  ('520468','FC Augsburg',22,'Iago','null','23-mar-1997','Difensore'),
  ('288429','FC Augsburg',3,'Mads','Pedersen','1-sep-1996','Difensore'),
  ('353826','FC Augsburg',2,'Robert','Gumny','4-jun-1998','Difensore'),
  ('146163','FC Augsburg',32,'Raphael','Framberger','6-sep-1995','Difensore'),
  ('251302','FC Augsburg',30,'Niklas','Dorsch','15-jan-1998','Centrocampista'),
  ('189475','FC Augsburg',8,'Carlos','Gruezo','19-apr-1995','Centrocampista'),
  ('057845','FC Augsburg',5,'Tobias','Strobl','12-may-1990','Centrocampista'),
  ('296397','FC Augsburg',10,'Arne','Maier','8-jan-1999','Centrocampista'),
  ('063022','FC Augsburg',14,'Jan','Moravek','1-nov-1989','Centrocampista'),
  ('588747','FC Augsburg',41,'Tim','Civeja','4-jan-2002','Centrocampista'),
  ('249157','FC Augsburg',24,'Fredrik','Jensen','9-sep-1997','Centrocampista'),
  ('345886','FC Augsburg',16,'Rubén','Vargas','5-aug-1998','Attaccante'),
  ('522245','FC Augsburg',29,'Lasse','Günther','21-mar-2003','Attaccante'),
  ('042783','FC Augsburg',28,'André','Hahn','13-aug-1990','Attaccante'),
  ('038410','FC Augsburg',20,'Daniel','Caligiuri','15-jan-1988','Attaccante'),
  ('283001','FC Augsburg',17,'Noah Joel','Sarenren Bazee','21-aug-1996','Attaccante'),
  ('627207','FC Augsburg',18,'Ricardo','Pepi','9-jan-2003','Attaccante'),
  ('152963','FC Augsburg',7,'Florian','Niederlechner','24-oct-1990','Attaccante'),
  ('345468','FC Augsburg',21,'Andi','Zeqiri','22-jun-1999','Attaccante'),
  ('120205','FC Augsburg',11,'Michael','Gregoritsch','18-apr-1994','Attaccante'),
  ('090024','FC Augsburg',27,'Alfred','Finnbogason','1-feb-1989','Attaccante'),
  ('084938','1. FC Köln',1,'Timo','Horn','12-may-1993','Portiere'),
  ('160929','1. FC Köln',20,'Marvin','Schwäbe','25-apr-1995','Portiere'),
  ('607720','1. FC Köln',40,'Jonas','Urbig','8-aug-2003','Portiere'),
  ('227089','1. FC Köln',44,'Matthias','Köbbing','28-may-1997','Portiere'),
  ('303219','1. FC Köln',24,'Julian','Chabot','12-feb-1998','Difensore'),
  ('384553','1. FC Köln',15,'Luca','Kilian','1-sep-1999','Difensore'),
  ('236981','1. FC Köln',4,'Timo','Hübers','20-jul-1996','Difensore'),
  ('580193','1. FC Köln',5,'Bright','Arrey-Mbi','26-mar-2003','Difensore'),
  ('108537','1. FC Köln',14,'Jonas','Hector','27-may-1990','Difensore'),
  ('231586','1. FC Köln',23,'Jannes','Horn','6-feb-1997','Difensore'),
  ('160968','1. FC Köln',2,'Benno','Schmitz','17-nov-1994','Difensore'),
  ('272812','1. FC Köln',19,'Kingsley','Ehizibue','25-may-1995','Difensore'),
  ('290587','1. FC Köln',28,'Ellyes','Skhiri','10-may-1995','Centrocampista'),
  ('287188','1. FC Köln',7,'Dejan','Ljubicic','8-oct-1997','Centrocampista'),
  ('244940','1. FC Köln',6,'Salih','Özcan','11-jan-1998','Centrocampista'),
  ('205544','1. FC Köln',36,'Niklas','Hauptmann','27-jun-1996','Centrocampista'),
  ('490581','1. FC Köln',47,'Mathias','Olesen','21-mar-2001','Centrocampista'),
  ('232418','1. FC Köln',18,'Ondrej','Duda','5-dec-1994','Centrocampista'),
  ('147485','1. FC Köln',21,'Louis','Schaub','29-dec-1994','Centrocampista'),
  ('428189','1. FC Köln',31,'Tomas','Ostrak','5-feb-2000','Centrocampista'),
  ('106270','1. FC Köln',11,'Florian','Kainz','24-oct-1992','Attaccante'),
  ('522084','1. FC Köln',30,'Marvin','Obuz','25-jan-2002','Attaccante'),
  ('472249','1. FC Köln',29,'Jan','Thielmann','26-may-2002','Attaccante'),
  ('553285','1. FC Köln',25,'Tim','Lemperle','5-feb-2002','Attaccante'),
  ('153678','1. FC Köln',17,'Kingsley','Schindler','12-jul-1993','Attaccante'),
  ('112935','1. FC Köln',13,'Mark','Uth','24-aug-1991','Attaccante'),
  ('147573','1. FC Köln',9,'Sebastian','Andersson','15-jul-1991','Attaccante'),
  ('050512','1. FC Köln',27,'Anthony','Modeste','14-apr-1988','Attaccante'),
  ('107775','1.FC Union Berlin',19,'Frederik','Rönnow','4-aug-1992','Portiere'),
  ('041323','1.FC Union Berlin',1,'Andreas','Luthe','10-mar-1987','Portiere'),
  ('203411','1.FC Union Berlin',12,'Jakob','Busk','12-sep-1993','Portiere'),
  ('094201','1.FC Union Berlin',31,'Robin','Knoche','22-may-1992','Difensore'),
  ('187491','1.FC Union Berlin',25,'Timo','Baumgartl','4-mar-1996','Difensore'),
  ('110036','1.FC Union Berlin',33,'Dominique','Heintz','15-aug-1993','Difensore'),
  ('284248','1.FC Union Berlin',3,'Paul','Jaeckel','22-jul-1998','Difensore'),
  ('699702','1.FC Union Berlin',37,'Mathis','Bruns','31-mar-2004','Difensore'),
  ('072792','1.FC Union Berlin',23,'Niko','Gießelmann','26-sep-1991','Difensore'),
  ('053437','1.FC Union Berlin',20,'Bastian','Oczipka','12-jan-1989','Difensore'),
  ('370789','1.FC Union Berlin',6,'Julian','Ryerson','17-nov-1997','Difensore'),
  ('075921','1.FC Union Berlin',28,'Christopher','Trimmel','24-feb-1987','Difensore'),
  ('124410','1.FC Union Berlin',8,'Rani','Khedira','27-jan-1994','Centrocampista'),
  ('234029','1.FC Union Berlin',21,'Grischa','Prömel','9-jan-1995','Centrocampista'),
  ('168543','1.FC Union Berlin',7,'Levin','Öztunali','15-mar-1996','Centrocampista'),
  ('094137','1.FC Union Berlin',30,'Kevin','Möhwald','3-jul-1993','Centrocampista'),
  ('454863','1.FC Union Berlin',13,'András','Schäfer','13-apr-1999','Centrocampista'),
  ('079377','1.FC Union Berlin',24,'Genki','Haraguchi','9-may-1991','Centrocampista'),
  ('451403','1.FC Union Berlin',29,'Laurenz','Dehl','12-dec-2001','Centrocampista'),
  ('421726','1.FC Union Berlin',18,'Keita','Endo','22-nov-1997','Attaccante'),
  ('188888','1.FC Union Berlin',27,'Sheraldo','Becker','9-feb-1995','Attaccante'),
  ('295313','1.FC Union Berlin',14,'Taiwo','Awoniyi','12-aug-1997','Attaccante'),
  ('094771','1.FC Union Berlin',9,'Andreas','Voglsammer','9-jan-1992','Attaccante'),
  ('117432','1.FC Union Berlin',17,'Kevin','Behrens','3-feb-1991','Attaccante'),
  ('186988','1.FC Union Berlin',10,'Sven','Michel','15-jul-1990','Attaccante'),
  ('142281','1.FC Union Berlin',11,'Anthony','Ujah','14-oct-1990','Attaccante'),
  ('356118','1.FC Union Berlin',39,'Suleiman','Abdullahi','10-dec-1996','Attaccante'),
  ('085941','Arminia Bielefeld',1,'Stefan','Ortega','6-nov-1992','Portiere'),
  ('068410','Arminia Bielefeld',13,'Stefanos','Kapino','18-mar-1994','Portiere'),
  ('606301','Arminia Bielefeld',35,'Arne','Schulz','23-mar-2003','Portiere'),
  ('334221','Arminia Bielefeld',2,'Amos','Pieper','17-jan-1998','Difensore'),
  ('216804','Arminia Bielefeld',4,'Joakim','Nilsson','6-feb-1994','Difensore'),
  ('403808','Arminia Bielefeld',30,'Andrés','Andrade','16-oct-1998','Difensore'),
  ('340521','Arminia Bielefeld',3,'Guilherme','Ramos','11-aug-1997','Difensore'),
  ('504147','Arminia Bielefeld',24,'George','Bello','22-jan-2002','Difensore'),
  ('185164','Arminia Bielefeld',5,'Jacob Barrett','Laursen','17-nov-1994','Difensore'),
  ('147038','Arminia Bielefeld',27,'Cédric','Brunner','17-feb-1994','Difensore'),
  ('285951','Arminia Bielefeld',15,'Nathan','de Medina','8-oct-1997','Difensore'),
  ('152317','Arminia Bielefeld',19,'Manuel','Prietl','3-aug-1991','Centrocampista'),
  ('334186','Arminia Bielefeld',16,'Fabian','Kunze','14-jun-1998','Centrocampista'),
  ('697144','Arminia Bielefeld',17,'Burak','Ince','20-jan-2004','Centrocampista'),
  ('333516','Arminia Bielefeld',39,'Sebastian','Vasiliadis','4-oct-1997','Centrocampista'),
  ('118397','Arminia Bielefeld',8,'Alessandro','Schöpf','7-feb-1994','Centrocampista'),
  ('028947','Arminia Bielefeld',7,'Gonzalo','Castro','11-jun-1987','Centrocampista'),
  ('307052','Arminia Bielefeld',11,'Masaya','Okugawa','14-apr-1996','Centrocampista'),
  ('606307','Arminia Bielefeld',37,'Vladislav','Cherny','21-jun-2003','Centrocampista'),
  ('284010','Arminia Bielefeld',21,'Robin','Hack','27-aug-1998','Attaccante'),
  ('533295','Arminia Bielefeld',20,'Patrick','Wimmer','30-may-2001','Attaccante'),
  ('477109','Arminia Bielefeld',10,'Bryan','Lasme','14-nov-1998','Attaccante'),
  ('317740','Arminia Bielefeld',18,'Florian','Krüger','13-feb-1999','Attaccante'),
  ('294534','Arminia Bielefeld',23,'Janni','Serra','13-mar-1998','Attaccante'),
  ('078147','Arminia Bielefeld',9,'Fabian','Klos','2-dec-1987','Attaccante'),
  ('040792','VfL Bochum',1,'Manuel','Riemann','9-sep-1988','Portiere'),
  ('061989','VfL Bochum',21,'Michael','Esser','22-nov-1987','Portiere'),
  ('553282','VfL Bochum',31,'Tjark','Ernst','15-mar-2003','Portiere'),
  ('452192','VfL Bochum',34,'Paul','Grave','10-apr-2001','Portiere'),
  ('467563','VfL Bochum',37,'Armel','Bella Kotchap','11-dec-2001','Difensore'),
  ('343959','VfL Bochum',4,'Erhan','Masovic','22-nov-1998','Difensore'),
  ('334207','VfL Bochum',29,'Maxim','Leitsch','18-may-1998','Difensore'),
  ('063489','VfL Bochum',24,'Vasilios','Lampropoulos','31-mar-1990','Difensore'),
  ('154578','VfL Bochum',5,'Saulo','Decarli','4-feb-1992','Difensore'),
  ('154396','VfL Bochum',3,'Danilo','Soares','29-oct-1991','Difensore'),
  ('148967','VfL Bochum',16,'Konstantinos','Stafylidis','2-dec-1993','Difensore'),
  ('186477','VfL Bochum',11,'Herbert','Bockhorn','31-jan-1995','Difensore'),
  ('121686','VfL Bochum',2,'Cristian','Gamboa','24-oct-1989','Difensore'),
  ('111266','VfL Bochum',8,'Anthony','Losilla','10-mar-1986','Centrocampista'),
  ('280575','VfL Bochum',20,'Elvis','Rexhbecaj','1-nov-1997','Centrocampista'),
  ('260655','VfL Bochum',38,'Eduard','Löwen','28-jan-1997','Centrocampista'),
  ('041458','VfL Bochum',23,'Robert','Tesche','27-may-1987','Centrocampista'),
  ('443331','VfL Bochum',6,'Patrick','Osterhage','1-feb-2000','Centrocampista'),
  ('232144','VfL Bochum',27,'Milos','Pantovic','7-jul-1996','Centrocampista'),
  ('190289','VfL Bochum',17,'Gerrit','Holtmann','25-mar-1995','Attaccante'),
  ('289182','VfL Bochum',22,'Christopher','Antwi-Adjei','7-feb-1994','Attaccante'),
  ('041541','VfL Bochum',7,'Danny','Blum','7-jan-1991','Attaccante'),
  ('245744','VfL Bochum',10,'Takuma','Asano','10-nov-1994','Attaccante'),
  ('283140','VfL Bochum',32,'Tarsis','Bonga','10-jan-1997','Attaccante'),
  ('093837','VfL Bochum',14,'Tom','Weilandt','27-apr-1992','Attaccante'),
  ('166240','VfL Bochum',19,'Jürgen','Locadia','7-nov-1993','Attaccante'),
  ('079967','VfL Bochum',9,'Simon','Zoller','26-jun-1991','Attaccante'),
  ('060957','VfL Bochum',40,'Sebastian','Polter','1-apr-1991','Attaccante'),
  ('571140','VfL Bochum',28,'Luis','Hartwig','23-nov-2002','Attaccante'),
  ('199221','SpVgg Greuther Fürth',26,'Andreas','Linde','24-jul-1993','Portiere'),
  ('036898','SpVgg Greuther Fürth',30,'Sascha','Burchert','30-oct-1989','Portiere'),
  ('170517','SpVgg Greuther Fürth',1,'Marius','Funk','1-jan-1996','Portiere'),
  ('291383','SpVgg Greuther Fürth',25,'Leon','Schaffran','31-jul-1998','Portiere'),
  ('748061','SpVgg Greuther Fürth',41,'Lasse','Schulz','29-mar-2003','Portiere'),
  ('388363','SpVgg Greuther Fürth',4,'Maximilian','Bauer','9-feb-2000','Difensore'),
  ('093081','SpVgg Greuther Fürth',24,'Nick','Viergever','3-aug-1989','Difensore'),
  ('247661','SpVgg Greuther Fürth',23,'Gideon','Jung','12-sep-1994','Difensore'),
  ('536472','SpVgg Greuther Fürth',32,'Abdourahmane','Barry','21-feb-2000','Difensore'),
  ('146258','SpVgg Greuther Fürth',15,'Jetro','Willems','30-mar-1994','Difensore'),
  ('296378','SpVgg Greuther Fürth',27,'Luca','Itter','5-jan-1999','Difensore'),
  ('196084','SpVgg Greuther Fürth',18,'Marco','Meyerhöfer','18-nov-1995','Difensore'),
  ('392131','SpVgg Greuther Fürth',2,'Simon','Asta','25-jan-2001','Difensore'),
  ('192300','SpVgg Greuther Fürth',13,'Max','Christiansen','25-sep-1996','Centrocampista'),
  ('153555','SpVgg Greuther Fürth',22,'Sebastian','Griesbeck','3-oct-1990','Centrocampista'),
  ('183780','SpVgg Greuther Fürth',33,'Paul','Seguin','29-mar-1995','Centrocampista'),
  ('161204','SpVgg Greuther Fürth',37,'Julian','Green','6-jun-1995','Centrocampista'),
  ('384745','SpVgg Greuther Fürth',20,'Tobias','Raschl','21-feb-2000','Centrocampista'),
  ('147359','SpVgg Greuther Fürth',28,'Jeremy','Dudziak','28-aug-1995','Centrocampista'),
  ('310662','SpVgg Greuther Fürth',21,'Timothy','Tillman','4-jan-1999','Centrocampista'),
  ('518505','SpVgg Greuther Fürth',40,'Jamie','Leweling','26-feb-2001','Attaccante'),
  ('171209','SpVgg Greuther Fürth',10,'Branimir','Hrgota','12-jan-1993','Attaccante'),
  ('410649','SpVgg Greuther Fürth',9,'Afimico','Pululu','23-mar-1999','Attaccante'),
  ('136181','SpVgg Greuther Fürth',16,'Havard','Nielsen','15-jul-1993','Attaccante'),
  ('448177','SpVgg Greuther Fürth',17,'Jessic','Ngankam','20-jul-2000','Attaccante'),
  ('596813','SpVgg Greuther Fürth',11,'Dickson','Abiama','3-nov-1998','Attaccante'),
  ('334998','SpVgg Greuther Fürth',7,'Robin','Kehr','22-feb-2000','Attaccante');

insert into Partite values
  ('L1000000',2,'Bayern Munich','1. FC Köln',3,2),
  ('L1000001',3,'Bayern Munich','Hertha BSC',5,0),
  ('L1000002',5,'Bayern Munich','VfL Bochum',7,0),
  ('L1000003',7,'Bayern Munich','Eintracht Frankfurt',1,2),
  ('L1000004',9,'Bayern Munich','TSG 1899 Hoffenheim',4,0),
  ('L1000005',11,'Bayern Munich','SC Freiburg',2,1),
  ('L1000006',13,'Bayern Munich','Arminia Bielefeld',1,0),
  ('L1000007',15,'Bayern Munich','1.FSV Mainz 05',2,1),
  ('L1000008',17,'Bayern Munich','VfL Wolfsburg',4,0),
  ('L1000009',18,'Bayern Munich','Borussia Mönchengladbach',1,2),
  ('L1000010',1,'Borussia Dortmund','Eintracht Frankfurt',5,2),
  ('L1000011',3,'Borussia Dortmund','TSG 1899 Hoffenheim',3,2),
  ('L1000012',5,'Borussia Dortmund','1.FC Union Berlin',4,2),
  ('L1000013',7,'Borussia Dortmund','FC Augsburg',2,1),
  ('L1000014',8,'Borussia Dortmund','1.FSV Mainz 05',3,1),
  ('L1000015',10,'Borussia Dortmund','1. FC Köln',2,0),
  ('L1000016',12,'Borussia Dortmund','VfB Stuttgart',2,1),
  ('L1000017',14,'Borussia Dortmund','Bayern Munich',2,3),
  ('L1000018',16,'Borussia Dortmund','SpVgg Greuther Fürth',3,0),
  ('L1000019',19,'Borussia Dortmund','SC Freiburg',5,1),
  ('L1000020',2,'Bayer 04 Leverkusen','Borussia Mönchengladbach',4,0),
  ('L1000021',4,'Bayer 04 Leverkusen','Borussia Dortmund',3,4),
  ('L1000022',6,'Bayer 04 Leverkusen','1.FSV Mainz 05',1,0),
  ('L1000023',8,'Bayer 04 Leverkusen','Bayern Munich',1,5),
  ('L1000024',10,'Bayer 04 Leverkusen','VfL Wolfsburg',0,2),
  ('L1000025',12,'Bayer 04 Leverkusen','VfL Bochum',1,0),
  ('L1000026',14,'Bayer 04 Leverkusen','SpVgg Greuther Fürth',7,1),
  ('L1000027',16,'Bayer 04 Leverkusen','TSG 1899 Hoffenheim',2,2),
  ('L1000028',18,'Bayer 04 Leverkusen','1.FC Union Berlin',2,2),
  ('L1000029',2,'TSG 1899 Hoffenheim','1.FC Union Berlin',2,2),
  ('L1000030',4,'TSG 1899 Hoffenheim','1.FSV Mainz 05',0,2),
  ('L1000031',6,'TSG 1899 Hoffenheim','VfL Wolfsburg',3,1),
  ('L1000032',8,'TSG 1899 Hoffenheim','1. FC Köln',5,0),
  ('L1000033',10,'TSG 1899 Hoffenheim','Hertha BSC',2,0),
  ('L1000034',12,'TSG 1899 Hoffenheim','RB Leipzig',2,0),
  ('L1000035',14,'TSG 1899 Hoffenheim','Eintracht Frankfurt',3,2),
  ('L1000036',17,'TSG 1899 Hoffenheim','Borussia Mönchengladbach',1,1),
  ('L1000037',18,'TSG 1899 Hoffenheim','FC Augsburg',3,1),
  ('L1000038',2,'RB Leipzig','VfB Stuttgart',4,0),
  ('L1000039',4,'RB Leipzig','Bayern Munich',1,4),
  ('L1000040',6,'RB Leipzig','Hertha BSC',6,0),
  ('L1000041',7,'RB Leipzig','VfL Bochum',3,0),
  ('L1000042',9,'RB Leipzig','SpVgg Greuther Fürth',4,1),
  ('L1000043',11,'RB Leipzig','Borussia Dortmund',2,1),
  ('L1000044',13,'RB Leipzig','Bayer 04 Leverkusen',1,3),
  ('L1000045',15,'RB Leipzig','Borussia Mönchengladbach',4,1),
  ('L1000046',17,'RB Leipzig','Arminia Bielefeld',0,2),
  ('L1000047',18,'RB Leipzig','1.FSV Mainz 05',4,1),
  ('L1000048',2,'SC Freiburg','Borussia Dortmund',2,1),
  ('L1000049',4,'SC Freiburg','1. FC Köln',1,1),
  ('L1000050',6,'SC Freiburg','FC Augsburg',3,0),
  ('L1000051',8,'SC Freiburg','RB Leipzig',1,1),
  ('L1000052',10,'SC Freiburg','SpVgg Greuther Fürth',3,1),
  ('L1000053',12,'SC Freiburg','Eintracht Frankfurt',0,2),
  ('L1000054',15,'SC Freiburg','TSG 1899 Hoffenheim',1,2),
  ('L1000055',17,'SC Freiburg','Bayer 04 Leverkusen',2,1),
  ('L1000056',18,'SC Freiburg','Arminia Bielefeld',2,2),
  ('L1000057',1,'1.FC Union Berlin','Bayer 04 Leverkusen',1,1),
  ('L1000058',3,'1.FC Union Berlin','Borussia Mönchengladbach',2,1),
  ('L1000059',4,'1.FC Union Berlin','FC Augsburg',0,0),
  ('L1000060',6,'1.FC Union Berlin','Arminia Bielefeld',1,0),
  ('L1000061',8,'1.FC Union Berlin','VfL Wolfsburg',2,0),
  ('L1000062',10,'1.FC Union Berlin','Bayern Munich',2,5),
  ('L1000063',12,'1.FC Union Berlin','Hertha BSC',2,0),
  ('L1000064',14,'1.FC Union Berlin','RB Leipzig',2,1),
  ('L1000065',16,'1.FC Union Berlin','SC Freiburg',0,0),
  ('L1000066',19,'1.FC Union Berlin','TSG 1899 Hoffenheim',2,1),
  ('L1000067',1,'1. FC Köln','Hertha BSC',3,1),
  ('L1000068',3,'1. FC Köln','VfL Bochum',2,1),
  ('L1000069',5,'1. FC Köln','RB Leipzig',1,1),
  ('L1000070',7,'1. FC Köln','SpVgg Greuther Fürth',3,1),
  ('L1000071',9,'1. FC Köln','Bayer 04 Leverkusen',2,2),
  ('L1000072',11,'1. FC Köln','1.FC Union Berlin',2,2),
  ('L1000073',13,'1. FC Köln','Borussia Mönchengladbach',4,1),
  ('L1000074',15,'1. FC Köln','FC Augsburg',0,2),
  ('L1000075',17,'1. FC Köln','VfB Stuttgart',1,0),
  ('L1000076',19,'1. FC Köln','Bayern Munich',0,4),
  ('L1000077',1,'1.FSV Mainz 05','RB Leipzig',1,0),
  ('L1000078',3,'1.FSV Mainz 05','SpVgg Greuther Fürth',3,0),
  ('L1000079',5,'1.FSV Mainz 05','SC Freiburg',0,0),
  ('L1000080',7,'1.FSV Mainz 05','1.FC Union Berlin',1,2),
  ('L1000081',9,'1.FSV Mainz 05','FC Augsburg',4,1),
  ('L1000082',11,'1.FSV Mainz 05','Borussia Mönchengladbach',1,1),
  ('L1000083',12,'1.FSV Mainz 05','1. FC Köln',1,1),
  ('L1000084',14,'1.FSV Mainz 05','VfL Wolfsburg',3,0),
  ('L1000085',16,'1.FSV Mainz 05','Hertha BSC',4,0),
  ('L1000086',19,'1.FSV Mainz 05','VfL Bochum',1,0),
  ('L1000087',2,'Eintracht Frankfurt','FC Augsburg',0,0),
  ('L1000088',4,'Eintracht Frankfurt','VfB Stuttgart',1,1),
  ('L1000089',6,'Eintracht Frankfurt','1. FC Köln',1,1),
  ('L1000090',8,'Eintracht Frankfurt','Hertha BSC',1,2),
  ('L1000091',10,'Eintracht Frankfurt','RB Leipzig',1,1),
  ('L1000092',13,'Eintracht Frankfurt','1.FC Union Berlin',2,1),
  ('L1000093',15,'Eintracht Frankfurt','Bayer 04 Leverkusen',5,2),
  ('L1000094',17,'Eintracht Frankfurt','1.FSV Mainz 05',1,0),
  ('L1000095',18,'Eintracht Frankfurt','Borussia Dortmund',2,3),
  ('L1000096',2,'VfL Bochum','1.FSV Mainz 05',2,0),
  ('L1000097',4,'VfL Bochum','Hertha BSC',1,3),
  ('L1000098',6,'VfL Bochum','VfB Stuttgart',0,0),
  ('L1000099',9,'VfL Bochum','Eintracht Frankfurt',2,0),
  ('L1000100',11,'VfL Bochum','TSG 1899 Hoffenheim',2,0),
  ('L1000101',13,'VfL Bochum','SC Freiburg',2,1),
  ('L1000102',15,'VfL Bochum','Borussia Dortmund',1,1),
  ('L1000103',17,'VfL Bochum','1.FC Union Berlin',0,1),
  ('L1000104',18,'VfL Bochum','VfL Wolfsburg',1,0),
  ('L1000105',1,'VfL Wolfsburg','VfL Bochum',1,0),
  ('L1000106',3,'VfL Wolfsburg','RB Leipzig',1,0),
  ('L1000107',5,'VfL Wolfsburg','Eintracht Frankfurt',1,1),
  ('L1000108',7,'VfL Wolfsburg','Borussia Mönchengladbach',1,3),
  ('L1000109',9,'VfL Wolfsburg','SC Freiburg',0,2),
  ('L1000110',11,'VfL Wolfsburg','FC Augsburg',1,0),
  ('L1000111',13,'VfL Wolfsburg','Borussia Dortmund',1,3),
  ('L1000112',15,'VfL Wolfsburg','VfB Stuttgart',0,2),
  ('L1000113',16,'VfL Wolfsburg','1. FC Köln',2,3),
  ('L1000114',19,'VfL Wolfsburg','Hertha BSC',0,0),
  ('L1000115',1,'Borussia Mönchengladbach','Bayern Munich',1,1),
  ('L1000116',4,'Borussia Mönchengladbach','Arminia Bielefeld',3,1),
  ('L1000117',6,'Borussia Mönchengladbach','Borussia Dortmund',1,0),
  ('L1000118',8,'Borussia Mönchengladbach','VfB Stuttgart',1,1),
  ('L1000119',10,'Borussia Mönchengladbach','VfL Bochum',2,1),
  ('L1000120',12,'Borussia Mönchengladbach','SpVgg Greuther Fürth',4,0),
  ('L1000121',14,'Borussia Mönchengladbach','SC Freiburg',0,6),
  ('L1000122',16,'Borussia Mönchengladbach','Eintracht Frankfurt',2,3),
  ('L1000123',19,'Borussia Mönchengladbach','Bayer 04 Leverkusen',1,2),
  ('L1000124',1,'FC Augsburg','TSG 1899 Hoffenheim',0,4),
  ('L1000125',3,'FC Augsburg','Bayer 04 Leverkusen',1,4),
  ('L1000126',5,'FC Augsburg','Borussia Mönchengladbach',1,0),
  ('L1000127',8,'FC Augsburg','Arminia Bielefeld',1,1),
  ('L1000128',10,'FC Augsburg','VfB Stuttgart',4,1),
  ('L1000129',12,'FC Augsburg','Bayern Munich',2,1),
  ('L1000130',14,'FC Augsburg','VfL Bochum',2,3),
  ('L1000131',16,'FC Augsburg','RB Leipzig',1,1),
  ('L1000132',19,'FC Augsburg','Eintracht Frankfurt',1,1),
  ('L1000133',1,'Arminia Bielefeld','SC Freiburg',0,0),
  ('L1000134',3,'Arminia Bielefeld','Eintracht Frankfurt',1,1),
  ('L1000135',5,'Arminia Bielefeld','TSG 1899 Hoffenheim',0,0),
  ('L1000136',7,'Arminia Bielefeld','Bayer 04 Leverkusen',0,4),
  ('L1000137',9,'Arminia Bielefeld','Borussia Dortmund',1,3),
  ('L1000138',10,'Arminia Bielefeld','1.FSV Mainz 05',1,2),
  ('L1000139',12,'Arminia Bielefeld','VfL Wolfsburg',2,2),
  ('L1000140',14,'Arminia Bielefeld','1. FC Köln',1,1),
  ('L1000141',16,'Arminia Bielefeld','VfL Bochum',2,0),
  ('L1000142',19,'Arminia Bielefeld','SpVgg Greuther Fürth',2,2),
  ('L1000143',2,'Hertha BSC','VfL Wolfsburg',1,2),
  ('L1000144',5,'Hertha BSC','SpVgg Greuther Fürth',2,1),
  ('L1000145',7,'Hertha BSC','SC Freiburg',1,2),
  ('L1000146',9,'Hertha BSC','Borussia Mönchengladbach',1,0),
  ('L1000147',11,'Hertha BSC','Bayer 04 Leverkusen',1,1),
  ('L1000148',13,'Hertha BSC','FC Augsburg',1,1),
  ('L1000149',15,'Hertha BSC','Arminia Bielefeld',2,0),
  ('L1000150',17,'Hertha BSC','Borussia Dortmund',3,2),
  ('L1000151',18,'Hertha BSC','1. FC Köln',1,3),
  ('L1000152',1,'VfB Stuttgart','SpVgg Greuther Fürth',5,1),
  ('L1000153',3,'VfB Stuttgart','SC Freiburg',2,3),
  ('L1000154',5,'VfB Stuttgart','Bayer 04 Leverkusen',1,3),
  ('L1000155',7,'VfB Stuttgart','TSG 1899 Hoffenheim',3,1),
  ('L1000156',9,'VfB Stuttgart','1.FC Union Berlin',1,1),
  ('L1000157',11,'VfB Stuttgart','Arminia Bielefeld',0,1),
  ('L1000158',13,'VfB Stuttgart','1.FSV Mainz 05',2,1),
  ('L1000159',14,'VfB Stuttgart','Hertha BSC',2,2),
  ('L1000160',16,'VfB Stuttgart','Bayern Munich',0,5),
  ('L1000161',19,'VfB Stuttgart','RB Leipzig',0,2),
  ('L1000162',2,'SpVgg Greuther Fürth','Arminia Bielefeld',1,1),
  ('L1000163',4,'SpVgg Greuther Fürth','VfL Wolfsburg',0,2),
  ('L1000164',6,'SpVgg Greuther Fürth','Bayern Munich',1,3),
  ('L1000165',8,'SpVgg Greuther Fürth','VfL Bochum',0,1),
  ('L1000166',11,'SpVgg Greuther Fürth','Eintracht Frankfurt',1,2),
  ('L1000167',13,'SpVgg Greuther Fürth','TSG 1899 Hoffenheim',3,6),
  ('L1000168',15,'SpVgg Greuther Fürth','1.FC Union Berlin',1,0),
  ('L1000169',17,'SpVgg Greuther Fürth','FC Augsburg',0,0),
  ('L1000170',18,'SpVgg Greuther Fürth','VfB Stuttgart',0,0);

insert into Gol values
  ('L1000000',50,'038253',false),
  ('L1000000',59,'159471',false),
  ('L1000000',60,'050512',false),
  ('L1000000',62,'112935',false),
  ('L1000000',71,'159471',false),
  ('L1000001',6,'058358',false),
  ('L1000001',35,'038253',false),
  ('L1000001',49,'580195',false),
  ('L1000001',70,'038253',false),
  ('L1000001',84,'038253',false),
  ('L1000002',17,'192565',false),
  ('L1000002',27,'161056',false),
  ('L1000002',32,'159471',false),
  ('L1000002',43,'063489',true),
  ('L1000002',61,'038253',false),
  ('L1000002',65,'161056',false),
  ('L1000002',79,'045660',false),
  ('L1000003',29,'153084',false),
  ('L1000003',32,'085789',false),
  ('L1000003',83,'161011',false),
  ('L1000004',16,'159471',false),
  ('L1000004',30,'038253',false),
  ('L1000004',82,'045660',false),
  ('L1000004',87,'243714',false),
  ('L1000005',30,'153084',false),
  ('L1000005',75,'038253',false),
  ('L1000005',93,'177779',false),
  ('L1000006',71,'192565',false),
  ('L1000007',22,'119234',false),
  ('L1000007',53,'243714',false),
  ('L1000007',74,'580195',false),
  ('L1000008',7,'058358',false),
  ('L1000008',57,'344695',false),
  ('L1000008',59,'192565',false),
  ('L1000008',87,'038253',false),
  ('L1000009',18,'038253',false),
  ('L1000009',27,'278332',false),
  ('L1000009',31,'085791',false),
  ('L1000010',23,'035207',false),
  ('L1000010',27,'274461',true),
  ('L1000010',32,'102226',false),
  ('L1000010',34,'418560',false),
  ('L1000010',58,'504215',false),
  ('L1000010',70,'418560',false),
  ('L1000010',86,'422355',false),
  ('L1000011',49,'504215',false),
  ('L1000011',61,'324278',false),
  ('L1000011',69,'581678',false),
  ('L1000011',90,'145866',false),
  ('L1000011',91,'418560',false),
  ('L1000012',10,'170986',false),
  ('L1000012',24,'418560',false),
  ('L1000012',52,'196231',true),
  ('L1000012',57,'036182',false),
  ('L1000012',81,'094771',false),
  ('L1000012',83,'418560',false),
  ('L1000013',10,'170986',false),
  ('L1000013',35,'345468',false),
  ('L1000013',51,'187492',false),
  ('L1000014',3,'035207',false),
  ('L1000014',54,'418560',false),
  ('L1000014',87,'333647',false),
  ('L1000014',94,'418560',false),
  ('L1000015',40,'102226',false),
  ('L1000015',63,'296879',false),
  ('L1000016',56,'326029',false),
  ('L1000016',63,'431561',false),
  ('L1000016',85,'035207',false),
  ('L1000017',5,'187492',false),
  ('L1000017',9,'038253',false),
  ('L1000017',44,'243714',false),
  ('L1000017',48,'418560',false),
  ('L1000017',77,'038253',false),
  ('L1000018',33,'418560',false),
  ('L1000018',82,'418560',false),
  ('L1000018',89,'326029',false),
  ('L1000019',14,'100986',false),
  ('L1000019',29,'100986',false),
  ('L1000019',46,'418560',false),
  ('L1000019',61,'335457',false),
  ('L1000019',75,'418560',false),
  ('L1000019',86,'191422',false),
  ('L1000020',3,'361065',false),
  ('L1000020',8,'242086',false),
  ('L1000020',55,'395516',false),
  ('L1000021',9,'598577',false),
  ('L1000021',37,'418560',false),
  ('L1000021',46,'242086',false),
  ('L1000021',49,'187492',false),
  ('L1000021',55,'395516',false),
  ('L1000021',71,'170986',false),
  ('L1000021',77,'418560',false),
  ('L1000022',62,'598577',false),
  ('L1000023',3,'038253',false),
  ('L1000023',30,'038253',false),
  ('L1000023',34,'058358',false),
  ('L1000023',35,'159471',false),
  ('L1000023',37,'159471',false),
  ('L1000023',55,'242086',false),
  ('L1000024',48,'314288',false),
  ('L1000024',51,'117674',false),
  ('L1000025',3,'532776',false),
  ('L1000026',12,'532776',false),
  ('L1000026',17,'564545',false),
  ('L1000026',33,'147359',false),
  ('L1000026',45,'659813',false),
  ('L1000026',49,'242086',false),
  ('L1000026',69,'242086',false),
  ('L1000026',74,'242086',false),
  ('L1000026',76,'242086',false),
  ('L1000027',37,'242086',false),
  ('L1000027',63,'242086',false),
  ('L1000027',80,'443710',false),
  ('L1000027',83,'145866',false),
  ('L1000028',38,'242086',false),
  ('L1000028',45,'234029',false),
  ('L1000028',49,'234029',false),
  ('L1000028',84,'196357',false),
  ('L1000029',10,'072792',false),
  ('L1000029',14,'160241',false),
  ('L1000029',30,'293281',false),
  ('L1000029',47,'295313',false),
  ('L1000030',21,'333647',false),
  ('L1000030',77,'269878',false),
  ('L1000031',25,'327251',false),
  ('L1000031',47,'046580',false),
  ('L1000031',74,'324278',false),
  ('L1000031',81,'143798',false),
  ('L1000032',31,'237164',false),
  ('L1000032',49,'237164',false),
  ('L1000032',51,'324278',false),
  ('L1000032',74,'251309',false),
  ('L1000032',87,'223974',false),
  ('L1000033',19,'046580',false),
  ('L1000033',36,'057051',false),
  ('L1000034',12,'315604',false),
  ('L1000034',68,'145866',false),
  ('L1000035',15,'323831',false),
  ('L1000035',24,'251309',false),
  ('L1000035',30,'538977',false),
  ('L1000035',59,'315604',false),
  ('L1000035',72,'181547',false),
  ('L1000036',35,'237662',false),
  ('L1000036',91,'160241',false),
  ('L1000037',5,'120205',false),
  ('L1000037',38,'237164',false),
  ('L1000037',44,'237164',false),
  ('L1000037',93,'318204',false),
  ('L1000038',38,'451276',false),
  ('L1000038',46,'111078',false),
  ('L1000038',52,'451276',false),
  ('L1000038',65,'198008',false),
  ('L1000039',12,'038253',false),
  ('L1000039',47,'580195',false),
  ('L1000039',54,'192565',false),
  ('L1000039',58,'223967',false),
  ('L1000039',91,'045660',false),
  ('L1000040',15,'344381',false),
  ('L1000040',23,'157635',false),
  ('L1000040',48,'348026',false),
  ('L1000040',60,'111078',false),
  ('L1000040',70,'344381',false),
  ('L1000040',77,'402008',false),
  ('L1000041',70,'198008',false),
  ('L1000041',73,'344381',false),
  ('L1000041',78,'344381',false),
  ('L1000042',45,'171209',false),
  ('L1000042',46,'157635',false),
  ('L1000042',53,'111078',false),
  ('L1000042',65,'451276',false),
  ('L1000042',88,'668276',false),
  ('L1000043',29,'344381',false),
  ('L1000043',52,'035207',false),
  ('L1000043',68,'157635',false),
  ('L1000044',21,'598577',false),
  ('L1000044',34,'395516',false),
  ('L1000044',62,'198008',false),
  ('L1000044',64,'484547',false),
  ('L1000045',21,'475959',false),
  ('L1000045',32,'198008',false),
  ('L1000045',88,'284732',false),
  ('L1000045',91,'344381',false),
  ('L1000045',94,'202591',false),
  ('L1000046',57,'294534',false),
  ('L1000046',75,'307052',false),
  ('L1000047',21,'198008',false),
  ('L1000047',47,'451276',false),
  ('L1000047',57,'314398',false),
  ('L1000047',58,'344381',false),
  ('L1000047',61,'198008',false),
  ('L1000048',6,'185077',false),
  ('L1000048',53,'332798',false),
  ('L1000048',59,'342039',true),
  ('L1000049',34,'050512',false),
  ('L1000050',6,'093604',false),
  ('L1000050',25,'248999',false),
  ('L1000050',33,'185077',false),
  ('L1000051',32,'111078',false),
  ('L1000051',64,'297583',false),
  ('L1000052',20,'392131',true),
  ('L1000052',39,'055099',false),
  ('L1000052',74,'518505',false),
  ('L1000052',79,'185077',false),
  ('L1000053',34,'513245',false),
  ('L1000053',43,'161011',false),
  ('L1000054',3,'318204',false),
  ('L1000054',21,'388198',false),
  ('L1000054',94,'578539',false),
  ('L1000055',33,'185077',false),
  ('L1000055',46,'089701',false),
  ('L1000055',84,'473050',false),
  ('L1000056',6,'177779',false),
  ('L1000056',46,'297583',false),
  ('L1000056',60,'307052',false),
  ('L1000056',87,'477109',false),
  ('L1000057',7,'295313',false),
  ('L1000057',12,'395516',false),
  ('L1000058',22,'072792',false),
  ('L1000058',41,'295313',false),
  ('L1000058',91,'007161',false),
  ('L1000060',88,'117432',false),
  ('L1000061',49,'295313',false),
  ('L1000061',83,'188888',false),
  ('L1000062',15,'038253',false),
  ('L1000062',23,'038253',false),
  ('L1000062',34,'192565',false),
  ('L1000062',43,'072792',false),
  ('L1000062',60,'243714',false),
  ('L1000062',65,'370789',false),
  ('L1000062',79,'058358',false),
  ('L1000063',8,'295313',false),
  ('L1000063',30,'075921',false),
  ('L1000064',6,'295313',false),
  ('L1000064',13,'344381',false),
  ('L1000064',57,'187491',false),
  ('L1000066',16,'187491',true),
  ('L1000066',22,'094771',false),
  ('L1000066',73,'234029',false),
  ('L1000067',6,'046104',false),
  ('L1000067',41,'050512',false),
  ('L1000067',52,'106270',false),
  ('L1000067',55,'106270',false),
  ('L1000068',82,'147485',false),
  ('L1000068',91,'553285',false),
  ('L1000068',94,'079967',false),
  ('L1000069',54,'050512',false),
  ('L1000069',71,'402008',false),
  ('L1000070',7,'196084',false),
  ('L1000070',50,'147573',false),
  ('L1000070',55,'290587',false),
  ('L1000070',89,'290587',false),
  ('L1000071',15,'242086',false),
  ('L1000071',17,'061087',false),
  ('L1000071',63,'050512',false),
  ('L1000071',82,'050512',false),
  ('L1000072',7,'050512',false),
  ('L1000072',9,'370789',false),
  ('L1000072',46,'234029',false),
  ('L1000072',86,'050512',false),
  ('L1000073',55,'287188',false),
  ('L1000073',74,'007161',false),
  ('L1000073',77,'112935',false),
  ('L1000073',78,'232418',false),
  ('L1000073',93,'147573',false),
  ('L1000074',72,'042783',false),
  ('L1000074',88,'251302',false),
  ('L1000075',88,'050512',false),
  ('L1000076',9,'038253',false),
  ('L1000076',25,'190393',false),
  ('L1000076',62,'038253',false),
  ('L1000076',74,'038253',false),
  ('L1000077',13,'291200',false),
  ('L1000078',15,'240274',false),
  ('L1000078',92,'106872',false),
  ('L1000080',39,'269878',false),
  ('L1000080',69,'295313',false),
  ('L1000080',73,'295313',false),
  ('L1000081',10,'119234',false),
  ('L1000081',15,'082350',false),
  ('L1000081',26,'333647',false),
  ('L1000081',69,'345468',false),
  ('L1000081',71,'333647',false),
  ('L1000082',38,'278332',false),
  ('L1000082',76,'168989',false),
  ('L1000083',41,'333647',false),
  ('L1000083',47,'244940',false),
  ('L1000084',2,'333647',false),
  ('L1000084',4,'344069',false),
  ('L1000084',90,'434224',true),
  ('L1000085',19,'314398',false),
  ('L1000085',41,'126281',false),
  ('L1000085',49,'168989',false),
  ('L1000085',79,'182574',false),
  ('L1000086',48,'288253',false),
  ('L1000088',79,'161011',false),
  ('L1000088',88,'445939',false),
  ('L1000089',14,'290587',false),
  ('L1000089',51,'323831',false),
  ('L1000090',7,'279009',false),
  ('L1000090',63,'361068',false),
  ('L1000090',78,'181547',false),
  ('L1000091',35,'157635',false),
  ('L1000092',22,'212723',false),
  ('L1000092',62,'036182',false),
  ('L1000092',95,'371149',false),
  ('L1000093',5,'242086',false),
  ('L1000093',22,'242086',false),
  ('L1000093',30,'513245',false),
  ('L1000093',50,'371149',false),
  ('L1000093',66,'374954',false),
  ('L1000093',76,'212723',false),
  ('L1000094',34,'513245',false),
  ('L1000095',15,'323831',false),
  ('L1000095',24,'323831',false),
  ('L1000095',71,'102226',false),
  ('L1000095',87,'581678',false),
  ('L1000095',89,'191422',false),
  ('L1000096',21,'190289',false),
  ('L1000096',56,'060957',false),
  ('L1000097',37,'261905',false),
  ('L1000097',43,'261905',false),
  ('L1000097',59,'079967',false),
  ('L1000097',78,'371142',false),
  ('L1000099',3,'041541',false),
  ('L1000099',92,'060957',false),
  ('L1000100',97,'232144',false),
  ('L1000101',51,'225657',false),
  ('L1000101',54,'060957',false),
  ('L1000101',82,'232144',false),
  ('L1000102',40,'060957',false),
  ('L1000102',85,'187492',false),
  ('L1000103',16,'036182',false),
  ('L1000104',65,'232144',false),
  ('L1000106',52,'127076',false),
  ('L1000107',38,'386914',false),
  ('L1000108',5,'237662',false),
  ('L1000108',7,'007161',false),
  ('L1000108',24,'196095',false),
  ('L1000108',95,'504153',false),
  ('L1000109',27,'225657',false),
  ('L1000109',68,'248999',false),
  ('L1000110',14,'314288',false),
  ('L1000111',35,'119296',false),
  ('L1000111',55,'326029',false),
  ('L1000111',80,'418560',false),
  ('L1000112',25,'415912',false),
  ('L1000112',63,'179635',false),
  ('L1000113',8,'314288',false),
  ('L1000113',34,'050512',false),
  ('L1000113',73,'112935',false),
  ('L1000113',89,'050512',false),
  ('L1000115',10,'167329',false),
  ('L1000115',42,'038253',false),
  ('L1000116',35,'048298',false),
  ('L1000116',47,'307052',false),
  ('L1000116',69,'048298',false),
  ('L1000118',15,'415912',false),
  ('L1000118',42,'007161',false),
  ('L1000119',12,'167329',false),
  ('L1000119',40,'007161',false),
  ('L1000119',85,'041541',false),
  ('L1000120',9,'007161',false),
  ('L1000120',28,'278332',false),
  ('L1000120',43,'167329',false),
  ('L1000120',57,'007161',false),
  ('L1000121',2,'190284',false),
  ('L1000121',5,'473050',false),
  ('L1000121',12,'225657',false),
  ('L1000121',19,'055099',false),
  ('L1000121',25,'248999',false),
  ('L1000121',37,'388198',false),
  ('L1000122',6,'278332',false),
  ('L1000122',45,'323831',false),
  ('L1000122',50,'513245',false),
  ('L1000122',54,'284732',false),
  ('L1000122',55,'356141',false),
  ('L1000123',51,'159088',false),
  ('L1000123',74,'242086',false),
  ('L1000123',81,'192635',false),
  ('L1000124',37,'293281',false),
  ('L1000124',87,'538977',false),
  ('L1000124',95,'057051',false),
  ('L1000125',14,'152963',true),
  ('L1000125',30,'152963',false),
  ('L1000125',75,'242086',false),
  ('L1000125',81,'598577',false),
  ('L1000126',80,'152963',false),
  ('L1000127',19,'314295',false),
  ('L1000127',77,'185164',false),
  ('L1000128',7,'272278',false),
  ('L1000128',30,'314295',false),
  ('L1000128',53,'106405',false),
  ('L1000128',72,'152963',false),
  ('L1000128',81,'090024',false),
  ('L1000129',23,'288429',false),
  ('L1000129',35,'042783',false),
  ('L1000129',38,'038253',false),
  ('L1000130',23,'060957',false),
  ('L1000130',40,'190289',false),
  ('L1000130',47,'060957',false),
  ('L1000130',57,'120205',false),
  ('L1000130',86,'038410',false),
  ('L1000131',19,'198008',false),
  ('L1000131',86,'038410',false),
  ('L1000132',22,'356141',false),
  ('L1000132',38,'120205',false),
  ('L1000134',22,'422355',false),
  ('L1000134',86,'533295',false),
  ('L1000136',18,'395516',false),
  ('L1000136',24,'242086',false),
  ('L1000136',57,'242086',false),
  ('L1000136',92,'125858',false),
  ('L1000137',31,'119296',false),
  ('L1000137',45,'039728',false),
  ('L1000137',72,'581678',false),
  ('L1000137',87,'078147',false),
  ('L1000138',25,'314398',false),
  ('L1000138',42,'185164',false),
  ('L1000138',68,'333647',false),
  ('L1000139',11,'307052',false),
  ('L1000139',54,'078147',false),
  ('L1000139',63,'314288',false),
  ('L1000140',17,'244940',false),
  ('L1000140',59,'477109',false),
  ('L1000141',51,'307052',false),
  ('L1000141',69,'533295',false),
  ('L1000142',8,'307052',false),
  ('L1000142',35,'518505',false),
  ('L1000142',67,'136181',false),
  ('L1000142',83,'028947',false),
  ('L1000143',60,'303259',false),
  ('L1000143',74,'327251',false),
  ('L1000143',88,'314288',false),
  ('L1000144',57,'171209',false),
  ('L1000144',61,'361068',false),
  ('L1000144',79,'388363',true),
  ('L1000145',17,'225657',false),
  ('L1000145',78,'042936',false),
  ('L1000146',40,'279009',false),
  ('L1000147',42,'046104',false),
  ('L1000147',90,'159088',false),
  ('L1000148',40,'279009',false),
  ('L1000148',97,'120205',false),
  ('L1000149',53,'046104',false),
  ('L1000149',95,'178459',false),
  ('L1000150',31,'187492',false),
  ('L1000150',51,'111039',false),
  ('L1000150',57,'279009',false),
  ('L1000150',69,'279009',false),
  ('L1000150',83,'296879',false),
  ('L1000151',29,'050512',false),
  ('L1000151',32,'232418',false),
  ('L1000151',57,'179643',false),
  ('L1000151',91,'472249',false),
  ('L1000152',30,'146310',false),
  ('L1000152',55,'160938',false),
  ('L1000152',76,'160938',false),
  ('L1000152',93,'518505',false),
  ('L1000153',3,'297583',false),
  ('L1000153',9,'297583',false),
  ('L1000153',28,'248999',false),
  ('L1000153',45,'415912',false),
  ('L1000154',2,'159088',false),
  ('L1000154',19,'242086',false),
  ('L1000154',38,'289592',false),
  ('L1000154',70,'598577',false),
  ('L1000155',18,'160938',false),
  ('L1000155',60,'415912',false),
  ('L1000155',81,'431561',false),
  ('L1000155',84,'293281',false),
  ('L1000156',31,'295313',false),
  ('L1000156',93,'610431',false),
  ('L1000157',19,'307052',false),
  ('L1000158',21,'353892',false),
  ('L1000158',38,'126281',false),
  ('L1000158',51,'293194',false),
  ('L1000159',15,'445939',false),
  ('L1000159',19,'179635',false),
  ('L1000159',40,'046104',false),
  ('L1000159',76,'046104',false),
  ('L1000160',40,'159471',false),
  ('L1000160',53,'159471',false),
  ('L1000160',69,'038253',false),
  ('L1000160',72,'038253',false),
  ('L1000160',74,'159471',false),
  ('L1000161',11,'198008',false),
  ('L1000161',70,'344381',false),
  ('L1000162',45,'078147',false),
  ('L1000162',50,'171209',false),
  ('L1000163',10,'314288',false),
  ('L1000164',10,'058358',false),
  ('L1000164',31,'161056',false),
  ('L1000164',68,'153555',true),
  ('L1000165',80,'111266',false),
  ('L1000166',75,'044466',false),
  ('L1000166',94,'323831',false),
  ('L1000167',22,'518505',false),
  ('L1000167',32,'237164',false),
  ('L1000167',40,'538977',false),
  ('L1000167',46,'310662',false),
  ('L1000167',57,'538977',false),
  ('L1000167',62,'237164',false),
  ('L1000167',66,'196084',true),
  ('L1000167',67,'171209',false),
  ('L1000167',80,'237164',false),
  ('L1000168',56,'136181',false);
