/* File created by scraping https://www.transfermarkt.com using Antonio Cardin's program */

insert into Squadre values
  ('Bayern Munich','München','Flick'),
  ('Borussia Dortmund','Dortmund','Terzic'),
  ('RB Leipzig','Leipzig','Nagelsmann'),
  ('Bayer 04 Leverkusen','Leverkusen','Wolf'),
  ('Borussia Mönchengladbach','Mönchengladbach','Rose'),
  ('Eintracht Frankfurt','Frankfurt am Main','Hütter'),
  ('VfL Wolfsburg','Wolfsburg','Glasner'),
  ('Hertha BSC','Berlin','Labbadia'),
  ('TSG 1899 Hoffenheim','Zuzenhausen','Hoeneß'),
  ('VfB Stuttgart','Stuttgart','Matarazzo'),
  ('1.FSV Mainz 05','Mainz','Beierlorzer'),
  ('SC Freiburg','Freiburg im Breisgau','Streich'),
  ('FC Schalke 04','Gelsenkirchen','Wagner'),
  ('1. FC Köln','Köln','Funkel'),
  ('SV Werder Bremen','Bremen','Kohfeldt'),
  ('FC Augsburg','Augsburg','Herrlich'),
  ('1.FC Union Berlin','Berlin','Fischer'),
  ('Arminia Bielefeld','Bielefeld','Neuhaus');

insert into Giocatori values
  ('017259','Bayern Munich',1,'Manuel','Neuer','27-mar-1986','Portiere'),
  ('195778','Bayern Munich',35,'Alexander','Nübel','30-sep-1996','Portiere'),
  ('040680','Bayern Munich',26,'Sven','Ulreich','3-aug-1988','Portiere'),
  ('317444','Bayern Munich',39,'Ron-Thorben','Hoffmann','4-apr-1999','Portiere'),
  ('453874','Bayern Munich',34,'Lukas','Schneller','26-oct-2001','Portiere'),
  ('059016','Bayern Munich',27,'David','Alaba','24-jun-1992','Difensore'),
  ('281963','Bayern Munich',21,'Lucas','Hernández','14-feb-1996','Difensore'),
  ('166601','Bayern Munich',4,'Niklas','Süle','3-sep-1995','Difensore'),
  ('538996','Bayern Munich',23,'Tanguy','Nianzou','7-jun-2002','Difensore'),
  ('026485','Bayern Munich',17,'Jérôme','Boateng','3-sep-1988','Difensore'),
  ('578539','Bayern Munich',41,'Chris','Richards','28-mar-2000','Difensore'),
  ('580193','Bayern Munich',43,'Bright','Arrey-Mbi','26-mar-2003','Difensore'),
  ('335455','Bayern Munich',37,'Kilian','Senkbeil','22-may-1999','Difensore'),
  ('424204','Bayern Munich',19,'Alphonso','Davies','2-nov-2000','Difensore'),
  ('805835','Bayern Munich',26,'Rémy','Vita','1-apr-2001','Difensore'),
  ('422211','Bayern Munich',48,'Alexander','Lungwitz','4-aug-2000','Difensore'),
  ('353366','Bayern Munich',5,'Benjamin','Pavard','28-mar-1996','Difensore'),
  ('190685','Bayern Munich',20,'Bouna','Sarr','31-jan-1992','Difensore'),
  ('483046','Bayern Munich',44,'Josip','Stanisic','2-apr-2000','Difensore'),
  ('161056','Bayern Munich',6,'Joshua','Kimmich','8-feb-1995','Centrocampista'),
  ('336869','Bayern Munich',22,'Marc','Roca','26-nov-1996','Centrocampista'),
  ('044017','Bayern Munich',8,'Javi','Martínez','2-sep-1988','Centrocampista'),
  ('379979','Bayern Munich',30,'Adrian','Fein','18-mar-1999','Centrocampista'),
  ('443710','Bayern Munich',36,'Angelo','Stiller','4-apr-2001','Centrocampista'),
  ('153084','Bayern Munich',18,'Leon','Goretzka','6-feb-1995','Centrocampista'),
  ('190393','Bayern Munich',24,'Corentin','Tolisso','3-aug-1994','Centrocampista'),
  ('344600','Bayern Munich',11,'Michaël','Cuisance','16-aug-1999','Centrocampista'),
  ('429987','Bayern Munich',28,'Tiago','Dantas','24-dec-2000','Centrocampista'),
  ('380423','Bayern Munich',49,'Maximilian','Zaiser','8-mar-1999','Centrocampista'),
  ('580195','Bayern Munich',42,'Jamal','Musiala','26-feb-2003','Centrocampista'),
  ('503162','Bayern Munich',32,'Christopher','Scott','7-jun-2002','Centrocampista'),
  ('467437','Bayern Munich',40,'Malik','Tillman','28-may-2002','Centrocampista'),
  ('336324','Bayern Munich',38,'Daniels','Ontuzans','7-mar-2000','Centrocampista'),
  ('192565','Bayern Munich',10,'Leroy','Sané','11-jan-1996','Attaccante'),
  ('159471','Bayern Munich',7,'Serge','Gnabry','14-jul-1995','Attaccante'),
  ('243714','Bayern Munich',29,'Kingsley','Coman','13-jun-1996','Attaccante'),
  ('075615','Bayern Munich',11,'Douglas','Costa','14-sep-1990','Attaccante'),
  ('058358','Bayern Munich',25,'Thomas','Müller','13-sep-1989','Attaccante'),
  ('483974','Bayern Munich',45,'Leon','Dajaku','12-apr-2001','Attaccante'),
  ('569033','Bayern Munich',47,'Armindo','Sieb','17-feb-2003','Attaccante'),
  ('038253','Bayern Munich',9,'Robert','Lewandowski','21-aug-1988','Attaccante'),
  ('435648','Bayern Munich',14,'Joshua','Zirkzee','22-may-2001','Attaccante'),
  ('045660','Bayern Munich',13,'Eric Maxim','Choupo-Moting','23-mar-1989','Attaccante'),
  ('343337','Bayern Munich',15,'Fiete','Arp','6-jan-2000','Attaccante'),
  ('212718','Bayern Munich',30,'Dimitri','Oberlin','27-sep-1997','Attaccante'),
  ('059027','Borussia Dortmund',1,'Roman','Bürki','14-nov-1990','Portiere'),
  ('059238','Borussia Dortmund',35,'Marwin','Hitz','18-sep-1987','Portiere'),
  ('388815','Borussia Dortmund',25,'Luca','Unbehaun','27-feb-2001','Portiere'),
  ('388067','Borussia Dortmund',40,'Stefan','Drljaca','20-apr-1999','Portiere'),
  ('284730','Borussia Dortmund',16,'Manuel','Akanji','19-jul-1995','Difensore'),
  ('344598','Borussia Dortmund',5,'Dan-Axel','Zagadou','3-jun-1999','Difensore'),
  ('039728','Borussia Dortmund',15,'Mats','Hummels','16-dec-1988','Difensore'),
  ('170986','Borussia Dortmund',13,'Raphaël','Guerreiro','22-dec-1993','Difensore'),
  ('085867','Borussia Dortmund',14,'Nico','Schulz','1-apr-1993','Difensore'),
  ('035208','Borussia Dortmund',29,'Marcel','Schmelzer','22-jan-1988','Difensore'),
  ('100986','Borussia Dortmund',24,'Thomas','Meunier','12-sep-1991','Difensore'),
  ('388513','Borussia Dortmund',2,'Mateu','Morey Bauzà','2-mar-2000','Difensore'),
  ('274461','Borussia Dortmund',30,'Felix','Passlack','29-may-1998','Difensore'),
  ('025727','Borussia Dortmund',26,'Lukasz','Piszczek','3-jun-1985','Difensore'),
  ('119296','Borussia Dortmund',23,'Emre','Can','12-jan-1994','Centrocampista'),
  ('091849','Borussia Dortmund',6,'Thomas','Delaney','3-sep-1991','Centrocampista'),
  ('035047','Borussia Dortmund',28,'Axel','Witsel','12-jan-1989','Centrocampista'),
  ('581678','Borussia Dortmund',22,'Jude','Bellingham','29-jun-2003','Centrocampista'),
  ('191422','Borussia Dortmund',8,'Mahmoud','Dahoud','1-jan-1996','Centrocampista'),
  ('384745','Borussia Dortmund',37,'Tobias','Raschl','21-feb-2000','Centrocampista'),
  ('504215','Borussia Dortmund',32,'Giovanni','Reyna','13-nov-2002','Centrocampista'),
  ('187492','Borussia Dortmund',19,'Julian','Brandt','2-may-1996','Centrocampista'),
  ('627226','Borussia Dortmund',20,'Reinier','null','19-jan-2002','Centrocampista'),
  ('035207','Borussia Dortmund',11,'Marco','Reus','31-may-1989','Centrocampista'),
  ('401173','Borussia Dortmund',7,'Jadon','Sancho','25-mar-2000','Attaccante'),
  ('102226','Borussia Dortmund',10,'Thorgan','Hazard','29-mar-1993','Attaccante'),
  ('429874','Borussia Dortmund',36,'Ansgar','Knauff','10-jan-2002','Attaccante'),
  ('333451','Borussia Dortmund',39,'Dominik','Wanner','4-may-1999','Attaccante'),
  ('193900','Borussia Dortmund',null,'Marius','Wolf','27-may-1995','Attaccante'),
  ('418560','Borussia Dortmund',9,'Erling','Haaland','21-jul-2000','Attaccante'),
  ('467720','Borussia Dortmund',18,'Youssoufa','Moukoko','20-nov-2004','Attaccante'),
  ('296879','Borussia Dortmund',27,'Steffen','Tigges','31-jul-1998','Attaccante'),
  ('057071','RB Leipzig',1,'Péter','Gulácsi','6-may-1990','Portiere'),
  ('388516','RB Leipzig',33,'Josep','Martínez','27-may-1998','Portiere'),
  ('021726','RB Leipzig',13,'Philipp','Tschauner','3-nov-1985','Portiere'),
  ('344695','RB Leipzig',5,'Dayot','Upamecano','27-oct-1998','Difensore'),
  ('357119','RB Leipzig',6,'Ibrahima','Konaté','25-may-1999','Difensore'),
  ('215599','RB Leipzig',16,'Lukas','Klostermann','3-jun-1996','Difensore'),
  ('093740','RB Leipzig',4,'Willi','Orbán','3-nov-1992','Difensore'),
  ('070243','RB Leipzig',23,'Marcel','Halstenberg','27-sep-1991','Difensore'),
  ('348026','RB Leipzig',22,'Nordi','Mukiele','1-nov-1997','Difensore'),
  ('202591','RB Leipzig',39,'Benjamin','Henrichs','23-feb-1997','Difensore'),
  ('332705','RB Leipzig',14,'Tyler','Adams','14-feb-1999','Centrocampista'),
  ('597000','RB Leipzig',null,'Eric','Martel','29-apr-2002','Centrocampista'),
  ('106987','RB Leipzig',7,'Marcel','Sabitzer','17-mar-1994','Centrocampista'),
  ('223967','RB Leipzig',27,'Konrad','Laimer','27-may-1997','Centrocampista'),
  ('402008','RB Leipzig',8,'Amadou','Haidara','31-jan-1998','Centrocampista'),
  ('053418','RB Leipzig',44,'Kevin','Kampl','9-oct-1990','Centrocampista'),
  ('717345','RB Leipzig',null,'Sidney','Raebiger','17-apr-2005','Centrocampista'),
  ('277179','RB Leipzig',3,'Angeliño','null','4-jan-1997','Centrocampista'),
  ('293385','RB Leipzig',25,'Dani','Olmo','7-may-1998','Centrocampista'),
  ('344381','RB Leipzig',18,'Christopher','Nkunku','14-nov-1997','Centrocampista'),
  ('528833','RB Leipzig',20,'Lazar','Samardzic','24-feb-2002','Centrocampista'),
  ('597004','RB Leipzig',47,'Joscha','Wosz','20-jul-2002','Centrocampista'),
  ('451276','RB Leipzig',17,'Dominik','Szoboszlai','25-oct-2000','Attaccante'),
  ('111078','RB Leipzig',10,'Emil','Forsberg','23-oct-1991','Attaccante'),
  ('330659','RB Leipzig',21,'Justin','Kluivert','5-may-1999','Attaccante'),
  ('406040','RB Leipzig',null,'Ademola','Lookman','20-oct-1997','Attaccante'),
  ('668276','RB Leipzig',38,'Hugo','Novoa','24-jan-2003','Attaccante'),
  ('405685','RB Leipzig',35,'Fabrice','Hartmann','2-mar-2001','Attaccante'),
  ('157635','RB Leipzig',9,'Yussuf','Poulsen','15-jun-1994','Attaccante'),
  ('238407','RB Leipzig',19,'Alexander','Sörloth','5-dec-1995','Attaccante'),
  ('292246','RB Leipzig',11,'Hee-chan','Hwang','26-jan-1996','Attaccante'),
  ('467426','RB Leipzig',null,'Dennis','Borkowski','26-jan-2002','Attaccante'),
  ('048015','Bayer 04 Leverkusen',1,'Lukas','Hradecky','24-nov-1989','Portiere'),
  ('309397','Bayer 04 Leverkusen',21,'Lennart','Grill','25-jan-1999','Portiere'),
  ('085543','Bayer 04 Leverkusen',36,'Niklas','Lomb','28-jul-1993','Portiere'),
  ('527555','Bayer 04 Leverkusen',33,'Marcel','Johnen','11-oct-2002','Portiere'),
  ('564545','Bayer 04 Leverkusen',12,'Edmond','Tapsoba','2-feb-1999','Difensore'),
  ('196357','Bayer 04 Leverkusen',4,'Jonathan','Tah','11-feb-1996','Difensore'),
  ('059032','Bayer 04 Leverkusen',6,'Aleksandar','Dragovic','6-mar-1991','Difensore'),
  ('206386','Bayer 04 Leverkusen',16,'Tin','Jedvaj','28-nov-1995','Difensore'),
  ('215099','Bayer 04 Leverkusen',22,'Daley','Sinkgraven','4-jul-1995','Difensore'),
  ('228433','Bayer 04 Leverkusen',18,'Wendell','null','20-jul-1993','Difensore'),
  ('484547','Bayer 04 Leverkusen',30,'Jeremie','Frimpong','10-dec-2000','Difensore'),
  ('120443','Bayer 04 Leverkusen',2,'Santiago','Arias','13-jan-1992','Difensore'),
  ('315131','Bayer 04 Leverkusen',24,'Timothy','Fosu-Mensah','2-jan-1998','Difensore'),
  ('119211','Bayer 04 Leverkusen',23,'Mitchell','Weiser','21-apr-1994','Difensore'),
  ('029993','Bayer 04 Leverkusen',5,'Sven','Bender','27-apr-1989','Centrocampista'),
  ('030059','Bayer 04 Leverkusen',8,'Lars','Bender','27-apr-1989','Centrocampista'),
  ('034787','Bayer 04 Leverkusen',15,'Julian','Baumgartlinger','2-jan-1988','Centrocampista'),
  ('125858','Bayer 04 Leverkusen',10,'Kerem','Demirbay','3-jul-1993','Centrocampista'),
  ('232454','Bayer 04 Leverkusen',11,'Nadiem','Amiri','27-oct-1996','Centrocampista'),
  ('401578','Bayer 04 Leverkusen',25,'Exequiel','Palacios','5-oct-1998','Centrocampista'),
  ('089701','Bayer 04 Leverkusen',20,'Charles','Aránguiz','17-apr-1989','Centrocampista'),
  ('530157','Bayer 04 Leverkusen',39,'Cem','Türkmen','29-mar-2002','Centrocampista'),
  ('598577','Bayer 04 Leverkusen',27,'Florian','Wirtz','3-may-2003','Centrocampista'),
  ('395516','Bayer 04 Leverkusen',19,'Moussa','Diaby','7-jul-1999','Attaccante'),
  ('387626','Bayer 04 Leverkusen',9,'Leon','Bailey','9-aug-1997','Attaccante'),
  ('428791','Bayer 04 Leverkusen',7,'Paulinho','null','15-jul-2000','Attaccante'),
  ('292417','Bayer 04 Leverkusen',28,'Demarai','Gray','28-jun-1996','Attaccante'),
  ('538864','Bayer 04 Leverkusen',32,'Samed','Onur','15-jul-2002','Attaccante'),
  ('061087','Bayer 04 Leverkusen',38,'Karim','Bellarabi','8-apr-1990','Attaccante'),
  ('242086','Bayer 04 Leverkusen',14,'Patrik','Schick','24-jan-1996','Attaccante'),
  ('193782','Bayer 04 Leverkusen',13,'Lucas','Alario','8-oct-1992','Attaccante'),
  ('173491','Bayer 04 Leverkusen',null,'Joel','Pohjanpalo','13-sep-1994','Attaccante'),
  ('580276','Bayer 04 Leverkusen',37,'Emrehan','Gedikli','25-apr-2003','Attaccante'),
  ('042205','Borussia Mönchengladbach',1,'Yann','Sommer','17-dec-1988','Portiere'),
  ('031653','Borussia Mönchengladbach',21,'Tobias','Sippel','22-mar-1988','Portiere'),
  ('455922','Borussia Mönchengladbach',41,'Jan','Olschowsky','18-nov-2001','Portiere'),
  ('032779','Borussia Mönchengladbach',31,'Max','Grün','5-apr-1987','Portiere'),
  ('124502','Borussia Mönchengladbach',28,'Matthias','Ginter','19-jan-1994','Difensore'),
  ('192635','Borussia Mönchengladbach',30,'Nico','Elvedi','30-sep-1996','Difensore'),
  ('403898','Borussia Mönchengladbach',15,'Jordan','Beyer','19-may-2000','Difensore'),
  ('047587','Borussia Mönchengladbach',24,'Tony','Jantschke','7-apr-1990','Difensore'),
  ('340480','Borussia Mönchengladbach',4,'Mamadou','Doucouré','21-may-1998','Difensore'),
  ('284732','Borussia Mönchengladbach',25,'Ramy','Bensebaini','16-apr-1995','Difensore'),
  ('345746','Borussia Mönchengladbach',null,'Andreas','Poulsen','13-oct-1999','Difensore'),
  ('019305','Borussia Mönchengladbach',17,'Oscar','Wendt','24-oct-1985','Difensore'),
  ('085791','Borussia Mönchengladbach',18,'Stefan','Lainer','27-aug-1992','Difensore'),
  ('186368','Borussia Mönchengladbach',19,'Valentino','Lazaro','24-mar-1996','Difensore'),
  ('504153','Borussia Mönchengladbach',29,'Joe','Scally','31-dec-2002','Difensore'),
  ('051346','Borussia Mönchengladbach',3,'Michael','Lang','8-feb-1991','Difensore'),
  ('392154','Borussia Mönchengladbach',33,'Kaan','Kurt','21-dec-2001','Difensore'),
  ('334526','Borussia Mönchengladbach',8,'Denis','Zakaria','20-nov-1996','Centrocampista'),
  ('082097','Borussia Mönchengladbach',6,'Christoph','Kramer','19-feb-1991','Centrocampista'),
  ('278332','Borussia Mönchengladbach',32,'Florian','Neuhaus','16-mar-1997','Centrocampista'),
  ('243188','Borussia Mönchengladbach',null,'Lászlo','Bénes','9-sep-1997','Centrocampista'),
  ('467434','Borussia Mönchengladbach',43,'Rocco','Reitz','29-may-2002','Centrocampista'),
  ('321070','Borussia Mönchengladbach',11,'Hannes','Wolf','16-apr-1999','Centrocampista'),
  ('048298','Borussia Mönchengladbach',13,'Lars','Stindl','26-aug-1988','Centrocampista'),
  ('368860','Borussia Mönchengladbach',26,'Torben','Müsel','25-jul-1999','Centrocampista'),
  ('318528','Borussia Mönchengladbach',10,'Marcus','Thuram','6-aug-1997','Attaccante'),
  ('504089','Borussia Mönchengladbach',27,'Famana','Quizera','25-apr-2002','Attaccante'),
  ('007161','Borussia Mönchengladbach',23,'Jonas','Hofmann','14-jul-1992','Attaccante'),
  ('032711','Borussia Mönchengladbach',7,'Patrick','Herrmann','12-feb-1991','Attaccante'),
  ('047285','Borussia Mönchengladbach',16,'Ibrahima','Traoré','21-apr-1988','Attaccante'),
  ('167329','Borussia Mönchengladbach',14,'Alassane','Plea','10-mar-1993','Attaccante'),
  ('237662','Borussia Mönchengladbach',36,'Breel','Embolo','14-feb-1997','Attaccante'),
  ('401717','Borussia Mönchengladbach',20,'Julio','Villalba','17-sep-1998','Attaccante'),
  ('045672','Eintracht Frankfurt',1,'Kevin','Trapp','8-jul-1990','Portiere'),
  ('107775','Eintracht Frankfurt',32,'Frederik','Rönnow','4-aug-1992','Portiere'),
  ('296741','Eintracht Frankfurt',23,'Markus','Schubert','12-jun-1998','Portiere'),
  ('569288','Eintracht Frankfurt',40,'Elias','Bördner','18-feb-2002','Portiere'),
  ('371149','Eintracht Frankfurt',2,'Evan','Ndicka','20-aug-1999','Difensore'),
  ('085789','Eintracht Frankfurt',13,'Martin','Hinteregger','7-sep-1992','Difensore'),
  ('546213','Eintracht Frankfurt',35,'Tuta','null','4-jul-1999','Difensore'),
  ('170927','Eintracht Frankfurt',6,'Simon','Falette','19-feb-1992','Difensore'),
  ('529198','Eintracht Frankfurt',31,'Fynn','Otto','8-mar-2002','Difensore'),
  ('472224','Eintracht Frankfurt',41,'Felix','Irorere','21-jun-2002','Difensore'),
  ('441238','Eintracht Frankfurt',38,'Yannick','Brugger','17-jan-2001','Difensore'),
  ('058178','Eintracht Frankfurt',19,'David','Abraham','15-jul-1986','Difensore'),
  ('146258','Eintracht Frankfurt',30,'Jetro','Willems','30-mar-1994','Difensore'),
  ('085906','Eintracht Frankfurt',24,'Danny','da Costa','13-jul-1993','Difensore'),
  ('216181','Eintracht Frankfurt',18,'Almamy','Touré','28-apr-1996','Difensore'),
  ('093922','Eintracht Frankfurt',25,'Erik','Durm','12-may-1992','Difensore'),
  ('049723','Eintracht Frankfurt',22,'Timothy','Chandler','29-mar-1990','Difensore'),
  ('040074','Eintracht Frankfurt',3,'Stefan','Ilsanker','18-may-1989','Centrocampista'),
  ('039259','Eintracht Frankfurt',20,'Makoto','Hasebe','18-jan-1984','Centrocampista'),
  ('404262','Eintracht Frankfurt',36,'Lukas','Fahrnberger','8-jan-2001','Centrocampista'),
  ('212723','Eintracht Frankfurt',8,'Djibril','Sow','6-feb-1997','Centrocampista'),
  ('118847','Eintracht Frankfurt',28,'Dominik','Kohr','31-jan-1994','Centrocampista'),
  ('044466','Eintracht Frankfurt',17,'Sebastian','Rode','11-oct-1990','Centrocampista'),
  ('265625','Eintracht Frankfurt',7,'Ajdin','Hrustic','5-jul-1996','Centrocampista'),
  ('161011','Eintracht Frankfurt',10,'Filip','Kostic','1-nov-1992','Centrocampista'),
  ('356141','Eintracht Frankfurt',15,'Daichi','Kamada','5-aug-1996','Centrocampista'),
  ('096167','Eintracht Frankfurt',32,'Amin','Younes','6-aug-1993','Centrocampista'),
  ('315332','Eintracht Frankfurt',27,'Aymen','Barkok','21-may-1998','Centrocampista'),
  ('068033','Eintracht Frankfurt',11,'Steven','Zuber','17-aug-1991','Attaccante'),
  ('198008','Eintracht Frankfurt',33,'André','Silva','6-nov-1995','Attaccante'),
  ('257462','Eintracht Frankfurt',9,'Luka','Jovic','23-dec-1997','Attaccante'),
  ('181547','Eintracht Frankfurt',39,'Gonçalo','Paciência','1-aug-1994','Attaccante'),
  ('056331','Eintracht Frankfurt',9,'Bas','Dost','31-may-1989','Attaccante'),
  ('416380','Eintracht Frankfurt',21,'Ragnar','Ache','28-jul-1998','Attaccante'),
  ('555719','Eintracht Frankfurt',null,'Ali','Akman','18-apr-2002','Attaccante'),
  ('519226','Eintracht Frankfurt',34,'Jabez','Makanda','8-aug-2001','Attaccante'),
  ('108880','VfL Wolfsburg',1,'Koen','Casteels','25-jun-1992','Portiere'),
  ('051977','VfL Wolfsburg',12,'Pavao','Pervan','13-nov-1987','Portiere'),
  ('192268','VfL Wolfsburg',30,'Niklas','Klinger','13-oct-1995','Portiere'),
  ('441994','VfL Wolfsburg',35,'Lino','Kasten','17-jan-2001','Portiere'),
  ('434224','VfL Wolfsburg',4,'Maxence','Lacroix','6-apr-2000','Difensore'),
  ('124732','VfL Wolfsburg',25,'John Anthony','Brooks','28-jan-1993','Difensore'),
  ('282144','VfL Wolfsburg',34,'Marin','Pongracic','11-sep-1997','Difensore'),
  ('088721','VfL Wolfsburg',5,'Jeffrey','Bruma','13-nov-1991','Difensore'),
  ('337092','VfL Wolfsburg',39,'Tim','Siersleben','9-mar-2000','Difensore'),
  ('221611','VfL Wolfsburg',6,'Paulo Otávio','null','23-nov-1994','Difensore'),
  ('127076','VfL Wolfsburg',15,'Jérôme','Roussillon','6-jan-1993','Difensore'),
  ('183321','VfL Wolfsburg',19,'Kevin','Mbabu','19-apr-1995','Difensore'),
  ('341710','VfL Wolfsburg',null,'William','null','3-apr-1995','Difensore'),
  ('093704','VfL Wolfsburg',23,'Josuha','Guilavogui','19-sep-1990','Centrocampista'),
  ('223979','VfL Wolfsburg',24,'Xaver','Schlager','28-sep-1997','Centrocampista'),
  ('117674','VfL Wolfsburg',27,'Maximilian','Arnold','27-may-1994','Centrocampista'),
  ('119277','VfL Wolfsburg',31,'Yannick','Gerhardt','13-mar-1994','Centrocampista'),
  ('327251','VfL Wolfsburg',20,'Ridle','Baku','8-apr-1998','Centrocampista'),
  ('329814','VfL Wolfsburg',null,'Luca','Horn','19-dec-1998','Centrocampista'),
  ('085352','VfL Wolfsburg',null,'Yunus','Malli','24-feb-1992','Centrocampista'),
  ('293169','VfL Wolfsburg',7,'Josip','Brekalo','23-jun-1998','Attaccante'),
  ('194638','VfL Wolfsburg',8,'Renato','Steffen','3-nov-1991','Attaccante'),
  ('381724','VfL Wolfsburg',40,'João Victor','null','27-mar-1994','Attaccante'),
  ('089591','VfL Wolfsburg',null,'Felix','Klaus','13-sep-1992','Attaccante'),
  ('143891','VfL Wolfsburg',17,'Maximilian','Philipp','1-mar-1994','Attaccante'),
  ('066058','VfL Wolfsburg',14,'Admir','Mehmedi','16-mar-1991','Attaccante'),
  ('228645','VfL Wolfsburg',9,'Wout','Weghorst','7-aug-1992','Attaccante'),
  ('535551','VfL Wolfsburg',21,'Bartosz','Bialek','11-nov-2001','Attaccante'),
  ('445939','VfL Wolfsburg',null,'Omar','Marmoush','7-feb-1999','Attaccante'),
  ('079501','VfL Wolfsburg',33,'Daniel','Ginczek','13-apr-1991','Attaccante'),
  ('093763','Hertha BSC',1,'Alexander','Schwolow','2-jun-1992','Portiere'),
  ('024112','Hertha BSC',22,'Rune','Jarstein','29-sep-1984','Portiere'),
  ('241974','Hertha BSC',12,'Nils-Jonathan','Körber','13-nov-1996','Portiere'),
  ('453737','Hertha BSC',null,'Marcel','Lotka','25-may-2001','Portiere'),
  ('162434','Hertha BSC',5,'Niklas','Stark','14-apr-1995','Difensore'),
  ('227110','Hertha BSC',25,'Jordan','Torunarigha','7-aug-1997','Difensore'),
  ('088262','Hertha BSC',20,'Dedryck','Boyata','28-nov-1990','Difensore'),
  ('432281','Hertha BSC',31,'Márton','Dárdai','12-feb-2002','Difensore'),
  ('353032','Hertha BSC',14,'Omar','Alderete','26-dec-1996','Difensore'),
  ('182579','Hertha BSC',null,'Karim','Rekik','2-dec-1994','Difensore'),
  ('282660','Hertha BSC',17,'Maximilian','Mittelstädt','18-mar-1997','Difensore'),
  ('524285','Hertha BSC',32,'Luca','Netz','15-may-2003','Difensore'),
  ('089592','Hertha BSC',21,'Marvin','Plattenhardt','26-jan-1992','Difensore'),
  ('338032','Hertha BSC',42,'Deyovaisio','Zeefuik','11-mar-1998','Difensore'),
  ('282577','Hertha BSC',13,'Lukas','Klünter','26-may-1996','Difensore'),
  ('051100','Hertha BSC',2,'Peter','Pekarik','30-oct-1986','Difensore'),
  ('353948','Hertha BSC',29,'Lucas','Tousart','29-apr-1997','Centrocampista'),
  ('423436','Hertha BSC',18,'Santiago','Ascacíbar','25-feb-1997','Centrocampista'),
  ('605222','Hertha BSC',41,'Jonas','Dirkner','15-jul-2002','Centrocampista'),
  ('465830','Hertha BSC',8,'Mattéo','Guendouzi','14-apr-1999','Centrocampista'),
  ('296397','Hertha BSC',null,'Arne','Maier','8-jan-1999','Centrocampista'),
  ('179643','Hertha BSC',6,'Vladimir','Darida','8-aug-1990','Centrocampista'),
  ('260655','Hertha BSC',23,'Eduard','Löwen','28-jan-1997','Centrocampista'),
  ('029401','Hertha BSC',28,'Sami','Khedira','4-apr-1987','Centrocampista'),
  ('471901','Hertha BSC',40,'Jonas','Michelbrink','23-jun-2001','Centrocampista'),
  ('392149','Hertha BSC',null,'Julian','Albrecht','31-aug-2001','Centrocampista'),
  ('232418','Hertha BSC',null,'Ondrej','Duda','5-dec-1994','Centrocampista'),
  ('315125','Hertha BSC',16,'Javairô','Dilrosun','22-jun-1998','Attaccante'),
  ('245078','Hertha BSC',24,'Nemanja','Radonjic','15-feb-1996','Attaccante'),
  ('126214','Hertha BSC',7,'Mathew','Leckie','4-feb-1991','Attaccante'),
  ('303259','Hertha BSC',11,'Dodi','Lukébakio','24-sep-1997','Attaccante'),
  ('574569','Hertha BSC',35,'Marten','Winkler','31-oct-2002','Attaccante'),
  ('517894','Hertha BSC',10,'Matheus Cunha','null','27-may-1999','Attaccante'),
  ('327757','Hertha BSC',9,'Krzysztof','Piatek','1-jul-1995','Attaccante'),
  ('185245','Hertha BSC',15,'Jhon','Córdoba','11-may-1993','Attaccante'),
  ('361081','Hertha BSC',33,'Daishawn','Redan','2-feb-2001','Attaccante'),
  ('448177','Hertha BSC',27,'Jessic','Ngankam','20-jul-2000','Attaccante'),
  ('447896','Hertha BSC',36,'Ruwen','Werthmüller','28-jan-2001','Attaccante'),
  ('055089','TSG 1899 Hoffenheim',1,'Oliver','Baumann','2-jun-1990','Portiere'),
  ('008246','TSG 1899 Hoffenheim',12,'Philipp','Pentke','1-may-1985','Portiere'),
  ('432671','TSG 1899 Hoffenheim',37,'Luca','Philipp','28-nov-2000','Portiere'),
  ('600942','TSG 1899 Hoffenheim',null,'Nahue','Noll','17-mar-2003','Portiere'),
  ('223974','TSG 1899 Hoffenheim',38,'Stefan','Posch','14-may-1997','Difensore'),
  ('160241','TSG 1899 Hoffenheim',25,'Kevin','Akpoguma','19-apr-1995','Difensore'),
  ('084435','TSG 1899 Hoffenheim',22,'Kevin','Vogt','23-sep-1991','Difensore'),
  ('263801','TSG 1899 Hoffenheim',15,'Kasim','Adams','22-jun-1995','Difensore'),
  ('051676','TSG 1899 Hoffenheim',4,'Ermin','Bicakcic','24-jan-1990','Difensore'),
  ('042234','TSG 1899 Hoffenheim',6,'Havard','Nordtveit','21-jun-1990','Difensore'),
  ('052348','TSG 1899 Hoffenheim',21,'Benjamin','Hübner','4-jul-1989','Difensore'),
  ('523913','TSG 1899 Hoffenheim',null,'Gabriel','Haider','18-jun-2002','Difensore'),
  ('148967','TSG 1899 Hoffenheim',5,'Konstantinos','Stafylidis','2-dec-1993','Difensore'),
  ('471890','TSG 1899 Hoffenheim',null,'Max','Geschwill','7-jul-2001','Difensore'),
  ('143798','TSG 1899 Hoffenheim',3,'Pavel','Kaderabek','25-apr-1992','Difensore'),
  ('207006','TSG 1899 Hoffenheim',2,'Joshua','Brenet','20-mar-1994','Difensore'),
  ('195736','TSG 1899 Hoffenheim',11,'Florian','Grillitsch','7-aug-1995','Centrocampista'),
  ('315604','TSG 1899 Hoffenheim',18,'Diadié','Samassékou','11-jan-1996','Centrocampista'),
  ('057051','TSG 1899 Hoffenheim',16,'Sebastian','Rudy','28-feb-1990','Centrocampista'),
  ('476915','TSG 1899 Hoffenheim',32,'Melayro','Bogarde','28-may-2002','Centrocampista'),
  ('296340','TSG 1899 Hoffenheim',null,'Alfons','Amade','12-nov-1999','Centrocampista'),
  ('251309','TSG 1899 Hoffenheim',8,'Dennis','Geiger','10-jun-1998','Centrocampista'),
  ('392775','TSG 1899 Hoffenheim',17,'Ryan','Sessegnon','18-may-2000','Centrocampista'),
  ('450234','TSG 1899 Hoffenheim',30,'Marco','John','2-apr-2002','Centrocampista'),
  ('324278','TSG 1899 Hoffenheim',14,'Christoph','Baumgartner','1-aug-1999','Centrocampista'),
  ('215864','TSG 1899 Hoffenheim',20,'Mijat','Gacinovic','8-feb-1995','Centrocampista'),
  ('293281','TSG 1899 Hoffenheim',null,'Jacob','Bruun Larsen','19-sep-1998','Attaccante'),
  ('270393','TSG 1899 Hoffenheim',29,'Robert','Skov','20-may-1996','Attaccante'),
  ('046580','TSG 1899 Hoffenheim',27,'Andrej','Kramaric','19-jun-1991','Attaccante'),
  ('237164','TSG 1899 Hoffenheim',9,'Ihlas','Bebou','23-apr-1994','Attaccante'),
  ('145866','TSG 1899 Hoffenheim',10,'Munas','Dabbur','14-may-1992','Attaccante'),
  ('498862','TSG 1899 Hoffenheim',null,'João','Klauss','1-mar-1997','Attaccante'),
  ('125614','TSG 1899 Hoffenheim',23,'Sargis','Adamyan','23-may-1993','Attaccante'),
  ('538977','TSG 1899 Hoffenheim',33,'Georginio','Rutter','20-apr-2002','Attaccante'),
  ('111039','TSG 1899 Hoffenheim',19,'Ishak','Belfodil','12-jan-1992','Attaccante'),
  ('578392','TSG 1899 Hoffenheim',35,'Maximilian','Beier','17-oct-2002','Attaccante'),
  ('257814','VfB Stuttgart',1,'Gregor','Kobel','6-dec-1997','Portiere'),
  ('187624','VfB Stuttgart',33,'Fabian','Bredlow','2-mar-1995','Portiere'),
  ('040034','VfB Stuttgart',13,'Jens','Grahl','22-sep-1988','Portiere'),
  ('193004','VfB Stuttgart',2,'Waldemar','Anton','20-jul-1996','Difensore'),
  ('160938','VfB Stuttgart',4,'Marc Oliver','Kempf','28-jan-1995','Difensore'),
  ('415912','VfB Stuttgart',5,'Konstantinos','Mavropanos','11-dec-1997','Difensore'),
  ('195246','VfB Stuttgart',15,'Pascal','Stenzel','20-mar-1996','Difensore'),
  ('129358','VfB Stuttgart',35,'Marcin','Kaminski','15-jan-1992','Difensore'),
  ('405674','VfB Stuttgart',26,'Antonis','Aidonis','22-may-2001','Difensore'),
  ('293194','VfB Stuttgart',24,'Borna','Sosa','21-jan-1998','Difensore'),
  ('289592','VfB Stuttgart',23,'Orel','Mangala','18-mar-1998','Centrocampista'),
  ('146310','VfB Stuttgart',3,'Wataru','Endo','9-feb-1993','Centrocampista'),
  ('232320','VfB Stuttgart',16,'Atakan','Karazor','13-oct-1996','Centrocampista'),
  ('538971','VfB Stuttgart',32,'Naouirou','Ahamada','29-mar-2002','Centrocampista'),
  ('470594','VfB Stuttgart',6,'Clinton','Mola','15-mar-2001','Centrocampista'),
  ('363424','VfB Stuttgart',36,'Luca','Mack','25-may-2000','Centrocampista'),
  ('028947','VfB Stuttgart',8,'Gonzalo','Castro','11-jun-1987','Centrocampista'),
  ('612826','VfB Stuttgart',14,'Silas','Katompa Mvumpa','6-oct-1998','Centrocampista'),
  ('431561','VfB Stuttgart',30,'Roberto','Massimo','12-oct-2000','Centrocampista'),
  ('156779','VfB Stuttgart',11,'Erik','Thommy','20-aug-1994','Centrocampista'),
  ('540302','VfB Stuttgart',31,'Mateo','Klimowicz','6-jul-2000','Centrocampista'),
  ('179635','VfB Stuttgart',20,'Philipp','Förster','4-feb-1995','Centrocampista'),
  ('057995','VfB Stuttgart',10,'Daniel','Didavi','21-feb-1990','Centrocampista'),
  ('060394','VfB Stuttgart',21,'Philipp','Klement','9-sep-1992','Centrocampista'),
  ('472243','VfB Stuttgart',25,'Lilian','Egloff','20-aug-2002','Centrocampista'),
  ('486031','VfB Stuttgart',22,'Nicolás','González','6-apr-1998','Attaccante'),
  ('618425','VfB Stuttgart',7,'Tanguy','Coulibaly','18-feb-2001','Attaccante'),
  ('768384','VfB Stuttgart',29,'Momo','Cissé','17-oct-2002','Attaccante'),
  ('386786','VfB Stuttgart',19,'Darko','Churlinov','11-jul-2000','Attaccante'),
  ('369567','VfB Stuttgart',9,'Sasa','Kalajdzic','7-jul-1997','Attaccante'),
  ('572919','VfB Stuttgart',44,'Mohamed','Sankoh','16-oct-2003','Attaccante'),
  ('193534','VfB Stuttgart',18,'Hamadi','Al Ghaddioui','22-sep-1990','Attaccante'),
  ('284769','1.FSV Mainz 05',null,'Florian','Müller','13-nov-1997','Portiere'),
  ('160963','1.FSV Mainz 05',27,'Robin','Zentner','28-oct-1994','Portiere'),
  ('251299','1.FSV Mainz 05',37,'Finn','Dahmen','27-mar-1998','Portiere'),
  ('211530','1.FSV Mainz 05',33,'Omer','Hanin','14-may-1998','Portiere'),
  ('337090','1.FSV Mainz 05',41,'Marius','Liesegang','7-jan-2000','Portiere'),
  ('288253','1.FSV Mainz 05',4,'Jeremiah','St. Juste','19-oct-1996','Difensore'),
  ('291200','1.FSV Mainz 05',19,'Moussa','Niakhaté','8-mar-1996','Difensore'),
  ('082350','1.FSV Mainz 05',16,'Stefan','Bell','24-aug-1991','Difensore'),
  ('126281','1.FSV Mainz 05',42,'Alexander','Hack','8-sep-1993','Difensore'),
  ('384553','1.FSV Mainz 05',15,'Luca','Kilian','1-sep-1999','Difensore'),
  ('420890','1.FSV Mainz 05',null,'Dimitri','Lavalée','13-jan-1997','Difensore'),
  ('251878','1.FSV Mainz 05',null,'Aarón','Martín','22-apr-1997','Difensore'),
  ('127573','1.FSV Mainz 05',23,'Phillipp','Mwene','29-jan-1994','Difensore'),
  ('043984','1.FSV Mainz 05',18,'Daniel','Brosinski','17-jul-1988','Difensore'),
  ('470815','1.FSV Mainz 05',25,'Niklas','Tauer','17-feb-2001','Centrocampista'),
  ('357233','1.FSV Mainz 05',35,'Leandro','Barreiro','3-jan-2000','Centrocampista'),
  ('247555','1.FSV Mainz 05',20,'Edimilson','Fernandes','15-apr-1996','Centrocampista'),
  ('339829','1.FSV Mainz 05',14,'Pierre','Kunde','26-jul-1995','Centrocampista'),
  ('168543','1.FSV Mainz 05',8,'Levin','Öztunali','15-mar-1996','Centrocampista'),
  ('039025','1.FSV Mainz 05',6,'Danny','Latza','7-dec-1989','Centrocampista'),
  ('405689','1.FSV Mainz 05',24,'Merveille','Papela','18-jan-2001','Centrocampista'),
  ('182574','1.FSV Mainz 05',5,'Jean-Paul','Boëtius','22-mar-1994','Centrocampista'),
  ('106872','1.FSV Mainz 05',17,'Kevin','Stöger','27-aug-1993','Centrocampista'),
  ('482145','1.FSV Mainz 05',null,'Issah','Abass','26-sep-1998','Attaccante'),
  ('503160','1.FSV Mainz 05',26,'Paul','Nebel','10-oct-2002','Attaccante'),
  ('206542','1.FSV Mainz 05',7,'Robin','Quaison','9-oct-1993','Attaccante'),
  ('420002','1.FSV Mainz 05',null,'Jean-Philippe','Mateta','28-jun-1997','Attaccante'),
  ('333647','1.FSV Mainz 05',29,'Jonathan','Burkardt','11-jul-2000','Attaccante'),
  ('119234','1.FSV Mainz 05',21,'Karim','Onisiwo','17-mar-1992','Attaccante'),
  ('196139','1.FSV Mainz 05',9,'Robert','Glatzel','8-jan-1994','Attaccante'),
  ('164265','1.FSV Mainz 05',null,'Dong-won','Ji','28-may-1991','Attaccante'),
  ('039106','1.FSV Mainz 05',28,'Ádám','Szalai','9-dec-1987','Attaccante'),
  ('532495','1.FSV Mainz 05',36,'Marlon','Mustapha','24-may-2001','Attaccante'),
  ('125714','SC Freiburg',26,'Mark','Flekken','13-jun-1993','Portiere'),
  ('120296','SC Freiburg',1,'Benjamin','Uphoff','8-aug-1993','Portiere'),
  ('348778','SC Freiburg',40,'Niclas','Thiede','14-apr-1999','Portiere'),
  ('225657','SC Freiburg',3,'Philipp','Lienhart','11-jul-1996','Difensore'),
  ('413843','SC Freiburg',31,'Keven','Schlotterbeck','28-apr-1997','Difensore'),
  ('110036','SC Freiburg',23,'Dominique','Heintz','15-aug-1993','Difensore'),
  ('045683','SC Freiburg',5,'Manuel','Gulde','12-feb-1991','Difensore'),
  ('548348','SC Freiburg',null,'Kiliann','Sildillia','16-may-2002','Difensore'),
  ('093707','SC Freiburg',30,'Christian','Günter','28-feb-1993','Difensore'),
  ('296378','SC Freiburg',null,'Luca','Itter','5-jan-1999','Difensore'),
  ('070285','SC Freiburg',7,'Jonathan','Schmid','22-jun-1990','Difensore'),
  ('093604','SC Freiburg',17,'Lukas','Kübler','30-aug-1992','Difensore'),
  ('285323','SC Freiburg',8,'Baptiste','Santamaria','9-mar-1995','Centrocampista'),
  ('055099','SC Freiburg',27,'Nicolas','Höfler','9-mar-1990','Centrocampista'),
  ('342039','SC Freiburg',36,'Yannik','Keitel','15-feb-2000','Centrocampista'),
  ('066005','SC Freiburg',null,'Amir','Abrashi','27-mar-1990','Centrocampista'),
  ('329373','SC Freiburg',39,'Carlo','Boukhalfa','3-may-1999','Centrocampista'),
  ('177779','SC Freiburg',19,'Janik','Haberer','2-apr-1994','Centrocampista'),
  ('378883','SC Freiburg',34,'Lino','Tempelmann','2-feb-1999','Centrocampista'),
  ('372267','SC Freiburg',14,'Guus','Til','22-dec-1997','Centrocampista'),
  ('185077','SC Freiburg',32,'Vincenzo','Grifo','7-apr-1993','Attaccante'),
  ('332798','SC Freiburg',22,'Roland','Sallai','22-may-1997','Attaccante'),
  ('297583','SC Freiburg',29,'Woo-yeong','Jeong','20-sep-1999','Attaccante'),
  ('259350','SC Freiburg',28,'Chang-hoon','Kwon','30-jun-1994','Attaccante'),
  ('473050','SC Freiburg',null,'Kevin','Schade','27-nov-2001','Attaccante'),
  ('335457','SC Freiburg',11,'Ermedin','Demirovic','25-mar-1998','Attaccante'),
  ('248999','SC Freiburg',9,'Lucas','Höler','10-jul-1994','Attaccante'),
  ('042936','SC Freiburg',18,'Nils','Petersen','6-dec-1988','Attaccante'),
  ('346900','SC Freiburg',45,'Nishan','Burkart','31-jan-2000','Attaccante'),
  ('039015','FC Schalke 04',1,'Ralf','Fährmann','27-sep-1988','Portiere'),
  ('019114','FC Schalke 04',34,'Michael','Langer','6-jan-1985','Portiere'),
  ('333074','FC Schalke 04',null,'Sören','Ahlers','9-sep-1997','Portiere'),
  ('361260','FC Schalke 04',null,'Ozan','Kabak','25-mar-2000','Difensore'),
  ('143559','FC Schalke 04',5,'Matija','Nastasic','28-mar-1993','Difensore'),
  ('521964','FC Schalke 04',33,'Malick','Thiaw','8-aug-2001','Difensore'),
  ('126534','FC Schalke 04',26,'Salif','Sané','25-aug-1990','Difensore'),
  ('088590','FC Schalke 04',30,'Shkodran','Mustafi','17-apr-1992','Difensore'),
  ('282349','FC Schalke 04',31,'Timo','Becker','25-mar-1997','Difensore'),
  ('554395','FC Schalke 04',49,'Vasilios','Pavlidis','4-sep-2002','Difensore'),
  ('570160','FC Schalke 04',15,'Henning','Matriciani','14-mar-2000','Difensore'),
  ('094005','FC Schalke 04',20,'Sead','Kolasinac','20-jun-1993','Difensore'),
  ('447221','FC Schalke 04',3,'Hamza','Mendyl','21-oct-1997','Difensore'),
  ('053437','FC Schalke 04',24,'Bastian','Oczipka','12-jan-1989','Difensore'),
  ('521474','FC Schalke 04',null,'Brooklyn','Ezeh','23-jun-2001','Difensore'),
  ('361516','FC Schalke 04',2,'Kilian','Ludewig','5-mar-2000','Difensore'),
  ('142031','FC Schalke 04',6,'Omar','Mascarell','2-feb-1993','Centrocampista'),
  ('127160','FC Schalke 04',17,'Benjamin','Stambouli','13-aug-1990','Centrocampista'),
  ('596881','FC Schalke 04',41,'Florian','Flick','1-may-2000','Centrocampista'),
  ('471897','FC Schalke 04',45,'Jimmy','Kaparos','25-dec-2001','Centrocampista'),
  ('261905','FC Schalke 04',8,'Suat','Serdar','11-apr-1997','Centrocampista'),
  ('406609','FC Schalke 04',40,'Can','Bozdogan','5-apr-2001','Centrocampista'),
  ('245537','FC Schalke 04',10,'Nabil','Bentaleb','24-nov-1994','Centrocampista'),
  ('118397','FC Schalke 04',28,'Alessandro','Schöpf','7-feb-1994','Centrocampista'),
  ('346332','FC Schalke 04',16,'Nassim','Boujellab','20-jun-1999','Centrocampista'),
  ('283141','FC Schalke 04',36,'Blendi','Idrizi','2-may-1998','Centrocampista'),
  ('472242','FC Schalke 04',38,'Mehmet','Aydin','9-feb-2002','Centrocampista'),
  ('553905','FC Schalke 04',42,'Kerim','Calhanoglu','26-aug-2002','Centrocampista'),
  ('372711','FC Schalke 04',25,'Amine','Harit','18-jun-1997','Centrocampista'),
  ('093827','FC Schalke 04',22,'Steven','Skrzybski','18-nov-1992','Centrocampista'),
  ('388820','FC Schalke 04',37,'Levent','Mercan','10-dec-2000','Centrocampista'),
  ('605558','FC Schalke 04',47,'Mikail','Maden','17-jan-2002','Centrocampista'),
  ('404384','FC Schalke 04',null,'Rabbi','Matondo','9-sep-2000','Attaccante'),
  ('112935','FC Schalke 04',7,'Mark','Uth','24-aug-1991','Attaccante'),
  ('678194','FC Schalke 04',43,'Matthew','Hoppe','13-mar-2001','Attaccante'),
  ('112930','FC Schalke 04',9,'Benito','Raman','7-nov-1994','Attaccante'),
  ('452084','FC Schalke 04',null,'Ahmed','Kutucu','1-mar-2000','Attaccante'),
  ('004357','FC Schalke 04',21,'Klaas-Jan','Huntelaar','12-aug-1983','Attaccante'),
  ('021175','FC Schalke 04',null,'Vedad','Ibisevic','6-aug-1984','Attaccante'),
  ('388029','FC Schalke 04',27,'Luca','Schuler','22-mar-1999','Attaccante'),
  ('084938','1. FC Köln',1,'Timo','Horn','12-may-1993','Portiere'),
  ('021327','1. FC Köln',16,'Ron-Robert','Zieler','12-feb-1989','Portiere'),
  ('337082','1. FC Köln',32,'Julian','Krahl','22-jan-2000','Portiere'),
  ('338629','1. FC Köln',33,'Sebastiaan','Bornauw','22-mar-1999','Difensore'),
  ('286779','1. FC Köln',22,'Jorge','Meré','17-apr-1997','Difensore'),
  ('464906','1. FC Köln',26,'Sava-Arangel','Cestic','19-feb-2001','Difensore'),
  ('084150','1. FC Köln',5,'Rafael','Czichos','14-may-1990','Difensore'),
  ('091716','1. FC Köln',null,'Frederik','Sörensen','14-apr-1992','Difensore'),
  ('452392','1. FC Köln',4,'Robert','Voloder','9-may-2001','Difensore'),
  ('415642','1. FC Köln',null,'João','Queirós','22-apr-1998','Difensore'),
  ('469949','1. FC Köln',3,'Noah','Katterbach','13-apr-2001','Difensore'),
  ('108537','1. FC Köln',14,'Jonas','Hector','27-may-1990','Difensore'),
  ('231586','1. FC Köln',23,'Jannes','Horn','6-feb-1997','Difensore'),
  ('272812','1. FC Köln',19,'Kingsley','Ehizibue','25-may-1995','Difensore'),
  ('160968','1. FC Köln',2,'Benno','Schmitz','17-nov-1994','Difensore'),
  ('290587','1. FC Köln',28,'Ellyes','Skhiri','10-may-1995','Centrocampista'),
  ('055510','1. FC Köln',6,'Marco','Höger','16-sep-1989','Centrocampista'),
  ('280575','1. FC Köln',20,'Elvis','Rexhbecaj','1-nov-1997','Centrocampista'),
  ('244940','1. FC Köln',21,'Salih','Özcan','11-jan-1998','Centrocampista'),
  ('146164','1. FC Köln',13,'Max','Meyer','18-sep-1995','Centrocampista'),
  ('375137','1. FC Köln',8,'Ismail','Jakobs','17-aug-1999','Centrocampista'),
  ('053400','1. FC Köln',24,'Dominick','Drexler','26-may-1990','Centrocampista'),
  ('613192','1. FC Köln',38,'Jens','Castrop','29-jul-2003','Centrocampista'),
  ('106270','1. FC Köln',11,'Florian','Kainz','24-oct-1992','Attaccante'),
  ('522084','1. FC Köln',47,'Marvin','Obuz','25-jan-2002','Attaccante'),
  ('472249','1. FC Köln',29,'Jan','Thielmann','26-may-2002','Attaccante'),
  ('324344','1. FC Köln',15,'Dimitrios','Limnios','27-may-1998','Attaccante'),
  ('044713','1. FC Köln',null,'Christian','Clemens','4-aug-1991','Attaccante'),
  ('553285','1. FC Köln',25,'Tim','Lemperle','5-feb-2002','Attaccante'),
  ('448854','1. FC Köln',43,'Emmanuel','Dennis','15-nov-1997','Attaccante'),
  ('147573','1. FC Köln',9,'Sebastian','Andersson','15-jul-1991','Attaccante'),
  ('050512','1. FC Köln',null,'Anthony','Modeste','14-apr-1988','Attaccante'),
  ('683571','1. FC Köln',7,'Tolu','Arokodare','23-nov-2000','Attaccante'),
  ('260053','SV Werder Bremen',1,'Jiri','Pavlenka','14-apr-1992','Portiere'),
  ('196813','SV Werder Bremen',30,'Michael','Zetterer','12-jul-1995','Portiere'),
  ('068410','SV Werder Bremen',27,'Stefanos','Kapino','18-mar-1994','Portiere'),
  ('335997','SV Werder Bremen',40,'Luca','Plogmann','10-mar-2000','Portiere'),
  ('369258','SV Werder Bremen',38,'Dudu','null','10-feb-1999','Portiere'),
  ('156990','SV Werder Bremen',32,'Marco','Friedl','16-mar-1998','Difensore'),
  ('202228','SV Werder Bremen',13,'Milos','Veljkovic','26-sep-1995','Difensore'),
  ('043512','SV Werder Bremen',21,'Ömer','Toprak','21-jul-1989','Difensore'),
  ('005017','SV Werder Bremen',18,'Niklas','Moisander','29-sep-1985','Difensore'),
  ('170646','SV Werder Bremen',5,'Ludwig','Augustinsson','21-apr-1994','Difensore'),
  ('393512','SV Werder Bremen',17,'Felix','Agu','27-sep-1999','Difensore'),
  ('060632','SV Werder Bremen',23,'Theodor','Gebre Selassie','24-dec-1986','Difensore'),
  ('193859','SV Werder Bremen',29,'Patrick','Erras','21-jan-1995','Centrocampista'),
  ('058396','SV Werder Bremen',36,'Christian','Groß','8-feb-1989','Centrocampista'),
  ('381753','SV Werder Bremen',28,'Ilia','Gruev','6-may-2000','Centrocampista'),
  ('042033','SV Werder Bremen',44,'Philipp','Bargfrede','3-mar-1989','Centrocampista'),
  ('380078','SV Werder Bremen',33,'Julian','Rieckmann','1-aug-2000','Centrocampista'),
  ('190284','SV Werder Bremen',35,'Maximilian','Eggestein','8-dec-1996','Centrocampista'),
  ('094137','SV Werder Bremen',6,'Kevin','Möhwald','3-jul-1993','Centrocampista'),
  ('335003','SV Werder Bremen',34,'Jean Manuel','Mbom','24-feb-2000','Centrocampista'),
  ('182932','SV Werder Bremen',30,'Davy','Klaassen','21-feb-1993','Centrocampista'),
  ('093844','SV Werder Bremen',10,'Leonardo','Bittencourt','19-dec-1993','Centrocampista'),
  ('346853','SV Werder Bremen',20,'Romano','Schmid','27-jan-2000','Centrocampista'),
  ('455933','SV Werder Bremen',16,'Oscar','Schönfelder','5-feb-2001','Attaccante'),
  ('291739','SV Werder Bremen',7,'Milot','Rashica','28-jun-1996','Attaccante'),
  ('344830','SV Werder Bremen',22,'Tahith','Chong','4-dec-1999','Attaccante'),
  ('645774','SV Werder Bremen',43,'Eren','Dinkci','13-dec-2001','Attaccante'),
  ('393325','SV Werder Bremen',19,'Josh','Sargent','20-feb-2000','Attaccante'),
  ('075489','SV Werder Bremen',11,'Niclas','Füllkrug','9-feb-1993','Attaccante'),
  ('251303','SV Werder Bremen',24,'Johannes','Eggestein','8-may-1998','Attaccante'),
  ('178459','SV Werder Bremen',9,'Davie','Selke','20-jan-1995','Attaccante'),
  ('455661','SV Werder Bremen',41,'Nick','Woltemade','14-feb-2002','Attaccante'),
  ('108650','SV Werder Bremen',8,'Yuya','Osako','18-may-1990','Attaccante'),
  ('078339','FC Augsburg',1,'Rafal','Gikiewicz','26-oct-1987','Portiere'),
  ('146714','FC Augsburg',40,'Tomas','Koubek','26-aug-1992','Portiere'),
  ('381250','FC Augsburg',39,'Benjamin','Leneis','8-mar-1999','Portiere'),
  ('278343','FC Augsburg',19,'Felix','Uduokhai','9-sep-1997','Difensore'),
  ('106405','FC Augsburg',6,'Jeffrey','Gouweleeuw','10-jul-1991','Difensore'),
  ('314295','FC Augsburg',36,'Reece','Oxford','16-dec-1998','Difensore'),
  ('034542','FC Augsburg',5,'Marek','Suchy','29-mar-1988','Difensore'),
  ('520468','FC Augsburg',22,'Iago','null','23-mar-1997','Difensore'),
  ('288429','FC Augsburg',3,'Mads','Pedersen','1-sep-1996','Difensore'),
  ('353826','FC Augsburg',2,'Robert','Gumny','4-jun-1998','Difensore'),
  ('146163','FC Augsburg',32,'Raphael','Framberger','6-sep-1995','Difensore'),
  ('124410','FC Augsburg',8,'Rani','Khedira','27-jan-1994','Centrocampista'),
  ('189475','FC Augsburg',25,'Carlos','Gruezo','19-apr-1995','Centrocampista'),
  ('057845','FC Augsburg',33,'Tobias','Strobl','12-may-1990','Centrocampista'),
  ('330635','FC Augsburg',null,'Felix','Götze','11-feb-1998','Centrocampista'),
  ('063022','FC Augsburg',14,'Jan','Moravek','1-nov-1989','Centrocampista'),
  ('588747','FC Augsburg',41,'Tim','Civeja','4-jan-2002','Centrocampista'),
  ('401639','FC Augsburg',45,'Lukas','Petkov','1-nov-2000','Centrocampista'),
  ('249157','FC Augsburg',24,'Fredrik','Jensen','9-sep-1997','Centrocampista'),
  ('345886','FC Augsburg',16,'Rubén','Vargas','5-aug-1998','Attaccante'),
  ('279009','FC Augsburg',23,'Marco','Richter','24-nov-1997','Attaccante'),
  ('042783','FC Augsburg',28,'André','Hahn','13-aug-1990','Attaccante'),
  ('038410','FC Augsburg',20,'Daniel','Caligiuri','15-jan-1988','Attaccante'),
  ('283001','FC Augsburg',17,'Noah Joel','Sarenren Bazee','21-aug-1996','Attaccante'),
  ('596186','FC Augsburg',null,'Dion','Berisha','9-may-2003','Attaccante'),
  ('152963','FC Augsburg',7,'Florian','Niederlechner','24-oct-1990','Attaccante'),
  ('120205','FC Augsburg',11,'Michael','Gregoritsch','18-apr-1994','Attaccante'),
  ('090024','FC Augsburg',27,'Alfred','Finnbogason','1-feb-1989','Attaccante'),
  ('058124','FC Augsburg',null,'Julian','Schieber',null,'Attaccante'),
  ('545503','FC Augsburg',null,'Seong-hoon','Cheon','21-sep-2000','Attaccante'),
  ('085864','1.FC Union Berlin',20,'Loris','Karius','22-jun-1993','Portiere'),
  ('041323','1.FC Union Berlin',1,'Andreas','Luthe','10-mar-1987','Portiere'),
  ('392717','1.FC Union Berlin',null,'Lennart','Moser','6-dec-1999','Portiere'),
  ('203411','1.FC Union Berlin',12,'Jakob','Busk','12-sep-1993','Portiere'),
  ('546343','1.FC Union Berlin',null,'Nikolai','Kemlein','12-jul-2002','Portiere'),
  ('196231','1.FC Union Berlin',5,'Marvin','Friedrich','13-dec-1995','Difensore'),
  ('388198','1.FC Union Berlin',4,'Nico','Schlotterbeck','1-dec-1999','Difensore'),
  ('094201','1.FC Union Berlin',31,'Robin','Knoche','22-may-1992','Difensore'),
  ('085822','1.FC Union Berlin',19,'Florian','Hübner','1-mar-1991','Difensore'),
  ('699702','1.FC Union Berlin',null,'Mathis','Bruns','31-mar-2004','Difensore'),
  ('159844','1.FC Union Berlin',25,'Christopher','Lenz','22-sep-1994','Difensore'),
  ('072792','1.FC Union Berlin',23,'Niko','Gießelmann','26-sep-1991','Difensore'),
  ('370789','1.FC Union Berlin',6,'Julian','Ryerson','17-nov-1997','Difensore'),
  ('075921','1.FC Union Berlin',28,'Christopher','Trimmel','24-feb-1987','Difensore'),
  ('153555','1.FC Union Berlin',33,'Sebastian','Griesbeck','3-oct-1990','Centrocampista'),
  ('159088','1.FC Union Berlin',30,'Robert','Andrich','22-sep-1994','Centrocampista'),
  ('234029','1.FC Union Berlin',21,'Grischa','Prömel','9-jan-1995','Centrocampista'),
  ('019112','1.FC Union Berlin',34,'Christian','Gentner','14-aug-1985','Centrocampista'),
  ('548803','1.FC Union Berlin',null,'Fabio','Schneider','31-jul-2002','Centrocampista'),
  ('092472','1.FC Union Berlin',7,'Akaki','Gogia','18-jan-1992','Centrocampista'),
  ('421726','1.FC Union Berlin',18,'Keita','Endo','22-nov-1997','Attaccante'),
  ('196815','1.FC Union Berlin',null,'Joshua','Mees','15-apr-1996','Attaccante'),
  ('392156','1.FC Union Berlin',null,'Tim','Maciejewski','5-mar-2001','Attaccante'),
  ('188888','1.FC Union Berlin',27,'Sheraldo','Becker','9-feb-1995','Attaccante'),
  ('036182','1.FC Union Berlin',10,'Max','Kruse','19-mar-1988','Attaccante'),
  ('116088','1.FC Union Berlin',15,'Marius','Bülter','29-mar-1993','Attaccante'),
  ('295313','1.FC Union Berlin',14,'Taiwo','Awoniyi','12-aug-1997','Attaccante'),
  ('269878','1.FC Union Berlin',32,'Marcus','Ingvartsen','4-jan-1996','Attaccante'),
  ('387110','1.FC Union Berlin',24,'Petar','Musa','4-mar-1998','Attaccante'),
  ('207597','1.FC Union Berlin',36,'Cedric','Teuchert','14-jan-1997','Attaccante'),
  ('142281','1.FC Union Berlin',11,'Anthony','Ujah','14-oct-1990','Attaccante'),
  ('085941','Arminia Bielefeld',1,'Stefan','Ortega','6-nov-1992','Portiere'),
  ('366974','Arminia Bielefeld',34,'Oscar','Linnér','23-feb-1997','Portiere'),
  ('264304','Arminia Bielefeld',33,'Nikolai','Rehnen','4-feb-1997','Portiere'),
  ('606301','Arminia Bielefeld',40,'Arne','Schulz','23-mar-2003','Portiere'),
  ('334221','Arminia Bielefeld',2,'Amos','Pieper','17-jan-1998','Difensore'),
  ('216804','Arminia Bielefeld',4,'Joakim','Nilsson','6-feb-1994','Difensore'),
  ('187105','Arminia Bielefeld',6,'Mike','van der Hoorn','15-oct-1992','Difensore'),
  ('085660','Arminia Bielefeld',null,'Brian','Behrendt','24-oct-1991','Difensore'),
  ('240274','Arminia Bielefeld',23,'Anderson','Lucoqui','6-jul-1997','Difensore'),
  ('185164','Arminia Bielefeld',5,'Jacob Barrett','Laursen','17-nov-1994','Difensore'),
  ('147038','Arminia Bielefeld',27,'Cédric','Brunner','17-feb-1994','Difensore'),
  ('285951','Arminia Bielefeld',15,'Nathan','de Medina','8-oct-1997','Difensore'),
  ('152317','Arminia Bielefeld',19,'Manuel','Prietl','3-aug-1991','Centrocampista'),
  ('334186','Arminia Bielefeld',16,'Fabian','Kunze','14-jun-1998','Centrocampista'),
  ('606308','Arminia Bielefeld',42,'Julian','Frommann','11-apr-2003','Centrocampista'),
  ('189073','Arminia Bielefeld',30,'Marcel','Hartel','19-jan-1996','Centrocampista'),
  ('279064','Arminia Bielefeld',20,'Nils','Seufert','3-feb-1997','Centrocampista'),
  ('074856','Arminia Bielefeld',10,'Reinhold','Yabo','10-feb-1992','Centrocampista'),
  ('511246','Arminia Bielefeld',38,'Jomaine','Consbruch','26-jan-2002','Centrocampista'),
  ('342702','Arminia Bielefeld',28,'Michel','Vlap','2-jun-1997','Centrocampista'),
  ('307052','Arminia Bielefeld',11,'Masaya','Okugawa','14-apr-1996','Centrocampista'),
  ('606307','Arminia Bielefeld',41,'Vladislav','Cherny','21-jun-2003','Centrocampista'),
  ('519414','Arminia Bielefeld',null,'Noel','Niemann','14-nov-1999','Attaccante'),
  ('358504','Arminia Bielefeld',8,'Ritsu','Doan','16-jun-1998','Attaccante'),
  ('275423','Arminia Bielefeld',7,'Christian','Gebauer','20-dec-1993','Attaccante'),
  ('085000','Arminia Bielefeld',17,'Cebio','Soukou','2-oct-1992','Attaccante'),
  ('123683','Arminia Bielefeld',14,'Jóan Símun','Edmundsson','26-jul-1991','Attaccante'),
  ('094771','Arminia Bielefeld',21,'Andreas','Voglsammer','9-jan-1992','Attaccante'),
  ('377387','Arminia Bielefeld',18,'Sergio','Córdova','9-aug-1997','Attaccante'),
  ('078147','Arminia Bielefeld',9,'Fabian','Klos','2-dec-1987','Attaccante'),
  ('052530','Arminia Bielefeld',36,'Sven','Schipplock','8-nov-1988','Attaccante'),
  ('392139','Arminia Bielefeld',null,'Sebastian','Müller','23-jan-2001','Attaccante');

insert into Partite values
  ('L1000000',1,'Bayern Munich','FC Schalke 04',8,0),
  ('L1000001',3,'Bayern Munich','Hertha BSC',4,3),
  ('L1000002',5,'Bayern Munich','Eintracht Frankfurt',5,0),
  ('L1000003',8,'Bayern Munich','SV Werder Bremen',1,1),
  ('L1000004',10,'Bayern Munich','RB Leipzig',3,3),
  ('L1000005',12,'Bayern Munich','VfL Wolfsburg',2,1),
  ('L1000006',14,'Bayern Munich','1.FSV Mainz 05',5,2),
  ('L1000007',16,'Bayern Munich','SC Freiburg',2,1),
  ('L1000008',19,'Bayern Munich','TSG 1899 Hoffenheim',4,1),
  ('L1000009',1,'RB Leipzig','1.FSV Mainz 05',3,1),
  ('L1000010',3,'RB Leipzig','FC Schalke 04',4,0),
  ('L1000011',5,'RB Leipzig','Hertha BSC',2,1),
  ('L1000012',7,'RB Leipzig','SC Freiburg',3,0),
  ('L1000013',9,'RB Leipzig','Arminia Bielefeld',2,1),
  ('L1000014',11,'RB Leipzig','SV Werder Bremen',2,0),
  ('L1000015',13,'RB Leipzig','1. FC Köln',0,0),
  ('L1000016',15,'RB Leipzig','Borussia Dortmund',1,3),
  ('L1000017',17,'RB Leipzig','1.FC Union Berlin',1,0),
  ('L1000018',19,'RB Leipzig','Bayer 04 Leverkusen',1,0),
  ('L1000019',1,'Borussia Dortmund','Borussia Mönchengladbach',3,0),
  ('L1000020',3,'Borussia Dortmund','SC Freiburg',4,0),
  ('L1000021',5,'Borussia Dortmund','FC Schalke 04',3,0),
  ('L1000022',7,'Borussia Dortmund','Bayern Munich',2,3),
  ('L1000023',9,'Borussia Dortmund','1. FC Köln',1,2),
  ('L1000024',11,'Borussia Dortmund','VfB Stuttgart',1,5),
  ('L1000025',14,'Borussia Dortmund','VfL Wolfsburg',2,0),
  ('L1000026',16,'Borussia Dortmund','1.FSV Mainz 05',1,1),
  ('L1000027',19,'Borussia Dortmund','FC Augsburg',3,1),
  ('L1000028',1,'VfL Wolfsburg','Bayer 04 Leverkusen',0,0),
  ('L1000029',3,'VfL Wolfsburg','FC Augsburg',0,0),
  ('L1000030',5,'VfL Wolfsburg','Arminia Bielefeld',2,1),
  ('L1000031',7,'VfL Wolfsburg','TSG 1899 Hoffenheim',2,1),
  ('L1000032',9,'VfL Wolfsburg','SV Werder Bremen',5,3),
  ('L1000033',11,'VfL Wolfsburg','Eintracht Frankfurt',2,1),
  ('L1000034',13,'VfL Wolfsburg','VfB Stuttgart',1,0),
  ('L1000035',16,'VfL Wolfsburg','RB Leipzig',2,2),
  ('L1000036',19,'VfL Wolfsburg','SC Freiburg',3,0),
  ('L1000037',1,'Eintracht Frankfurt','Arminia Bielefeld',1,1),
  ('L1000038',3,'Eintracht Frankfurt','TSG 1899 Hoffenheim',2,1),
  ('L1000039',6,'Eintracht Frankfurt','SV Werder Bremen',1,1),
  ('L1000040',8,'Eintracht Frankfurt','RB Leipzig',1,1),
  ('L1000041',10,'Eintracht Frankfurt','Borussia Dortmund',1,1),
  ('L1000042',12,'Eintracht Frankfurt','Borussia Mönchengladbach',3,3),
  ('L1000043',14,'Eintracht Frankfurt','Bayer 04 Leverkusen',2,1),
  ('L1000044',16,'Eintracht Frankfurt','FC Schalke 04',3,1),
  ('L1000045',19,'Eintracht Frankfurt','Hertha BSC',3,1),
  ('L1000046',2,'Bayer 04 Leverkusen','RB Leipzig',1,1),
  ('L1000047',5,'Bayer 04 Leverkusen','FC Augsburg',3,1),
  ('L1000048',7,'Bayer 04 Leverkusen','Borussia Mönchengladbach',4,3),
  ('L1000049',9,'Bayer 04 Leverkusen','Hertha BSC',0,0),
  ('L1000050',11,'Bayer 04 Leverkusen','TSG 1899 Hoffenheim',4,1),
  ('L1000051',13,'Bayer 04 Leverkusen','Bayern Munich',1,2),
  ('L1000052',15,'Bayer 04 Leverkusen','SV Werder Bremen',1,1),
  ('L1000053',17,'Bayer 04 Leverkusen','Borussia Dortmund',2,1),
  ('L1000054',18,'Bayer 04 Leverkusen','VfL Wolfsburg',0,1),
  ('L1000055',1,'1.FC Union Berlin','FC Augsburg',1,3),
  ('L1000056',3,'1.FC Union Berlin','1.FSV Mainz 05',4,0),
  ('L1000057',5,'1.FC Union Berlin','SC Freiburg',1,1),
  ('L1000058',7,'1.FC Union Berlin','Arminia Bielefeld',5,0),
  ('L1000059',9,'1.FC Union Berlin','Eintracht Frankfurt',3,3),
  ('L1000060',11,'1.FC Union Berlin','Bayern Munich',1,1),
  ('L1000061',13,'1.FC Union Berlin','Borussia Dortmund',2,1),
  ('L1000062',15,'1.FC Union Berlin','VfL Wolfsburg',2,2),
  ('L1000063',16,'1.FC Union Berlin','Bayer 04 Leverkusen',1,0),
  ('L1000064',19,'1.FC Union Berlin','Borussia Mönchengladbach',1,1),
  ('L1000065',2,'Borussia Mönchengladbach','1.FC Union Berlin',1,1),
  ('L1000066',4,'Borussia Mönchengladbach','VfL Wolfsburg',1,1),
  ('L1000067',6,'Borussia Mönchengladbach','RB Leipzig',1,0),
  ('L1000068',8,'Borussia Mönchengladbach','FC Augsburg',1,1),
  ('L1000069',9,'Borussia Mönchengladbach','FC Schalke 04',4,1),
  ('L1000070',11,'Borussia Mönchengladbach','Hertha BSC',1,1),
  ('L1000071',13,'Borussia Mönchengladbach','TSG 1899 Hoffenheim',1,2),
  ('L1000072',15,'Borussia Mönchengladbach','Bayern Munich',3,2),
  ('L1000073',17,'Borussia Mönchengladbach','SV Werder Bremen',1,0),
  ('L1000074',18,'Borussia Mönchengladbach','Borussia Dortmund',4,2),
  ('L1000075',1,'VfB Stuttgart','SC Freiburg',2,3),
  ('L1000076',3,'VfB Stuttgart','Bayer 04 Leverkusen',1,1),
  ('L1000077',5,'VfB Stuttgart','1. FC Köln',1,1),
  ('L1000078',7,'VfB Stuttgart','Eintracht Frankfurt',2,2),
  ('L1000079',9,'VfB Stuttgart','Bayern Munich',1,3),
  ('L1000080',12,'VfB Stuttgart','1.FC Union Berlin',2,2),
  ('L1000081',14,'VfB Stuttgart','RB Leipzig',0,1),
  ('L1000082',16,'VfB Stuttgart','Borussia Mönchengladbach',2,2),
  ('L1000083',19,'VfB Stuttgart','1.FSV Mainz 05',2,0),
  ('L1000084',2,'SC Freiburg','VfL Wolfsburg',1,1),
  ('L1000085',4,'SC Freiburg','SV Werder Bremen',1,1),
  ('L1000086',6,'SC Freiburg','Bayer 04 Leverkusen',2,4),
  ('L1000087',8,'SC Freiburg','1.FSV Mainz 05',1,3),
  ('L1000088',10,'SC Freiburg','Borussia Mönchengladbach',2,2),
  ('L1000089',11,'SC Freiburg','Arminia Bielefeld',2,0),
  ('L1000090',13,'SC Freiburg','Hertha BSC',4,1),
  ('L1000091',15,'SC Freiburg','1. FC Köln',5,0),
  ('L1000092',17,'SC Freiburg','Eintracht Frankfurt',2,2),
  ('L1000093',18,'SC Freiburg','VfB Stuttgart',2,1),
  ('L1000094',2,'TSG 1899 Hoffenheim','Bayern Munich',4,1),
  ('L1000095',4,'TSG 1899 Hoffenheim','Borussia Dortmund',0,1),
  ('L1000096',6,'TSG 1899 Hoffenheim','1.FC Union Berlin',1,3),
  ('L1000097',8,'TSG 1899 Hoffenheim','VfB Stuttgart',3,3),
  ('L1000098',10,'TSG 1899 Hoffenheim','FC Augsburg',3,1),
  ('L1000099',12,'TSG 1899 Hoffenheim','RB Leipzig',0,1),
  ('L1000100',14,'TSG 1899 Hoffenheim','SC Freiburg',1,3),
  ('L1000101',16,'TSG 1899 Hoffenheim','Arminia Bielefeld',0,0),
  ('L1000102',18,'TSG 1899 Hoffenheim','1. FC Köln',3,0),
  ('L1000103',2,'1.FSV Mainz 05','VfB Stuttgart',1,4),
  ('L1000104',4,'1.FSV Mainz 05','Bayer 04 Leverkusen',0,1),
  ('L1000105',5,'1.FSV Mainz 05','Borussia Mönchengladbach',2,3),
  ('L1000106',7,'1.FSV Mainz 05','FC Schalke 04',2,2),
  ('L1000107',9,'1.FSV Mainz 05','TSG 1899 Hoffenheim',1,1),
  ('L1000108',11,'1.FSV Mainz 05','1. FC Köln',0,1),
  ('L1000109',13,'1.FSV Mainz 05','SV Werder Bremen',0,1),
  ('L1000110',15,'1.FSV Mainz 05','Eintracht Frankfurt',0,2),
  ('L1000111',17,'1.FSV Mainz 05','VfL Wolfsburg',0,2),
  ('L1000112',18,'1.FSV Mainz 05','RB Leipzig',3,2),
  ('L1000113',2,'FC Augsburg','Borussia Dortmund',2,0),
  ('L1000114',4,'FC Augsburg','RB Leipzig',0,2),
  ('L1000115',6,'FC Augsburg','1.FSV Mainz 05',3,1),
  ('L1000116',7,'FC Augsburg','Hertha BSC',0,3),
  ('L1000117',9,'FC Augsburg','SC Freiburg',1,1),
  ('L1000118',11,'FC Augsburg','FC Schalke 04',2,2),
  ('L1000119',13,'FC Augsburg','Eintracht Frankfurt',0,2),
  ('L1000120',15,'FC Augsburg','VfB Stuttgart',1,4),
  ('L1000121',17,'FC Augsburg','Bayern Munich',0,1),
  ('L1000122',18,'FC Augsburg','1.FC Union Berlin',2,1),
  ('L1000123',2,'Hertha BSC','Eintracht Frankfurt',1,3),
  ('L1000124',4,'Hertha BSC','VfB Stuttgart',0,2),
  ('L1000125',6,'Hertha BSC','VfL Wolfsburg',1,1),
  ('L1000126',8,'Hertha BSC','Borussia Dortmund',2,5),
  ('L1000127',10,'Hertha BSC','1.FC Union Berlin',3,1),
  ('L1000128',12,'Hertha BSC','1.FSV Mainz 05',0,0),
  ('L1000129',14,'Hertha BSC','FC Schalke 04',3,0),
  ('L1000130',17,'Hertha BSC','TSG 1899 Hoffenheim',0,3),
  ('L1000131',18,'Hertha BSC','SV Werder Bremen',1,4),
  ('L1000132',2,'Arminia Bielefeld','1. FC Köln',1,0),
  ('L1000133',4,'Arminia Bielefeld','Bayern Munich',1,4),
  ('L1000134',6,'Arminia Bielefeld','Borussia Dortmund',0,2),
  ('L1000135',8,'Arminia Bielefeld','Bayer 04 Leverkusen',1,2),
  ('L1000136',10,'Arminia Bielefeld','1.FSV Mainz 05',2,1),
  ('L1000137',12,'Arminia Bielefeld','FC Augsburg',0,1),
  ('L1000138',14,'Arminia Bielefeld','Borussia Mönchengladbach',0,1),
  ('L1000139',15,'Arminia Bielefeld','Hertha BSC',1,0),
  ('L1000140',17,'Arminia Bielefeld','VfB Stuttgart',3,0),
  ('L1000141',18,'Arminia Bielefeld','Eintracht Frankfurt',1,5),
  ('L1000142',1,'1. FC Köln','TSG 1899 Hoffenheim',2,3),
  ('L1000143',3,'1. FC Köln','Borussia Mönchengladbach',1,3),
  ('L1000144',4,'1. FC Köln','Eintracht Frankfurt',1,1),
  ('L1000145',6,'1. FC Köln','Bayern Munich',1,2),
  ('L1000146',8,'1. FC Köln','1.FC Union Berlin',1,2),
  ('L1000147',10,'1. FC Köln','VfL Wolfsburg',2,2),
  ('L1000148',12,'1. FC Köln','Bayer 04 Leverkusen',0,4),
  ('L1000149',14,'1. FC Köln','FC Augsburg',0,1),
  ('L1000150',16,'1. FC Köln','Hertha BSC',0,0),
  ('L1000151',19,'1. FC Köln','Arminia Bielefeld',3,1),
  ('L1000152',1,'SV Werder Bremen','Hertha BSC',1,4),
  ('L1000153',3,'SV Werder Bremen','Arminia Bielefeld',1,0),
  ('L1000154',5,'SV Werder Bremen','TSG 1899 Hoffenheim',1,1),
  ('L1000155',7,'SV Werder Bremen','1. FC Köln',1,1),
  ('L1000156',10,'SV Werder Bremen','VfB Stuttgart',1,2),
  ('L1000157',12,'SV Werder Bremen','Borussia Dortmund',1,2),
  ('L1000158',14,'SV Werder Bremen','1.FC Union Berlin',0,2),
  ('L1000159',16,'SV Werder Bremen','FC Augsburg',2,0),
  ('L1000160',19,'SV Werder Bremen','FC Schalke 04',1,1),
  ('L1000161',2,'FC Schalke 04','SV Werder Bremen',1,3),
  ('L1000162',4,'FC Schalke 04','1.FC Union Berlin',1,1),
  ('L1000163',6,'FC Schalke 04','VfB Stuttgart',1,1),
  ('L1000164',8,'FC Schalke 04','VfL Wolfsburg',0,2),
  ('L1000165',10,'FC Schalke 04','Bayer 04 Leverkusen',0,3),
  ('L1000166',12,'FC Schalke 04','SC Freiburg',0,2),
  ('L1000167',13,'FC Schalke 04','Arminia Bielefeld',0,1),
  ('L1000168',15,'FC Schalke 04','TSG 1899 Hoffenheim',4,0),
  ('L1000169',17,'FC Schalke 04','1. FC Köln',1,2),
  ('L1000170',18,'FC Schalke 04','Bayern Munich',0,4);

insert into Gol values
  ('L1000000',4,'159471',false),
  ('L1000000',19,'153084',false),
  ('L1000000',31,'038253',false),
  ('L1000000',47,'159471',false),
  ('L1000000',59,'159471',false),
  ('L1000000',69,'058358',false),
  ('L1000000',71,'192565',false),
  ('L1000000',81,'580195',false),
  ('L1000001',40,'038253',false),
  ('L1000001',51,'038253',false),
  ('L1000001',59,'185245',false),
  ('L1000001',85,'038253',false),
  ('L1000001',88,'448177',false),
  ('L1000001',93,'038253',false),
  ('L1000002',10,'038253',false),
  ('L1000002',26,'038253',false),
  ('L1000002',60,'038253',false),
  ('L1000002',72,'192565',false),
  ('L1000002',90,'580195',false),
  ('L1000003',45,'190284',false),
  ('L1000003',62,'243714',false),
  ('L1000004',19,'344381',false),
  ('L1000004',30,'580195',false),
  ('L1000004',34,'058358',false),
  ('L1000004',36,'330659',false),
  ('L1000004',48,'111078',false),
  ('L1000004',75,'058358',false),
  ('L1000005',5,'143891',false),
  ('L1000005',46,'038253',false),
  ('L1000005',50,'038253',false),
  ('L1000006',32,'333647',false),
  ('L1000006',44,'126281',false),
  ('L1000006',50,'161056',false),
  ('L1000006',55,'192565',false),
  ('L1000006',70,'166601',false),
  ('L1000006',76,'038253',false),
  ('L1000006',83,'038253',false),
  ('L1000007',7,'038253',false),
  ('L1000007',62,'042936',false),
  ('L1000007',74,'058358',false),
  ('L1000008',32,'026485',false),
  ('L1000008',43,'058358',false),
  ('L1000008',44,'046580',false),
  ('L1000008',57,'038253',false),
  ('L1000008',63,'159471',false),
  ('L1000009',17,'111078',false),
  ('L1000009',21,'157635',false),
  ('L1000009',48,'420002',false),
  ('L1000009',51,'402008',false),
  ('L1000010',31,'406609',true),
  ('L1000010',47,'093740',false),
  ('L1000010',80,'070243',false),
  ('L1000011',8,'185245',false),
  ('L1000011',11,'344695',false),
  ('L1000011',77,'106987',false),
  ('L1000012',26,'357119',false),
  ('L1000012',70,'106987',false),
  ('L1000013',47,'344381',false),
  ('L1000013',75,'078147',false),
  ('L1000014',26,'106987',false),
  ('L1000014',41,'293385',false),
  ('L1000016',55,'401173',false),
  ('L1000016',71,'418560',false),
  ('L1000016',84,'418560',false),
  ('L1000016',89,'238407',false),
  ('L1000017',70,'111078',false),
  ('L1000018',51,'344381',false),
  ('L1000019',35,'504215',false),
  ('L1000019',54,'418560',false),
  ('L1000019',78,'418560',false),
  ('L1000020',31,'418560',false),
  ('L1000020',47,'119296',false),
  ('L1000020',66,'418560',false),
  ('L1000020',92,'274461',false),
  ('L1000021',55,'284730',false),
  ('L1000021',61,'418560',false),
  ('L1000021',78,'039728',false),
  ('L1000022',45,'035207',false),
  ('L1000022',49,'059016',false),
  ('L1000022',48,'038253',false),
  ('L1000022',80,'192565',false),
  ('L1000022',83,'418560',false),
  ('L1000023',9,'290587',false),
  ('L1000023',60,'290587',false),
  ('L1000023',74,'102226',false),
  ('L1000024',27,'612826',false),
  ('L1000024',39,'504215',false),
  ('L1000024',53,'612826',false),
  ('L1000024',60,'179635',false),
  ('L1000024',63,'618425',false),
  ('L1000024',91,'486031',false),
  ('L1000025',66,'284730',false),
  ('L1000025',91,'401173',false),
  ('L1000026',57,'168543',false),
  ('L1000026',73,'100986',false),
  ('L1000027',10,'042783',false),
  ('L1000027',26,'091849',false),
  ('L1000027',63,'401173',false),
  ('L1000027',75,'278343',true),
  ('L1000030',19,'228645',false),
  ('L1000030',20,'117674',false),
  ('L1000030',80,'052530',false),
  ('L1000031',5,'194638',false),
  ('L1000031',26,'228645',false),
  ('L1000031',87,'125614',false),
  ('L1000032',13,'093844',false),
  ('L1000032',22,'327251',false),
  ('L1000032',25,'124732',false),
  ('L1000032',35,'094137',false),
  ('L1000032',37,'228645',false),
  ('L1000032',47,'124732',true),
  ('L1000032',76,'228645',false),
  ('L1000032',95,'535551',false),
  ('L1000033',63,'056331',false),
  ('L1000033',76,'228645',false),
  ('L1000033',88,'228645',false),
  ('L1000034',49,'293169',false),
  ('L1000035',4,'348026',false),
  ('L1000035',22,'228645',false),
  ('L1000035',35,'194638',false),
  ('L1000035',54,'093740',false),
  ('L1000036',21,'124732',false),
  ('L1000036',39,'228645',false),
  ('L1000036',85,'119277',false),
  ('L1000037',51,'085000',false),
  ('L1000037',62,'198008',false),
  ('L1000038',18,'046580',false),
  ('L1000038',54,'356141',false),
  ('L1000038',71,'056331',false),
  ('L1000039',51,'393325',false),
  ('L1000039',65,'198008',false),
  ('L1000040',43,'315332',false),
  ('L1000040',57,'157635',false),
  ('L1000041',9,'356141',false),
  ('L1000041',56,'504215',false),
  ('L1000042',14,'048298',false),
  ('L1000042',22,'198008',false),
  ('L1000042',24,'198008',false),
  ('L1000042',32,'315332',false),
  ('L1000042',90,'048298',false),
  ('L1000042',95,'048298',false),
  ('L1000043',9,'232454',false),
  ('L1000043',22,'096167',false),
  ('L1000043',54,'564545',true),
  ('L1000044',28,'198008',false),
  ('L1000044',29,'678194',false),
  ('L1000044',72,'257462',false),
  ('L1000044',91,'257462',false),
  ('L1000045',66,'327757',false),
  ('L1000045',67,'198008',false),
  ('L1000045',85,'085789',false),
  ('L1000045',95,'198008',false),
  ('L1000046',14,'111078',false),
  ('L1000046',20,'125858',false),
  ('L1000047',16,'193782',false),
  ('L1000047',51,'038410',false),
  ('L1000047',74,'193782',false),
  ('L1000047',94,'395516',false),
  ('L1000048',18,'048298',false),
  ('L1000048',27,'193782',false),
  ('L1000048',29,'048298',false),
  ('L1000048',41,'193782',false),
  ('L1000048',68,'387626',false),
  ('L1000048',82,'034787',false),
  ('L1000048',94,'186368',false),
  ('L1000050',4,'387626',false),
  ('L1000050',27,'387626',false),
  ('L1000050',50,'324278',false),
  ('L1000050',55,'598577',false),
  ('L1000050',91,'193782',false),
  ('L1000051',14,'242086',false),
  ('L1000051',43,'038253',false),
  ('L1000051',93,'038253',false),
  ('L1000052',52,'043512',false),
  ('L1000052',70,'242086',false),
  ('L1000053',14,'395516',false),
  ('L1000053',67,'187492',false),
  ('L1000053',80,'598577',false),
  ('L1000054',35,'327251',false),
  ('L1000055',40,'345886',false),
  ('L1000055',75,'116088',false),
  ('L1000055',82,'120205',false),
  ('L1000055',89,'042783',false),
  ('L1000056',13,'036182',false),
  ('L1000056',49,'269878',false),
  ('L1000056',63,'196231',false),
  ('L1000056',64,'173491',false),
  ('L1000057',34,'185077',false),
  ('L1000057',36,'159088',false),
  ('L1000058',3,'421726',false),
  ('L1000058',13,'159088',false),
  ('L1000058',47,'188888',false),
  ('L1000058',52,'036182',false),
  ('L1000058',89,'207597',false),
  ('L1000059',2,'159088',false),
  ('L1000059',6,'036182',false),
  ('L1000059',27,'198008',false),
  ('L1000059',37,'198008',false),
  ('L1000059',79,'056331',false),
  ('L1000059',82,'036182',false),
  ('L1000060',4,'234029',false),
  ('L1000060',67,'038253',false),
  ('L1000061',57,'295313',false),
  ('L1000061',60,'467720',false),
  ('L1000061',78,'196231',false),
  ('L1000062',10,'194638',false),
  ('L1000062',29,'188888',false),
  ('L1000062',52,'159088',false),
  ('L1000062',65,'228645',false),
  ('L1000063',88,'207597',false),
  ('L1000064',31,'094201',false),
  ('L1000064',59,'167329',false),
  ('L1000065',56,'318528',false),
  ('L1000065',79,'388198',false),
  ('L1000066',78,'007161',false),
  ('L1000066',85,'228645',false),
  ('L1000067',60,'321070',false),
  ('L1000068',5,'278332',false),
  ('L1000068',88,'038410',false),
  ('L1000069',15,'278332',false),
  ('L1000069',20,'112930',false),
  ('L1000069',36,'019305',false),
  ('L1000069',52,'318528',false),
  ('L1000069',80,'321070',false),
  ('L1000070',47,'465830',false),
  ('L1000070',70,'237662',false),
  ('L1000071',34,'048298',false),
  ('L1000071',75,'046580',false),
  ('L1000071',86,'392775',false),
  ('L1000072',20,'038253',false),
  ('L1000072',26,'153084',false),
  ('L1000072',35,'007161',false),
  ('L1000072',45,'007161',false),
  ('L1000072',49,'278332',false),
  ('L1000073',66,'192635',false),
  ('L1000074',11,'192635',false),
  ('L1000074',22,'418560',false),
  ('L1000074',28,'418560',false),
  ('L1000074',32,'192635',false),
  ('L1000074',50,'284732',false),
  ('L1000074',79,'318528',false),
  ('L1000075',8,'042936',false),
  ('L1000075',26,'332798',false),
  ('L1000075',48,'185077',false),
  ('L1000075',71,'369567',false),
  ('L1000075',81,'612826',false),
  ('L1000076',7,'242086',false),
  ('L1000076',76,'369567',false),
  ('L1000077',1,'289592',false),
  ('L1000077',23,'147573',false),
  ('L1000078',17,'486031',false),
  ('L1000078',37,'028947',false),
  ('L1000078',61,'198008',false),
  ('L1000078',75,'058178',false),
  ('L1000079',20,'618425',false),
  ('L1000079',38,'243714',false),
  ('L1000079',46,'038253',false),
  ('L1000079',87,'075615',false),
  ('L1000080',4,'196231',false),
  ('L1000080',77,'295313',false),
  ('L1000080',85,'369567',false),
  ('L1000080',90,'369567',false),
  ('L1000081',67,'293385',false),
  ('L1000082',35,'048298',false),
  ('L1000082',58,'486031',false),
  ('L1000082',61,'334526',false),
  ('L1000082',96,'612826',false),
  ('L1000083',55,'369567',false),
  ('L1000083',72,'612826',false),
  ('L1000084',11,'042936',false),
  ('L1000084',42,'293169',false),
  ('L1000085',15,'225657',false),
  ('L1000085',25,'075489',false),
  ('L1000086',3,'248999',false),
  ('L1000086',29,'193782',false),
  ('L1000086',42,'193782',false),
  ('L1000086',64,'232454',false),
  ('L1000086',72,'042936',false),
  ('L1000086',76,'196357',false),
  ('L1000087',2,'420002',false),
  ('L1000087',34,'420002',false),
  ('L1000087',40,'420002',false),
  ('L1000087',63,'042936',false),
  ('L1000088',23,'237662',false),
  ('L1000088',32,'225657',false),
  ('L1000088',49,'185077',false),
  ('L1000088',50,'167329',false),
  ('L1000089',79,'185077',false),
  ('L1000089',92,'297583',false),
  ('L1000090',7,'185077',false),
  ('L1000090',52,'303259',false),
  ('L1000090',59,'335457',false),
  ('L1000090',67,'045683',false),
  ('L1000090',94,'042936',false),
  ('L1000091',18,'335457',false),
  ('L1000091',39,'055099',false),
  ('L1000091',59,'332798',false),
  ('L1000091',69,'225657',false),
  ('L1000091',79,'248999',false),
  ('L1000092',6,'096167',false),
  ('L1000092',32,'332798',false),
  ('L1000092',63,'042936',false),
  ('L1000092',75,'413843',true),
  ('L1000093',7,'612826',false),
  ('L1000093',14,'335457',false),
  ('L1000093',37,'297583',false),
  ('L1000094',16,'051676',false),
  ('L1000094',24,'145866',false),
  ('L1000094',36,'161056',false),
  ('L1000094',77,'046580',false),
  ('L1000094',92,'046580',false),
  ('L1000095',76,'035207',false),
  ('L1000096',60,'036182',false),
  ('L1000096',80,'145866',false),
  ('L1000096',85,'173491',false),
  ('L1000096',94,'207597',false),
  ('L1000097',16,'324278',false),
  ('L1000097',18,'486031',false),
  ('L1000097',27,'612826',false),
  ('L1000097',47,'392775',false),
  ('L1000097',71,'046580',false),
  ('L1000097',93,'160938',false),
  ('L1000098',17,'195736',false),
  ('L1000098',31,'038410',false),
  ('L1000098',46,'195736',false),
  ('L1000098',50,'237164',false),
  ('L1000099',60,'157635',false),
  ('L1000100',7,'285323',false),
  ('L1000100',34,'185077',false),
  ('L1000100',42,'263801',true),
  ('L1000100',58,'237164',false),
  ('L1000102',7,'046580',false),
  ('L1000102',28,'324278',false),
  ('L1000102',75,'046580',false),
  ('L1000103',13,'206542',false),
  ('L1000103',45,'612826',false),
  ('L1000103',61,'057995',false),
  ('L1000103',80,'540302',false),
  ('L1000103',86,'369567',false),
  ('L1000104',30,'193782',false),
  ('L1000105',15,'048298',false),
  ('L1000105',23,'420002',false),
  ('L1000105',36,'420002',false),
  ('L1000105',76,'007161',false),
  ('L1000105',83,'124502',false),
  ('L1000106',6,'043984',false),
  ('L1000106',36,'112935',false),
  ('L1000106',47,'420002',false),
  ('L1000106',82,'288253',true),
  ('L1000107',33,'206542',false),
  ('L1000107',62,'237164',false),
  ('L1000108',55,'280575',false),
  ('L1000109',90,'645774',false),
  ('L1000110',24,'198008',false),
  ('L1000110',72,'198008',false),
  ('L1000111',65,'535551',false),
  ('L1000111',79,'228645',false),
  ('L1000112',15,'332705',false),
  ('L1000112',24,'291200',false),
  ('L1000112',30,'070243',false),
  ('L1000112',35,'291200',false),
  ('L1000112',50,'357233',false),
  ('L1000113',40,'278343',false),
  ('L1000113',54,'038410',false),
  ('L1000114',66,'157635',false),
  ('L1000115',40,'345886',false),
  ('L1000115',64,'119234',false),
  ('L1000115',80,'042783',false),
  ('L1000115',91,'042783',false),
  ('L1000116',51,'303259',false),
  ('L1000116',85,'327757',false),
  ('L1000117',64,'185077',false),
  ('L1000117',80,'345886',false),
  ('L1000118',32,'261905',true),
  ('L1000118',52,'112930',false),
  ('L1000118',61,'346332',false),
  ('L1000118',93,'279009',false),
  ('L1000119',53,'146163',true),
  ('L1000119',87,'040074',false),
  ('L1000120',10,'486031',false),
  ('L1000120',29,'612826',false),
  ('L1000120',46,'279009',false),
  ('L1000120',61,'028947',false),
  ('L1000120',87,'057995',false),
  ('L1000121',13,'038253',false),
  ('L1000122',17,'152963',false),
  ('L1000122',25,'269878',false),
  ('L1000122',47,'152963',false),
  ('L1000123',30,'198008',false),
  ('L1000123',36,'056331',false),
  ('L1000123',71,'044466',false),
  ('L1000123',77,'085789',true),
  ('L1000124',9,'160938',false),
  ('L1000124',68,'028947',false),
  ('L1000125',20,'327251',false),
  ('L1000126',47,'418560',false),
  ('L1000126',49,'418560',false),
  ('L1000126',62,'418560',false),
  ('L1000126',70,'170986',false),
  ('L1000126',80,'418560',false),
  ('L1000127',20,'295313',false),
  ('L1000127',51,'051100',false),
  ('L1000127',74,'327757',false),
  ('L1000127',77,'327757',false),
  ('L1000129',36,'465830',false),
  ('L1000129',52,'185245',false),
  ('L1000129',80,'327757',false),
  ('L1000130',33,'057051',false),
  ('L1000130',68,'046580',false),
  ('L1000130',88,'046580',false),
  ('L1000131',10,'178459',false),
  ('L1000131',29,'043512',false),
  ('L1000131',47,'185245',false),
  ('L1000131',57,'093844',false),
  ('L1000131',77,'393325',false),
  ('L1000132',78,'123683',false),
  ('L1000133',8,'058358',false),
  ('L1000133',25,'038253',false),
  ('L1000133',46,'038253',false),
  ('L1000133',51,'058358',false),
  ('L1000133',58,'358504',false),
  ('L1000134',53,'039728',false),
  ('L1000134',71,'039728',false),
  ('L1000135',27,'387626',false),
  ('L1000135',47,'048015',true),
  ('L1000135',88,'059032',false),
  ('L1000136',21,'152317',false),
  ('L1000136',31,'358504',false),
  ('L1000136',82,'106872',false),
  ('L1000137',85,'106405',false),
  ('L1000138',58,'237662',false),
  ('L1000139',64,'074856',false),
  ('L1000140',27,'078147',false),
  ('L1000140',47,'160938',true),
  ('L1000140',86,'358504',false),
  ('L1000141',25,'198008',false),
  ('L1000141',27,'161011',false),
  ('L1000141',33,'198008',false),
  ('L1000141',36,'377387',false),
  ('L1000141',51,'216804',true),
  ('L1000141',75,'257462',false),
  ('L1000142',3,'046580',false),
  ('L1000142',22,'147573',false),
  ('L1000142',48,'046580',false),
  ('L1000142',86,'053400',false),
  ('L1000142',92,'046580',false),
  ('L1000143',14,'167329',false),
  ('L1000143',16,'085791',false),
  ('L1000143',56,'048298',false),
  ('L1000143',84,'280575',false),
  ('L1000144',47,'198008',false),
  ('L1000144',52,'232418',false),
  ('L1000145',13,'058358',false),
  ('L1000145',46,'159471',false),
  ('L1000145',82,'053400',false),
  ('L1000146',27,'295313',false),
  ('L1000146',36,'290587',false),
  ('L1000146',72,'036182',false),
  ('L1000147',18,'472249',false),
  ('L1000147',29,'117674',false),
  ('L1000147',43,'232418',false),
  ('L1000147',47,'228645',false),
  ('L1000148',8,'119211',false),
  ('L1000148',10,'395516',false),
  ('L1000148',54,'242086',false),
  ('L1000148',59,'598577',false),
  ('L1000151',9,'193900',false),
  ('L1000151',28,'193900',false),
  ('L1000151',62,'280575',false),
  ('L1000151',72,'377387',false),
  ('L1000152',42,'051100',false),
  ('L1000152',47,'303259',false),
  ('L1000152',69,'178459',false),
  ('L1000152',90,'185245',false),
  ('L1000153',27,'093844',false),
  ('L1000154',5,'190284',false),
  ('L1000154',22,'251309',false),
  ('L1000155',67,'005017',true),
  ('L1000155',82,'093844',false),
  ('L1000156',30,'612826',false),
  ('L1000156',91,'612826',false),
  ('L1000156',93,'178459',false),
  ('L1000157',12,'170986',false),
  ('L1000157',28,'094137',false),
  ('L1000157',78,'035207',false),
  ('L1000158',12,'188888',false),
  ('L1000158',28,'295313',false),
  ('L1000159',84,'060632',false),
  ('L1000159',87,'393512',false),
  ('L1000160',38,'142031',false),
  ('L1000160',77,'094137',false),
  ('L1000161',22,'075489',false),
  ('L1000161',37,'075489',false),
  ('L1000161',59,'075489',false),
  ('L1000161',93,'112935',false),
  ('L1000162',55,'196231',false),
  ('L1000162',69,'181547',false),
  ('L1000163',30,'521964',false),
  ('L1000163',56,'486031',false),
  ('L1000164',3,'228645',false),
  ('L1000164',24,'223979',false),
  ('L1000165',10,'521964',true),
  ('L1000165',67,'034787',false),
  ('L1000165',78,'242086',false),
  ('L1000166',50,'332798',false),
  ('L1000166',68,'332798',false),
  ('L1000167',53,'078147',false),
  ('L1000168',42,'678194',false),
  ('L1000168',57,'678194',false),
  ('L1000168',63,'678194',false),
  ('L1000168',79,'372711',false),
  ('L1000169',31,'084150',false),
  ('L1000169',57,'678194',false),
  ('L1000169',93,'472249',false),
  ('L1000170',33,'058358',false),
  ('L1000170',54,'038253',false),
  ('L1000170',88,'058358',false),
  ('L1000170',90,'059016',false);
