/* File created by scraping https://www.transfermarkt.com using Antonio Cardin's program */

insert into Squadre values
  ('SV Werder Bremen','Bremen','Werner'),
  ('Hamburger SV','Hamburg','Walter'),
  ('FC Schalke 04','Gelsenkirchen','Büskens'),
  ('Fortuna Düsseldorf','Düsseldorf','Thioune'),
  ('1.FC Nuremberg','Nürnberg','Klauß'),
  ('FC St. Pauli','Hamburg','Schultz'),
  ('Hannover 96','Hannover','Dabrowski'),
  ('1.FC Heidenheim 1846','Heidenheim','Schmidt'),
  ('SC Paderborn 07','Paderborn','Kwasniok'),
  ('SV Darmstadt 98','Darmstadt','Lieberknecht'),
  ('SSV Jahn Regensburg','Regensburg','Selimbegovic'),
  ('Holstein Kiel','Kiel','Rapp'),
  ('Karlsruher SC','Karlsruhe','Eichner'),
  ('SG Dynamo Dresden','Dresden','Capretti'),
  ('FC Hansa Rostock','Rostock','Härtel'),
  ('SV Sandhausen','Sandhausen','Schwartz'),
  ('FC Ingolstadt 04','Ingolstadt','Rehm'),
  ('FC Erzgebirge Aue','Aue','Dotchev');

insert into Giocatori values
  ('260053','SV Werder Bremen',1,'Jiri','Pavlenka','14-apr-1992','Portiere'),
  ('196813','SV Werder Bremen',30,'Michael','Zetterer','12-jul-1995','Portiere'),
  ('335997','SV Werder Bremen',40,'Luca','Plogmann','10-mar-2000','Portiere'),
  ('156990','SV Werder Bremen',32,'Marco','Friedl','16-mar-1998','Difensore'),
  ('202228','SV Werder Bremen',13,'Milos','Veljkovic','26-sep-1995','Difensore'),
  ('043512','SV Werder Bremen',21,'Ömer','Toprak','21-jul-1989','Difensore'),
  ('345780','SV Werder Bremen',26,'Lars Lukas','Mai','31-mar-2000','Difensore'),
  ('724104','SV Werder Bremen',39,'Fabio','Chiarodia','5-jun-2005','Difensore'),
  ('058995','SV Werder Bremen',3,'Anthony','Jung','3-nov-1991','Difensore'),
  ('639240','SV Werder Bremen',25,'Kyu-hyun','Park','14-apr-2001','Difensore'),
  ('393512','SV Werder Bremen',27,'Felix','Agu','27-sep-1999','Difensore'),
  ('119211','SV Werder Bremen',8,'Mitchell','Weiser','21-apr-1994','Difensore'),
  ('379879','SV Werder Bremen',31,'Simon','Straudi','27-jan-1999','Difensore'),
  ('381753','SV Werder Bremen',28,'Ilia','Gruev','6-may-2000','Centrocampista'),
  ('185427','SV Werder Bremen',23,'Nicolai','Rapp','13-dec-1996','Centrocampista'),
  ('058396','SV Werder Bremen',36,'Christian','Groß','8-feb-1989','Centrocampista'),
  ('335003','SV Werder Bremen',34,'Jean Manuel','Mbom','24-feb-2000','Centrocampista'),
  ('093844','SV Werder Bremen',10,'Leonardo','Bittencourt','19-dec-1993','Centrocampista'),
  ('346853','SV Werder Bremen',20,'Romano','Schmid','27-jan-2000','Centrocampista'),
  ('275249','SV Werder Bremen',22,'Niklas','Schmidt','1-mar-1998','Centrocampista'),
  ('455933','SV Werder Bremen',16,'Oscar','Schönfelder','5-feb-2001','Attaccante'),
  ('455662','SV Werder Bremen',17,'Abdenego','Nankishi','6-jul-2002','Attaccante'),
  ('645774','SV Werder Bremen',43,'Eren','Dinkci','13-dec-2001','Attaccante'),
  ('125103','SV Werder Bremen',7,'Marvin','Ducksch','7-mar-1994','Attaccante'),
  ('075489','SV Werder Bremen',11,'Niclas','Füllkrug','9-feb-1993','Attaccante'),
  ('263183','SV Werder Bremen',15,'Roger','Assalé','13-nov-1993','Attaccante'),
  ('455661','SV Werder Bremen',29,'Nick','Woltemade','14-feb-2002','Attaccante'),
  ('084993','Hamburger SV',1,'Daniel','Heuer Fernandes','13-nov-1992','Portiere'),
  ('316983','Hamburger SV',16,'Marko','Johansson','25-aug-1998','Portiere'),
  ('044607','Hamburger SV',12,'Tom','Mickel','19-apr-1989','Portiere'),
  ('489343','Hamburger SV',40,'Leo','Oppermann','28-aug-2001','Portiere'),
  ('432757','Hamburger SV',44,'Mario','Vuskovic','16-nov-2001','Difensore'),
  ('213751','Hamburger SV',4,'Sebastian','Schonlau','5-aug-1994','Difensore'),
  ('327536','Hamburger SV',35,'Stephan','Ambrosius','18-dec-1998','Difensore'),
  ('431848','Hamburger SV',34,'Jonas','David','8-mar-2000','Difensore'),
  ('440386','Hamburger SV',41,'Maximilian','Rohr','27-jun-1995','Difensore'),
  ('185699','Hamburger SV',21,'Tim','Leibold','30-nov-1993','Difensore'),
  ('298603','Hamburger SV',28,'Miro','Muheim','24-mar-1998','Difensore'),
  ('448258','Hamburger SV',27,'Josha','Vagnoman','11-dec-2000','Difensore'),
  ('192840','Hamburger SV',2,'Jan','Gyamerah','18-jun-1995','Difensore'),
  ('193025','Hamburger SV',3,'Moritz','Heyer','4-apr-1995','Centrocampista'),
  ('107574','Hamburger SV',23,'Jonas','Meffert','4-sep-1994','Centrocampista'),
  ('638631','Hamburger SV',46,'Elijah','Krahn','24-aug-2003','Centrocampista'),
  ('490884','Hamburger SV',14,'Ludovit','Reis','1-jun-2000','Centrocampista'),
  ('196834','Hamburger SV',6,'David','Kinsombi','12-dec-1995','Centrocampista'),
  ('078950','Hamburger SV',10,'Sonny','Kittel','6-jan-1993','Centrocampista'),
  ('412616','Hamburger SV',7,'Giorgi','Chakvetadze','29-aug-1999','Centrocampista'),
  ('433894','Hamburger SV',36,'Anssi','Suhonen','14-jan-2001','Centrocampista'),
  ('456492','Hamburger SV',48,'Faride','Alidou','18-jul-2001','Attaccante'),
  ('415194','Hamburger SV',18,'Bakery','Jatta','6-jun-1998','Attaccante'),
  ('196139','Hamburger SV',9,'Robert','Glatzel','8-jan-1994','Attaccante'),
  ('296429','Hamburger SV',19,'Manuel','Wintzheimer','10-jan-1999','Attaccante'),
  ('545332','Hamburger SV',11,'Mikkel','Kaufmann','3-jan-2001','Attaccante'),
  ('277607','FC Schalke 04',30,'Martin','Fraisl','10-may-1993','Portiere'),
  ('039015','FC Schalke 04',1,'Ralf','Fährmann','27-sep-1988','Portiere'),
  ('019114','FC Schalke 04',34,'Michael','Langer','6-jan-1985','Portiere'),
  ('521964','FC Schalke 04',33,'Malick','Thiaw','8-aug-2001','Difensore'),
  ('355816','FC Schalke 04',3,'Ko','Itakura','27-jan-1997','Difensore'),
  ('223197','FC Schalke 04',5,'Marius','Lode','11-mar-1993','Difensore'),
  ('129358','FC Schalke 04',35,'Marcin','Kaminski','15-jan-1992','Difensore'),
  ('126534','FC Schalke 04',26,'Salif','Sané','25-aug-1990','Difensore'),
  ('570160','FC Schalke 04',41,'Henning','Matriciani','14-mar-2000','Difensore'),
  ('097241','FC Schalke 04',4,'Victor','Pálsson','30-apr-1991','Centrocampista'),
  ('596881','FC Schalke 04',17,'Florian','Flick','1-may-2000','Centrocampista'),
  ('606752','FC Schalke 04',10,'Rodrigo','Zalazar','12-aug-1999','Centrocampista'),
  ('039025','FC Schalke 04',8,'Danny','Latza','7-dec-1989','Centrocampista'),
  ('053681','FC Schalke 04',18,'Marc','Rzatkowski','2-mar-1990','Centrocampista'),
  ('283141','FC Schalke 04',36,'Blendi','Idrizi','2-may-1998','Centrocampista'),
  ('472242','FC Schalke 04',38,'Mehmet','Aydin','9-feb-2002','Centrocampista'),
  ('254472','FC Schalke 04',16,'Andreas','Vindheim','4-aug-1995','Centrocampista'),
  ('083119','FC Schalke 04',27,'Reinhold','Ranftl','24-jan-1992','Centrocampista'),
  ('241477','FC Schalke 04',2,'Thomas','Ouwejan','30-sep-1996','Centrocampista'),
  ('553905','FC Schalke 04',42,'Kerim','Calhanoglu','26-aug-2002','Centrocampista'),
  ('053400','FC Schalke 04',24,'Dominick','Drexler','26-may-1990','Centrocampista'),
  ('558086','FC Schalke 04',14,'Dong-gyeong','Lee','20-sep-1997','Centrocampista'),
  ('701937','FC Schalke 04',39,'Yaroslav','Mikhailov','28-apr-2003','Centrocampista'),
  ('116088','FC Schalke 04',11,'Marius','Bülter','29-mar-1993','Attaccante'),
  ('386786','FC Schalke 04',7,'Darko','Churlinov','11-jul-2000','Attaccante'),
  ('036284','FC Schalke 04',9,'Simon','Terodde','2-mar-1988','Attaccante'),
  ('471055','FC Schalke 04',21,'Marvin','Pieringer','4-oct-1999','Attaccante'),
  ('255294','Fortuna Düsseldorf',33,'Florian','Kastenmeier','28-jun-1997','Portiere'),
  ('039306','Fortuna Düsseldorf',1,'Raphael','Wolf','6-jun-1988','Portiere'),
  ('549490','Fortuna Düsseldorf',21,'Dennis','Gorka','3-apr-2002','Portiere'),
  ('192191','Fortuna Düsseldorf',15,'Kai','Eisele','25-jun-1995','Portiere'),
  ('085164','Fortuna Düsseldorf',3,'Andre','Hoffmann','28-feb-1993','Difensore'),
  ('346849','Fortuna Düsseldorf',5,'Christoph','Klarer','14-jun-2000','Difensore'),
  ('215096','Fortuna Düsseldorf',30,'Jordy','de Wijs','8-jan-1995','Difensore'),
  ('358906','Fortuna Düsseldorf',46,'Tim','Oberdorf','16-aug-1996','Difensore'),
  ('453854','Fortuna Düsseldorf',36,'Nikell','Touglo','20-nov-2001','Difensore'),
  ('182816','Fortuna Düsseldorf',34,'Nicolas','Gavory','16-feb-1995','Difensore'),
  ('187530','Fortuna Düsseldorf',22,'Leonardo','Koutris','23-jul-1995','Difensore'),
  ('093571','Fortuna Düsseldorf',7,'Florian','Hartherz','29-may-1993','Difensore'),
  ('086848','Fortuna Düsseldorf',25,'Matthias','Zimmermann','16-jun-1992','Difensore'),
  ('119044','Fortuna Düsseldorf',31,'Marcel','Sobottka','25-apr-1994','Centrocampista'),
  ('020778','Fortuna Düsseldorf',13,'Adam','Bodzek','7-sep-1985','Centrocampista'),
  ('489359','Fortuna Düsseldorf',4,'Ao','Tanaka','10-sep-1998','Centrocampista'),
  ('377243','Fortuna Düsseldorf',8,'Jakub','Piotrowski','4-oct-1997','Centrocampista'),
  ('060028','Fortuna Düsseldorf',6,'Edgar','Prib','15-dec-1989','Centrocampista'),
  ('153664','Fortuna Düsseldorf',20,'Khaled','Narey','23-jul-1994','Centrocampista'),
  ('452121','Fortuna Düsseldorf',23,'Shinta','Appelkamp','1-nov-2000','Centrocampista'),
  ('186704','Fortuna Düsseldorf',12,'Kristoffer','Peterson','28-nov-1994','Attaccante'),
  ('314245','Fortuna Düsseldorf',19,'Emmanuel','Iyoha','11-oct-1997','Attaccante'),
  ('089591','Fortuna Düsseldorf',11,'Felix','Klaus','13-sep-1992','Attaccante'),
  ('131561','Fortuna Düsseldorf',18,'Thomas','Pledl','23-may-1994','Attaccante'),
  ('454576','Fortuna Düsseldorf',32,'Robert','Bozenik','18-nov-1999','Attaccante'),
  ('079501','Fortuna Düsseldorf',10,'Daniel','Ginczek','13-apr-1991','Attaccante'),
  ('016311','Fortuna Düsseldorf',28,'Rouwen','Hennings','28-aug-1987','Attaccante'),
  ('378874','Fortuna Düsseldorf',47,'Lex-Tyger','Lobinger','22-feb-1999','Attaccante'),
  ('082361','1.FC Nuremberg',26,'Christian','Mathenia','31-mar-1992','Portiere'),
  ('161057','1.FC Nuremberg',31,'Carl','Klaus','16-jan-1994','Portiere'),
  ('002154','1.FC Nuremberg',1,'Patric','Klandt','29-sep-1983','Portiere'),
  ('260846','1.FC Nuremberg',4,'Asger','Sörensen','5-jun-1996','Difensore'),
  ('057842','1.FC Nuremberg',16,'Christopher','Schindler','29-apr-1990','Difensore'),
  ('085822','1.FC Nuremberg',19,'Florian','Hübner','1-mar-1991','Difensore'),
  ('388047','1.FC Nuremberg',33,'Mario','Suver','23-sep-1999','Difensore'),
  ('379960','1.FC Nuremberg',35,'Noel','Knothe','5-may-1999','Difensore'),
  ('284177','1.FC Nuremberg',29,'Tim','Handwerker','19-may-1998','Difensore'),
  ('045668','1.FC Nuremberg',34,'Konstantin','Rausch','15-mar-1990','Difensore'),
  ('435796','1.FC Nuremberg',2,'Kilian','Fischer','12-oct-2000','Difensore'),
  ('040605','1.FC Nuremberg',22,'Enrico','Valentini','20-feb-1989','Difensore'),
  ('405687','1.FC Nuremberg',14,'Tom','Krauß','22-jun-2001','Centrocampista'),
  ('089650','1.FC Nuremberg',5,'Johannes','Geis','17-aug-1993','Centrocampista'),
  ('378883','1.FC Nuremberg',6,'Lino','Tempelmann','2-feb-1999','Centrocampista'),
  ('349433','1.FC Nuremberg',15,'Fabian','Nürnberger','28-jul-1999','Centrocampista'),
  ('314214','1.FC Nuremberg',8,'Taylan','Duman','30-jul-1997','Centrocampista'),
  ('520910','1.FC Nuremberg',21,'Tim','Latteier','20-may-2000','Centrocampista'),
  ('190831','1.FC Nuremberg',24,'Mats Möller','Daehli','2-mar-1995','Centrocampista'),
  ('613192','1.FC Nuremberg',17,'Jens','Castrop','29-jul-2003','Centrocampista'),
  ('120189','1.FC Nuremberg',10,'Nikola','Dovedan','6-jul-1994','Attaccante'),
  ('479273','1.FC Nuremberg',36,'Lukas','Schleimer','9-dec-1999','Attaccante'),
  ('570553','1.FC Nuremberg',11,'Erik','Shuranov','22-feb-2002','Attaccante'),
  ('467426','1.FC Nuremberg',18,'Dennis','Borkowski','26-jan-2002','Attaccante'),
  ('193877','1.FC Nuremberg',20,'Pascal','Köpke','3-sep-1995','Attaccante'),
  ('164767','1.FC Nuremberg',7,'Felix','Lohkemper','26-jan-1995','Attaccante'),
  ('048547','1.FC Nuremberg',9,'Manuel','Schäffler','6-feb-1989','Attaccante'),
  ('453783','1.FC Nuremberg',27,'Paul-Philipp','Besong','6-oct-2000','Attaccante'),
  ('248454','FC St. Pauli',22,'Nikola','Vasilj','2-dec-1995','Portiere'),
  ('342966','FC St. Pauli',1,'Dennis','Smarsch','14-jan-1999','Portiere'),
  ('333074','FC St. Pauli',28,'Sören','Ahlers','9-sep-1997','Portiere'),
  ('488755','FC St. Pauli',18,'Jakov','Medic','7-sep-1998','Difensore'),
  ('272706','FC St. Pauli',3,'James','Lawrence','22-aug-1992','Difensore'),
  ('152627','FC St. Pauli',4,'Philipp','Ziereis','14-mar-1993','Difensore'),
  ('236966','FC St. Pauli',25,'Adam','Dzwigala','25-sep-1995','Difensore'),
  ('094174','FC St. Pauli',6,'Christopher','Avevor','11-feb-1992','Difensore'),
  ('594655','FC St. Pauli',15,'Marcel','Beifus','27-oct-2002','Difensore'),
  ('107219','FC St. Pauli',23,'Leart','Paqarada','8-oct-1994','Difensore'),
  ('333903','FC St. Pauli',21,'Lars','Ritzka','7-may-1998','Difensore'),
  ('217357','FC St. Pauli',2,'Sebastian','Ohlsson','26-may-1993','Difensore'),
  ('139278','FC St. Pauli',19,'Luca','Zander','9-aug-1995','Difensore'),
  ('447801','FC St. Pauli',32,'Jannes','Wieckhoff','2-aug-2000','Difensore'),
  ('292534','FC St. Pauli',8,'Eric','Smith','8-jan-1997','Centrocampista'),
  ('562409','FC St. Pauli',14,'Afeez','Aremu','3-oct-1999','Centrocampista'),
  ('567974','FC St. Pauli',31,'Franz','Roggow','14-jul-2002','Centrocampista'),
  ('334999','FC St. Pauli',20,'Finn Ole','Becker','8-jun-2000','Centrocampista'),
  ('192557','FC St. Pauli',7,'Jackson','Irvine','7-mar-1993','Centrocampista'),
  ('189073','FC St. Pauli',30,'Marcel','Hartel','19-jan-1996','Centrocampista'),
  ('086156','FC St. Pauli',26,'Rico','Benatelli','17-mar-1992','Centrocampista'),
  ('072094','FC St. Pauli',10,'Christopher','Buchtmann','25-apr-1992','Centrocampista'),
  ('574197','FC St. Pauli',29,'Niklas','Jessen','4-sep-2003','Centrocampista'),
  ('272587','FC St. Pauli',17,'Daniel-Kofi','Kyereh','8-mar-1996','Centrocampista'),
  ('334213','FC St. Pauli',13,'Lukas','Daschner','1-oct-1998','Centrocampista'),
  ('148197','FC St. Pauli',11,'Maximilian','Dittgen','3-mar-1995','Attaccante'),
  ('049239','FC St. Pauli',9,'Guido','Burgstaller','29-apr-1989','Attaccante'),
  ('605268','FC St. Pauli',34,'Igor','Matanovic','31-mar-2003','Attaccante'),
  ('271103','FC St. Pauli',27,'Etienne','Amenyido','1-mar-1998','Attaccante'),
  ('087162','FC St. Pauli',16,'Simon','Makienok','21-nov-1990','Attaccante'),
  ('021327','Hannover 96',16,'Ron-Robert','Zieler','12-feb-1989','Portiere'),
  ('045601','Hannover 96',1,'Martin','Hansen','15-jun-1990','Portiere'),
  ('333901','Hannover 96',30,'Marlon','Sündermann','16-may-1998','Portiere'),
  ('152435','Hannover 96',28,'Marcel','Franke','5-apr-1993','Difensore'),
  ('045677','Hannover 96',31,'Julian','Börner','21-jan-1991','Difensore'),
  ('138584','Hannover 96',23,'Luka','Krajnc','19-sep-1994','Difensore'),
  ('452069','Hannover 96',24,'Marc','Lamti','28-jan-2001','Difensore'),
  ('113039','Hannover 96',3,'Niklas','Hult','13-feb-1990','Difensore'),
  ('188910','Hannover 96',21,'Sei','Muroya','5-apr-1994','Difensore'),
  ('211671','Hannover 96',25,'Jannik','Dehm','2-may-1996','Difensore'),
  ('322309','Hannover 96',29,'Gaël','Ondoua','4-nov-1995','Centrocampista'),
  ('187507','Hannover 96',35,'Mark','Diemers','11-oct-1993','Centrocampista'),
  ('052200','Hannover 96',13,'Dominik','Kaiser','16-sep-1988','Centrocampista'),
  ('030942','Hannover 96',8,'Mike','Frantz','14-oct-1986','Centrocampista'),
  ('108198','Hannover 96',10,'Sebastian','Ernst','4-mar-1995','Centrocampista'),
  ('124517','Hannover 96',37,'Sebastian','Kerk','17-apr-1994','Centrocampista'),
  ('207592','Hannover 96',20,'Philipp','Ochs','17-apr-1997','Attaccante'),
  ('604069','Hannover 96',40,'Lawrence','Ennali','7-mar-2002','Attaccante'),
  ('335103','Hannover 96',11,'Linton','Maina','23-jun-1999','Attaccante'),
  ('157927','Hannover 96',22,'Sebastian','Stolze','29-jan-1995','Attaccante'),
  ('578392','Hannover 96',14,'Maximilian','Beier','17-oct-2002','Attaccante'),
  ('207597','Hannover 96',15,'Cedric','Teuchert','14-jan-1997','Attaccante'),
  ('330223','Hannover 96',9,'Hendrik','Weydandt','16-jul-1995','Attaccante'),
  ('059054','Hannover 96',17,'Lukas','Hinterseer','28-mar-1991','Attaccante'),
  ('043824','1.FC Heidenheim 1846',1,'Kevin','Müller','15-mar-1991','Portiere'),
  ('057796','1.FC Heidenheim 1846',22,'Vitus','Eicher','5-nov-1990','Portiere'),
  ('519035','1.FC Heidenheim 1846',34,'Paul','Tschernuth','20-jan-2002','Portiere'),
  ('133731','1.FC Heidenheim 1846',6,'Patrick','Mainka','6-nov-1994','Difensore'),
  ('109436','1.FC Heidenheim 1846',5,'Oliver','Hüsing','17-feb-1993','Difensore'),
  ('337092','1.FC Heidenheim 1846',4,'Tim','Siersleben','9-mar-2000','Difensore'),
  ('522254','1.FC Heidenheim 1846',36,'Tim','Seifert','25-jun-2002','Difensore'),
  ('192169','1.FC Heidenheim 1846',19,'Jonas','Föhrenbach','26-jan-1996','Difensore'),
  ('031599','1.FC Heidenheim 1846',30,'Norman','Theuerkauf','24-jan-1987','Difensore'),
  ('117478','1.FC Heidenheim 1846',2,'Marnon','Busch','8-dec-1994','Difensore'),
  ('307845','1.FC Heidenheim 1846',18,'Marvin','Rittmüller','7-mar-1999','Difensore'),
  ('251295','1.FC Heidenheim 1846',20,'Dzenis','Burnic','22-may-1998','Centrocampista'),
  ('093563','1.FC Heidenheim 1846',8,'Andreas','Geipl','21-apr-1992','Centrocampista'),
  ('478423','1.FC Heidenheim 1846',28,'Melvin','Ramusovic','19-jun-2001','Centrocampista'),
  ('581357','1.FC Heidenheim 1846',3,'Jan','Schöppner','12-jun-1999','Centrocampista'),
  ('448028','1.FC Heidenheim 1846',16,'Kevin','Sessa','6-jul-2000','Centrocampista'),
  ('081694','1.FC Heidenheim 1846',27,'Konstantin','Kerschbaumer','1-jul-1992','Centrocampista'),
  ('521174','1.FC Heidenheim 1846',25,'Julian','Stark','8-mar-2001','Centrocampista'),
  ('153661','1.FC Heidenheim 1846',29,'Tobias','Mohr','24-aug-1995','Attaccante'),
  ('119120','1.FC Heidenheim 1846',13,'Robert','Leipertz','1-feb-1993','Attaccante'),
  ('193033','1.FC Heidenheim 1846',10,'Tim','Kleindienst','31-aug-1995','Attaccante'),
  ('184204','1.FC Heidenheim 1846',24,'Christian','Kühlwetter','21-apr-1996','Attaccante'),
  ('094030','1.FC Heidenheim 1846',11,'Denis','Thomalla','16-aug-1992','Attaccante'),
  ('405568','1.FC Heidenheim 1846',15,'Maurice','Malone','17-aug-2000','Attaccante'),
  ('394033','1.FC Heidenheim 1846',9,'Stefan','Schimmer','28-apr-1994','Attaccante'),
  ('422267','1.FC Heidenheim 1846',38,'Gianni','Mollo','24-feb-2001','Attaccante'),
  ('160954','SC Paderborn 07',21,'Jannik','Huth','15-apr-1994','Portiere'),
  ('160971','SC Paderborn 07',17,'Leopold','Zingerle','10-apr-1994','Portiere'),
  ('569681','SC Paderborn 07',1,'Moritz','Schulze','22-mar-2001','Portiere'),
  ('124422','SC Paderborn 07',13,'Robin','Yalcin','25-jan-1994','Difensore'),
  ('322519','SC Paderborn 07',4,'Jasper','van der Werff','9-dec-1998','Difensore'),
  ('010503','SC Paderborn 07',2,'Uwe','Hünemeier','9-jan-1986','Difensore'),
  ('369888','SC Paderborn 07',24,'Jannis','Heuer','29-jul-1999','Difensore'),
  ('055597','SC Paderborn 07',25,'Marcel','Correia','16-may-1989','Difensore'),
  ('565118','SC Paderborn 07',12,'Jesse Edem','Tugbenyo','7-aug-2001','Difensore'),
  ('606209','SC Paderborn 07',40,'Justus','Henke','5-jun-2001','Difensore'),
  ('254934','SC Paderborn 07',29,'Jamilu','Collins','5-aug-1994','Difensore'),
  ('239972','SC Paderborn 07',28,'Jonas','Carls','25-mar-1997','Difensore'),
  ('329324','SC Paderborn 07',16,'Johannes','Dörfler','23-aug-1996','Difensore'),
  ('240263','SC Paderborn 07',3,'Frederic','Ananou','20-sep-1997','Difensore'),
  ('332392','SC Paderborn 07',8,'Ron','Schallenberg','6-oct-1998','Centrocampista'),
  ('168186','SC Paderborn 07',6,'Marco','Schuster','10-oct-1995','Centrocampista'),
  ('388316','SC Paderborn 07',23,'Maximilian','Thalhammer','10-jul-1997','Centrocampista'),
  ('598281','SC Paderborn 07',38,'Adrian','Oeynhausen','18-jan-2002','Centrocampista'),
  ('160247','SC Paderborn 07',5,'Marcel','Mehlem','1-mar-1995','Centrocampista'),
  ('060394','SC Paderborn 07',31,'Philipp','Klement','9-sep-1992','Centrocampista'),
  ('324861','SC Paderborn 07',10,'Julian','Justvan','2-apr-1998','Centrocampista'),
  ('337036','SC Paderborn 07',30,'Florent','Muslija','6-jul-1998','Centrocampista'),
  ('045760','SC Paderborn 07',22,'Marco','Stiepermann','9-feb-1991','Centrocampista'),
  ('687035','SC Paderborn 07',14,'Kelvin','Ofori','27-jul-2001','Centrocampista'),
  ('697740','SC Paderborn 07',15,'Soufiane','El-Faouzi','13-jul-2002','Centrocampista'),
  ('223572','SC Paderborn 07',9,'Kai','Pröger','15-may-1992','Attaccante'),
  ('333161','SC Paderborn 07',19,'Kemal','Ademi','23-jan-1996','Attaccante'),
  ('159239','SC Paderborn 07',18,'Dennis','Srbeny','5-may-1994','Attaccante'),
  ('195782','SC Paderborn 07',36,'Felix','Platte','11-feb-1996','Attaccante'),
  ('453864','SC Paderborn 07',27,'Marvin','Cuni','10-jul-2001','Attaccante'),
  ('093651','SV Darmstadt 98',1,'Marcel','Schuhen','13-jan-1993','Portiere'),
  ('274039','SV Darmstadt 98',13,'Morten','Behrens','1-apr-1997','Portiere'),
  ('275081','SV Darmstadt 98',21,'Steve','Kroll','7-may-1997','Portiere'),
  ('391742','SV Darmstadt 98',5,'Patric','Pfeiffer','20-aug-1999','Difensore'),
  ('322075','SV Darmstadt 98',3,'Thomas','Isherwood','28-jan-1998','Difensore'),
  ('079503','SV Darmstadt 98',24,'Lasse','Sobiech','18-jan-1991','Difensore'),
  ('119286','SV Darmstadt 98',20,'Jannik','Müller','18-jan-1994','Difensore'),
  ('692070','SV Darmstadt 98',38,'Clemens','Riedel','19-jul-2003','Difensore'),
  ('286596','SV Darmstadt 98',19,'Emir','Karic','9-jun-1997','Difensore'),
  ('054846','SV Darmstadt 98',32,'Fabian','Holland','11-jul-1990','Difensore'),
  ('237162','SV Darmstadt 98',26,'Matthias','Bader','17-jun-1997','Difensore'),
  ('270027','SV Darmstadt 98',17,'Frank','Ronstadt','21-jul-1997','Difensore'),
  ('353899','SV Darmstadt 98',43,'Nemanja','Celic','26-apr-1999','Centrocampista'),
  ('057598','SV Darmstadt 98',23,'Klaus','Gjasula','14-dec-1989','Centrocampista'),
  ('389078','SV Darmstadt 98',30,'Adrian','Stanilewicz','22-feb-2000','Centrocampista'),
  ('643080','SV Darmstadt 98',34,'Leon','Müller','11-aug-2000','Centrocampista'),
  ('042072','SV Darmstadt 98',11,'Tobias','Kempe','27-jun-1989','Centrocampista'),
  ('094148','SV Darmstadt 98',8,'Fabian','Schnellhardt','12-jan-1994','Centrocampista'),
  ('237226','SV Darmstadt 98',6,'Marvin','Mehlem','11-sep-1997','Centrocampista'),
  ('692084','SV Darmstadt 98',35,'John Peter','Sesay','8-may-2003','Centrocampista'),
  ('283497','SV Darmstadt 98',18,'Mathias','Honsak','20-dec-1996','Attaccante'),
  ('287920','SV Darmstadt 98',27,'Tim','Skarke','7-sep-1996','Attaccante'),
  ('231590','SV Darmstadt 98',33,'Braydon','Manu','28-mar-1997','Attaccante'),
  ('288340','SV Darmstadt 98',9,'Phillip','Tietz','9-jul-1997','Attaccante'),
  ('232463','SV Darmstadt 98',16,'Luca','Pfeiffer','20-aug-1996','Attaccante'),
  ('187499','SV Darmstadt 98',22,'Aaron','Seydel','7-feb-1996','Attaccante'),
  ('828356','SV Darmstadt 98',36,'André','Leipold','12-nov-2001','Attaccante'),
  ('076158','SSV Jahn Regensburg',1,'Alexander','Meyer','13-apr-1991','Portiere'),
  ('038346','SSV Jahn Regensburg',21,'Thorsten','Kirschbaum','20-apr-1987','Portiere'),
  ('169374','SSV Jahn Regensburg',30,'Kevin','Kunz','22-jan-1992','Portiere'),
  ('255633','SSV Jahn Regensburg',32,'Alexander','Weidinger','18-jun-1997','Portiere'),
  ('082735','SSV Jahn Regensburg',23,'Steve','Breitkreuz','18-jan-1992','Difensore'),
  ('418300','SSV Jahn Regensburg',24,'Scott','Kennedy','31-mar-1997','Difensore'),
  ('322506','SSV Jahn Regensburg',33,'Jan','Elvedi','30-sep-1996','Difensore'),
  ('109987','SSV Jahn Regensburg',28,'Sebastian','Nachreiner','23-nov-1988','Difensore'),
  ('260657','SSV Jahn Regensburg',13,'Erik','Wekesser','3-jul-1997','Difensore'),
  ('201135','SSV Jahn Regensburg',20,'Leon','Guwara','28-jun-1996','Difensore'),
  ('093552','SSV Jahn Regensburg',6,'Benedikt','Saller','22-sep-1992','Difensore'),
  ('227084','SSV Jahn Regensburg',5,'Benedikt','Gimber','19-feb-1997','Centrocampista'),
  ('329373','SSV Jahn Regensburg',22,'Carlo','Boukhalfa','3-may-1999','Centrocampista'),
  ('605949','SSV Jahn Regensburg',25,'Björn','Zempelin','7-feb-2000','Centrocampista'),
  ('207578','SSV Jahn Regensburg',7,'Max','Besuschkow','31-may-1997','Centrocampista'),
  ('055519','SSV Jahn Regensburg',18,'Christoph','Moritz','27-jan-1990','Centrocampista'),
  ('406762','SSV Jahn Regensburg',11,'Konrad','Faber','4-nov-1997','Centrocampista'),
  ('350357','SSV Jahn Regensburg',15,'Sarpreet','Singh','20-feb-1999','Attaccante'),
  ('414318','SSV Jahn Regensburg',26,'Charalampos','Makridis','5-jul-1996','Attaccante'),
  ('342967','SSV Jahn Regensburg',4,'Jan-Niklas','Beste','4-jan-1999','Attaccante'),
  ('313178','SSV Jahn Regensburg',9,'Nicklas','Shipnoski','1-jan-1998','Attaccante'),
  ('300334','SSV Jahn Regensburg',8,'Aygün','Yildirim','4-apr-1995','Attaccante'),
  ('362184','SSV Jahn Regensburg',14,'David','Otto','3-mar-1999','Attaccante'),
  ('457940','SSV Jahn Regensburg',27,'Joël','Zwarts','26-apr-1999','Attaccante'),
  ('088647','SSV Jahn Regensburg',19,'Andreas','Albers','23-mar-1990','Attaccante'),
  ('561647','SSV Jahn Regensburg',10,'Kaan','Caliskaner','3-nov-1999','Attaccante'),
  ('156676','Holstein Kiel',1,'Ioannis','Gelios','24-apr-1992','Portiere'),
  ('115979','Holstein Kiel',21,'Thomas','Dähne','4-jan-1994','Portiere'),
  ('296428','Holstein Kiel',33,'Timon','Weiner','18-jan-1999','Portiere'),
  ('154147','Holstein Kiel',24,'Hauke','Wahl','15-apr-1994','Difensore'),
  ('278459','Holstein Kiel',19,'Simon','Lorenz','30-mar-1997','Difensore'),
  ('335631','Holstein Kiel',3,'Marco','Komenda','26-nov-1996','Difensore'),
  ('175709','Holstein Kiel',5,'Stefan','Thesker','11-apr-1991','Difensore'),
  ('096331','Holstein Kiel',2,'Mikkel','Kirkeskov','5-sep-1991','Difensore'),
  ('031218','Holstein Kiel',15,'Johannes','van den Bergh','21-nov-1986','Difensore'),
  ('265176','Holstein Kiel',25,'Phil','Neumann','8-jul-1997','Difensore'),
  ('077809','Holstein Kiel',23,'Julian','Korb','21-mar-1992','Difensore'),
  ('193859','Holstein Kiel',4,'Patrick','Erras','21-jan-1995','Centrocampista'),
  ('330269','Holstein Kiel',6,'Marcel','Benger','2-jul-1998','Centrocampista'),
  ('074295','Holstein Kiel',22,'Aleksandar','Ignjovski','27-jan-1991','Centrocampista'),
  ('085298','Holstein Kiel',8,'Alexander','Mühling','5-sep-1992','Centrocampista'),
  ('055508','Holstein Kiel',10,'Lewis','Holtby','18-sep-1990','Centrocampista'),
  ('388409','Holstein Kiel',16,'Philipp','Sander','21-feb-1998','Centrocampista'),
  ('528619','Holstein Kiel',32,'Jonas','Sterner','13-may-2002','Centrocampista'),
  ('093827','Holstein Kiel',14,'Steven','Skrzybski','18-nov-1992','Centrocampista'),
  ('241307','Holstein Kiel',27,'Finn','Porath','23-feb-1997','Centrocampista'),
  ('209686','Holstein Kiel',7,'Ahmet','Arslan','30-mar-1994','Centrocampista'),
  ('227102','Holstein Kiel',11,'Fabian','Reese','29-nov-1997','Attaccante'),
  ('196815','Holstein Kiel',29,'Joshua','Mees','15-apr-1996','Attaccante'),
  ('036207','Holstein Kiel',31,'Fin','Bartels','7-feb-1987','Attaccante'),
  ('331362','Holstein Kiel',17,'Benedikt','Pichler','20-jul-1997','Attaccante'),
  ('154819','Holstein Kiel',18,'Kwasi','Wriedt','10-jul-1994','Attaccante'),
  ('343337','Holstein Kiel',20,'Fiete','Arp','6-jan-2000','Attaccante'),
  ('335924','Holstein Kiel',28,'Noah','Awuku','9-jan-2000','Attaccante'),
  ('196382','Karlsruher SC',35,'Marius','Gersbeck','20-jun-1995','Portiere'),
  ('123147','Karlsruher SC',1,'Markus','Kuster','22-feb-1994','Portiere'),
  ('527630','Karlsruher SC',28,'Paul','Löhr','14-jan-2001','Portiere'),
  ('411133','Karlsruher SC',30,'Niklas','Heeger','7-jan-2000','Portiere'),
  ('307509','Karlsruher SC',22,'Christoph','Kobald','18-aug-1997','Difensore'),
  ('283286','Karlsruher SC',32,'Robin','Bormuth','19-sep-1995','Difensore'),
  ('131967','Karlsruher SC',5,'Daniel','O''Shaughnessy','14-sep-1994','Difensore'),
  ('472224','Karlsruher SC',20,'Felix','Irorere','21-jun-2002','Difensore'),
  ('017733','Karlsruher SC',3,'Daniel','Gordon','16-jan-1985','Difensore'),
  ('703909','Karlsruher SC',40,'Lazar','Mirkovic','27-jul-2002','Difensore'),
  ('112617','Karlsruher SC',16,'Philip','Heise','20-jun-1991','Difensore'),
  ('324760','Karlsruher SC',18,'Kilian','Jakob','25-jan-1998','Difensore'),
  ('156715','Karlsruher SC',21,'Marco','Thiede','20-may-1992','Difensore'),
  ('124883','Karlsruher SC',4,'Ricardo','van Rhijn','13-jun-1991','Difensore'),
  ('049730','Karlsruher SC',2,'Sebastian','Jung','22-jun-1990','Difensore'),
  ('392142','Karlsruher SC',34,'Jannis','Rabold','27-mar-2001','Difensore'),
  ('569457','Karlsruher SC',38,'Tim','Breithaupt','7-feb-2002','Centrocampista'),
  ('119581','Karlsruher SC',10,'Marvin','Wanitzek','7-may-1993','Centrocampista'),
  ('077108','Karlsruher SC',8,'Jérôme','Gondorf','26-jun-1988','Centrocampista'),
  ('273904','Karlsruher SC',6,'Leon','Jensen','19-may-1997','Centrocampista'),
  ('290171','Karlsruher SC',11,'Kyoung-rok','Choi','15-mar-1995','Centrocampista'),
  ('232376','Karlsruher SC',17,'Lucas','Cueto','24-mar-1996','Attaccante'),
  ('050600','Karlsruher SC',7,'Marc','Lorenz','18-jul-1988','Attaccante'),
  ('388058','Karlsruher SC',14,'Benjamin','Goller','1-jan-1999','Attaccante'),
  ('229176','Karlsruher SC',24,'Fabian','Schleusener','24-oct-1991','Attaccante'),
  ('160980','Karlsruher SC',37,'Fabio','Kaufmann','8-sep-1992','Attaccante'),
  ('119037','Karlsruher SC',33,'Philipp','Hofmann','30-mar-1993','Attaccante'),
  ('411134','Karlsruher SC',9,'Malik','Batmaz','17-mar-2000','Attaccante'),
  ('161075','SG Dynamo Dresden',1,'Kevin','Broll','23-aug-1995','Portiere'),
  ('260677','SG Dynamo Dresden',22,'Anton','Mitryushkin','8-feb-1996','Portiere'),
  ('082298','SG Dynamo Dresden',24,'Patrick','Wiegers','19-apr-1990','Portiere'),
  ('337090','SG Dynamo Dresden',31,'Marius','Liesegang','7-jan-2000','Portiere'),
  ('688408','SG Dynamo Dresden',32,'Jannis','Maul','28-aug-2003','Portiere'),
  ('447783','SG Dynamo Dresden',39,'Kevin','Ehlers','23-jan-2001','Difensore'),
  ('074179','SG Dynamo Dresden',21,'Michael','Sollbauer','15-may-1990','Difensore'),
  ('185520','SG Dynamo Dresden',4,'Tim','Knipping','24-nov-1992','Difensore'),
  ('405674','SG Dynamo Dresden',23,'Antonis','Aidonis','22-may-2001','Difensore'),
  ('348379','SG Dynamo Dresden',3,'Michael','Akoto','3-oct-1997','Difensore'),
  ('152457','SG Dynamo Dresden',26,'Sebastian','Mai','10-dec-1993','Difensore'),
  ('330277','SG Dynamo Dresden',2,'Guram','Giorbelidze','25-feb-1996','Difensore'),
  ('055125','SG Dynamo Dresden',15,'Chris','Löwe','16-apr-1989','Difensore'),
  ('237444','SG Dynamo Dresden',16,'Robin','Becker','18-jan-1997','Difensore'),
  ('379979','SG Dynamo Dresden',14,'Adrian','Fein','18-mar-1999','Centrocampista'),
  ('049737','SG Dynamo Dresden',5,'Yannick','Stark','28-oct-1990','Centrocampista'),
  ('356640','SG Dynamo Dresden',28,'Paul','Will','1-mar-1999','Centrocampista'),
  ('317735','SG Dynamo Dresden',30,'Julius','Kade','20-may-1999','Centrocampista'),
  ('296372','SG Dynamo Dresden',19,'Luca','Herrmann','20-feb-1999','Centrocampista'),
  ('171352','SG Dynamo Dresden',17,'Morris','Schröter','20-aug-1995','Centrocampista'),
  ('250945','SG Dynamo Dresden',8,'Heinz','Mörschel','24-aug-1997','Centrocampista'),
  ('125105','SG Dynamo Dresden',10,'Patrick','Weihrauch','3-mar-1994','Centrocampista'),
  ('288668','SG Dynamo Dresden',34,'Justin','Löwe','30-dec-1998','Centrocampista'),
  ('083700','SG Dynamo Dresden',7,'Panagiotis','Vlachodimos','12-oct-1991','Attaccante'),
  ('470038','SG Dynamo Dresden',35,'Ransford-Yeboah','Königsdörffer','13-sep-2001','Attaccante'),
  ('406614','SG Dynamo Dresden',37,'Oliver','Batista Meier','16-feb-2001','Attaccante'),
  ('293592','SG Dynamo Dresden',25,'Brandon','Borrello','25-jul-1995','Attaccante'),
  ('317024','SG Dynamo Dresden',11,'Agyemang','Diawusie','12-feb-1998','Attaccante'),
  ('324851','SG Dynamo Dresden',33,'Christoph','Daferner','12-jan-1998','Attaccante'),
  ('421984','SG Dynamo Dresden',27,'Vaclav','Drchal','25-jul-1999','Attaccante'),
  ('099451','FC Hansa Rostock',1,'Markus','Kolke','18-aug-1990','Portiere'),
  ('453742','FC Hansa Rostock',30,'Ben','Voll','9-dec-2000','Portiere'),
  ('335996','FC Hansa Rostock',22,'Luis','Klatte','1-mar-2000','Portiere'),
  ('072505','FC Hansa Rostock',25,'Thomas','Meißner','26-mar-1991','Difensore'),
  ('282349','FC Hansa Rostock',2,'Timo','Becker','25-mar-1997','Difensore'),
  ('153198','FC Hansa Rostock',4,'Damian','Roßbach','27-feb-1993','Difensore'),
  ('082112','FC Hansa Rostock',3,'Julian','Riedel','10-aug-1991','Difensore'),
  ('373178','FC Hansa Rostock',16,'Ryan','Malone','11-aug-1992','Difensore'),
  ('379989','FC Hansa Rostock',23,'Jonathan','Meier','11-nov-1999','Difensore'),
  ('192309','FC Hansa Rostock',20,'Lukas','Scherff','14-jul-1996','Difensore'),
  ('158360','FC Hansa Rostock',7,'Nico','Neidhart','27-sep-1994','Difensore'),
  ('093753','FC Hansa Rostock',27,'Calogero','Rizzuto','5-jan-1992','Difensore'),
  ('284188','FC Hansa Rostock',5,'Simon','Rhein','18-may-1998','Centrocampista'),
  ('153628','FC Hansa Rostock',34,'Lukas','Fröde','23-jan-1995','Centrocampista'),
  ('233980','FC Hansa Rostock',6,'Björn','Rother','29-jul-1996','Centrocampista'),
  ('321079','FC Hansa Rostock',14,'Svante','Ingelsson','14-jun-1998','Centrocampista'),
  ('057091','FC Hansa Rostock',17,'Hanno','Behrens','26-mar-1990','Centrocampista'),
  ('153680','FC Hansa Rostock',38,'Tobias','Schwede','17-mar-1994','Centrocampista'),
  ('094964','FC Hansa Rostock',8,'Baxter','Bahn','28-aug-1992','Centrocampista'),
  ('532784','FC Hansa Rostock',15,'Nils','Fröling','20-apr-2000','Attaccante'),
  ('184473','FC Hansa Rostock',10,'Haris','Duljevic','16-nov-1993','Attaccante'),
  ('368922','FC Hansa Rostock',13,'Kevin','Schumacher','24-dec-1997','Attaccante'),
  ('188061','FC Hansa Rostock',28,'Maurice','Litka','2-jan-1996','Attaccante'),
  ('820980','FC Hansa Rostock',33,'Theo','Martens','20-jan-2003','Attaccante'),
  ('075665','FC Hansa Rostock',21,'Nik','Omladic','21-aug-1989','Attaccante'),
  ('417228','FC Hansa Rostock',26,'Danylo','Sikan','16-apr-2001','Attaccante'),
  ('161060','FC Hansa Rostock',11,'Streli','Mamba','17-jun-1994','Attaccante'),
  ('075295','FC Hansa Rostock',18,'John','Verhoek','25-mar-1989','Attaccante'),
  ('051497','FC Hansa Rostock',9,'Ridge','Munsy','9-jul-1989','Attaccante'),
  ('326346','FC Hansa Rostock',19,'Robin','Meißner','8-oct-1999','Attaccante'),
  ('094637','FC Hansa Rostock',39,'Pascal','Breier','2-feb-1992','Attaccante'),
  ('094192','SV Sandhausen',1,'Patrick','Drewes','4-feb-1993','Portiere'),
  ('044594','SV Sandhausen',16,'Felix','Wiedwald','15-mar-1990','Portiere'),
  ('302388','SV Sandhausen',13,'Rick','Wulle','4-jun-1994','Portiere'),
  ('264304','SV Sandhausen',33,'Nikolai','Rehnen','4-feb-1997','Portiere'),
  ('453303','SV Sandhausen',40,'Benedikt','Grawe','21-feb-2000','Portiere'),
  ('259849','SV Sandhausen',2,'Aleksandr','Zhirov','24-jan-1991','Difensore'),
  ('077920','SV Sandhausen',15,'Immanuel','Höhn','23-dec-1991','Difensore'),
  ('078818','SV Sandhausen',3,'Dario','Dumic','30-jan-1992','Difensore'),
  ('265136','SV Sandhausen',25,'Oumar','Diakhite','9-dec-1993','Difensore'),
  ('054767','SV Sandhausen',14,'Tim','Kister','30-dec-1986','Difensore'),
  ('284035','SV Sandhausen',36,'Chima','Okoroji','19-apr-1997','Difensore'),
  ('244997','SV Sandhausen',27,'Arne','Sicker','17-apr-1997','Difensore'),
  ('189142','SV Sandhausen',19,'Bashkim','Ajdini','10-dec-1992','Difensore'),
  ('042044','SV Sandhausen',18,'Dennis','Diekmeier','20-oct-1989','Difensore'),
  ('093831','SV Sandhausen',28,'Tom','Trybull','9-mar-1993','Centrocampista'),
  ('327862','SV Sandhausen',26,'Janik','Bachmann','6-may-1996','Centrocampista'),
  ('085961','SV Sandhausen',17,'Erik','Zenga','18-jan-1993','Centrocampista'),
  ('084162','SV Sandhausen',22,'Marcel','Ritzmaier','22-apr-1993','Centrocampista'),
  ('279064','SV Sandhausen',21,'Nils','Seufert','3-feb-1997','Centrocampista'),
  ('093586','SV Sandhausen',10,'Julius','Biada','3-nov-1992','Centrocampista'),
  ('124402','SV Sandhausen',11,'Erich','Berko','6-sep-1994','Attaccante'),
  ('085538','SV Sandhausen',24,'Maurice','Deville','31-jul-1992','Attaccante'),
  ('085000','SV Sandhausen',7,'Cebio','Soukou','2-oct-1992','Attaccante'),
  ('045662','SV Sandhausen',30,'Alexander','Esswein','25-mar-1990','Attaccante'),
  ('342968','SV Sandhausen',8,'Christian','Kinsombi','24-aug-1999','Attaccante'),
  ('452084','SV Sandhausen',23,'Ahmed','Kutucu','1-mar-2000','Attaccante'),
  ('053521','SV Sandhausen',37,'Pascal','Testroet','26-sep-1990','Attaccante'),
  ('748070','SV Sandhausen',29,'Alou','Kuol','5-jul-2001','Attaccante'),
  ('115989','FC Ingolstadt 04',39,'Dejan','Stojanovic','19-jul-1993','Portiere'),
  ('248349','FC Ingolstadt 04',24,'Fabijan','Buntic','24-feb-1997','Portiere'),
  ('242070','FC Ingolstadt 04',1,'Robert','Jendrusch','28-may-1996','Portiere'),
  ('601917','FC Ingolstadt 04',40,'Markus','Ponath','13-jan-2001','Portiere'),
  ('207623','FC Ingolstadt 04',16,'Visar','Musliu','13-nov-1994','Difensore'),
  ('425733','FC Ingolstadt 04',15,'Nikola','Stevanovic','13-sep-1998','Difensore'),
  ('047740','FC Ingolstadt 04',13,'Nils','Röseler','10-feb-1992','Difensore'),
  ('485747','FC Ingolstadt 04',27,'Thomas','Keller','5-aug-1999','Difensore'),
  ('130437','FC Ingolstadt 04',21,'Tobias','Schröck','31-dec-1992','Difensore'),
  ('082526','FC Ingolstadt 04',5,'Nico','Antonitsch','30-sep-1991','Difensore'),
  ('090330','FC Ingolstadt 04',25,'Jonatan','Kotzke','18-mar-1990','Difensore'),
  ('485555','FC Ingolstadt 04',36,'Silman','El Baset','1-jan-2001','Difensore'),
  ('345746','FC Ingolstadt 04',2,'Andreas','Poulsen','13-oct-1999','Difensore'),
  ('288348','FC Ingolstadt 04',3,'Dominik','Franke','5-oct-1998','Difensore'),
  ('093535','FC Ingolstadt 04',17,'Michael','Heinloth','9-feb-1992','Difensore'),
  ('602821','FC Ingolstadt 04',38,'Maximilian','Neuberger','23-mar-2000','Difensore'),
  ('451340','FC Ingolstadt 04',18,'Nunoo','Sarpei','22-aug-1998','Centrocampista'),
  ('084653','FC Ingolstadt 04',23,'Denis','Linsmayer','19-sep-1991','Centrocampista'),
  ('391379','FC Ingolstadt 04',28,'Yassin','Ben Balla','24-feb-1996','Centrocampista'),
  ('608832','FC Ingolstadt 04',34,'Merlin','Röhl','5-jul-2002','Centrocampista'),
  ('056969','FC Ingolstadt 04',19,'Marcel','Gaus','2-aug-1989','Centrocampista'),
  ('206411','FC Ingolstadt 04',6,'Rico','Preißinger','21-jul-1996','Centrocampista'),
  ('191359','FC Ingolstadt 04',26,'Florian','Pick','8-sep-1995','Attaccante'),
  ('602796','FC Ingolstadt 04',35,'Filip','Bilbija','24-apr-2000','Attaccante'),
  ('330795','FC Ingolstadt 04',14,'Caniggia','Elva','14-jul-1996','Attaccante'),
  ('275423','FC Ingolstadt 04',22,'Christian','Gebauer','20-dec-1993','Attaccante'),
  ('249303','FC Ingolstadt 04',7,'Dennis','Eckert Ayensa','9-jan-1997','Attaccante'),
  ('124416','FC Ingolstadt 04',32,'Patrick','Schmidt','10-sep-1993','Attaccante'),
  ('193050','FC Ingolstadt 04',33,'Valmir','Sulejmani','1-feb-1996','Attaccante'),
  ('368825','FC Ingolstadt 04',9,'Fatih','Kaya','13-nov-1999','Attaccante'),
  ('051069','FC Ingolstadt 04',30,'Stefan','Kutschke','3-nov-1988','Attaccante'),
  ('698336','FC Ingolstadt 04',29,'Arian','Llugiqi','24-oct-2002','Attaccante'),
  ('039096','FC Erzgebirge Aue',1,'Martin','Männel','16-mar-1988','Portiere'),
  ('094120','FC Erzgebirge Aue',25,'Philipp','Klewin','30-sep-1993','Portiere'),
  ('363514','FC Erzgebirge Aue',34,'Tim','Kips','1-nov-2000','Portiere'),
  ('110885','FC Erzgebirge Aue',6,'Florian','Ballas','8-jan-1993','Difensore'),
  ('020879','FC Erzgebirge Aue',26,'Sören','Gonther','15-dec-1986','Difensore'),
  ('123558','FC Erzgebirge Aue',21,'Malcolm','Cacutalua','15-nov-1994','Difensore'),
  ('472234','FC Erzgebirge Aue',4,'Jannis','Lang','12-jul-2002','Difensore'),
  ('467739','FC Erzgebirge Aue',40,'Ramzi','Ferjani','11-apr-2001','Difensore'),
  ('341530','FC Erzgebirge Aue',3,'Dirk','Carlson','1-apr-1998','Difensore'),
  ('127177','FC Erzgebirge Aue',2,'Gaëtan','Bussmann','2-feb-1991','Difensore'),
  ('346701','FC Erzgebirge Aue',27,'Sascha','Härtel','9-mar-1999','Difensore'),
  ('237113','FC Erzgebirge Aue',24,'John-Patrick','Strauß','28-jan-1996','Difensore'),
  ('238119','FC Erzgebirge Aue',23,'Anthony','Barylla','1-jun-1997','Difensore'),
  ('705085','FC Erzgebirge Aue',12,'Franco','Schädlich','16-apr-2004','Difensore'),
  ('705083','FC Erzgebirge Aue',15,'Paul','Nowack','18-jun-2003','Centrocampista'),
  ('601503','FC Erzgebirge Aue',20,'Felix','Hache','26-jul-2003','Centrocampista'),
  ('077630','FC Erzgebirge Aue',17,'Philipp','Riese','12-nov-1989','Centrocampista'),
  ('190811','FC Erzgebirge Aue',33,'Ognjen','Gnjatic','16-oct-1991','Centrocampista'),
  ('080007','FC Erzgebirge Aue',5,'Clemens','Fandrich','10-jan-1991','Centrocampista'),
  ('501087','FC Erzgebirge Aue',18,'Soufiane','Messeguem','5-feb-2001','Centrocampista'),
  ('335100','FC Erzgebirge Aue',30,'Sam','Schreck','29-jan-1999','Centrocampista'),
  ('337083','FC Erzgebirge Aue',13,'Erik','Majetschak','1-mar-2000','Centrocampista'),
  ('422052','FC Erzgebirge Aue',8,'Tom','Baumgart','12-nov-1997','Centrocampista'),
  ('055608','FC Erzgebirge Aue',10,'Dmitri','Nazarov','4-apr-1990','Centrocampista'),
  ('034232','FC Erzgebirge Aue',7,'Jan','Hochscheidt','4-oct-1987','Centrocampista'),
  ('522263','FC Erzgebirge Aue',19,'Omar','Sijaric','2-nov-2001','Attaccante'),
  ('094348','FC Erzgebirge Aue',16,'Nikola','Trujic','14-apr-1992','Attaccante'),
  ('336012','FC Erzgebirge Aue',11,'Nicolas','Kühn','1-jan-2000','Attaccante'),
  ('093532','FC Erzgebirge Aue',14,'Jann','George','31-jul-1992','Attaccante'),
  ('093841','FC Erzgebirge Aue',31,'Ben','Zolinski','3-may-1992','Attaccante'),
  ('380263','FC Erzgebirge Aue',9,'Antonio','Jonjic','2-aug-1999','Attaccante'),
  ('207593','FC Erzgebirge Aue',29,'Prince Osei','Owusu','7-jan-1997','Attaccante');

insert into Partite values
  ('L2000000',1,'SV Werder Bremen','Hannover 96',1,1),
  ('L2000001',3,'SV Werder Bremen','SC Paderborn 07',1,4),
  ('L2000002',5,'SV Werder Bremen','FC Hansa Rostock',3,0),
  ('L2000003',7,'SV Werder Bremen','Hamburger SV',0,2),
  ('L2000004',9,'SV Werder Bremen','1.FC Heidenheim 1846',3,0),
  ('L2000005',12,'SV Werder Bremen','FC St. Pauli',1,1),
  ('L2000006',14,'SV Werder Bremen','FC Schalke 04',1,1),
  ('L2000007',16,'SV Werder Bremen','FC Erzgebirge Aue',4,0),
  ('L2000008',19,'SV Werder Bremen','Fortuna Düsseldorf',3,0),
  ('L2000009',1,'SV Darmstadt 98','SSV Jahn Regensburg',0,2),
  ('L2000010',3,'SV Darmstadt 98','FC Ingolstadt 04',6,1),
  ('L2000011',5,'SV Darmstadt 98','Hannover 96',4,0),
  ('L2000012',7,'SV Darmstadt 98','SG Dynamo Dresden',1,0),
  ('L2000013',10,'SV Darmstadt 98','SV Werder Bremen',3,0),
  ('L2000014',12,'SV Darmstadt 98','1.FC Nuremberg',2,0),
  ('L2000015',14,'SV Darmstadt 98','FC St. Pauli',4,0),
  ('L2000016',16,'SV Darmstadt 98','Fortuna Düsseldorf',1,3),
  ('L2000017',19,'SV Darmstadt 98','Karlsruher SC',2,2),
  ('L2000018',1,'FC St. Pauli','Holstein Kiel',3,0),
  ('L2000019',3,'FC St. Pauli','Hamburger SV',3,2),
  ('L2000020',5,'FC St. Pauli','SSV Jahn Regensburg',2,0),
  ('L2000021',7,'FC St. Pauli','FC Ingolstadt 04',4,1),
  ('L2000022',9,'FC St. Pauli','SG Dynamo Dresden',3,0),
  ('L2000023',11,'FC St. Pauli','FC Hansa Rostock',4,0),
  ('L2000024',13,'FC St. Pauli','SV Sandhausen',3,1),
  ('L2000025',16,'FC St. Pauli','FC Schalke 04',2,1),
  ('L2000026',19,'FC St. Pauli','FC Erzgebirge Aue',2,2),
  ('L2000027',1,'1.FC Nuremberg','FC Erzgebirge Aue',0,0),
  ('L2000028',3,'1.FC Nuremberg','Fortuna Düsseldorf',2,0),
  ('L2000029',5,'1.FC Nuremberg','Karlsruher SC',2,1),
  ('L2000030',7,'1.FC Nuremberg','FC Hansa Rostock',1,0),
  ('L2000031',9,'1.FC Nuremberg','Hannover 96',0,0),
  ('L2000032',11,'1.FC Nuremberg','1.FC Heidenheim 1846',4,0),
  ('L2000033',13,'1.FC Nuremberg','SV Werder Bremen',1,2),
  ('L2000034',15,'1.FC Nuremberg','FC St. Pauli',2,3),
  ('L2000035',16,'1.FC Nuremberg','Holstein Kiel',2,1),
  ('L2000036',19,'1.FC Nuremberg','SC Paderborn 07',1,2),
  ('L2000037',2,'Hamburger SV','SG Dynamo Dresden',1,1),
  ('L2000038',4,'Hamburger SV','SV Darmstadt 98',2,2),
  ('L2000039',6,'Hamburger SV','SV Sandhausen',2,1),
  ('L2000040',8,'Hamburger SV','1.FC Nuremberg',2,2),
  ('L2000041',10,'Hamburger SV','Fortuna Düsseldorf',1,1),
  ('L2000042',12,'Hamburger SV','Holstein Kiel',1,1),
  ('L2000043',14,'Hamburger SV','SSV Jahn Regensburg',4,1),
  ('L2000044',15,'Hamburger SV','FC Ingolstadt 04',3,0),
  ('L2000045',17,'Hamburger SV','FC Hansa Rostock',3,0),
  ('L2000046',18,'Hamburger SV','FC Schalke 04',1,1),
  ('L2000047',1,'FC Schalke 04','Hamburger SV',1,3),
  ('L2000048',3,'FC Schalke 04','FC Erzgebirge Aue',1,1),
  ('L2000049',5,'FC Schalke 04','Fortuna Düsseldorf',3,1),
  ('L2000050',7,'FC Schalke 04','Karlsruher SC',1,2),
  ('L2000051',9,'FC Schalke 04','FC Ingolstadt 04',3,0),
  ('L2000052',11,'FC Schalke 04','SG Dynamo Dresden',3,0),
  ('L2000053',13,'FC Schalke 04','SV Darmstadt 98',2,4),
  ('L2000054',15,'FC Schalke 04','SV Sandhausen',5,2),
  ('L2000055',17,'FC Schalke 04','1.FC Nuremberg',4,1),
  ('L2000056',19,'FC Schalke 04','Holstein Kiel',1,1),
  ('L2000057',1,'1.FC Heidenheim 1846','SC Paderborn 07',0,0),
  ('L2000058',3,'1.FC Heidenheim 1846','FC Hansa Rostock',1,1),
  ('L2000059',5,'1.FC Heidenheim 1846','Hamburger SV',0,0),
  ('L2000060',6,'1.FC Heidenheim 1846','SG Dynamo Dresden',2,1),
  ('L2000061',8,'1.FC Heidenheim 1846','SV Darmstadt 98',2,1),
  ('L2000062',10,'1.FC Heidenheim 1846','FC St. Pauli',2,4),
  ('L2000063',12,'1.FC Heidenheim 1846','FC Schalke 04',1,0),
  ('L2000064',14,'1.FC Heidenheim 1846','Holstein Kiel',2,1),
  ('L2000065',16,'1.FC Heidenheim 1846','SSV Jahn Regensburg',3,0),
  ('L2000066',19,'1.FC Heidenheim 1846','FC Ingolstadt 04',2,1),
  ('L2000067',2,'SC Paderborn 07','1.FC Nuremberg',2,2),
  ('L2000068',4,'SC Paderborn 07','FC St. Pauli',3,1),
  ('L2000069',6,'SC Paderborn 07','FC Schalke 04',0,1),
  ('L2000070',8,'SC Paderborn 07','Holstein Kiel',1,2),
  ('L2000071',10,'SC Paderborn 07','SSV Jahn Regensburg',1,1),
  ('L2000072',11,'SC Paderborn 07','Hamburger SV',1,2),
  ('L2000073',13,'SC Paderborn 07','FC Ingolstadt 04',2,1),
  ('L2000074',15,'SC Paderborn 07','FC Hansa Rostock',1,1),
  ('L2000075',17,'SC Paderborn 07','SV Darmstadt 98',0,1),
  ('L2000076',18,'SC Paderborn 07','1.FC Heidenheim 1846',1,2),
  ('L2000077',2,'Karlsruher SC','SV Darmstadt 98',3,0),
  ('L2000078',4,'Karlsruher SC','SV Werder Bremen',0,0),
  ('L2000079',6,'Karlsruher SC','Holstein Kiel',2,2),
  ('L2000080',8,'Karlsruher SC','FC St. Pauli',1,3),
  ('L2000081',10,'Karlsruher SC','FC Erzgebirge Aue',2,1),
  ('L2000082',12,'Karlsruher SC','SC Paderborn 07',2,4),
  ('L2000083',13,'Karlsruher SC','Hamburger SV',1,1),
  ('L2000084',15,'Karlsruher SC','Hannover 96',4,0),
  ('L2000085',17,'Karlsruher SC','1.FC Heidenheim 1846',3,2),
  ('L2000086',18,'Karlsruher SC','FC Hansa Rostock',2,2),
  ('L2000087',2,'SSV Jahn Regensburg','SV Sandhausen',3,0),
  ('L2000088',4,'SSV Jahn Regensburg','FC Schalke 04',4,1),
  ('L2000089',6,'SSV Jahn Regensburg','1.FC Nuremberg',2,2),
  ('L2000090',8,'SSV Jahn Regensburg','FC Erzgebirge Aue',3,2),
  ('L2000091',9,'SSV Jahn Regensburg','Karlsruher SC',2,2),
  ('L2000092',11,'SSV Jahn Regensburg','Hannover 96',3,1),
  ('L2000093',13,'SSV Jahn Regensburg','FC Hansa Rostock',2,3),
  ('L2000094',15,'SSV Jahn Regensburg','SG Dynamo Dresden',3,1),
  ('L2000095',17,'SSV Jahn Regensburg','SV Werder Bremen',2,3),
  ('L2000096',18,'SSV Jahn Regensburg','SV Darmstadt 98',0,2),
  ('L2000097',2,'Holstein Kiel','FC Schalke 04',0,3),
  ('L2000098',3,'Holstein Kiel','SSV Jahn Regensburg',0,3),
  ('L2000099',5,'Holstein Kiel','FC Erzgebirge Aue',3,0),
  ('L2000100',7,'Holstein Kiel','Hannover 96',0,3),
  ('L2000101',9,'Holstein Kiel','FC Hansa Rostock',0,2),
  ('L2000102',11,'Holstein Kiel','SV Darmstadt 98',1,1),
  ('L2000103',13,'Holstein Kiel','SG Dynamo Dresden',2,1),
  ('L2000104',15,'Holstein Kiel','SV Werder Bremen',2,1),
  ('L2000105',17,'Holstein Kiel','SV Sandhausen',2,2),
  ('L2000106',18,'Holstein Kiel','FC St. Pauli',3,0),
  ('L2000107',2,'Hannover 96','FC Hansa Rostock',0,3),
  ('L2000108',4,'Hannover 96','1.FC Heidenheim 1846',1,0),
  ('L2000109',6,'Hannover 96','FC St. Pauli',1,0),
  ('L2000110',8,'Hannover 96','SV Sandhausen',1,2),
  ('L2000111',10,'Hannover 96','FC Schalke 04',0,1),
  ('L2000112',12,'Hannover 96','FC Erzgebirge Aue',1,1),
  ('L2000113',14,'Hannover 96','SC Paderborn 07',0,0),
  ('L2000114',16,'Hannover 96','Hamburger SV',1,0),
  ('L2000115',18,'Hannover 96','SV Werder Bremen',1,4),
  ('L2000116',2,'Fortuna Düsseldorf','SV Werder Bremen',2,3),
  ('L2000117',4,'Fortuna Düsseldorf','Holstein Kiel',2,2),
  ('L2000118',7,'Fortuna Düsseldorf','SSV Jahn Regensburg',1,1),
  ('L2000119',9,'Fortuna Düsseldorf','SC Paderborn 07',2,3),
  ('L2000120',11,'Fortuna Düsseldorf','Karlsruher SC',3,1),
  ('L2000121',13,'Fortuna Düsseldorf','Hannover 96',1,1),
  ('L2000122',15,'Fortuna Düsseldorf','1.FC Heidenheim 1846',0,1),
  ('L2000123',17,'Fortuna Düsseldorf','FC St. Pauli',1,1),
  ('L2000124',18,'Fortuna Düsseldorf','SV Sandhausen',0,1),
  ('L2000125',1,'SV Sandhausen','Fortuna Düsseldorf',0,2),
  ('L2000126',3,'SV Sandhausen','Karlsruher SC',0,0),
  ('L2000127',5,'SV Sandhausen','FC Ingolstadt 04',0,2),
  ('L2000128',7,'SV Sandhausen','1.FC Heidenheim 1846',1,3),
  ('L2000129',9,'SV Sandhausen','SV Darmstadt 98',1,6),
  ('L2000130',11,'SV Sandhausen','SV Werder Bremen',2,2),
  ('L2000131',14,'SV Sandhausen','1.FC Nuremberg',1,2),
  ('L2000132',16,'SV Sandhausen','SC Paderborn 07',1,1),
  ('L2000133',19,'SV Sandhausen','SSV Jahn Regensburg',0,3),
  ('L2000134',1,'FC Hansa Rostock','Karlsruher SC',1,3),
  ('L2000135',4,'FC Hansa Rostock','SG Dynamo Dresden',1,3),
  ('L2000136',6,'FC Hansa Rostock','SV Darmstadt 98',2,1),
  ('L2000137',8,'FC Hansa Rostock','FC Schalke 04',0,2),
  ('L2000138',10,'FC Hansa Rostock','SV Sandhausen',1,1),
  ('L2000139',12,'FC Hansa Rostock','Fortuna Düsseldorf',2,1),
  ('L2000140',14,'FC Hansa Rostock','FC Erzgebirge Aue',1,2),
  ('L2000141',16,'FC Hansa Rostock','FC Ingolstadt 04',1,1),
  ('L2000142',19,'FC Hansa Rostock','Hannover 96',0,1),
  ('L2000143',1,'SG Dynamo Dresden','FC Ingolstadt 04',3,0),
  ('L2000144',3,'SG Dynamo Dresden','Hannover 96',2,0),
  ('L2000145',5,'SG Dynamo Dresden','SC Paderborn 07',0,3),
  ('L2000146',8,'SG Dynamo Dresden','SV Werder Bremen',3,0),
  ('L2000147',10,'SG Dynamo Dresden','1.FC Nuremberg',0,1),
  ('L2000148',12,'SG Dynamo Dresden','SV Sandhausen',0,1),
  ('L2000149',14,'SG Dynamo Dresden','Fortuna Düsseldorf',1,0),
  ('L2000150',16,'SG Dynamo Dresden','Karlsruher SC',3,1),
  ('L2000151',19,'SG Dynamo Dresden','Hamburger SV',1,1),
  ('L2000152',2,'FC Erzgebirge Aue','FC St. Pauli',0,0),
  ('L2000153',4,'FC Erzgebirge Aue','SV Sandhausen',1,3),
  ('L2000154',6,'FC Erzgebirge Aue','Fortuna Düsseldorf',0,1),
  ('L2000155',7,'FC Erzgebirge Aue','SC Paderborn 07',1,4),
  ('L2000156',9,'FC Erzgebirge Aue','Hamburger SV',1,1),
  ('L2000157',11,'FC Erzgebirge Aue','FC Ingolstadt 04',1,0),
  ('L2000158',13,'FC Erzgebirge Aue','1.FC Heidenheim 1846',2,0),
  ('L2000159',15,'FC Erzgebirge Aue','SV Darmstadt 98',1,2),
  ('L2000160',17,'FC Erzgebirge Aue','SG Dynamo Dresden',0,1),
  ('L2000161',18,'FC Erzgebirge Aue','1.FC Nuremberg',1,3),
  ('L2000162',2,'FC Ingolstadt 04','1.FC Heidenheim 1846',1,2),
  ('L2000163',4,'FC Ingolstadt 04','1.FC Nuremberg',0,0),
  ('L2000164',6,'FC Ingolstadt 04','SV Werder Bremen',0,3),
  ('L2000165',8,'FC Ingolstadt 04','Fortuna Düsseldorf',1,2),
  ('L2000166',10,'FC Ingolstadt 04','Holstein Kiel',1,1),
  ('L2000167',12,'FC Ingolstadt 04','SSV Jahn Regensburg',0,3),
  ('L2000168',14,'FC Ingolstadt 04','Karlsruher SC',1,1),
  ('L2000169',17,'FC Ingolstadt 04','Hannover 96',1,2),
  ('L2000170',18,'FC Ingolstadt 04','SG Dynamo Dresden',3,0);

insert into Gol values
  ('L2000000',55,'125103',false),
  ('L2000001',9,'195782',false),
  ('L2000001',17,'195782',false),
  ('L2000001',52,'275249',false),
  ('L2000001',55,'332392',false),
  ('L2000002',39,'125103',false),
  ('L2000002',53,'125103',false),
  ('L2000002',94,'185427',false),
  ('L2000003',2,'196139',false),
  ('L2000003',46,'193025',false),
  ('L2000004',50,'156990',false),
  ('L2000004',52,'125103',false),
  ('L2000004',64,'094030',true),
  ('L2000005',62,'125103',false),
  ('L2000005',67,'334999',false),
  ('L2000006',82,'036284',false),
  ('L2000006',99,'075489',false),
  ('L2000007',7,'346853',false),
  ('L2000007',19,'202228',false),
  ('L2000007',53,'125103',false),
  ('L2000007',57,'075489',false),
  ('L2000008',66,'075489',false),
  ('L2000008',80,'125103',false),
  ('L2000008',87,'075489',false),
  ('L2000009',21,'350357',false),
  ('L2000009',61,'227084',false),
  ('L2000010',29,'288340',false),
  ('L2000010',39,'232463',false),
  ('L2000010',47,'094148',false),
  ('L2000010',49,'288340',false),
  ('L2000010',50,'051069',false),
  ('L2000010',66,'232463',false),
  ('L2000010',94,'231590',false),
  ('L2000011',21,'232463',false),
  ('L2000011',46,'288340',false),
  ('L2000011',70,'094148',false),
  ('L2000011',87,'138584',true),
  ('L2000012',15,'042072',false),
  ('L2000013',45,'054846',false),
  ('L2000013',65,'232463',false),
  ('L2000013',71,'232463',false),
  ('L2000014',11,'232463',false),
  ('L2000014',59,'057842',true),
  ('L2000015',6,'288340',false),
  ('L2000015',29,'231590',false),
  ('L2000015',39,'232463',false),
  ('L2000015',41,'232463',false),
  ('L2000016',16,'016311',false),
  ('L2000016',41,'016311',false),
  ('L2000016',76,'153664',false),
  ('L2000016',85,'288340',false),
  ('L2000017',22,'057598',true),
  ('L2000017',48,'057598',false),
  ('L2000017',51,'054846',false),
  ('L2000017',71,'229176',false),
  ('L2000018',11,'107219',false),
  ('L2000018',61,'272587',false),
  ('L2000018',91,'049239',false),
  ('L2000019',27,'334999',false),
  ('L2000019',43,'078950',false),
  ('L2000019',56,'087162',false),
  ('L2000019',58,'087162',false),
  ('L2000019',77,'196139',false),
  ('L2000020',74,'049239',false),
  ('L2000020',89,'049239',false),
  ('L2000021',34,'139278',false),
  ('L2000021',50,'148197',false),
  ('L2000021',60,'049239',false),
  ('L2000021',72,'608832',false),
  ('L2000021',73,'072094',false),
  ('L2000022',2,'072094',false),
  ('L2000022',73,'049239',false),
  ('L2000022',93,'594655',false),
  ('L2000023',12,'192557',false),
  ('L2000023',18,'272587',false),
  ('L2000023',61,'049239',false),
  ('L2000023',78,'087162',false),
  ('L2000024',2,'049239',false),
  ('L2000024',14,'272587',false),
  ('L2000024',67,'077920',false),
  ('L2000024',79,'272587',false),
  ('L2000025',20,'049239',false),
  ('L2000025',39,'049239',false),
  ('L2000025',75,'606752',false),
  ('L2000026',17,'093841',false),
  ('L2000026',30,'488755',false),
  ('L2000026',72,'094348',false),
  ('L2000026',93,'271103',false),
  ('L2000028',58,'057842',false),
  ('L2000028',98,'040605',false),
  ('L2000029',50,'378883',false),
  ('L2000029',74,'570553',false),
  ('L2000029',82,'411134',false),
  ('L2000030',59,'570553',false),
  ('L2000032',45,'190831',false),
  ('L2000032',52,'570553',false),
  ('L2000032',66,'089650',false),
  ('L2000032',89,'405568',true),
  ('L2000033',19,'120189',false),
  ('L2000033',80,'075489',false),
  ('L2000033',88,'093844',false),
  ('L2000034',3,'049239',false),
  ('L2000034',10,'107219',false),
  ('L2000034',21,'089650',false),
  ('L2000034',64,'236966',false),
  ('L2000034',72,'048547',false),
  ('L2000035',6,'048547',false),
  ('L2000035',63,'570553',false),
  ('L2000035',88,'077809',false),
  ('L2000036',44,'195782',false),
  ('L2000036',60,'190831',false),
  ('L2000037',5,'490884',false),
  ('L2000037',68,'185520',false),
  ('L2000038',14,'288340',false),
  ('L2000038',30,'213751',false),
  ('L2000038',46,'193025',false),
  ('L2000038',49,'288340',false),
  ('L2000039',74,'196834',false),
  ('L2000039',88,'327862',false),
  ('L2000039',96,'193025',false),
  ('L2000040',22,'040605',false),
  ('L2000040',34,'196139',false),
  ('L2000040',46,'378883',false),
  ('L2000040',80,'196139',false),
  ('L2000041',19,'196139',false),
  ('L2000041',71,'454576',false),
  ('L2000042',12,'078950',false),
  ('L2000042',46,'331362',false),
  ('L2000043',31,'490884',false),
  ('L2000043',33,'342967',false),
  ('L2000043',45,'456492',false),
  ('L2000043',65,'078950',false),
  ('L2000043',87,'433894',false),
  ('L2000044',12,'456492',false),
  ('L2000044',40,'415194',false),
  ('L2000044',89,'296429',false),
  ('L2000045',7,'196139',false),
  ('L2000045',18,'490884',false),
  ('L2000045',80,'196139',false),
  ('L2000046',2,'196139',false),
  ('L2000046',87,'355816',false),
  ('L2000047',7,'036284',false),
  ('L2000047',53,'196139',false),
  ('L2000047',86,'193025',false),
  ('L2000047',90,'415194',false),
  ('L2000048',32,'053400',false),
  ('L2000048',86,'346701',false),
  ('L2000049',12,'452121',false),
  ('L2000049',15,'116088',false),
  ('L2000049',46,'036284',false),
  ('L2000049',90,'036284',false),
  ('L2000050',1,'290171',false),
  ('L2000050',15,'036284',false),
  ('L2000050',88,'119581',false),
  ('L2000051',25,'116088',false),
  ('L2000051',65,'472242',false),
  ('L2000051',77,'036284',false),
  ('L2000052',20,'241477',false),
  ('L2000052',78,'116088',false),
  ('L2000052',94,'129358',false),
  ('L2000053',8,'232463',true),
  ('L2000053',11,'288340',false),
  ('L2000053',23,'283497',false),
  ('L2000053',63,'288340',false),
  ('L2000053',88,'471055',false),
  ('L2000053',89,'388058',false),
  ('L2000054',47,'084162',false),
  ('L2000054',58,'241477',false),
  ('L2000054',64,'116088',false),
  ('L2000054',71,'259849',true),
  ('L2000054',74,'053521',false),
  ('L2000054',76,'116088',false),
  ('L2000054',82,'606752',false),
  ('L2000055',20,'241477',false),
  ('L2000055',49,'349433',false),
  ('L2000055',66,'048547',true),
  ('L2000055',85,'386786',false),
  ('L2000055',94,'355816',false),
  ('L2000056',67,'085298',false),
  ('L2000056',73,'036284',false),
  ('L2000058',68,'193033',false),
  ('L2000058',82,'051497',false),
  ('L2000060',5,'153661',false),
  ('L2000060',51,'055125',false),
  ('L2000060',90,'119120',false),
  ('L2000061',40,'153661',false),
  ('L2000061',52,'288340',false),
  ('L2000061',84,'394033',false),
  ('L2000062',4,'153661',false),
  ('L2000062',54,'049239',false),
  ('L2000062',56,'148197',false),
  ('L2000062',59,'049239',false),
  ('L2000062',81,'148197',false),
  ('L2000062',85,'193033',false),
  ('L2000063',89,'109436',false),
  ('L2000064',1,'184204',false),
  ('L2000064',30,'036207',false),
  ('L2000064',85,'119120',false),
  ('L2000065',23,'184204',false),
  ('L2000065',77,'119120',false),
  ('L2000065',91,'581357',false),
  ('L2000066',30,'119120',false),
  ('L2000066',47,'275423',false),
  ('L2000066',51,'153661',false),
  ('L2000067',19,'369888',false),
  ('L2000067',54,'160954',true),
  ('L2000067',58,'048547',false),
  ('L2000068',28,'049239',false),
  ('L2000068',44,'236966',true),
  ('L2000068',65,'223572',false),
  ('L2000069',63,'036284',false),
  ('L2000070',51,'241307',false),
  ('L2000070',78,'196815',false),
  ('L2000071',2,'414318',false),
  ('L2000071',71,'223572',false),
  ('L2000072',5,'193025',false),
  ('L2000072',38,'195782',false),
  ('L2000073',65,'195782',false),
  ('L2000073',70,'368825',false),
  ('L2000074',27,'284188',false),
  ('L2000075',81,'391742',false),
  ('L2000076',63,'133731',false),
  ('L2000076',65,'239972',false),
  ('L2000076',81,'193033',false),
  ('L2000077',9,'119037',false),
  ('L2000077',76,'290171',false),
  ('L2000077',79,'119037',false),
  ('L2000079',39,'290171',false),
  ('L2000079',78,'196815',false),
  ('L2000079',80,'036207',false),
  ('L2000079',88,'119037',false),
  ('L2000080',13,'196382',true),
  ('L2000080',45,'049239',false),
  ('L2000080',58,'272587',false),
  ('L2000080',79,'229176',false),
  ('L2000081',46,'229176',false),
  ('L2000081',67,'119037',false),
  ('L2000081',83,'238119',false),
  ('L2000082',20,'324861',false),
  ('L2000082',68,'229176',false),
  ('L2000082',69,'119037',false),
  ('L2000083',14,'078950',false),
  ('L2000083',18,'119037',false),
  ('L2000084',17,'290171',false),
  ('L2000084',27,'017733',false),
  ('L2000084',29,'119581',false),
  ('L2000084',83,'119037',false),
  ('L2000085',6,'193033',false),
  ('L2000085',8,'411134',false),
  ('L2000085',39,'411134',false),
  ('L2000085',56,'119581',false),
  ('L2000085',73,'193033',false),
  ('L2000086',7,'094637',false),
  ('L2000086',13,'017733',false),
  ('L2000086',26,'119037',false),
  ('L2000086',82,'094637',false),
  ('L2000087',34,'329373',false),
  ('L2000087',70,'418300',false),
  ('L2000087',82,'457940',false),
  ('L2000088',9,'342967',false),
  ('L2000088',55,'082735',false),
  ('L2000088',73,'362184',false),
  ('L2000088',81,'036284',false),
  ('L2000088',86,'350357',false),
  ('L2000089',19,'378883',false),
  ('L2000089',38,'207578',false),
  ('L2000089',53,'260657',false),
  ('L2000089',79,'120189',false),
  ('L2000090',7,'342967',false),
  ('L2000090',11,'207578',false),
  ('L2000090',52,'336012',false),
  ('L2000090',87,'127177',false),
  ('L2000090',90,'088647',false),
  ('L2000091',14,'119581',false),
  ('L2000091',51,'156715',false),
  ('L2000091',56,'088647',false),
  ('L2000091',58,'227084',false),
  ('L2000092',17,'350357',false),
  ('L2000092',22,'329373',false),
  ('L2000092',54,'124517',false),
  ('L2000092',92,'457940',false),
  ('L2000093',34,'350357',false),
  ('L2000093',43,'075295',false),
  ('L2000093',49,'057091',false),
  ('L2000093',52,'075295',false),
  ('L2000093',90,'414318',false),
  ('L2000094',34,'093552',false),
  ('L2000094',47,'324851',false),
  ('L2000094',80,'561647',false),
  ('L2000094',82,'414318',false),
  ('L2000095',5,'082735',false),
  ('L2000095',39,'093844',false),
  ('L2000095',59,'156990',false),
  ('L2000095',89,'125103',false),
  ('L2000095',92,'350357',false),
  ('L2000096',70,'286596',false),
  ('L2000096',93,'042072',false),
  ('L2000097',2,'036284',false),
  ('L2000097',21,'036284',false),
  ('L2000097',68,'116088',false),
  ('L2000098',20,'207578',false),
  ('L2000098',40,'227084',false),
  ('L2000098',58,'077809',true),
  ('L2000099',29,'241307',false),
  ('L2000099',37,'343337',false),
  ('L2000099',81,'196815',false),
  ('L2000100',18,'108198',false),
  ('L2000100',25,'124517',false),
  ('L2000100',34,'335103',false),
  ('L2000101',32,'075295',false),
  ('L2000101',35,'075295',false),
  ('L2000102',37,'085298',false),
  ('L2000102',41,'232463',false),
  ('L2000103',32,'250945',false),
  ('L2000103',65,'331362',false),
  ('L2000103',66,'227102',false),
  ('L2000104',45,'196815',false),
  ('L2000104',57,'075489',false),
  ('L2000104',65,'331362',false),
  ('L2000105',19,'331362',false),
  ('L2000105',26,'085000',false),
  ('L2000105',72,'259849',false),
  ('L2000105',83,'093827',false),
  ('L2000106',8,'036207',false),
  ('L2000106',29,'241307',false),
  ('L2000106',46,'331362',false),
  ('L2000107',40,'057091',false),
  ('L2000107',46,'075295',false),
  ('L2000107',93,'075665',false),
  ('L2000108',88,'330223',false),
  ('L2000109',39,'124517',false),
  ('L2000110',73,'077920',false),
  ('L2000110',82,'052200',false),
  ('L2000111',95,'129358',false),
  ('L2000112',4,'124517',false),
  ('L2000112',46,'055608',false),
  ('L2000114',13,'335103',false),
  ('L2000115',22,'346853',false),
  ('L2000115',34,'124517',false),
  ('L2000115',51,'125103',false),
  ('L2000115',72,'058995',false),
  ('L2000115',84,'156990',false),
  ('L2000116',47,'016311',false),
  ('L2000116',94,'153664',false),
  ('L2000117',5,'085298',false),
  ('L2000117',40,'153664',false),
  ('L2000117',65,'093827',false),
  ('L2000117',87,'186704',false),
  ('L2000118',18,'207578',false),
  ('L2000118',33,'454576',false),
  ('L2000119',34,'016311',false),
  ('L2000119',58,'016311',false),
  ('L2000119',83,'195782',false),
  ('L2000120',10,'112617',true),
  ('L2000120',22,'119581',false),
  ('L2000120',51,'346849',false),
  ('L2000120',62,'153664',false),
  ('L2000121',5,'346849',false),
  ('L2000121',92,'337036',false),
  ('L2000122',92,'119120',false),
  ('L2000123',47,'189073',false),
  ('L2000123',68,'016311',false),
  ('L2000124',7,'053521',false),
  ('L2000125',56,'016311',false),
  ('L2000125',62,'016311',false),
  ('L2000127',38,'602796',false),
  ('L2000127',87,'368825',false),
  ('L2000128',15,'109436',false),
  ('L2000128',36,'193033',false),
  ('L2000128',53,'053521',false),
  ('L2000128',86,'133731',false),
  ('L2000129',2,'288340',false),
  ('L2000129',19,'045662',false),
  ('L2000129',35,'232463',false),
  ('L2000129',47,'388058',false),
  ('L2000129',57,'232463',false),
  ('L2000129',59,'288340',false),
  ('L2000129',73,'286596',false),
  ('L2000130',12,'185427',false),
  ('L2000130',29,'053521',false),
  ('L2000130',84,'053521',false),
  ('L2000130',92,'075489',false),
  ('L2000131',66,'077920',false),
  ('L2000131',83,'349433',false),
  ('L2000131',93,'570553',false),
  ('L2000132',5,'160247',false),
  ('L2000132',93,'189142',false),
  ('L2000133',11,'082735',false),
  ('L2000133',33,'201135',false),
  ('L2000133',52,'329373',false),
  ('L2000134',42,'307509',false),
  ('L2000134',44,'119037',false),
  ('L2000134',52,'075295',false),
  ('L2000134',78,'049730',false),
  ('L2000135',1,'250945',false),
  ('L2000135',43,'161060',false),
  ('L2000135',63,'083700',false),
  ('L2000135',70,'317735',false),
  ('L2000136',19,'075295',false),
  ('L2000136',66,'042072',false),
  ('L2000136',86,'153628',false),
  ('L2000137',42,'036284',false),
  ('L2000137',49,'036284',false),
  ('L2000138',30,'244997',false),
  ('L2000138',54,'075295',false),
  ('L2000139',20,'057091',false),
  ('L2000139',57,'153664',false),
  ('L2000139',73,'094964',false),
  ('L2000140',19,'336012',false),
  ('L2000140',37,'075295',false),
  ('L2000140',66,'380263',false),
  ('L2000141',41,'485747',false),
  ('L2000141',49,'075295',false),
  ('L2000142',58,'335103',false),
  ('L2000143',41,'324851',false),
  ('L2000143',56,'324851',false),
  ('L2000143',67,'250945',false),
  ('L2000144',47,'324851',false),
  ('L2000144',82,'152457',false),
  ('L2000145',24,'223572',false),
  ('L2000145',26,'223572',false),
  ('L2000146',40,'324851',false),
  ('L2000146',66,'324851',false),
  ('L2000146',75,'171352',false),
  ('L2000147',21,'405687',false),
  ('L2000148',50,'053521',false),
  ('L2000149',43,'324851',false),
  ('L2000150',47,'470038',false),
  ('L2000150',53,'229176',false),
  ('L2000150',55,'470038',false),
  ('L2000150',69,'324851',false),
  ('L2000151',37,'196139',false),
  ('L2000151',61,'324851',false),
  ('L2000153',52,'045662',false),
  ('L2000153',82,'327862',false),
  ('L2000153',88,'085000',false),
  ('L2000154',29,'016311',false),
  ('L2000155',4,'045760',false),
  ('L2000155',38,'195782',false),
  ('L2000155',48,'045760',false),
  ('L2000156',23,'380263',false),
  ('L2000156',94,'341530',true),
  ('L2000157',62,'522263',false),
  ('L2000158',34,'380263',false),
  ('L2000158',45,'380263',false),
  ('L2000159',62,'232463',false),
  ('L2000159',75,'187499',false),
  ('L2000159',85,'380263',false),
  ('L2000160',61,'470038',false),
  ('L2000161',2,'120189',false),
  ('L2000161',8,'034232',false),
  ('L2000161',22,'120189',false),
  ('L2000161',81,'120189',false),
  ('L2000162',59,'602796',false),
  ('L2000162',73,'124416',false),
  ('L2000162',75,'193033',false),
  ('L2000164',24,'082526',true),
  ('L2000164',42,'119211',false),
  ('L2000164',49,'125103',false),
  ('L2000165',57,'085164',false),
  ('L2000165',74,'086848',false),
  ('L2000165',93,'368825',false),
  ('L2000166',13,'331362',false),
  ('L2000166',46,'051069',false),
  ('L2000167',9,'362184',false),
  ('L2000167',63,'207578',false),
  ('L2000167',73,'561647',false),
  ('L2000168',27,'307509',true),
  ('L2000169',9,'578392',false),
  ('L2000169',29,'056969',false),
  ('L2000169',37,'335103',false),
  ('L2000170',1,'082526',false),
  ('L2000170',17,'447783',true),
  ('L2000170',85,'602796',false);
