/* File created by scraping https://www.transfermarkt.com using Antonio Cardin's program */

insert into Squadre values
  ('Fortuna Düsseldorf','Düsseldorf','Rösler'),
  ('Hamburger SV','Hamburg','Thioune'),
  ('VfL Bochum','Bochum','Reis'),
  ('SpVgg Greuther Fürth','Fürth','Leitl'),
  ('1.FC Nuremberg','Nürnberg','Klauß'),
  ('Hannover 96','Hannover','Kocak'),
  ('FC St. Pauli','Hamburg','Schultz'),
  ('SC Paderborn 07','Paderborn','Baumgart'),
  ('Holstein Kiel','Kiel','Werner'),
  ('1.FC Heidenheim 1846','Heidenheim','Schmidt'),
  ('SV Darmstadt 98','Darmstadt','Anfang'),
  ('Karlsruher SC','Karlsruhe','Eichner'),
  ('SV Sandhausen','Sandhausen','Koschinat'),
  ('FC Erzgebirge Aue','Aue','Schuster'),
  ('VfL Osnabrück','Osnabrück','Grote'),
  ('SSV Jahn Regensburg','Regensburg','Selimbegovic'),
  ('Würzburger Kickers','Würzburg','Santelli'),
  ('Eintracht Braunschweig','Braunschweig','Meyer');

insert into Giocatori values
  ('255294','Fortuna Düsseldorf',33,'Florian','Kastenmeier','28-jun-1997','Portiere'),
  ('039306','Fortuna Düsseldorf',1,'Raphael','Wolf','6-jun-1988','Portiere'),
  ('260677','Fortuna Düsseldorf',30,'Anton','Mitryushkin','8-feb-1996','Portiere'),
  ('549490','Fortuna Düsseldorf',21,'Dennis','Gorka','3-apr-2002','Portiere'),
  ('263236','Fortuna Düsseldorf',4,'Kevin','Danso','19-sep-1998','Difensore'),
  ('085164','Fortuna Düsseldorf',3,'Andre','Hoffmann','28-feb-1993','Difensore'),
  ('138584','Fortuna Düsseldorf',32,'Luka','Krajnc','19-sep-1994','Difensore'),
  ('346849','Fortuna Düsseldorf',5,'Christoph','Klarer','14-jun-2000','Difensore'),
  ('604113','Fortuna Düsseldorf',43,'Jamil','Siebert','2-apr-2002','Difensore'),
  ('453854','Fortuna Düsseldorf',36,'Nikell','Touglo','20-nov-2001','Difensore'),
  ('280581','Fortuna Düsseldorf',null,'Boris','Tomiak','11-sep-1998','Difensore'),
  ('356471','Fortuna Düsseldorf',null,'Michel','Stöcker','14-apr-1999','Difensore'),
  ('187530','Fortuna Düsseldorf',22,'Leonardo','Koutris','23-jul-1995','Difensore'),
  ('093571','Fortuna Düsseldorf',7,'Florian','Hartherz','29-may-1993','Difensore'),
  ('086848','Fortuna Düsseldorf',25,'Matthias','Zimmermann','16-jun-1992','Difensore'),
  ('119044','Fortuna Düsseldorf',31,'Marcel','Sobottka','25-apr-1994','Centrocampista'),
  ('020778','Fortuna Düsseldorf',13,'Adam','Bodzek','7-sep-1985','Centrocampista'),
  ('269171','Fortuna Düsseldorf',29,'Gökhan','Gül','17-jul-1998','Centrocampista'),
  ('058500','Fortuna Düsseldorf',null,'Alfredo','Morales','12-may-1990','Centrocampista'),
  ('377243','Fortuna Düsseldorf',8,'Jakub','Piotrowski','4-oct-1997','Centrocampista'),
  ('060028','Fortuna Düsseldorf',6,'Edgar','Prib','15-dec-1989','Centrocampista'),
  ('011268','Fortuna Düsseldorf',null,'Oliver','Fink','6-jun-1982','Centrocampista'),
  ('595301','Fortuna Düsseldorf',null,'Tim','Köther','22-feb-2001','Centrocampista'),
  ('118196','Fortuna Düsseldorf',null,'Jean','Zimmer','6-dec-1993','Centrocampista'),
  ('452121','Fortuna Düsseldorf',23,'Shinta','Appelkamp','1-nov-2000','Centrocampista'),
  ('687035','Fortuna Düsseldorf',14,'Kelvin','Ofori','27-jul-2001','Centrocampista'),
  ('186704','Fortuna Düsseldorf',12,'Kristoffer','Peterson','28-nov-1994','Attaccante'),
  ('429086','Fortuna Düsseldorf',null,'Nana','Ampomah','2-jan-1996','Attaccante'),
  ('314245','Fortuna Düsseldorf',19,'Emmanuel','Iyoha','11-oct-1997','Attaccante'),
  ('089591','Fortuna Düsseldorf',11,'Felix','Klaus','13-sep-1992','Attaccante'),
  ('293592','Fortuna Düsseldorf',20,'Brandon','Borrello','25-jul-1995','Attaccante'),
  ('131561','Fortuna Düsseldorf',18,'Thomas','Pledl','23-may-1994','Attaccante'),
  ('208167','Fortuna Düsseldorf',9,'Dawid','Kownacki','14-mar-1997','Attaccante'),
  ('119557','Fortuna Düsseldorf',11,'Kenan','Karaman','5-mar-1994','Attaccante'),
  ('016311','Fortuna Düsseldorf',28,'Rouwen','Hennings','28-aug-1987','Attaccante'),
  ('378874','Fortuna Düsseldorf',null,'Lex-Tyger','Lobinger','22-feb-1999','Attaccante'),
  ('040680','Hamburger SV',26,'Sven','Ulreich','3-aug-1988','Portiere'),
  ('084993','Hamburger SV',1,'Daniel','Heuer Fernandes','13-nov-1992','Portiere'),
  ('044607','Hamburger SV',12,'Tom','Mickel','19-apr-1989','Portiere'),
  ('489343','Hamburger SV',null,'Leo','Oppermann','28-aug-2001','Portiere'),
  ('354340','Hamburger SV',4,'Rick','van Drongelen','20-dec-1998','Difensore'),
  ('327536','Hamburger SV',35,'Stephan','Ambrosius','18-dec-1998','Difensore'),
  ('086916','Hamburger SV',37,'Toni','Leistner','19-aug-1990','Difensore'),
  ('247661','Hamburger SV',28,'Gideon','Jung','12-sep-1994','Difensore'),
  ('431848','Hamburger SV',34,'Jonas','David','8-mar-2000','Difensore'),
  ('185699','Hamburger SV',21,'Tim','Leibold','30-nov-1993','Difensore'),
  ('521475','Hamburger SV',null,'Bryan','Hein','25-sep-2001','Difensore'),
  ('448258','Hamburger SV',27,'Josha','Vagnoman','11-dec-2000','Difensore'),
  ('192840','Hamburger SV',2,'Jan','Gyamerah','18-jun-1995','Difensore'),
  ('485706','Hamburger SV',24,'Amadou','Onana','16-aug-2001','Centrocampista'),
  ('193025','Hamburger SV',3,'Moritz','Heyer','4-apr-1995','Centrocampista'),
  ('057598','Hamburger SV',20,'Klaus','Gjasula','14-dec-1989','Centrocampista'),
  ('196834','Hamburger SV',6,'David','Kinsombi','12-dec-1995','Centrocampista'),
  ('153664','Hamburger SV',7,'Khaled','Narey','23-jul-1994','Centrocampista'),
  ('078950','Hamburger SV',10,'Sonny','Kittel','6-jan-1993','Centrocampista'),
  ('147359','Hamburger SV',8,'Jeremy','Dudziak','28-aug-1995','Centrocampista'),
  ('004687','Hamburger SV',14,'Aaron','Hunt','4-sep-1986','Centrocampista'),
  ('316575','Hamburger SV',null,'Moritz-Broni','Kwarteng','28-apr-1998','Centrocampista'),
  ('344063','Hamburger SV',null,'Aaron','Opoku','28-mar-1999','Attaccante'),
  ('448257','Hamburger SV',42,'Ogechika','Heil','27-nov-2000','Attaccante'),
  ('415194','Hamburger SV',18,'Bakery','Jatta','6-jun-1998','Attaccante'),
  ('433185','Hamburger SV',null,'Xavier','Amaechi','5-jan-2001','Attaccante'),
  ('296429','Hamburger SV',19,'Manuel','Wintzheimer','10-jan-1999','Attaccante'),
  ('036284','Hamburger SV',9,'Simon','Terodde','2-mar-1988','Attaccante'),
  ('059054','Hamburger SV',null,'Lukas','Hinterseer','28-mar-1991','Attaccante'),
  ('072519','Hamburger SV',null,'Bobby','Wood','15-nov-1992','Attaccante'),
  ('326346','Hamburger SV',45,'Robin','Meißner','8-oct-1999','Attaccante'),
  ('040792','VfL Bochum',1,'Manuel','Riemann','9-sep-1988','Portiere'),
  ('094192','VfL Bochum',25,'Patrick','Drewes','4-feb-1993','Portiere'),
  ('452192','VfL Bochum',34,'Paul','Grave','10-apr-2001','Portiere'),
  ('467563','VfL Bochum',37,'Armel','Bella Kotchap','11-dec-2001','Difensore'),
  ('334207','VfL Bochum',29,'Maxim','Leitsch','18-may-1998','Difensore'),
  ('154578','VfL Bochum',5,'Saulo','Decarli','4-feb-1992','Difensore'),
  ('063489','VfL Bochum',24,'Vasilios','Lampropoulos','31-mar-1990','Difensore'),
  ('343959','VfL Bochum',4,'Erhan','Masovic','22-nov-1998','Difensore'),
  ('696165','VfL Bochum',null,'Verthomy','Boboy','19-apr-2003','Difensore'),
  ('154396','VfL Bochum',3,'Danilo','Soares','29-oct-1991','Difensore'),
  ('452222','VfL Bochum',null,'Moritz','Römling','30-apr-2001','Difensore'),
  ('186477','VfL Bochum',11,'Herbert','Bockhorn','31-jan-1995','Difensore'),
  ('121686','VfL Bochum',2,'Cristian','Gamboa','24-oct-1989','Difensore'),
  ('270171','VfL Bochum',null,'Vitaly','Janelt','10-may-1998','Centrocampista'),
  ('111266','VfL Bochum',8,'Anthony','Losilla','10-mar-1986','Centrocampista'),
  ('452224','VfL Bochum',null,'Lars','Holtkamp','21-nov-2001','Centrocampista'),
  ('199633','VfL Bochum',13,'Raman','Chibsah','10-mar-1993','Centrocampista'),
  ('041458','VfL Bochum',23,'Robert','Tesche','27-may-1987','Centrocampista'),
  ('122676','VfL Bochum',32,'Robert','Zulj','5-feb-1992','Centrocampista'),
  ('232144','VfL Bochum',27,'Milos','Pantovic','7-jul-1996','Centrocampista'),
  ('086643','VfL Bochum',10,'Thomas','Eisfeld','18-jan-1993','Centrocampista'),
  ('126285','VfL Bochum',null,'Sebastian','Maier','18-sep-1993','Centrocampista'),
  ('190289','VfL Bochum',21,'Gerrit','Holtmann','25-mar-1995','Attaccante'),
  ('041541','VfL Bochum',17,'Danny','Blum','7-jan-1991','Attaccante'),
  ('383223','VfL Bochum',30,'Baris','Ekincier','24-mar-1999','Attaccante'),
  ('093837','VfL Bochum',14,'Tom','Weilandt','27-apr-1992','Attaccante'),
  ('283140','VfL Bochum',19,'Tarsis','Bonga','10-jan-1997','Attaccante'),
  ('079967','VfL Bochum',9,'Simon','Zoller','26-jun-1991','Attaccante'),
  ('312819','VfL Bochum',35,'Silvère','Ganvoula','29-jun-1996','Attaccante'),
  ('148824','VfL Bochum',15,'Soma','Novothny','16-jun-1994','Attaccante'),
  ('571140','VfL Bochum',28,'Luis','Hartwig','23-nov-2002','Attaccante'),
  ('036898','SpVgg Greuther Fürth',30,'Sascha','Burchert','30-oct-1989','Portiere'),
  ('170517','SpVgg Greuther Fürth',1,'Marius','Funk','1-jan-1996','Portiere'),
  ('748061','SpVgg Greuther Fürth',41,'Lasse','Schulz','29-mar-2003','Portiere'),
  ('291383','SpVgg Greuther Fürth',25,'Leon','Schaffran','31-jul-1998','Portiere'),
  ('388363','SpVgg Greuther Fürth',4,'Maximilian','Bauer','9-feb-2000','Difensore'),
  ('284248','SpVgg Greuther Fürth',23,'Paul','Jaeckel','22-jul-1998','Difensore'),
  ('038267','SpVgg Greuther Fürth',5,'Mergim','Mavraj','9-jun-1986','Difensore'),
  ('536472','SpVgg Greuther Fürth',32,'Abdourahmane','Barry','21-feb-2000','Difensore'),
  ('318204','SpVgg Greuther Fürth',22,'David','Raum','22-apr-1998','Difensore'),
  ('296378','SpVgg Greuther Fürth',27,'Luca','Itter','5-jan-1999','Difensore'),
  ('602987','SpVgg Greuther Fürth',31,'Mario','Subaric','22-feb-2000','Difensore'),
  ('196084','SpVgg Greuther Fürth',18,'Marco','Meyerhöfer','18-nov-1995','Difensore'),
  ('392131','SpVgg Greuther Fürth',2,'Simon','Asta','25-jan-2001','Difensore'),
  ('391672','SpVgg Greuther Fürth',29,'Elias','Kratzer','8-jan-2000','Difensore'),
  ('344069','SpVgg Greuther Fürth',24,'Anton','Stach','15-nov-1998','Centrocampista'),
  ('451340','SpVgg Greuther Fürth',14,'Nunoo','Sarpei','22-aug-1998','Centrocampista'),
  ('183780','SpVgg Greuther Fürth',33,'Paul','Seguin','29-mar-1995','Centrocampista'),
  ('161204','SpVgg Greuther Fürth',37,'Julian','Green','6-jun-1995','Centrocampista'),
  ('419255','SpVgg Greuther Fürth',8,'Marijan','Cavar','2-feb-1998','Centrocampista'),
  ('108198','SpVgg Greuther Fürth',15,'Sebastian','Ernst','4-mar-1995','Centrocampista'),
  ('310662','SpVgg Greuther Fürth',21,'Timothy','Tillman','4-jan-1999','Centrocampista'),
  ('518505','SpVgg Greuther Fürth',40,'Jamie','Leweling','26-feb-2001','Attaccante'),
  ('171209','SpVgg Greuther Fürth',10,'Branimir','Hrgota','12-jan-1993','Attaccante'),
  ('136181','SpVgg Greuther Fürth',16,'Havard','Nielsen','15-jul-1993','Attaccante'),
  ('596813','SpVgg Greuther Fürth',19,'Dickson','Abiama','3-nov-1998','Attaccante'),
  ('234375','SpVgg Greuther Fürth',9,'Emil','Berggreen','10-may-1993','Attaccante'),
  ('334998','SpVgg Greuther Fürth',7,'Robin','Kehr','22-feb-2000','Attaccante'),
  ('082361','1.FC Nuremberg',26,'Christian','Mathenia','31-mar-1992','Portiere'),
  ('336307','1.FC Nuremberg',29,'Christian','Früchtl','28-jan-2000','Portiere'),
  ('029586','1.FC Nuremberg',30,'Andreas','Lukse','8-nov-1987','Portiere'),
  ('002154','1.FC Nuremberg',1,'Patric','Klandt','29-sep-1983','Portiere'),
  ('279079','1.FC Nuremberg',28,'Lukas','Mühl','27-jan-1997','Difensore'),
  ('260846','1.FC Nuremberg',4,'Asger','Sörensen','5-jun-1996','Difensore'),
  ('051325','1.FC Nuremberg',33,'Georg','Margreitter','7-nov-1988','Difensore'),
  ('379960','1.FC Nuremberg',35,'Noel','Knothe','5-may-1999','Difensore'),
  ('388047','1.FC Nuremberg',null,'Mario','Suver','23-sep-1999','Difensore'),
  ('284177','1.FC Nuremberg',29,'Tim','Handwerker','19-may-1998','Difensore'),
  ('520983','1.FC Nuremberg',28,'Linus','Rosenlöcher','9-sep-2000','Difensore'),
  ('222225','1.FC Nuremberg',13,'Pius','Krätschmer','16-jun-1997','Difensore'),
  ('520908','1.FC Nuremberg',null,'Ekin','Çelebi','6-jun-2000','Difensore'),
  ('040605','1.FC Nuremberg',22,'Enrico','Valentini','20-feb-1989','Difensore'),
  ('055114','1.FC Nuremberg',25,'Oliver','Sorg','29-may-1990','Difensore'),
  ('348214','1.FC Nuremberg',21,'Kevin','Goden','22-feb-1999','Difensore'),
  ('405687','1.FC Nuremberg',14,'Tom','Krauß','22-jun-2001','Centrocampista'),
  ('089650','1.FC Nuremberg',5,'Johannes','Geis','17-aug-1993','Centrocampista'),
  ('284188','1.FC Nuremberg',null,'Simon','Rhein','18-may-1998','Centrocampista'),
  ('349433','1.FC Nuremberg',15,'Fabian','Nürnberger','28-jul-1999','Centrocampista'),
  ('057091','1.FC Nuremberg',18,'Hanno','Behrens','26-mar-1990','Centrocampista'),
  ('520910','1.FC Nuremberg',43,'Tim','Latteier','20-may-2000','Centrocampista'),
  ('190831','1.FC Nuremberg',24,'Mats Möller','Daehli','2-mar-1995','Centrocampista'),
  ('284010','1.FC Nuremberg',17,'Robin','Hack','27-aug-1998','Attaccante'),
  ('350357','1.FC Nuremberg',null,'Sarpreet','Singh','20-feb-1999','Attaccante'),
  ('214346','1.FC Nuremberg',null,'Virgil','Misidjan','24-jul-1993','Attaccante'),
  ('229176','1.FC Nuremberg',23,'Fabian','Schleusener','24-oct-1991','Attaccante'),
  ('120189','1.FC Nuremberg',10,'Nikola','Dovedan','6-jul-1994','Attaccante'),
  ('467426','1.FC Nuremberg',19,'Dennis','Borkowski','26-jan-2002','Attaccante'),
  ('570553','1.FC Nuremberg',44,'Erik','Shuranov','22-feb-2002','Attaccante'),
  ('164767','1.FC Nuremberg',7,'Felix','Lohkemper','26-jan-1995','Attaccante'),
  ('193877','1.FC Nuremberg',20,'Pascal','Köpke','3-sep-1995','Attaccante'),
  ('048547','1.FC Nuremberg',9,'Manuel','Schäffler','6-feb-1989','Attaccante'),
  ('261155','1.FC Nuremberg',null,'Adam','Zrelak','5-may-1994','Attaccante'),
  ('453783','1.FC Nuremberg',27,'Paul-Philipp','Besong','6-oct-2000','Attaccante'),
  ('061989','Hannover 96',31,'Michael','Esser','22-nov-1987','Portiere'),
  ('045601','Hannover 96',1,'Martin','Hansen','15-jun-1990','Portiere'),
  ('333901','Hannover 96',30,'Marlon','Sündermann','16-may-1998','Portiere'),
  ('001257','Hannover 96',22,'Michael','Ratajczak','16-apr-1982','Portiere'),
  ('371851','Hannover 96',6,'Jaka','Bijol','5-feb-1999','Difensore'),
  ('236981','Hannover 96',15,'Timo','Hübers','20-jul-1996','Difensore'),
  ('152435','Hannover 96',28,'Marcel','Franke','5-apr-1993','Difensore'),
  ('170927','Hannover 96',5,'Simon','Falette','19-feb-1992','Difensore'),
  ('179895','Hannover 96',2,'Josip','Elez','25-apr-1994','Difensore'),
  ('055501','Hannover 96',23,'Baris','Basdas','17-jan-1990','Difensore'),
  ('113039','Hannover 96',3,'Niklas','Hult','13-feb-1990','Difensore'),
  ('188910','Hannover 96',21,'Sei','Muroya','5-apr-1994','Difensore'),
  ('529117','Hannover 96',null,'Tim','Walbrecht','18-sep-2001','Centrocampista'),
  ('337025','Hannover 96',34,'Niklas','Tarnat','26-may-1998','Centrocampista'),
  ('052200','Hannover 96',13,'Dominik','Kaiser','16-sep-1988','Centrocampista'),
  ('030942','Hannover 96',8,'Mike','Frantz','14-oct-1986','Centrocampista'),
  ('508963','Hannover 96',32,'Grace','Bokake','17-jan-2002','Centrocampista'),
  ('079377','Hannover 96',10,'Genki','Haraguchi','9-may-1991','Centrocampista'),
  ('337036','Hannover 96',35,'Florent','Muslija','6-jul-1998','Centrocampista'),
  ('406610','Hannover 96',38,'Mick','Gudra','1-jan-2001','Centrocampista'),
  ('207592','Hannover 96',20,'Philipp','Ochs','17-apr-1997','Attaccante'),
  ('336331','Hannover 96',18,'Franck','Evina','5-jul-2000','Attaccante'),
  ('335103','Hannover 96',11,'Linton','Maina','23-jun-1999','Attaccante'),
  ('188651','Hannover 96',7,'Patrick','Twumasi','9-may-1994','Attaccante'),
  ('153678','Hannover 96',27,'Kingsley','Schindler','12-jul-1993','Attaccante'),
  ('557205','Hannover 96',29,'Simon','Stehle','17-sep-2001','Attaccante'),
  ('332708','Hannover 96',40,'Orrin','McKinze Gaines II','2-mar-1998','Attaccante'),
  ('125103','Hannover 96',17,'Marvin','Ducksch','7-mar-1994','Attaccante'),
  ('330223','Hannover 96',9,'Hendrik','Weydandt','16-jul-1995','Attaccante'),
  ('193050','Hannover 96',19,'Valmir','Sulejmani','1-feb-1996','Attaccante'),
  ('565321','Hannover 96',33,'Moussa','Doumbouya','12-dec-1997','Attaccante'),
  ('115989','FC St. Pauli',21,'Dejan','Stojanovic','19-jul-1993','Portiere'),
  ('053116','FC St. Pauli',null,'Robin','Himmelmann','5-feb-1989','Portiere'),
  ('342966','FC St. Pauli',1,'Dennis','Smarsch','14-jan-1999','Portiere'),
  ('183292','FC St. Pauli',33,'Svend','Brodersen','22-mar-1997','Portiere'),
  ('272706','FC St. Pauli',3,'James','Lawrence','22-aug-1992','Difensore'),
  ('152627','FC St. Pauli',4,'Philipp','Ziereis','14-mar-1993','Difensore'),
  ('094174','FC St. Pauli',6,'Christopher','Avevor','11-feb-1992','Difensore'),
  ('236966','FC St. Pauli',25,'Adam','Dzwigala','25-sep-1995','Difensore'),
  ('041328','FC St. Pauli',24,'Tore','Reginiussen','10-apr-1986','Difensore'),
  ('447797','FC St. Pauli',null,'Marvin','Senger','6-jan-2000','Difensore'),
  ('107219','FC St. Pauli',23,'Leart','Paqarada','8-oct-1994','Difensore'),
  ('109763','FC St. Pauli',15,'Daniel','Buballa','11-may-1990','Difensore'),
  ('217357','FC St. Pauli',2,'Sebastian','Ohlsson','26-may-1993','Difensore'),
  ('139278','FC St. Pauli',19,'Luca','Zander','9-aug-1995','Difensore'),
  ('447801','FC St. Pauli',32,'Jannes','Wieckhoff','2-aug-2000','Difensore'),
  ('292534','FC St. Pauli',18,'Eric','Smith','8-jan-1997','Centrocampista'),
  ('044299','FC St. Pauli',5,'Marvin','Knoll','5-dec-1990','Centrocampista'),
  ('391929','FC St. Pauli',null,'Leon','Flach','28-feb-2001','Centrocampista'),
  ('562409','FC St. Pauli',14,'Afeez','Aremu','3-oct-1999','Centrocampista'),
  ('275127','FC St. Pauli',null,'Ersin','Zehir','15-jan-1998','Centrocampista'),
  ('606752','FC St. Pauli',8,'Rodrigo','Zalazar','12-aug-1999','Centrocampista'),
  ('334999','FC St. Pauli',20,'Finn Ole','Becker','8-jun-2000','Centrocampista'),
  ('086156','FC St. Pauli',26,'Rico','Benatelli','17-mar-1992','Centrocampista'),
  ('072094','FC St. Pauli',10,'Christopher','Buchtmann','25-apr-1992','Centrocampista'),
  ('338879','FC St. Pauli',null,'Kevin','Lankford','16-nov-1998','Centrocampista'),
  ('486731','FC St. Pauli',29,'Christian','Viet','27-mar-1999','Centrocampista'),
  ('272587','FC St. Pauli',17,'Daniel-Kofi','Kyereh','8-mar-1996','Centrocampista'),
  ('334213','FC St. Pauli',13,'Lukas','Daschner','1-oct-1998','Centrocampista'),
  ('422086','FC St. Pauli',36,'Luis','Coordes','2-jan-1999','Attaccante'),
  ('129688','FC St. Pauli',12,'Ryo','Miyaichi','14-dec-1992','Attaccante'),
  ('148197','FC St. Pauli',11,'Maximilian','Dittgen','3-mar-1995','Attaccante'),
  ('445939','FC St. Pauli',22,'Omar','Marmoush','7-feb-1999','Attaccante'),
  ('049239','FC St. Pauli',9,'Guido','Burgstaller','29-apr-1989','Attaccante'),
  ('605268','FC St. Pauli',34,'Igor','Matanovic','31-mar-2003','Attaccante'),
  ('087162','FC St. Pauli',16,'Simon','Makienok','21-nov-1990','Attaccante'),
  ('138292','FC St. Pauli',null,'Boris','Tashchy','26-jul-1993','Attaccante'),
  ('160971','SC Paderborn 07',17,'Leopold','Zingerle','10-apr-1994','Portiere'),
  ('160954','SC Paderborn 07',21,'Jannik','Huth','15-apr-1994','Portiere'),
  ('569681','SC Paderborn 07',1,'Moritz','Schulze','22-mar-2001','Portiere'),
  ('384738','SC Paderborn 07',null,'Michele','Cordi','26-may-2000','Portiere'),
  ('213751','SC Paderborn 07',13,'Sebastian','Schonlau','5-aug-1994','Difensore'),
  ('203895','SC Paderborn 07',14,'Nicolas','Bürgy','7-aug-1995','Difensore'),
  ('055597','SC Paderborn 07',25,'Marcel','Correia','16-may-1989','Difensore'),
  ('010503','SC Paderborn 07',2,'Uwe','Hünemeier','9-jan-1986','Difensore'),
  ('048081','SC Paderborn 07',null,'Christian','Strohdiek','22-jan-1988','Difensore'),
  ('565118','SC Paderborn 07',null,'Jesse Edem','Tugbenyo','7-aug-2001','Difensore'),
  ('254934','SC Paderborn 07',29,'Jamilu','Collins','5-aug-1994','Difensore'),
  ('284035','SC Paderborn 07',36,'Chima','Okoroji','19-apr-1997','Difensore'),
  ('329324','SC Paderborn 07',16,'Johannes','Dörfler','23-aug-1996','Difensore'),
  ('240263','SC Paderborn 07',3,'Frederic','Ananou','20-sep-1997','Difensore'),
  ('332392','SC Paderborn 07',8,'Ron','Schallenberg','6-oct-1998','Centrocampista'),
  ('388316','SC Paderborn 07',23,'Maximilian','Thalhammer','10-jul-1997','Centrocampista'),
  ('383372','SC Paderborn 07',6,'Aristote','Nkaka','27-mar-1996','Centrocampista'),
  ('333516','SC Paderborn 07',39,'Sebastian','Vasiliadis','4-oct-1997','Centrocampista'),
  ('321079','SC Paderborn 07',31,'Svante','Ingelsson','14-jun-1998','Centrocampista'),
  ('032207','SC Paderborn 07',24,'Marcel','Heller','12-feb-1986','Centrocampista'),
  ('324861','SC Paderborn 07',10,'Julian','Justvan','2-apr-1998','Centrocampista'),
  ('067869','SC Paderborn 07',20,'Marco','Terrazzino','15-apr-1991','Centrocampista'),
  ('374283','SC Paderborn 07',null,'Antony','Evans','23-sep-1998','Centrocampista'),
  ('697740','SC Paderborn 07',null,'Soufiane','El-Faouzi','13-jul-2002','Centrocampista'),
  ('289182','SC Paderborn 07',22,'Christopher','Antwi-Adjei','7-feb-1994','Attaccante'),
  ('358870','SC Paderborn 07',null,'Dennis','Jastrzembski','20-feb-2000','Attaccante'),
  ('646997','SC Paderborn 07',null,'Jayden','Bennetts','26-jun-2001','Attaccante'),
  ('272278','SC Paderborn 07',27,'Chris','Führich','9-jan-1998','Attaccante'),
  ('247459','SC Paderborn 07',5,'Chadrac','Akolo','1-apr-1995','Attaccante'),
  ('223572','SC Paderborn 07',9,'Kai','Pröger','15-may-1992','Attaccante'),
  ('279018','SC Paderborn 07',null,'Pascal','Steinwender','2-aug-1996','Attaccante'),
  ('159239','SC Paderborn 07',18,'Dennis','Srbeny','5-may-1994','Attaccante'),
  ('161060','SC Paderborn 07',null,'Streli','Mamba','17-jun-1994','Attaccante'),
  ('186988','SC Paderborn 07',11,'Sven','Michel','15-jul-1990','Attaccante'),
  ('207593','SC Paderborn 07',7,'Prince Osei','Owusu','7-jan-1997','Attaccante'),
  ('156676','Holstein Kiel',1,'Ioannis','Gelios','24-apr-1992','Portiere'),
  ('115979','Holstein Kiel',21,'Thomas','Dähne','4-jan-1994','Portiere'),
  ('238722','Holstein Kiel',35,'Dominik','Reimann','18-jun-1997','Portiere'),
  ('154147','Holstein Kiel',24,'Hauke','Wahl','15-apr-1994','Difensore'),
  ('278459','Holstein Kiel',19,'Simon','Lorenz','30-mar-1997','Difensore'),
  ('335631','Holstein Kiel',3,'Marco','Komenda','26-nov-1996','Difensore'),
  ('175709','Holstein Kiel',5,'Stefan','Thesker','11-apr-1991','Difensore'),
  ('096331','Holstein Kiel',2,'Mikkel','Kirkeskov','5-sep-1991','Difensore'),
  ('031218','Holstein Kiel',15,'Johannes','van den Bergh','21-nov-1986','Difensore'),
  ('211671','Holstein Kiel',20,'Jannik','Dehm','2-may-1996','Difensore'),
  ('265176','Holstein Kiel',25,'Phil','Neumann','8-jul-1997','Difensore'),
  ('107574','Holstein Kiel',26,'Jonas','Meffert','4-sep-1994','Centrocampista'),
  ('074295','Holstein Kiel',22,'Aleksandar','Ignjovski','27-jan-1991','Centrocampista'),
  ('085298','Holstein Kiel',8,'Alexander','Mühling','5-sep-1992','Centrocampista'),
  ('205544','Holstein Kiel',36,'Niklas','Hauptmann','27-jun-1996','Centrocampista'),
  ('528619','Holstein Kiel',32,'Jonas','Sterner','13-may-2002','Centrocampista'),
  ('443364','Holstein Kiel',null,'Dominique','Ndure','25-oct-1999','Centrocampista'),
  ('314398','Holstein Kiel',7,'Jae-sung','Lee','10-aug-1992','Centrocampista'),
  ('241307','Holstein Kiel',27,'Finn','Porath','23-feb-1997','Centrocampista'),
  ('209686','Holstein Kiel',6,'Ahmet','Arslan','30-mar-1994','Centrocampista'),
  ('227102','Holstein Kiel',11,'Fabian','Reese','29-nov-1997','Attaccante'),
  ('196815','Holstein Kiel',29,'Joshua','Mees','15-apr-1996','Attaccante'),
  ('036207','Holstein Kiel',31,'Fin','Bartels','7-feb-1987','Attaccante'),
  ('254284','Holstein Kiel',null,'David','Atanga','25-dec-1996','Attaccante'),
  ('294534','Holstein Kiel',23,'Janni','Serra','13-mar-1998','Attaccante'),
  ('151111','Holstein Kiel',33,'Benjamin','Girth','31-jan-1992','Attaccante'),
  ('307800','Holstein Kiel',null,'Lion','Lauberbach','15-feb-1998','Attaccante'),
  ('335924','Holstein Kiel',28,'Noah','Awuku','9-jan-2000','Attaccante'),
  ('043824','1.FC Heidenheim 1846',1,'Kevin','Müller','15-mar-1991','Portiere'),
  ('057796','1.FC Heidenheim 1846',22,'Vitus','Eicher','5-nov-1990','Portiere'),
  ('448705','1.FC Heidenheim 1846',40,'Diant','Ramaj','19-sep-2001','Portiere'),
  ('460384','1.FC Heidenheim 1846',39,'Kevin','Ibrahim','26-may-2000','Portiere'),
  ('133731','1.FC Heidenheim 1846',6,'Patrick','Mainka','6-nov-1994','Difensore'),
  ('109436','1.FC Heidenheim 1846',5,'Oliver','Hüsing','17-feb-1993','Difensore'),
  ('156710','1.FC Heidenheim 1846',4,'Oliver','Steurer','6-jan-1995','Difensore'),
  ('192169','1.FC Heidenheim 1846',19,'Jonas','Föhrenbach','26-jan-1996','Difensore'),
  ('031599','1.FC Heidenheim 1846',30,'Norman','Theuerkauf','24-jan-1987','Difensore'),
  ('117478','1.FC Heidenheim 1846',2,'Marnon','Busch','8-dec-1994','Difensore'),
  ('307845','1.FC Heidenheim 1846',18,'Marvin','Rittmüller','7-mar-1999','Difensore'),
  ('251295','1.FC Heidenheim 1846',20,'Dzenis','Burnic','22-may-1998','Centrocampista'),
  ('093563','1.FC Heidenheim 1846',8,'Andreas','Geipl','21-apr-1992','Centrocampista'),
  ('478423','1.FC Heidenheim 1846',28,'Melvin','Ramusovic','19-jun-2001','Centrocampista'),
  ('448028','1.FC Heidenheim 1846',16,'Kevin','Sessa','6-jul-2000','Centrocampista'),
  ('581357','1.FC Heidenheim 1846',3,'Jan','Schöppner','12-jun-1999','Centrocampista'),
  ('081694','1.FC Heidenheim 1846',27,'Konstantin','Kerschbaumer','1-jul-1992','Centrocampista'),
  ('521174','1.FC Heidenheim 1846',25,'Julian','Stark','8-mar-2001','Centrocampista'),
  ('120301','1.FC Heidenheim 1846',21,'Maximilian','Thiel','3-feb-1993','Centrocampista'),
  ('153661','1.FC Heidenheim 1846',29,'Tobias','Mohr','24-aug-1995','Attaccante'),
  ('191359','1.FC Heidenheim 1846',17,'Florian','Pick','8-sep-1995','Attaccante'),
  ('018684','1.FC Heidenheim 1846',7,'Marc','Schnatterer','18-nov-1985','Attaccante'),
  ('119120','1.FC Heidenheim 1846',13,'Robert','Leipertz','1-feb-1993','Attaccante'),
  ('196843','1.FC Heidenheim 1846',null,'Merveille','Biankadi','9-may-1995','Attaccante'),
  ('193033','1.FC Heidenheim 1846',10,'Tim','Kleindienst','31-aug-1995','Attaccante'),
  ('184204','1.FC Heidenheim 1846',24,'Christian','Kühlwetter','21-apr-1996','Attaccante'),
  ('362184','1.FC Heidenheim 1846',null,'David','Otto','3-mar-1999','Attaccante'),
  ('094030','1.FC Heidenheim 1846',11,'Denis','Thomalla','16-aug-1992','Attaccante'),
  ('124416','1.FC Heidenheim 1846',null,'Patrick','Schmidt','10-sep-1993','Attaccante'),
  ('394033','1.FC Heidenheim 1846',9,'Stefan','Schimmer','28-apr-1994','Attaccante'),
  ('422267','1.FC Heidenheim 1846',38,'Gianni','Mollo','24-feb-2001','Attaccante'),
  ('093651','SV Darmstadt 98',1,'Marcel','Schuhen','13-jan-1993','Portiere'),
  ('161057','SV Darmstadt 98',13,'Carl','Klaus','16-jan-1994','Portiere'),
  ('148096','SV Darmstadt 98',31,'Florian','Stritzel','31-jan-1994','Portiere'),
  ('345780','SV Darmstadt 98',17,'Lars Lukas','Mai','31-mar-2000','Difensore'),
  ('322075','SV Darmstadt 98',3,'Thomas','Isherwood','28-jan-1998','Difensore'),
  ('077920','SV Darmstadt 98',21,'Immanuel','Höhn','23-dec-1991','Difensore'),
  ('391742','SV Darmstadt 98',5,'Patric','Pfeiffer','20-aug-1999','Difensore'),
  ('048968','SV Darmstadt 98',15,'Mathias','Wittek','30-mar-1989','Difensore'),
  ('054846','SV Darmstadt 98',32,'Fabian','Holland','11-jul-1990','Difensore'),
  ('317753','SV Darmstadt 98',36,'Silas','Zehnder','30-jun-1999','Difensore'),
  ('237162','SV Darmstadt 98',26,'Matthias','Bader','17-jun-1997','Difensore'),
  ('057101','SV Darmstadt 98',37,'Patrick','Herrmann','16-mar-1988','Difensore'),
  ('097241','SV Darmstadt 98',4,'Victor','Pálsson','30-apr-1991','Centrocampista'),
  ('185427','SV Darmstadt 98',23,'Nicolai','Rapp','13-dec-1996','Centrocampista'),
  ('389078','SV Darmstadt 98',30,'Adrian','Stanilewicz','22-feb-2000','Centrocampista'),
  ('282689','SV Darmstadt 98',null,'Seung-ho','Paik','17-mar-1997','Centrocampista'),
  ('042072','SV Darmstadt 98',11,'Tobias','Kempe','27-jun-1989','Centrocampista'),
  ('094148','SV Darmstadt 98',8,'Fabian','Schnellhardt','12-jan-1994','Centrocampista'),
  ('815044','SV Darmstadt 98',38,'Alexander','Vogler','6-dec-2002','Centrocampista'),
  ('237226','SV Darmstadt 98',6,'Marvin','Mehlem','11-sep-1997','Centrocampista'),
  ('183446','SV Darmstadt 98',28,'Samuele','Campo','6-jul-1995','Centrocampista'),
  ('692084','SV Darmstadt 98',null,'John Peter','Sesay','8-may-2003','Centrocampista'),
  ('283497','SV Darmstadt 98',18,'Mathias','Honsak','20-dec-1996','Attaccante'),
  ('124402','SV Darmstadt 98',40,'Erich','Berko','6-sep-1994','Attaccante'),
  ('718467','SV Darmstadt 98',39,'Ensar','Arslan','1-aug-2001','Attaccante'),
  ('044713','SV Darmstadt 98',20,'Christian','Clemens','4-aug-1991','Attaccante'),
  ('287920','SV Darmstadt 98',27,'Tim','Skarke','7-sep-1996','Attaccante'),
  ('231590','SV Darmstadt 98',null,'Braydon','Manu','28-mar-1997','Attaccante'),
  ('736973','SV Darmstadt 98',29,'Henry Jon','Crosthwaite','14-oct-2002','Attaccante'),
  ('080059','SV Darmstadt 98',19,'Serdar','Dursun','19-oct-1991','Attaccante'),
  ('195782','SV Darmstadt 98',7,'Felix','Platte','11-feb-1996','Attaccante'),
  ('187499','SV Darmstadt 98',22,'Aaron','Seydel','7-feb-1996','Attaccante'),
  ('196382','Karlsruher SC',35,'Marius','Gersbeck','20-jun-1995','Portiere'),
  ('123147','Karlsruher SC',1,'Markus','Kuster','22-feb-1994','Portiere'),
  ('527630','Karlsruher SC',28,'Paul','Löhr','14-jan-2001','Portiere'),
  ('122675','Karlsruher SC',6,'Kevin','Wimmer','15-nov-1992','Difensore'),
  ('307509','Karlsruher SC',22,'Christoph','Kobald','18-aug-1997','Difensore'),
  ('283286','Karlsruher SC',32,'Robin','Bormuth','19-sep-1995','Difensore'),
  ('038348','Karlsruher SC',5,'David','Pisot','6-jul-1987','Difensore'),
  ('017733','Karlsruher SC',3,'Daniel','Gordon','16-jan-1985','Difensore'),
  ('527629','Karlsruher SC',27,'Marlon','Dinger','16-jun-2001','Difensore'),
  ('112617','Karlsruher SC',16,'Philip','Heise','20-jun-1991','Difensore'),
  ('341530','Karlsruher SC',23,'Dirk','Carlson','1-apr-1998','Difensore'),
  ('156715','Karlsruher SC',21,'Marco','Thiede','20-may-1992','Difensore'),
  ('049730','Karlsruher SC',2,'Sebastian','Jung','22-jun-1990','Difensore'),
  ('392142','Karlsruher SC',34,'Jannis','Rabold','27-mar-2001','Difensore'),
  ('569455','Karlsruher SC',37,'Bastian','Allgeier','18-feb-2002','Difensore'),
  ('153628','Karlsruher SC',4,'Lukas','Fröde','23-jan-1995','Centrocampista'),
  ('569457','Karlsruher SC',38,'Tim','Breithaupt','7-feb-2002','Centrocampista'),
  ('270164','Karlsruher SC',20,'Alexander','Groiß','1-jul-1998','Centrocampista'),
  ('471887','Karlsruher SC',18,'David','Trivunic','30-oct-2001','Centrocampista'),
  ('119581','Karlsruher SC',10,'Marvin','Wanitzek','7-may-1993','Centrocampista'),
  ('077108','Karlsruher SC',8,'Jérôme','Gondorf','26-jun-1988','Centrocampista'),
  ('349535','Karlsruher SC',25,'Janis','Hanek','12-feb-1999','Centrocampista'),
  ('290171','Karlsruher SC',11,'Kyoung-rok','Choi','15-mar-1995','Centrocampista'),
  ('450253','Karlsruher SC',19,'Dominik','Kother','16-mar-2000','Attaccante'),
  ('050600','Karlsruher SC',7,'Marc','Lorenz','18-jul-1988','Attaccante'),
  ('388058','Karlsruher SC',39,'Benjamin','Goller','1-jan-1999','Attaccante'),
  ('119037','Karlsruher SC',33,'Philipp','Hofmann','30-mar-1993','Attaccante'),
  ('092989','Karlsruher SC',null,'Marco','Djuricin','12-dec-1992','Attaccante'),
  ('411134','Karlsruher SC',31,'Malik','Batmaz','17-mar-2000','Attaccante'),
  ('342364','Karlsruher SC',24,'Babacar','Gueye','31-dec-1994','Attaccante'),
  ('594725','Karlsruher SC',null,'Dejan','Galjen','25-feb-2002','Attaccante'),
  ('277607','SV Sandhausen',null,'Martin','Fraisl','10-may-1993','Portiere'),
  ('068410','SV Sandhausen',1,'Stefanos','Kapino','18-mar-1994','Portiere'),
  ('302388','SV Sandhausen',13,'Rick','Wulle','4-jun-1994','Portiere'),
  ('002071','SV Sandhausen',15,'Philipp','Heerwagen','13-apr-1983','Portiere'),
  ('453303','SV Sandhausen',40,'Benedikt','Grawe','21-feb-2000','Portiere'),
  ('259849','SV Sandhausen',2,'Aleksandr','Zhirov','24-jan-1991','Difensore'),
  ('047740','SV Sandhausen',23,'Nils','Röseler','10-feb-1992','Difensore'),
  ('085904','SV Sandhausen',22,'Gerrit','Nauber','13-apr-1992','Difensore'),
  ('054767','SV Sandhausen',14,'Tim','Kister','30-dec-1986','Difensore'),
  ('039717','SV Sandhausen',3,'Diego','Contento','1-may-1990','Difensore'),
  ('296188','SV Sandhausen',33,'Alexander','Rossipal','6-jun-1996','Difensore'),
  ('042044','SV Sandhausen',18,'Dennis','Diekmeier','20-oct-1989','Difensore'),
  ('051216','SV Sandhausen',24,'Philipp','Klingmann','22-apr-1988','Difensore'),
  ('329508','SV Sandhausen',30,'Sören','Dieckmann','16-jan-1996','Difensore'),
  ('084653','SV Sandhausen',6,'Denis','Linsmayer','19-sep-1991','Centrocampista'),
  ('327862','SV Sandhausen',5,'Janik','Bachmann','6-may-1996','Centrocampista'),
  ('085961','SV Sandhausen',17,'Erik','Zenga','18-jan-1993','Centrocampista'),
  ('031868','SV Sandhausen',29,'Ivan','Paurevic','1-jul-1991','Centrocampista'),
  ('196785','SV Sandhausen',20,'Emanuel','Taffertshofer','24-feb-1995','Centrocampista'),
  ('400546','SV Sandhausen',19,'Nikolas','Nartey','22-feb-2000','Centrocampista'),
  ('182752','SV Sandhausen',null,'Marlon','Frey','24-mar-1996','Centrocampista'),
  ('322081','SV Sandhausen',27,'Robin','Scheu','16-feb-1995','Centrocampista'),
  ('093586','SV Sandhausen',10,'Julius','Biada','3-nov-1992','Centrocampista'),
  ('240889','SV Sandhausen',null,'Anas','Ouahim','23-sep-1997','Centrocampista'),
  ('152241','SV Sandhausen',26,'Besar','Halimi','12-dec-1994','Centrocampista'),
  ('122827','SV Sandhausen',null,'Philip','Türpitz','23-aug-1991','Attaccante'),
  ('336325','SV Sandhausen',21,'Enrique','Peña Zauner','4-mar-2000','Attaccante'),
  ('296431','SV Sandhausen',7,'Nikolaos','Zografakis','7-jul-1999','Attaccante'),
  ('045662','SV Sandhausen',35,'Alexander','Esswein','25-mar-1990','Attaccante'),
  ('117432','SV Sandhausen',16,'Kevin','Behrens','3-feb-1991','Attaccante'),
  ('042230','SV Sandhausen',9,'Daniel','Keita-Ruel','21-sep-1989','Attaccante'),
  ('093637','SV Sandhausen',null,'Mario','Engels','22-oct-1993','Attaccante'),
  ('049821','SV Sandhausen',null,'Aziz','Bouhaddouz','30-mar-1987','Attaccante'),
  ('039096','FC Erzgebirge Aue',1,'Martin','Männel','16-mar-1988','Portiere'),
  ('094120','FC Erzgebirge Aue',25,'Philipp','Klewin','30-sep-1993','Portiere'),
  ('443853','FC Erzgebirge Aue',34,'Kevin','Harr','26-feb-2000','Portiere'),
  ('523206','FC Erzgebirge Aue',40,'Jean-Marie','Plath','20-jun-2002','Portiere'),
  ('110885','FC Erzgebirge Aue',6,'Florian','Ballas','8-jan-1993','Difensore'),
  ('082735','FC Erzgebirge Aue',12,'Steve','Breitkreuz','18-jan-1992','Difensore'),
  ('123558','FC Erzgebirge Aue',21,'Malcolm','Cacutalua','15-nov-1994','Difensore'),
  ('020879','FC Erzgebirge Aue',26,'Sören','Gonther','15-dec-1986','Difensore'),
  ('153184','FC Erzgebirge Aue',4,'Fabian','Kalig','28-mar-1993','Difensore'),
  ('449150','FC Erzgebirge Aue',22,'Niklas','Jeck','18-sep-2001','Difensore'),
  ('127177','FC Erzgebirge Aue',2,'Gaëtan','Bussmann','2-feb-1991','Difensore'),
  ('346701','FC Erzgebirge Aue',27,'Sascha','Härtel','9-mar-1999','Difensore'),
  ('237113','FC Erzgebirge Aue',24,'John-Patrick','Strauß','28-jan-1996','Difensore'),
  ('093753','FC Erzgebirge Aue',20,'Calogero','Rizzuto','5-jan-1992','Difensore'),
  ('188931','FC Erzgebirge Aue',13,'Louis','Samson','3-jul-1995','Centrocampista'),
  ('077630','FC Erzgebirge Aue',17,'Philipp','Riese','12-nov-1989','Centrocampista'),
  ('190811','FC Erzgebirge Aue',33,'Ognjen','Gnjatic','16-oct-1991','Centrocampista'),
  ('080007','FC Erzgebirge Aue',5,'Clemens','Fandrich','10-jan-1991','Centrocampista'),
  ('337083','FC Erzgebirge Aue',16,'Erik','Majetschak','1-mar-2000','Centrocampista'),
  ('422052','FC Erzgebirge Aue',8,'Tom','Baumgart','12-nov-1997','Centrocampista'),
  ('055608','FC Erzgebirge Aue',10,'Dmitri','Nazarov','4-apr-1990','Centrocampista'),
  ('034232','FC Erzgebirge Aue',7,'Jan','Hochscheidt','4-oct-1987','Centrocampista'),
  ('523209','FC Erzgebirge Aue',null,'Noah','Baumann','28-feb-2002','Centrocampista'),
  ('093841','FC Erzgebirge Aue',31,'Ben','Zolinski','3-may-1992','Attaccante'),
  ('380263','FC Erzgebirge Aue',9,'Antonio','Jonjic','2-aug-1999','Attaccante'),
  ('317740','FC Erzgebirge Aue',11,'Florian','Krüger','13-feb-1999','Attaccante'),
  ('053521','FC Erzgebirge Aue',37,'Pascal','Testroet','26-sep-1990','Attaccante'),
  ('059196','FC Erzgebirge Aue',14,'Philipp','Zulechner','12-apr-1990','Attaccante'),
  ('124187','VfL Osnabrück',22,'Philipp','Kühn','2-sep-1992','Portiere'),
  ('284270','VfL Osnabrück',1,'Moritz','Nicolas','21-oct-1997','Portiere'),
  ('400514','VfL Osnabrück',21,'Laurenz','Beckemeyer','16-apr-2000','Portiere'),
  ('022419','VfL Osnabrück',32,'David','Buchholz','5-aug-1984','Portiere'),
  ('164142','VfL Osnabrück',4,'Lukas','Gugganig','14-feb-1995','Difensore'),
  ('088430','VfL Osnabrück',33,'Timo','Beermann','10-dec-1990','Difensore'),
  ('084456','VfL Osnabrück',18,'Maurice','Trapp','31-dec-1991','Difensore'),
  ('069012','VfL Osnabrück',17,'Adam','Susac','20-may-1989','Difensore'),
  ('627399','VfL Osnabrück',null,'Luis','Sprekelmeyer','15-apr-2002','Difensore'),
  ('042318','VfL Osnabrück',5,'Konstantin','Engel','27-jul-1988','Difensore'),
  ('016831','VfL Osnabrück',13,'Ken','Reichel','19-dec-1986','Difensore'),
  ('189142','VfL Osnabrück',7,'Bashkim','Ajdini','10-dec-1992','Difensore'),
  ('093557','VfL Osnabrück',8,'Ulrich','Taffertshofer','14-feb-1992','Centrocampista'),
  ('042749','VfL Osnabrück',19,'Kevin','Wolze','9-mar-1990','Centrocampista'),
  ('393519','VfL Osnabrück',28,'Tim','Möller','19-mar-1999','Centrocampista'),
  ('490884','VfL Osnabrück',6,'Ludovit','Reis','1-jun-2000','Centrocampista'),
  ('202515','VfL Osnabrück',29,'Bryan','Henning','16-mar-1995','Centrocampista'),
  ('038378','VfL Osnabrück',23,'David','Blacha','22-oct-1990','Centrocampista'),
  ('202604','VfL Osnabrück',null,'Sven','Köhler','8-nov-1996','Centrocampista'),
  ('124517','VfL Osnabrück',37,'Sebastian','Kerk','17-apr-1994','Centrocampista'),
  ('275249','VfL Osnabrück',10,'Niklas','Schmidt','1-mar-1998','Centrocampista'),
  ('331638','VfL Osnabrück',16,'Ulrich','Bapoh','29-jun-1999','Centrocampista'),
  ('378424','VfL Osnabrück',26,'Sebastian','Klaas','30-jun-1998','Centrocampista'),
  ('607499','VfL Osnabrück',35,'Marc','Augé','6-mar-2001','Centrocampista'),
  ('187496','VfL Osnabrück',30,'Maurice','Multhaup','15-dec-1996','Attaccante'),
  ('271103','VfL Osnabrück',14,'Etienne','Amenyido','1-mar-1998','Attaccante'),
  ('360517','VfL Osnabrück',11,'Jay-Roy','Grot','13-mar-1998','Attaccante'),
  ('447730','VfL Osnabrück',27,'Luc','Ihorst','7-mar-2000','Attaccante'),
  ('050487','VfL Osnabrück',9,'Christian','Santos','24-mar-1988','Attaccante'),
  ('392139','VfL Osnabrück',15,'Sebastian','Müller','23-jan-2001','Attaccante'),
  ('031968','VfL Osnabrück',20,'Marc','Heider','18-may-1986','Attaccante'),
  ('076158','SSV Jahn Regensburg',1,'Alexander','Meyer','13-apr-1991','Portiere'),
  ('169374','SSV Jahn Regensburg',30,'Kevin','Kunz','22-jan-1992','Portiere'),
  ('255633','SSV Jahn Regensburg',32,'Alexander','Weidinger','18-jun-1997','Portiere'),
  ('322506','SSV Jahn Regensburg',33,'Jan','Elvedi','30-sep-1996','Difensore'),
  ('418300','SSV Jahn Regensburg',24,'Scott','Kennedy','31-mar-1997','Difensore'),
  ('109987','SSV Jahn Regensburg',28,'Sebastian','Nachreiner','23-nov-1988','Difensore'),
  ('032564','SSV Jahn Regensburg',16,'Markus','Palionis','12-may-1987','Difensore'),
  ('591669','SSV Jahn Regensburg',38,'Elias','Herzig','10-sep-2000','Difensore'),
  ('260657','SSV Jahn Regensburg',13,'Erik','Wekesser','3-jul-1997','Difensore'),
  ('093552','SSV Jahn Regensburg',6,'Benedikt','Saller','22-sep-1992','Difensore'),
  ('060006','SSV Jahn Regensburg',17,'Oliver','Hein','22-mar-1990','Difensore'),
  ('227084','SSV Jahn Regensburg',5,'Benedikt','Gimber','19-feb-1997','Centrocampista'),
  ('331637','SSV Jahn Regensburg',31,'Tom','Baack','13-mar-1999','Centrocampista'),
  ('605949','SSV Jahn Regensburg',37,'Björn','Zempelin','7-feb-2000','Centrocampista'),
  ('207578','SSV Jahn Regensburg',7,'Max','Besuschkow','31-may-1997','Centrocampista'),
  ('055519','SSV Jahn Regensburg',18,'Christoph','Moritz','27-jan-1990','Centrocampista'),
  ('333661','SSV Jahn Regensburg',11,'Florian','Heister','2-mar-1997','Centrocampista'),
  ('414318','SSV Jahn Regensburg',26,'Charalampos','Makridis','5-jul-1996','Attaccante'),
  ('157927','SSV Jahn Regensburg',22,'Sebastian','Stolze','29-jan-1995','Attaccante'),
  ('093532','SSV Jahn Regensburg',9,'Jann','George','31-jul-1992','Attaccante'),
  ('274355','SSV Jahn Regensburg',null,'Albion','Vrenezi','4-oct-1993','Attaccante'),
  ('342967','SSV Jahn Regensburg',4,'Jan-Niklas','Beste','4-jan-1999','Attaccante'),
  ('282180','SSV Jahn Regensburg',23,'Nicolas','Wähling','24-aug-1997','Attaccante'),
  ('146096','SSV Jahn Regensburg',null,'Federico','Palacios','9-apr-1995','Attaccante'),
  ('088647','SSV Jahn Regensburg',19,'Andreas','Albers','23-mar-1990','Attaccante'),
  ('561647','SSV Jahn Regensburg',10,'Kaan','Caliskaner','3-nov-1999','Attaccante'),
  ('324660','SSV Jahn Regensburg',29,'André','Becker','26-jul-1996','Attaccante'),
  ('149354','SSV Jahn Regensburg',21,'Jan-Marc','Schneider','25-mar-1994','Attaccante'),
  ('453807','Würzburger Kickers',null,'Vincent','Müller','23-aug-2000','Portiere'),
  ('104220','Würzburger Kickers',39,'Hendrik','Bonmann','22-jan-1994','Portiere'),
  ('053408','Würzburger Kickers',1,'Fabian','Giefer','17-may-1990','Portiere'),
  ('187203','Würzburger Kickers',33,'Eric','Verstappen','19-may-1994','Portiere'),
  ('586058','Würzburger Kickers',null,'Maximilian','Pérez Hintermeier','3-jul-2003','Portiere'),
  ('224513','Würzburger Kickers',4,'Lars','Dietz','7-jan-1997','Difensore'),
  ('405784','Würzburger Kickers',6,'Tobias','Kraulich','24-mar-1999','Difensore'),
  ('149249','Würzburger Kickers',30,'Ewerton','null','23-mar-1989','Difensore'),
  ('158049','Würzburger Kickers',14,'Hendrik','Hansen','4-nov-1994','Difensore'),
  ('064590','Würzburger Kickers',19,'Douglas','null','12-jan-1988','Difensore'),
  ('333942','Würzburger Kickers',26,'Lion','Schweers','1-apr-1996','Difensore'),
  ('358903','Würzburger Kickers',null,'Leroy','Kwadwo','15-aug-1996','Difensore'),
  ('038609','Würzburger Kickers',28,'Arne','Feick','1-apr-1988','Difensore'),
  ('795656','Würzburger Kickers',17,'Umut','Ünlü','2-nov-2002','Difensore'),
  ('052590','Würzburger Kickers',31,'Rolf','Feltscher','6-oct-1990','Difensore'),
  ('270027','Würzburger Kickers',34,'Frank','Ronstadt','21-jul-1997','Difensore'),
  ('300502','Würzburger Kickers',21,'Luke','Hemmerich','9-feb-1998','Difensore'),
  ('895698','Würzburger Kickers',null,'Adrian','Schlagbauer','9-jul-2002','Centrocampista'),
  ('068004','Würzburger Kickers',27,'Nzuzi','Toko','20-nov-1990','Centrocampista'),
  ('101168','Würzburger Kickers',22,'Daniel','Hägele','23-feb-1989','Centrocampista'),
  ('282104','Würzburger Kickers',3,'Niklas','Hoffmann','9-apr-1997','Centrocampista'),
  ('296897','Würzburger Kickers',12,'Patrick','Sontheimer','3-jul-1998','Centrocampista'),
  ('299961','Würzburger Kickers',35,'Martin','Hasek','3-oct-1995','Centrocampista'),
  ('380286','Würzburger Kickers',25,'Dominik','Meisel','29-jun-1999','Centrocampista'),
  ('272159','Würzburger Kickers',null,'Florian','Flecker','29-oct-1995','Centrocampista'),
  ('124338','Würzburger Kickers',38,'Robert','Herrmann','10-aug-1993','Centrocampista'),
  ('149820','Würzburger Kickers',7,'Mitja','Lotric','3-sep-1994','Centrocampista'),
  ('317739','Würzburger Kickers',29,'David','Kopacz','29-may-1999','Centrocampista'),
  ('264310','Würzburger Kickers',null,'Keanu','Staude','26-jan-1997','Centrocampista'),
  ('187285','Würzburger Kickers',18,'Chris','David','6-mar-1993','Centrocampista'),
  ('077001','Würzburger Kickers',37,'Rajiv','van La Parra','4-jun-1991','Attaccante'),
  ('152431','Würzburger Kickers',9,'Dominic','Baumann','24-apr-1995','Attaccante'),
  ('232463','Würzburger Kickers',null,'Luca','Pfeiffer','20-aug-1996','Attaccante'),
  ('471055','Würzburger Kickers',10,'Marvin','Pieringer','4-oct-1999','Attaccante'),
  ('051497','Würzburger Kickers',20,'Ridge','Munsy','9-jul-1989','Attaccante'),
  ('094256','Würzburger Kickers',null,'Saliou','Sané','19-jul-1992','Attaccante'),
  ('475431','Würzburger Kickers',8,'Vladimir','Nikolov','7-feb-2001','Attaccante'),
  ('032660','Würzburger Kickers',24,'Stefan','Maierhofer','16-aug-1982','Attaccante'),
  ('124080','Eintracht Braunschweig',null,'Marcel','Engelhardt','5-apr-1993','Portiere'),
  ('019471','Eintracht Braunschweig',16,'Jasmin','Fejzic','15-may-1986','Portiere'),
  ('119034','Eintracht Braunschweig',12,'Felix','Dornebusch','12-jul-1994','Portiere'),
  ('509725','Eintracht Braunschweig',35,'Lennart','Schulze Kökelsum','12-mar-2002','Portiere'),
  ('265136','Eintracht Braunschweig',25,'Oumar','Diakhite','9-dec-1993','Difensore'),
  ('085660','Eintracht Braunschweig',30,'Brian','Behrendt','24-oct-1991','Difensore'),
  ('126424','Eintracht Braunschweig',null,'Michael','Schultz','30-may-1993','Difensore'),
  ('280589','Eintracht Braunschweig',40,'Robin','Ziegele','13-mar-1997','Difensore'),
  ('232936','Eintracht Braunschweig',14,'Nico','Klaß','3-apr-1997','Difensore'),
  ('056112','Eintracht Braunschweig',19,'Felix','Burmeister','9-mar-1990','Difensore'),
  ('193032','Eintracht Braunschweig',27,'Niko','Kijewski','28-mar-1996','Difensore'),
  ('094976','Eintracht Braunschweig',3,'Lasse','Schlüter','27-apr-1992','Difensore'),
  ('472011','Eintracht Braunschweig',null,'Jannis','Kleeberg','21-apr-2002','Difensore'),
  ('119292','Eintracht Braunschweig',23,'Danilo','Wiebe','22-mar-1994','Difensore'),
  ('040116','Eintracht Braunschweig',5,'Benjamin','Kessel','1-oct-1987','Difensore'),
  ('093649','Eintracht Braunschweig',4,'Jannis','Nikolaou','31-jul-1993','Centrocampista'),
  ('120199','Eintracht Braunschweig',6,'Dominik','Wydra','21-mar-1994','Centrocampista'),
  ('391379','Eintracht Braunschweig',28,'Yassin','Ben Balla','24-feb-1996','Centrocampista'),
  ('227087','Eintracht Braunschweig',39,'Patrick','Kammerbauer','11-feb-1997','Centrocampista'),
  ('335954','Eintracht Braunschweig',8,'Iba','May','6-jun-1998','Centrocampista'),
  ('031910','Eintracht Braunschweig',18,'Felix','Kroos','12-mar-1991','Centrocampista'),
  ('369896','Eintracht Braunschweig',38,'Leon','Bürger','11-nov-1999','Centrocampista'),
  ('471895','Eintracht Braunschweig',35,'Matthias','Heiland','13-dec-2001','Centrocampista'),
  ('093853','Eintracht Braunschweig',10,'Martin','Kobylanski','8-mar-1994','Centrocampista'),
  ('316590','Eintracht Braunschweig',17,'Yari','Otto','27-may-1999','Centrocampista'),
  ('094641','Eintracht Braunschweig',22,'Manuel','Schwenk','7-mar-1992','Attaccante'),
  ('237732','Eintracht Braunschweig',null,'Leandro','Putaro','7-jan-1997','Attaccante'),
  ('160980','Eintracht Braunschweig',7,'Fabio','Kaufmann','8-sep-1992','Attaccante'),
  ('164265','Eintracht Braunschweig',29,'Dong-won','Ji','28-may-1991','Attaccante'),
  ('356118','Eintracht Braunschweig',20,'Suleiman','Abdullahi','10-dec-1996','Attaccante'),
  ('154853','Eintracht Braunschweig',15,'Marcel','Bär','8-jun-1992','Attaccante'),
  ('031535','Eintracht Braunschweig',33,'Nick','Proschwitz','28-nov-1986','Attaccante'),
  ('581048','Eintracht Braunschweig',9,'Njegos','Kupusovic','22-feb-2001','Attaccante');

insert into Partite values
  ('L2000000',1,'VfL Bochum','FC St. Pauli',2,2),
  ('L2000001',3,'VfL Bochum','VfL Osnabrück',0,0),
  ('L2000002',5,'VfL Bochum','FC Erzgebirge Aue',2,0),
  ('L2000003',7,'VfL Bochum','SpVgg Greuther Fürth',0,2),
  ('L2000004',9,'VfL Bochum','Fortuna Düsseldorf',5,0),
  ('L2000005',11,'VfL Bochum','SC Paderborn 07',3,0),
  ('L2000006',13,'VfL Bochum','1.FC Heidenheim 1846',3,0),
  ('L2000007',14,'VfL Bochum','SV Darmstadt 98',2,1),
  ('L2000008',16,'VfL Bochum','1.FC Nuremberg',3,1),
  ('L2000009',19,'VfL Bochum','Karlsruher SC',1,2),
  ('L2000010',1,'SpVgg Greuther Fürth','VfL Osnabrück',1,1),
  ('L2000011',4,'SpVgg Greuther Fürth','Hamburger SV',0,1),
  ('L2000012',6,'SpVgg Greuther Fürth','Hannover 96',4,1),
  ('L2000013',8,'SpVgg Greuther Fürth','SSV Jahn Regensburg',3,1),
  ('L2000014',10,'SpVgg Greuther Fürth','1.FC Heidenheim 1846',0,1),
  ('L2000015',12,'SpVgg Greuther Fürth','SV Darmstadt 98',0,4),
  ('L2000016',14,'SpVgg Greuther Fürth','FC St. Pauli',2,1),
  ('L2000017',16,'SpVgg Greuther Fürth','SC Paderborn 07',1,1),
  ('L2000018',19,'SpVgg Greuther Fürth','FC Erzgebirge Aue',3,0),
  ('L2000019',1,'Holstein Kiel','SC Paderborn 07',1,0),
  ('L2000020',3,'Holstein Kiel','Fortuna Düsseldorf',2,1),
  ('L2000021',5,'Holstein Kiel','SpVgg Greuther Fürth',1,3),
  ('L2000022',7,'Holstein Kiel','Hamburger SV',1,1),
  ('L2000023',8,'Holstein Kiel','1.FC Heidenheim 1846',2,2),
  ('L2000024',10,'Holstein Kiel','VfL Bochum',3,1),
  ('L2000025',12,'Holstein Kiel','1.FC Nuremberg',1,0),
  ('L2000026',14,'Holstein Kiel','VfL Osnabrück',1,2),
  ('L2000027',16,'Holstein Kiel','Karlsruher SC',2,3),
  ('L2000028',19,'Holstein Kiel','Eintracht Braunschweig',3,1),
  ('L2000029',1,'Hamburger SV','Fortuna Düsseldorf',2,1),
  ('L2000030',3,'Hamburger SV','FC Erzgebirge Aue',3,0),
  ('L2000031',5,'Hamburger SV','Würzburger Kickers',3,1),
  ('L2000032',6,'Hamburger SV','FC St. Pauli',2,2),
  ('L2000033',8,'Hamburger SV','VfL Bochum',1,3),
  ('L2000034',10,'Hamburger SV','Hannover 96',0,1),
  ('L2000035',12,'Hamburger SV','SV Sandhausen',4,0),
  ('L2000036',14,'Hamburger SV','SSV Jahn Regensburg',3,1),
  ('L2000037',16,'Hamburger SV','VfL Osnabrück',5,0),
  ('L2000038',19,'Hamburger SV','SC Paderborn 07',3,1),
  ('L2000039',2,'Fortuna Düsseldorf','Würzburger Kickers',1,0),
  ('L2000040',4,'Fortuna Düsseldorf','SSV Jahn Regensburg',2,2),
  ('L2000041',6,'Fortuna Düsseldorf','1.FC Heidenheim 1846',1,0),
  ('L2000042',8,'Fortuna Düsseldorf','SV Sandhausen',1,0),
  ('L2000043',10,'Fortuna Düsseldorf','SV Darmstadt 98',3,2),
  ('L2000044',12,'Fortuna Düsseldorf','VfL Osnabrück',3,0),
  ('L2000045',14,'Fortuna Düsseldorf','SC Paderborn 07',2,1),
  ('L2000046',17,'Fortuna Düsseldorf','SpVgg Greuther Fürth',3,3),
  ('L2000047',18,'Fortuna Düsseldorf','Hamburger SV',0,0),
  ('L2000048',2,'Karlsruher SC','VfL Bochum',0,1),
  ('L2000049',4,'Karlsruher SC','SV Sandhausen',3,0),
  ('L2000050',6,'Karlsruher SC','SV Darmstadt 98',3,4),
  ('L2000051',9,'Karlsruher SC','SC Paderborn 07',1,0),
  ('L2000052',11,'Karlsruher SC','Fortuna Düsseldorf',1,2),
  ('L2000053',13,'Karlsruher SC','Hamburger SV',1,2),
  ('L2000054',15,'Karlsruher SC','SpVgg Greuther Fürth',3,2),
  ('L2000055',17,'Karlsruher SC','1.FC Heidenheim 1846',1,1),
  ('L2000056',18,'Karlsruher SC','Hannover 96',1,0),
  ('L2000057',2,'SV Darmstadt 98','SSV Jahn Regensburg',0,0),
  ('L2000058',5,'SV Darmstadt 98','FC St. Pauli',2,2),
  ('L2000059',7,'SV Darmstadt 98','SC Paderborn 07',0,4),
  ('L2000060',9,'SV Darmstadt 98','Eintracht Braunschweig',4,0),
  ('L2000061',11,'SV Darmstadt 98','Hamburger SV',1,2),
  ('L2000062',13,'SV Darmstadt 98','Würzburger Kickers',2,0),
  ('L2000063',15,'SV Darmstadt 98','Hannover 96',1,2),
  ('L2000064',17,'SV Darmstadt 98','Holstein Kiel',0,2),
  ('L2000065',18,'SV Darmstadt 98','SV Sandhausen',2,1),
  ('L2000066',1,'1.FC Heidenheim 1846','Eintracht Braunschweig',2,0),
  ('L2000067',3,'1.FC Heidenheim 1846','SC Paderborn 07',0,0),
  ('L2000068',5,'1.FC Heidenheim 1846','VfL Osnabrück',1,1),
  ('L2000069',7,'1.FC Heidenheim 1846','Würzburger Kickers',4,1),
  ('L2000070',9,'1.FC Heidenheim 1846','Hamburger SV',3,2),
  ('L2000071',11,'1.FC Heidenheim 1846','Hannover 96',1,0),
  ('L2000072',12,'1.FC Heidenheim 1846','SSV Jahn Regensburg',0,0),
  ('L2000073',14,'1.FC Heidenheim 1846','1.FC Nuremberg',2,0),
  ('L2000074',16,'1.FC Heidenheim 1846','SV Darmstadt 98',3,0),
  ('L2000075',19,'1.FC Heidenheim 1846','FC St. Pauli',3,4),
  ('L2000076',2,'SC Paderborn 07','Hamburger SV',3,4),
  ('L2000077',4,'SC Paderborn 07','Hannover 96',1,0),
  ('L2000078',6,'SC Paderborn 07','SSV Jahn Regensburg',3,1),
  ('L2000079',8,'SC Paderborn 07','FC St. Pauli',2,0),
  ('L2000080',10,'SC Paderborn 07','1.FC Nuremberg',0,2),
  ('L2000081',12,'SC Paderborn 07','Eintracht Braunschweig',2,2),
  ('L2000082',15,'SC Paderborn 07','FC Erzgebirge Aue',2,1),
  ('L2000083',17,'SC Paderborn 07','Würzburger Kickers',1,0),
  ('L2000084',18,'SC Paderborn 07','Holstein Kiel',1,1),
  ('L2000085',2,'FC St. Pauli','1.FC Heidenheim 1846',4,2),
  ('L2000086',4,'FC St. Pauli','1.FC Nuremberg',2,2),
  ('L2000087',7,'FC St. Pauli','Karlsruher SC',0,3),
  ('L2000088',9,'FC St. Pauli','VfL Osnabrück',0,1),
  ('L2000089',11,'FC St. Pauli','FC Erzgebirge Aue',2,2),
  ('L2000090',13,'FC St. Pauli','Fortuna Düsseldorf',0,3),
  ('L2000091',15,'FC St. Pauli','Holstein Kiel',1,1),
  ('L2000092',17,'FC St. Pauli','SSV Jahn Regensburg',2,0),
  ('L2000093',18,'FC St. Pauli','VfL Bochum',2,3),
  ('L2000094',2,'1.FC Nuremberg','SV Sandhausen',1,0),
  ('L2000095',3,'1.FC Nuremberg','SV Darmstadt 98',2,3),
  ('L2000096',5,'1.FC Nuremberg','Karlsruher SC',1,1),
  ('L2000097',7,'1.FC Nuremberg','Fortuna Düsseldorf',1,1),
  ('L2000098',9,'1.FC Nuremberg','SpVgg Greuther Fürth',2,3),
  ('L2000099',11,'1.FC Nuremberg','Würzburger Kickers',2,1),
  ('L2000100',13,'1.FC Nuremberg','FC Erzgebirge Aue',1,0),
  ('L2000101',15,'1.FC Nuremberg','Hamburger SV',1,1),
  ('L2000102',17,'1.FC Nuremberg','Hannover 96',2,5),
  ('L2000103',18,'1.FC Nuremberg','SSV Jahn Regensburg',0,1),
  ('L2000104',2,'FC Erzgebirge Aue','SpVgg Greuther Fürth',1,1),
  ('L2000105',4,'FC Erzgebirge Aue','1.FC Heidenheim 1846',2,1),
  ('L2000106',6,'FC Erzgebirge Aue','Holstein Kiel',1,1),
  ('L2000107',8,'FC Erzgebirge Aue','SV Darmstadt 98',3,0),
  ('L2000108',10,'FC Erzgebirge Aue','SSV Jahn Regensburg',0,2),
  ('L2000109',12,'FC Erzgebirge Aue','Karlsruher SC',4,1),
  ('L2000110',14,'FC Erzgebirge Aue','Eintracht Braunschweig',3,1),
  ('L2000111',16,'FC Erzgebirge Aue','Fortuna Düsseldorf',0,3),
  ('L2000112',18,'FC Erzgebirge Aue','Würzburger Kickers',2,1),
  ('L2000113',1,'Hannover 96','Karlsruher SC',2,0),
  ('L2000114',3,'Hannover 96','Eintracht Braunschweig',4,1),
  ('L2000115',5,'Hannover 96','Fortuna Düsseldorf',3,0),
  ('L2000116',7,'Hannover 96','FC Erzgebirge Aue',0,0),
  ('L2000117',9,'Hannover 96','Holstein Kiel',0,3),
  ('L2000118',12,'Hannover 96','VfL Bochum',2,0),
  ('L2000119',14,'Hannover 96','SV Sandhausen',4,0),
  ('L2000120',16,'Hannover 96','FC St. Pauli',2,3),
  ('L2000121',19,'Hannover 96','VfL Osnabrück',1,0),
  ('L2000122',1,'SSV Jahn Regensburg','1.FC Nuremberg',1,1),
  ('L2000123',3,'SSV Jahn Regensburg','Karlsruher SC',1,0),
  ('L2000124',5,'SSV Jahn Regensburg','Eintracht Braunschweig',3,0),
  ('L2000125',7,'SSV Jahn Regensburg','VfL Osnabrück',2,4),
  ('L2000126',9,'SSV Jahn Regensburg','Würzburger Kickers',2,1),
  ('L2000127',11,'SSV Jahn Regensburg','Holstein Kiel',2,3),
  ('L2000128',13,'SSV Jahn Regensburg','Hannover 96',0,0),
  ('L2000129',15,'SSV Jahn Regensburg','VfL Bochum',0,2),
  ('L2000130',16,'SSV Jahn Regensburg','SV Sandhausen',3,1),
  ('L2000131',19,'SSV Jahn Regensburg','SV Darmstadt 98',1,1),
  ('L2000132',1,'SV Sandhausen','SV Darmstadt 98',3,2),
  ('L2000133',3,'SV Sandhausen','FC St. Pauli',1,0),
  ('L2000134',5,'SV Sandhausen','SC Paderborn 07',1,1),
  ('L2000135',7,'SV Sandhausen','Eintracht Braunschweig',2,2),
  ('L2000136',9,'SV Sandhausen','FC Erzgebirge Aue',1,4),
  ('L2000137',11,'SV Sandhausen','SpVgg Greuther Fürth',0,3),
  ('L2000138',13,'SV Sandhausen','Holstein Kiel',0,2),
  ('L2000139',15,'SV Sandhausen','1.FC Heidenheim 1846',4,0),
  ('L2000140',17,'SV Sandhausen','VfL Bochum',1,1),
  ('L2000141',19,'SV Sandhausen','1.FC Nuremberg',2,0),
  ('L2000142',2,'VfL Osnabrück','Hannover 96',2,1),
  ('L2000143',4,'VfL Osnabrück','SV Darmstadt 98',1,1),
  ('L2000144',6,'VfL Osnabrück','SV Sandhausen',2,1),
  ('L2000145',8,'VfL Osnabrück','1.FC Nuremberg',1,4),
  ('L2000146',10,'VfL Osnabrück','Karlsruher SC',1,2),
  ('L2000147',13,'VfL Osnabrück','SC Paderborn 07',0,1),
  ('L2000148',15,'VfL Osnabrück','Würzburger Kickers',2,3),
  ('L2000149',17,'VfL Osnabrück','FC Erzgebirge Aue',0,1),
  ('L2000150',18,'VfL Osnabrück','SpVgg Greuther Fürth',0,1),
  ('L2000151',2,'Eintracht Braunschweig','Holstein Kiel',0,0),
  ('L2000152',4,'Eintracht Braunschweig','VfL Bochum',2,1),
  ('L2000153',6,'Eintracht Braunschweig','1.FC Nuremberg',3,2),
  ('L2000154',8,'Eintracht Braunschweig','Karlsruher SC',1,3),
  ('L2000155',10,'Eintracht Braunschweig','FC St. Pauli',2,1),
  ('L2000156',11,'Eintracht Braunschweig','VfL Osnabrück',0,2),
  ('L2000157',13,'Eintracht Braunschweig','SpVgg Greuther Fürth',0,3),
  ('L2000158',15,'Eintracht Braunschweig','Fortuna Düsseldorf',0,0),
  ('L2000159',17,'Eintracht Braunschweig','Hamburger SV',2,4),
  ('L2000160',18,'Eintracht Braunschweig','1.FC Heidenheim 1846',1,0),
  ('L2000161',1,'Würzburger Kickers','FC Erzgebirge Aue',0,3),
  ('L2000162',3,'Würzburger Kickers','SpVgg Greuther Fürth',2,2),
  ('L2000163',4,'Würzburger Kickers','Holstein Kiel',0,2),
  ('L2000164',6,'Würzburger Kickers','VfL Bochum',2,3),
  ('L2000165',8,'Würzburger Kickers','Hannover 96',2,1),
  ('L2000166',10,'Würzburger Kickers','SV Sandhausen',2,3),
  ('L2000167',12,'Würzburger Kickers','FC St. Pauli',1,1),
  ('L2000168',14,'Würzburger Kickers','Karlsruher SC',2,4),
  ('L2000169',16,'Würzburger Kickers','Eintracht Braunschweig',0,0),
  ('L2000170',19,'Würzburger Kickers','Fortuna Düsseldorf',2,1);

insert into Gol values
  ('L2000000',26,'122676',false),
  ('L2000000',76,'079967',false),
  ('L2000000',84,'272587',false),
  ('L2000000',86,'272587',false),
  ('L2000002',74,'122676',false),
  ('L2000002',82,'312819',false),
  ('L2000003',9,'183780',false),
  ('L2000003',34,'108198',false),
  ('L2000004',6,'041541',false),
  ('L2000004',58,'041458',false),
  ('L2000004',72,'122676',false),
  ('L2000004',74,'122676',false),
  ('L2000004',92,'232144',false),
  ('L2000005',54,'122676',false),
  ('L2000005',60,'122676',false),
  ('L2000005',61,'079967',false),
  ('L2000006',17,'041541',false),
  ('L2000006',32,'079967',false),
  ('L2000006',92,'086643',false),
  ('L2000007',80,'042072',false),
  ('L2000007',82,'042072',true),
  ('L2000007',84,'232144',false),
  ('L2000008',29,'048547',false),
  ('L2000008',31,'122676',false),
  ('L2000008',73,'041458',false),
  ('L2000008',83,'041458',false),
  ('L2000009',14,'283286',false),
  ('L2000009',55,'111266',false),
  ('L2000009',84,'077108',false),
  ('L2000010',15,'183780',false),
  ('L2000010',26,'050487',false),
  ('L2000011',48,'153664',false),
  ('L2000012',22,'161204',false),
  ('L2000012',27,'183780',false),
  ('L2000012',52,'171209',false),
  ('L2000012',58,'330223',false),
  ('L2000012',68,'171209',false),
  ('L2000013',3,'284248',false),
  ('L2000013',33,'284248',true),
  ('L2000013',56,'183780',false),
  ('L2000013',63,'161204',false),
  ('L2000014',60,'031599',false),
  ('L2000015',17,'287920',false),
  ('L2000015',45,'080059',false),
  ('L2000015',49,'080059',false),
  ('L2000015',76,'077920',false),
  ('L2000016',24,'161204',false),
  ('L2000016',27,'136181',false),
  ('L2000016',82,'391929',false),
  ('L2000017',8,'108198',false),
  ('L2000017',24,'272278',false),
  ('L2000018',15,'171209',false),
  ('L2000018',34,'171209',false),
  ('L2000018',60,'161204',false),
  ('L2000019',59,'085298',false),
  ('L2000020',16,'093571',true),
  ('L2000020',59,'107574',true),
  ('L2000020',86,'085298',false),
  ('L2000021',7,'183780',false),
  ('L2000021',29,'171209',false),
  ('L2000021',61,'136181',false),
  ('L2000021',65,'085298',false),
  ('L2000022',43,'193025',false),
  ('L2000022',91,'196815',false),
  ('L2000023',45,'192169',true),
  ('L2000023',68,'085298',false),
  ('L2000023',87,'184204',false),
  ('L2000023',94,'184204',false),
  ('L2000024',31,'085298',false),
  ('L2000024',32,'079967',false),
  ('L2000024',64,'036207',false),
  ('L2000024',65,'314398',false),
  ('L2000025',80,'036207',false),
  ('L2000026',27,'275249',false),
  ('L2000026',42,'124517',false),
  ('L2000026',93,'209686',false),
  ('L2000027',6,'112617',false),
  ('L2000027',45,'156715',false),
  ('L2000027',60,'294534',false),
  ('L2000027',77,'294534',false),
  ('L2000027',85,'283286',false),
  ('L2000028',4,'227102',false),
  ('L2000028',28,'036207',false),
  ('L2000028',31,'294534',false),
  ('L2000028',63,'391379',false),
  ('L2000029',47,'036284',false),
  ('L2000029',60,'036284',false),
  ('L2000029',93,'086848',false),
  ('L2000030',17,'296429',false),
  ('L2000030',57,'078950',false),
  ('L2000030',72,'153664',false),
  ('L2000031',40,'224513',false),
  ('L2000031',65,'036284',false),
  ('L2000031',82,'036284',false),
  ('L2000031',92,'185699',false),
  ('L2000032',12,'036284',false),
  ('L2000032',35,'606752',false),
  ('L2000032',82,'087162',false),
  ('L2000032',84,'036284',false),
  ('L2000033',35,'122676',false),
  ('L2000033',65,'036284',false),
  ('L2000033',78,'041541',false),
  ('L2000033',82,'199633',false),
  ('L2000034',13,'330223',false),
  ('L2000035',30,'036284',false),
  ('L2000035',67,'036284',false),
  ('L2000035',78,'485706',false),
  ('L2000035',92,'448258',false),
  ('L2000036',21,'196834',false),
  ('L2000036',33,'207578',false),
  ('L2000036',39,'036284',false),
  ('L2000036',62,'415194',false),
  ('L2000037',16,'078950',false),
  ('L2000037',41,'415194',false),
  ('L2000037',48,'415194',false),
  ('L2000037',54,'448258',false),
  ('L2000037',61,'084456',true),
  ('L2000038',8,'193025',false),
  ('L2000038',21,'078950',false),
  ('L2000038',41,'186988',false),
  ('L2000038',53,'078950',false),
  ('L2000039',82,'208167',false),
  ('L2000040',1,'088647',false),
  ('L2000040',20,'157927',false),
  ('L2000040',81,'119557',false),
  ('L2000040',86,'016311',false),
  ('L2000041',32,'119044',false),
  ('L2000042',59,'016311',false),
  ('L2000043',50,'080059',false),
  ('L2000043',56,'016311',false),
  ('L2000043',67,'042072',false),
  ('L2000043',77,'119557',false),
  ('L2000043',89,'208167',false),
  ('L2000044',11,'452121',false),
  ('L2000044',89,'016311',false),
  ('L2000044',92,'016311',false),
  ('L2000045',22,'186704',false),
  ('L2000045',55,'119557',false),
  ('L2000045',79,'272278',false),
  ('L2000046',26,'085164',true),
  ('L2000046',29,'161204',false),
  ('L2000046',35,'119557',false),
  ('L2000046',49,'186704',false),
  ('L2000046',53,'108198',false),
  ('L2000046',83,'263236',false),
  ('L2000048',14,'079967',false),
  ('L2000049',3,'119037',false),
  ('L2000049',30,'450253',false),
  ('L2000049',46,'307509',false),
  ('L2000050',9,'042072',false),
  ('L2000050',22,'119037',false),
  ('L2000050',44,'119581',false),
  ('L2000050',65,'097241',false),
  ('L2000050',77,'080059',false),
  ('L2000050',81,'119037',false),
  ('L2000050',93,'042072',false),
  ('L2000051',7,'017733',false),
  ('L2000052',12,'138584',false),
  ('L2000052',57,'186704',false),
  ('L2000052',72,'119037',false),
  ('L2000053',3,'415194',false),
  ('L2000053',14,'119037',false),
  ('L2000053',82,'036284',false),
  ('L2000054',2,'388058',false),
  ('L2000054',23,'136181',false),
  ('L2000054',29,'108198',false),
  ('L2000054',46,'388058',false),
  ('L2000054',84,'119037',false),
  ('L2000055',6,'283286',false),
  ('L2000055',60,'184204',false),
  ('L2000056',65,'153678',true),
  ('L2000058',45,'080059',false),
  ('L2000058',76,'080059',false),
  ('L2000058',80,'086156',false),
  ('L2000058',97,'606752',false),
  ('L2000059',13,'332392',false),
  ('L2000059',22,'272278',false),
  ('L2000059',25,'159239',false),
  ('L2000059',61,'159239',false),
  ('L2000060',6,'042072',false),
  ('L2000060',7,'080059',false),
  ('L2000060',34,'080059',false),
  ('L2000060',36,'042072',false),
  ('L2000061',70,'036284',false),
  ('L2000061',78,'042072',false),
  ('L2000061',87,'036284',false),
  ('L2000062',55,'042072',false),
  ('L2000062',94,'195782',false),
  ('L2000063',45,'125103',false),
  ('L2000063',50,'125103',false),
  ('L2000063',68,'187499',false),
  ('L2000064',40,'227102',false),
  ('L2000064',55,'077920',true),
  ('L2000065',1,'259849',false),
  ('L2000065',36,'237226',false),
  ('L2000065',48,'237226',false),
  ('L2000066',17,'124416',false),
  ('L2000066',75,'448028',false),
  ('L2000068',54,'184204',false),
  ('L2000068',61,'271103',false),
  ('L2000069',41,'094030',false),
  ('L2000069',56,'184204',false),
  ('L2000069',71,'149820',false),
  ('L2000069',83,'119120',false),
  ('L2000069',91,'081694',false),
  ('L2000070',16,'078950',false),
  ('L2000070',24,'086916',false),
  ('L2000070',27,'184204',false),
  ('L2000070',44,'184204',false),
  ('L2000070',90,'184204',false),
  ('L2000071',20,'184204',false),
  ('L2000073',46,'094030',false),
  ('L2000073',76,'133731',false),
  ('L2000074',49,'184204',false),
  ('L2000074',59,'133731',false),
  ('L2000074',83,'094030',false),
  ('L2000075',3,'049239',false),
  ('L2000075',15,'193033',false),
  ('L2000075',30,'272587',false),
  ('L2000075',48,'184204',false),
  ('L2000075',72,'334999',false),
  ('L2000075',77,'193033',false),
  ('L2000075',87,'606752',false),
  ('L2000076',14,'296429',false),
  ('L2000076',24,'036284',false),
  ('L2000076',34,'159239',false),
  ('L2000076',36,'272278',false),
  ('L2000076',38,'272278',false),
  ('L2000076',57,'036284',false),
  ('L2000076',82,'004687',false),
  ('L2000077',26,'329324',false),
  ('L2000078',20,'010503',false),
  ('L2000078',23,'088647',false),
  ('L2000078',62,'067869',false),
  ('L2000078',79,'010503',false),
  ('L2000079',39,'159239',false),
  ('L2000079',56,'272278',false),
  ('L2000080',8,'284010',false),
  ('L2000080',49,'164767',false),
  ('L2000081',8,'159239',false),
  ('L2000081',19,'272278',false),
  ('L2000081',29,'160980',false),
  ('L2000081',81,'031535',false),
  ('L2000082',3,'186988',false),
  ('L2000082',6,'317740',false),
  ('L2000082',57,'324861',false),
  ('L2000083',31,'159239',false),
  ('L2000084',2,'272278',false),
  ('L2000084',15,'335631',false),
  ('L2000085',26,'272587',false),
  ('L2000085',34,'124416',true),
  ('L2000085',46,'447801',false),
  ('L2000085',70,'148197',false),
  ('L2000085',78,'184204',false),
  ('L2000085',80,'153661',false),
  ('L2000086',8,'048547',false),
  ('L2000086',28,'606752',false),
  ('L2000086',49,'089650',false),
  ('L2000086',78,'109763',false),
  ('L2000087',4,'156715',false),
  ('L2000087',50,'077108',false),
  ('L2000087',76,'119037',false),
  ('L2000088',86,'038378',false),
  ('L2000089',10,'053521',false),
  ('L2000089',79,'317740',false),
  ('L2000089',81,'148197',false),
  ('L2000089',89,'087162',false),
  ('L2000090',10,'086848',false),
  ('L2000090',64,'016311',false),
  ('L2000090',93,'060028',false),
  ('L2000091',52,'445939',false),
  ('L2000091',62,'196815',false),
  ('L2000092',27,'049239',false),
  ('L2000092',49,'445939',false),
  ('L2000093',4,'049239',false),
  ('L2000093',28,'079967',false),
  ('L2000093',32,'272587',false),
  ('L2000093',43,'079967',false),
  ('L2000093',63,'122676',false),
  ('L2000094',77,'279079',false),
  ('L2000095',3,'284010',false),
  ('L2000095',56,'080059',false),
  ('L2000095',61,'164767',false),
  ('L2000095',76,'237226',false),
  ('L2000095',93,'185427',false),
  ('L2000096',15,'164767',false),
  ('L2000096',53,'119581',false),
  ('L2000097',16,'048547',false),
  ('L2000097',30,'119557',false),
  ('L2000098',3,'136181',false),
  ('L2000098',8,'048547',false),
  ('L2000098',37,'136181',false),
  ('L2000098',47,'171209',false),
  ('L2000098',78,'120189',false),
  ('L2000099',36,'048547',false),
  ('L2000099',56,'152431',false),
  ('L2000099',92,'260846',false),
  ('L2000100',36,'284010',false),
  ('L2000101',14,'349433',false),
  ('L2000101',33,'036284',false),
  ('L2000102',20,'125103',false),
  ('L2000102',24,'236981',false),
  ('L2000102',35,'048547',false),
  ('L2000102',58,'079377',false),
  ('L2000102',72,'337036',false),
  ('L2000102',86,'188651',false),
  ('L2000102',89,'089650',false),
  ('L2000103',88,'088647',false),
  ('L2000104',6,'108198',false),
  ('L2000104',23,'317740',false),
  ('L2000105',54,'123558',false),
  ('L2000105',79,'053521',false),
  ('L2000105',87,'153661',false),
  ('L2000106',2,'317740',false),
  ('L2000106',9,'294534',false),
  ('L2000107',7,'053521',false),
  ('L2000107',56,'053521',false),
  ('L2000107',93,'055608',false),
  ('L2000108',8,'088647',false),
  ('L2000108',40,'157927',false),
  ('L2000109',2,'317740',false),
  ('L2000109',19,'053521',false),
  ('L2000109',51,'053521',false),
  ('L2000109',58,'388058',false),
  ('L2000109',89,'059196',false),
  ('L2000110',17,'160980',false),
  ('L2000110',42,'317740',false),
  ('L2000110',67,'317740',false),
  ('L2000110',88,'053521',false),
  ('L2000111',24,'208167',false),
  ('L2000111',82,'119557',false),
  ('L2000111',89,'131561',false),
  ('L2000112',52,'051497',false),
  ('L2000112',78,'317740',false),
  ('L2000112',85,'110885',false),
  ('L2000113',25,'052200',false),
  ('L2000113',85,'335103',false),
  ('L2000114',51,'093853',false),
  ('L2000114',54,'335103',false),
  ('L2000114',71,'330223',false),
  ('L2000114',74,'113039',false),
  ('L2000114',86,'079377',false),
  ('L2000115',57,'337036',false),
  ('L2000115',63,'125103',false),
  ('L2000115',85,'255294',true),
  ('L2000117',56,'085298',false),
  ('L2000117',57,'052200',true),
  ('L2000117',60,'294534',false),
  ('L2000118',2,'193050',false),
  ('L2000118',60,'125103',false),
  ('L2000119',23,'125103',false),
  ('L2000119',48,'188651',false),
  ('L2000119',52,'125103',false),
  ('L2000119',89,'188651',false),
  ('L2000120',2,'606752',false),
  ('L2000120',10,'049239',false),
  ('L2000120',53,'079377',false),
  ('L2000120',55,'079377',false),
  ('L2000120',92,'605268',false),
  ('L2000121',55,'236981',false),
  ('L2000122',43,'284177',false),
  ('L2000122',58,'207578',false),
  ('L2000123',44,'088647',false),
  ('L2000124',5,'274355',false),
  ('L2000124',61,'207578',false),
  ('L2000124',78,'274355',false),
  ('L2000125',12,'088647',false),
  ('L2000125',22,'124517',false),
  ('L2000125',41,'124517',false),
  ('L2000125',64,'271103',false),
  ('L2000125',72,'124517',false),
  ('L2000125',75,'344063',false),
  ('L2000126',83,'342967',false),
  ('L2000126',88,'157927',false),
  ('L2000126',92,'158049',false),
  ('L2000127',17,'274355',false),
  ('L2000127',32,'314398',false),
  ('L2000127',37,'314398',false),
  ('L2000127',66,'036207',false),
  ('L2000127',92,'342967',false),
  ('L2000129',80,'079967',false),
  ('L2000129',95,'086643',false),
  ('L2000130',6,'042230',false),
  ('L2000130',58,'093532',false),
  ('L2000130',63,'157927',false),
  ('L2000130',68,'093532',false),
  ('L2000131',30,'287920',false),
  ('L2000131',97,'561647',false),
  ('L2000132',19,'283497',false),
  ('L2000132',29,'042230',false),
  ('L2000132',38,'042230',false),
  ('L2000132',74,'042230',false),
  ('L2000132',94,'287920',false),
  ('L2000133',45,'109763',true),
  ('L2000134',28,'159239',false),
  ('L2000134',37,'322081',false),
  ('L2000135',4,'045662',false),
  ('L2000135',26,'117432',false),
  ('L2000135',46,'031535',false),
  ('L2000135',92,'316590',false),
  ('L2000136',19,'117432',false),
  ('L2000136',31,'317740',false),
  ('L2000136',40,'093841',false),
  ('L2000136',63,'093841',false),
  ('L2000136',74,'053521',false),
  ('L2000137',30,'161204',false),
  ('L2000137',33,'518505',false),
  ('L2000137',88,'596813',false),
  ('L2000138',70,'211671',false),
  ('L2000138',81,'294534',false),
  ('L2000139',9,'093586',false),
  ('L2000139',32,'047740',false),
  ('L2000139',59,'296188',false),
  ('L2000139',82,'117432',false),
  ('L2000140',44,'117432',false),
  ('L2000140',84,'122676',false),
  ('L2000141',43,'047740',false),
  ('L2000141',91,'042230',false),
  ('L2000142',33,'050487',false),
  ('L2000142',47,'050487',false),
  ('L2000142',92,'125103',false),
  ('L2000143',30,'097241',false),
  ('L2000143',78,'447730',false),
  ('L2000144',42,'088430',false),
  ('L2000144',44,'189142',false),
  ('L2000144',61,'117432',false),
  ('L2000145',25,'048547',false),
  ('L2000145',29,'349433',false),
  ('L2000145',43,'164767',false),
  ('L2000145',71,'048547',false),
  ('L2000145',91,'124517',false),
  ('L2000146',28,'088430',false),
  ('L2000146',77,'450253',false),
  ('L2000146',88,'119037',false),
  ('L2000147',56,'186988',false),
  ('L2000148',41,'124517',false),
  ('L2000148',67,'471055',false),
  ('L2000148',76,'471055',false),
  ('L2000148',80,'317739',false),
  ('L2000148',85,'447730',false),
  ('L2000149',13,'237113',false),
  ('L2000150',38,'161204',false),
  ('L2000152',5,'079967',false),
  ('L2000152',23,'160980',false),
  ('L2000152',67,'031535',false),
  ('L2000153',21,'119292',false),
  ('L2000153',31,'193877',false),
  ('L2000153',42,'193877',false),
  ('L2000153',52,'093853',false),
  ('L2000153',93,'031535',false),
  ('L2000154',14,'280589',true),
  ('L2000154',18,'119581',false),
  ('L2000154',31,'031535',false),
  ('L2000154',63,'290171',false),
  ('L2000155',2,'148197',false),
  ('L2000155',67,'154853',false),
  ('L2000155',82,'160980',false),
  ('L2000156',3,'124517',false),
  ('L2000156',65,'187496',false),
  ('L2000157',50,'108198',false),
  ('L2000157',75,'596813',false),
  ('L2000157',93,'334998',false),
  ('L2000159',9,'031910',false),
  ('L2000159',42,'154853',false),
  ('L2000159',47,'196834',false),
  ('L2000159',51,'036284',false),
  ('L2000159',59,'004687',false),
  ('L2000159',65,'196834',false),
  ('L2000160',34,'154853',false),
  ('L2000161',60,'237113',false),
  ('L2000161',63,'053521',false),
  ('L2000161',92,'422052',false),
  ('L2000162',2,'124338',false),
  ('L2000162',26,'171209',false),
  ('L2000162',64,'152431',false),
  ('L2000162',92,'388363',false),
  ('L2000163',22,'294534',false),
  ('L2000163',75,'224513',true),
  ('L2000164',7,'051497',false),
  ('L2000164',21,'148824',false),
  ('L2000164',32,'154396',false),
  ('L2000164',35,'296897',false),
  ('L2000164',73,'079967',false),
  ('L2000165',17,'125103',false),
  ('L2000165',53,'051497',false),
  ('L2000165',74,'317739',false),
  ('L2000166',18,'042230',false),
  ('L2000166',42,'149820',false),
  ('L2000166',54,'031868',false),
  ('L2000166',70,'042230',false),
  ('L2000166',88,'101168',false),
  ('L2000167',9,'471055',false),
  ('L2000167',57,'086156',false),
  ('L2000168',12,'388058',false),
  ('L2000168',28,'119581',false),
  ('L2000168',32,'119581',true),
  ('L2000168',44,'119581',false),
  ('L2000168',48,'077108',false),
  ('L2000168',67,'307509',true),
  ('L2000170',25,'016311',false),
  ('L2000170',41,'051497',false),
  ('L2000170',67,'051497',false);
