/* File created by scraping https://www.transfermarkt.com using Antonio Cardin's program */

insert into Squadre values
  ('Borussia Dortmund II','Dortmund','Maaßen'),
  ('SC Freiburg II','Freiburg im Breisgau','Stamm'),
  ('Eintracht Braunschweig','Braunschweig','Schiele'),
  ('1.FC Kaiserslautern','Kaiserslautern','Antwerpen'),
  ('SV Wehen Wiesbaden','Wiesbaden','Kauczinski'),
  ('1.FC Magdeburg','Magdeburg','Titz'),
  ('SV Waldhof Mannheim','Mannheim','Glöckner'),
  ('Hallescher FC','Halle (Saale)','Meyer'),
  ('MSV Duisburg','Duisburg','Schmidt'),
  ('TSV 1860 Munich','München','Köllner'),
  ('VfL Osnabrück','Osnabrück','Scherning'),
  ('FC Viktoria Köln','Köln','Janßen'),
  ('Würzburger Kickers','Würzburg','Santelli'),
  ('Türkgücü München','München','Heraf'),
  ('1.FC Saarbrücken','Saarbrücken','Koschinat'),
  ('SV Meppen','Meppen','Schmitt'),
  ('SC Verl','Verl','Kniat'),
  ('FSV Zwickau','Zwickau','Enochs'),
  ('FC Viktoria 1889 Berlin','Berlin','Toku'),
  ('TSV Havelse','Garbsen','Ziehl');

insert into Giocatori values
  ('388815','Borussia Dortmund II',25,'Luca','Unbehaun','27-feb-2001','Portiere'),
  ('388067','Borussia Dortmund II',40,'Stefan','Drljaca','20-apr-1999','Portiere'),
  ('237105','Borussia Dortmund II',1,'Jan','Reckert','6-feb-1997','Portiere'),
  ('659513','Borussia Dortmund II',6,'Soumaïla','Coulibaly','14-oct-2003','Difensore'),
  ('392710','Borussia Dortmund II',4,'Lennard','Maloney','8-oct-1999','Difensore'),
  ('057683','Borussia Dortmund II',30,'Niklas','Dams','28-may-1990','Difensore'),
  ('320421','Borussia Dortmund II',20,'Kolbeinn Birgir','Finnsson','25-aug-1999','Difensore'),
  ('854079','Borussia Dortmund II',3,'Guille','Bueno','18-sep-2002','Difensore'),
  ('718232','Borussia Dortmund II',32,'Abdoulaye','Kamara','6-nov-2004','Centrocampista'),
  ('482573','Borussia Dortmund II',18,'Antonios','Papadopoulos','10-sep-1999','Centrocampista'),
  ('159258','Borussia Dortmund II',23,'Franz','Pfanne','10-dec-1994','Centrocampista'),
  ('546882','Borussia Dortmund II',13,'Kamal','Bafounta','8-jan-2002','Centrocampista'),
  ('655912','Borussia Dortmund II',41,'Göktan','Gürpüz','22-jan-2003','Centrocampista'),
  ('574200','Borussia Dortmund II',43,'Dennis','Lütke-Frie','4-apr-2003','Centrocampista'),
  ('195765','Borussia Dortmund II',8,'Marco','Hober','9-sep-1995','Centrocampista'),
  ('486731','Borussia Dortmund II',21,'Christian','Viet','27-mar-1999','Centrocampista'),
  ('284214','Borussia Dortmund II',2,'Haymenn','Bah-Traoré','12-jun-1997','Centrocampista'),
  ('412935','Borussia Dortmund II',28,'Immanuel','Pherai','25-apr-2001','Centrocampista'),
  ('451380','Borussia Dortmund II',10,'Berkan','Taz','19-dec-1998','Centrocampista'),
  ('405690','Borussia Dortmund II',19,'Ole','Pohlmann','5-apr-2001','Attaccante'),
  ('395928','Borussia Dortmund II',7,'Marco','Pasalic','14-sep-2000','Attaccante'),
  ('539801','Borussia Dortmund II',42,'Bradley','Fink','17-apr-2003','Attaccante'),
  ('390460','Borussia Dortmund II',11,'Richmond','Tachie','21-apr-1999','Attaccante'),
  ('596153','Borussia Dortmund II',22,'Justin','Njinmah','15-nov-2000','Attaccante'),
  ('452131','Borussia Dortmund II',17,'Timo','Bornemann','1-dec-2000','Attaccante'),
  ('406973','Borussia Dortmund II',33,'Moritz','Broschinski','23-sep-2000','Attaccante'),
  ('679013','Borussia Dortmund II',9,'Ted','Tattermusch','8-may-2001','Attaccante'),
  ('526845','SC Freiburg II',1,'Noah','Atubolu','25-may-2002','Portiere'),
  ('632147','SC Freiburg II',40,'Niklas','Sauter','6-apr-2003','Portiere'),
  ('392127','SC Freiburg II',35,'Sebastian','Mellack','20-apr-2001','Portiere'),
  ('390162','SC Freiburg II',25,'Lars','Hunn','25-may-1999','Portiere'),
  ('548348','SC Freiburg II',33,'Kiliann','Sildillia','16-may-2002','Difensore'),
  ('599419','SC Freiburg II',16,'Max','Rosenfelder','10-feb-2003','Difensore'),
  ('527276','SC Freiburg II',20,'Kenneth','Schmidt','3-jun-2002','Difensore'),
  ('329360','SC Freiburg II',5,'Claudio','Kammerknecht','7-jul-1999','Difensore'),
  ('038409','SC Freiburg II',6,'Sandrino','Braun-Schumacher','4-jul-1988','Difensore'),
  ('815078','SC Freiburg II',34,'Jordy','Makengo','3-aug-2001','Difensore'),
  ('515964','SC Freiburg II',21,'Maximilian','Dietz','9-feb-2002','Difensore'),
  ('605315','SC Freiburg II',37,'Stefan','Ilic','6-jul-2002','Difensore'),
  ('453865','SC Freiburg II',17,'Kimberly','Ezekwem','19-jun-2001','Difensore'),
  ('383354','SC Freiburg II',28,'Sascha','Risch','13-apr-2000','Difensore'),
  ('518532','SC Freiburg II',3,'Jacob','Engel','13-jan-2001','Difensore'),
  ('500094','SC Freiburg II',27,'André','Barbosa da Silva','27-aug-2000','Difensore'),
  ('335993','SC Freiburg II',2,'Philipp','Treu','3-dec-2000','Difensore'),
  ('450176','SC Freiburg II',29,'Alexander','Bazdrigiannis','18-feb-2002','Difensore'),
  ('227087','SC Freiburg II',31,'Patrick','Kammerbauer','11-feb-1997','Centrocampista'),
  ('405670','SC Freiburg II',18,'Yannik','Engelhardt','7-feb-2001','Centrocampista'),
  ('690429','SC Freiburg II',39,'Robert','Wagner','14-jul-2003','Centrocampista'),
  ('488778','SC Freiburg II',12,'Julius','Tauriainen','18-apr-2001','Centrocampista'),
  ('038415','SC Freiburg II',14,'Johannes','Flum','14-dec-1987','Centrocampista'),
  ('690425','SC Freiburg II',45,'Philip','Fahrner','2-jan-2003','Centrocampista'),
  ('383362','SC Freiburg II',8,'Enzo','Leopold','23-jul-2000','Centrocampista'),
  ('336324','SC Freiburg II',30,'Daniels','Ontuzans','7-mar-2000','Centrocampista'),
  ('392163','SC Freiburg II',26,'Noah','Weißhaupt','20-sep-2001','Attaccante'),
  ('507494','SC Freiburg II',7,'Guillaume','Furrer','28-jan-2001','Attaccante'),
  ('361064','SC Freiburg II',11,'Raphael','Assibey-Mensah','31-aug-1999','Attaccante'),
  ('709171','SC Freiburg II',13,'Ji-han','Lee','8-jan-2003','Attaccante'),
  ('720948','SC Freiburg II',38,'Mika','Baur','9-jul-2004','Attaccante'),
  ('527279','SC Freiburg II',23,'Emilio','Kehrer','20-mar-2002','Attaccante'),
  ('346900','SC Freiburg II',19,'Nishan','Burkart','31-jan-2000','Attaccante'),
  ('273054','SC Freiburg II',9,'Vincent','Vermeij','9-aug-1994','Attaccante'),
  ('527278','SC Freiburg II',15,'Lars','Kehl','8-apr-2002','Attaccante'),
  ('019471','Eintracht Braunschweig',16,'Jasmin','Fejzic','15-may-1986','Portiere'),
  ('335464','Eintracht Braunschweig',1,'Yannik','Bangsow','21-feb-1998','Portiere'),
  ('379956','Eintracht Braunschweig',13,'Julian','Bauer','3-jul-1999','Portiere'),
  ('509725','Eintracht Braunschweig',35,'Lennart','Schulze Kökelsum','12-mar-2002','Portiere'),
  ('085660','Eintracht Braunschweig',30,'Brian','Behrendt','24-oct-1991','Difensore'),
  ('126424','Eintracht Braunschweig',2,'Michael','Schultz','30-may-1993','Difensore'),
  ('337031','Eintracht Braunschweig',5,'Philipp','Strompf','23-apr-1998','Difensore'),
  ('094976','Eintracht Braunschweig',3,'Lasse','Schlüter','27-apr-1992','Difensore'),
  ('193032','Eintracht Braunschweig',27,'Niko','Kijewski','28-mar-1996','Difensore'),
  ('472011','Eintracht Braunschweig',34,'Jannis','Kleeberg','21-apr-2002','Difensore'),
  ('119292','Eintracht Braunschweig',23,'Danilo','Wiebe','22-mar-1994','Difensore'),
  ('169295','Eintracht Braunschweig',26,'Jan-Hendrik','Marx','26-apr-1995','Difensore'),
  ('443746','Eintracht Braunschweig',14,'Luis','Görlich','1-apr-2000','Difensore'),
  ('093649','Eintracht Braunschweig',4,'Jannis','Nikolaou','31-jul-1993','Centrocampista'),
  ('121454','Eintracht Braunschweig',39,'Robin','Krauße','2-apr-1994','Centrocampista'),
  ('335954','Eintracht Braunschweig',8,'Iba','May','6-jun-1998','Centrocampista'),
  ('202515','Eintracht Braunschweig',6,'Bryan','Henning','16-mar-1995','Centrocampista'),
  ('511246','Eintracht Braunschweig',21,'Jomaine','Consbruch','26-jan-2002','Centrocampista'),
  ('093853','Eintracht Braunschweig',10,'Martin','Kobylanski','8-mar-1994','Centrocampista'),
  ('316590','Eintracht Braunschweig',17,'Yari','Otto','27-may-1999','Centrocampista'),
  ('336325','Eintracht Braunschweig',22,'Enrique','Peña Zauner','4-mar-2000','Attaccante'),
  ('187496','Eintracht Braunschweig',7,'Maurice','Multhaup','15-dec-1996','Attaccante'),
  ('405685','Eintracht Braunschweig',18,'Fabrice','Hartmann','2-mar-2001','Attaccante'),
  ('447730','Eintracht Braunschweig',11,'Luc','Ihorst','7-mar-2000','Attaccante'),
  ('307800','Eintracht Braunschweig',20,'Lion','Lauberbach','15-feb-1998','Attaccante'),
  ('392139','Eintracht Braunschweig',19,'Sebastian','Müller','23-jan-2001','Attaccante'),
  ('151111','Eintracht Braunschweig',9,'Benjamin','Girth','31-jan-1992','Attaccante'),
  ('386685','1.FC Kaiserslautern',40,'Matheo','Raab','18-dec-1998','Portiere'),
  ('273937','1.FC Kaiserslautern',1,'Avdo','Spahic','12-feb-1997','Portiere'),
  ('527653','1.FC Kaiserslautern',31,'Lorenz','Otto','24-jan-2001','Portiere'),
  ('280581','1.FC Kaiserslautern',2,'Boris','Tomiak','11-sep-1998','Difensore'),
  ('058996','1.FC Kaiserslautern',5,'Kevin','Kraus','12-aug-1992','Difensore'),
  ('447797','1.FC Kaiserslautern',3,'Marvin','Senger','6-jan-2000','Difensore'),
  ('166292','1.FC Kaiserslautern',4,'Alexander','Winkler','26-jan-1992','Difensore'),
  ('481360','1.FC Kaiserslautern',15,'Maximilian','Hippe','6-may-1998','Difensore'),
  ('082018','1.FC Kaiserslautern',21,'Hendrick','Zuck','21-jul-1990','Difensore'),
  ('696990','1.FC Kaiserslautern',38,'Neal','Gibs','1-jan-2002','Difensore'),
  ('216399','1.FC Kaiserslautern',23,'Philipp','Hercher','21-mar-1996','Difensore'),
  ('282150','1.FC Kaiserslautern',20,'Dominik','Schad','4-mar-1997','Difensore'),
  ('330635','1.FC Kaiserslautern',24,'Felix','Götze','11-feb-1998','Centrocampista'),
  ('530173','1.FC Kaiserslautern',16,'Julian','Niehues','17-apr-2001','Centrocampista'),
  ('151636','1.FC Kaiserslautern',7,'Marlon','Ritter','15-oct-1994','Centrocampista'),
  ('244930','1.FC Kaiserslautern',6,'Hikmet','Ciftci','10-mar-1998','Centrocampista'),
  ('120427','1.FC Kaiserslautern',17,'René','Klingenburg','29-dec-1993','Centrocampista'),
  ('489090','1.FC Kaiserslautern',36,'Anas','Bakhat','2-apr-2000','Centrocampista'),
  ('118196','1.FC Kaiserslautern',8,'Jean','Zimmer','6-dec-1993','Centrocampista'),
  ('259135','1.FC Kaiserslautern',10,'Nicolas','Sessa','23-mar-1996','Centrocampista'),
  ('026171','1.FC Kaiserslautern',28,'Mike','Wunderlich','25-mar-1986','Centrocampista'),
  ('443863','1.FC Kaiserslautern',27,'Anil','Gözütok','27-oct-2000','Centrocampista'),
  ('196147','1.FC Kaiserslautern',11,'Kenny Prince','Redondo','29-aug-1994','Attaccante'),
  ('557205','1.FC Kaiserslautern',25,'Simon','Stehle','17-sep-2001','Attaccante'),
  ('103064','1.FC Kaiserslautern',13,'Terrence','Boyd','16-feb-1991','Attaccante'),
  ('362746','1.FC Kaiserslautern',9,'Muhammed','Kiprit','9-jul-1999','Attaccante'),
  ('416809','1.FC Kaiserslautern',19,'Daniel','Hanslik','6-oct-1996','Attaccante'),
  ('115210','1.FC Kaiserslautern',14,'Lucas','Röser','28-dec-1993','Attaccante'),
  ('085534','SV Wehen Wiesbaden',1,'Tim','Boss','28-jun-1993','Portiere'),
  ('148096','SV Wehen Wiesbaden',16,'Florian','Stritzel','31-jan-1994','Portiere'),
  ('372127','SV Wehen Wiesbaden',31,'Arthur','Lyska','19-may-2000','Portiere'),
  ('570552','SV Wehen Wiesbaden',38,'Lucas','Becker','10-may-2002','Portiere'),
  ('397696','SV Wehen Wiesbaden',3,'Ahmet','Gürleyen','26-apr-1999','Difensore'),
  ('147216','SV Wehen Wiesbaden',4,'Sascha','Mockenhaupt','10-sep-1991','Difensore'),
  ('334543','SV Wehen Wiesbaden',17,'Florian','Carstens','8-nov-1998','Difensore'),
  ('166281','SV Wehen Wiesbaden',27,'Nico','Rieble','22-aug-1995','Difensore'),
  ('031215','SV Wehen Wiesbaden',25,'Dennis','Kempe','24-jun-1986','Difensore'),
  ('333450','SV Wehen Wiesbaden',15,'Jozo','Stanic','6-apr-1999','Difensore'),
  ('264633','SV Wehen Wiesbaden',6,'Gino','Fechner','5-sep-1997','Difensore'),
  ('239987','SV Wehen Wiesbaden',19,'Bjarke','Jacobsen','21-aug-1993','Centrocampista'),
  ('196785','SV Wehen Wiesbaden',5,'Emanuel','Taffertshofer','24-feb-1995','Centrocampista'),
  ('124568','SV Wehen Wiesbaden',10,'Sebastian','Mrowca','16-jan-1994','Centrocampista'),
  ('196226','SV Wehen Wiesbaden',11,'Mehmet','Kurt','9-jan-1996','Centrocampista'),
  ('083188','SV Wehen Wiesbaden',18,'Marc','Lais','4-feb-1991','Centrocampista'),
  ('342240','SV Wehen Wiesbaden',9,'Thijmen','Goppel','16-feb-1997','Centrocampista'),
  ('338879','SV Wehen Wiesbaden',28,'Kevin','Lankford','16-nov-1998','Centrocampista'),
  ('453870','SV Wehen Wiesbaden',21,'Benedict','Hollerbach','17-may-2001','Centrocampista'),
  ('120301','SV Wehen Wiesbaden',22,'Maximilian','Thiel','3-feb-1993','Centrocampista'),
  ('392714','SV Wehen Wiesbaden',14,'Lucas','Brumme','25-sep-1999','Centrocampista'),
  ('223975','SV Wehen Wiesbaden',24,'Dominik','Prokop','2-jun-1997','Centrocampista'),
  ('109792','SV Wehen Wiesbaden',7,'Gianluca','Korte','29-aug-1990','Centrocampista'),
  ('692397','SV Wehen Wiesbaden',40,'Amin','Farouk','22-jul-2003','Centrocampista'),
  ('320440','SV Wehen Wiesbaden',29,'Gustaf','Nilsson','23-may-1997','Attaccante'),
  ('093926','SV Wehen Wiesbaden',8,'Johannes','Wurtz','19-jun-1992','Attaccante'),
  ('082367','SV Wehen Wiesbaden',35,'Petar','Sliskovic','21-feb-1991','Attaccante'),
  ('534304','SV Wehen Wiesbaden',33,'John','Iredale','1-aug-1999','Attaccante'),
  ('238722','1.FC Magdeburg',1,'Dominik','Reimann','18-jun-1997','Portiere'),
  ('381250','1.FC Magdeburg',39,'Benjamin','Leneis','8-mar-1999','Portiere'),
  ('695738','1.FC Magdeburg',12,'Tom','Schlitter','17-may-2002','Portiere'),
  ('818246','1.FC Magdeburg',30,'Noah','Kruth','24-jun-2003','Portiere'),
  ('019483','1.FC Magdeburg',5,'Tobias','Müller','8-jul-1994','Difensore'),
  ('052354','1.FC Magdeburg',24,'Alexander','Bittroff','19-sep-1988','Difensore'),
  ('196763','1.FC Magdeburg',27,'Korbinian','Burger','27-apr-1995','Difensore'),
  ('232355','1.FC Magdeburg',19,'Leon','Bell Bell','6-sep-1996','Difensore'),
  ('317747','1.FC Magdeburg',22,'Tim','Sechelmann','15-jan-1999','Difensore'),
  ('330699','1.FC Magdeburg',28,'Raphael','Obermair','1-apr-1996','Difensore'),
  ('335921','1.FC Magdeburg',2,'Tobias','Knost','8-may-2000','Difensore'),
  ('381755','1.FC Magdeburg',15,'Henry','Rorig','3-mar-2000','Difensore'),
  ('627658','1.FC Magdeburg',4,'Eldin','Dzogovic','8-jun-2003','Difensore'),
  ('438315','1.FC Magdeburg',16,'Andreas','Müller','20-jul-2000','Centrocampista'),
  ('380078','1.FC Magdeburg',20,'Julian','Rieckmann','1-aug-2000','Centrocampista'),
  ('342042','1.FC Magdeburg',6,'Adrian','Malachowski','10-mar-1998','Centrocampista'),
  ('207580','1.FC Magdeburg',29,'Amara','Condé','6-jan-1997','Centrocampista'),
  ('124084','1.FC Magdeburg',8,'Sebastian','Jakubiak','21-jun-1993','Centrocampista'),
  ('161072','1.FC Magdeburg',23,'Baris','Atik','9-jan-1995','Centrocampista'),
  ('107205','1.FC Magdeburg',13,'Connor','Krempicki','14-sep-1994','Centrocampista'),
  ('316575','1.FC Magdeburg',10,'Moritz-Broni','Kwarteng','28-apr-1998','Centrocampista'),
  ('218011','1.FC Magdeburg',18,'Florian','Kath','21-oct-1994','Attaccante'),
  ('262270','1.FC Magdeburg',7,'Luka','Sliskovic','4-apr-1995','Attaccante'),
  ('381248','1.FC Magdeburg',37,'Tatsuya','Ito','26-jun-1997','Attaccante'),
  ('045734','1.FC Magdeburg',31,'Nico','Granatowski','3-jun-1991','Attaccante'),
  ('390661','1.FC Magdeburg',21,'Jason','Ceka','10-nov-1999','Attaccante'),
  ('307183','1.FC Magdeburg',17,'Sirlord','Conteh','9-jul-1996','Attaccante'),
  ('379985','1.FC Magdeburg',14,'Maximilian','Franzke','5-mar-1999','Attaccante'),
  ('388029','1.FC Magdeburg',26,'Luca','Schuler','22-mar-1999','Attaccante'),
  ('284058','1.FC Magdeburg',9,'Kai','Brünker','10-jun-1994','Attaccante'),
  ('217718','SV Waldhof Mannheim',1,'Timo','Königsmann','5-apr-1997','Portiere'),
  ('296346','SV Waldhof Mannheim',23,'Jan-Christoph','Bartels','13-jan-1999','Portiere'),
  ('384740','SV Waldhof Mannheim',30,'Lucien','Hawryluk','5-oct-2000','Portiere'),
  ('233420','SV Waldhof Mannheim',4,'Jesper','Verlaat','4-jun-1996','Difensore'),
  ('119572','SV Waldhof Mannheim',5,'Marcel','Seegert','29-apr-1994','Difensore'),
  ('480710','SV Waldhof Mannheim',27,'Gerrit','Gohlke','12-mar-1999','Difensore'),
  ('238144','SV Waldhof Mannheim',22,'Jan','Just','14-sep-1996','Difensore'),
  ('280553','SV Waldhof Mannheim',19,'Anton','Donkor','11-nov-1997','Difensore'),
  ('296188','SV Waldhof Mannheim',21,'Alexander','Rossipal','6-jun-1996','Difensore'),
  ('288073','SV Waldhof Mannheim',2,'Niklas-Wilson','Sommer','2-apr-1998','Difensore'),
  ('183755','SV Waldhof Mannheim',24,'Marcel','Gottschling','14-may-1994','Difensore'),
  ('333243','SV Waldhof Mannheim',3,'Emmanuel Léonce','Kouadio','27-dec-1998','Difensore'),
  ('055510','SV Waldhof Mannheim',37,'Marco','Höger','16-sep-1989','Centrocampista'),
  ('343332','SV Waldhof Mannheim',6,'Stefano','Russo','29-jun-2000','Centrocampista'),
  ('238175','SV Waldhof Mannheim',8,'Fridolin','Wagner','23-sep-1997','Centrocampista'),
  ('268757','SV Waldhof Mannheim',35,'Hamza','Saghiri','18-feb-1997','Centrocampista'),
  ('285161','SV Waldhof Mannheim',7,'Onur','Ünlücifci','24-apr-1997','Centrocampista'),
  ('274274','SV Waldhof Mannheim',17,'Marcel','Costly','20-nov-1995','Centrocampista'),
  ('395674','SV Waldhof Mannheim',20,'Adrien','Lebeau','8-jul-1999','Centrocampista'),
  ('192294','SV Waldhof Mannheim',18,'Mohamed','Gouaida','15-may-1993','Centrocampista'),
  ('450253','SV Waldhof Mannheim',34,'Dominik','Kother','16-mar-2000','Attaccante'),
  ('018684','SV Waldhof Mannheim',13,'Marc','Schnatterer','18-nov-1985','Attaccante'),
  ('383223','SV Waldhof Mannheim',25,'Baris','Ekincier','24-mar-1999','Attaccante'),
  ('228386','SV Waldhof Mannheim',9,'Joseph','Boyamba','29-jul-1996','Attaccante'),
  ('227093','SV Waldhof Mannheim',11,'Dominik','Martinovic','25-mar-1997','Attaccante'),
  ('158312','SV Waldhof Mannheim',10,'Pascal','Sohm','2-nov-1991','Attaccante'),
  ('231587','SV Waldhof Mannheim',29,'Gillian','Jurcher','9-apr-1997','Attaccante'),
  ('453861','SV Waldhof Mannheim',31,'Justin','Butler','23-mar-2001','Attaccante'),
  ('383032','SV Waldhof Mannheim',14,'Anthony','Roczen','16-aug-1999','Attaccante'),
  ('426685','Hallescher FC',18,'Tim','Schreiber','24-apr-2002','Portiere'),
  ('168797','Hallescher FC',1,'Sven','Müller','16-feb-1996','Portiere'),
  ('150080','Hallescher FC',37,'Daniel','Mesenhöler','24-jul-1995','Portiere'),
  ('155374','Hallescher FC',33,'Jonas','Nietfeld','15-jan-1994','Difensore'),
  ('267035','Hallescher FC',5,'Jannes','Vollert','21-jan-1998','Difensore'),
  ('197383','Hallescher FC',25,'Sören','Reddemann','16-may-1996','Difensore'),
  ('386784','Hallescher FC',3,'Niklas','Kastenhofer','8-jan-1999','Difensore'),
  ('529198','Hallescher FC',4,'Fynn','Otto','8-mar-2002','Difensore'),
  ('196394','Hallescher FC',31,'Niklas','Landgraf','1-mar-1996','Difensore'),
  ('089542','Hallescher FC',22,'Janek','Sternberg','19-oct-1992','Difensore'),
  ('690157','Hallescher FC',17,'Lukas','Griebsch','28-oct-2003','Difensore'),
  ('089658','Hallescher FC',8,'Niklas','Kreuzer','20-feb-1993','Difensore'),
  ('233610','Hallescher FC',28,'Sebastian','Bösel','24-oct-1994','Difensore'),
  ('694790','Hallescher FC',16,'Lucas','Halangk','22-sep-2003','Difensore'),
  ('188931','Hallescher FC',27,'Louis','Samson','3-jul-1995','Centrocampista'),
  ('082452','Hallescher FC',2,'Jan','Löhmannsröben','21-apr-1991','Centrocampista'),
  ('049669','Hallescher FC',26,'Marcel','Titsch Rivero','2-nov-1989','Centrocampista'),
  ('043822','Hallescher FC',6,'Toni','Lindenhahn','15-nov-1990','Centrocampista'),
  ('597004','Hallescher FC',39,'Joscha','Wosz','20-jul-2002','Centrocampista'),
  ('528834','Hallescher FC',11,'Jan','Shcherbakovski','24-mar-2001','Centrocampista'),
  ('276566','Hallescher FC',23,'Aaron','Herzog','30-jan-1998','Centrocampista'),
  ('390894','Hallescher FC',19,'Elias','Löder','25-apr-2000','Centrocampista'),
  ('087650','Hallescher FC',7,'Julian-Maurice','Derstroff','5-jan-1992','Attaccante'),
  ('565472','Hallescher FC',20,'Kebba','Badjie','22-aug-1999','Attaccante'),
  ('469814','Hallescher FC',24,'Julian','Guttau','29-oct-1999','Attaccante'),
  ('337097','Hallescher FC',30,'Tom','Zimmerschied','22-sep-1998','Attaccante'),
  ('050782','Hallescher FC',9,'Justin','Eilers','13-jun-1988','Attaccante'),
  ('195049','Hallescher FC',10,'Michael','Eberwein','11-mar-1996','Attaccante'),
  ('059196','Hallescher FC',21,'Philipp','Zulechner','12-apr-1990','Attaccante'),
  ('284688','Hallescher FC',29,'Elias','Huth','10-feb-1997','Attaccante'),
  ('605573','Hallescher FC',15,'Tom','Bierschenk','13-jul-2002','Attaccante'),
  ('196427','MSV Duisburg',1,'Leo','Weinkauf','7-jul-1996','Portiere'),
  ('042717','MSV Duisburg',30,'Jo','Coppens','21-dec-1990','Portiere'),
  ('656163','MSV Duisburg',24,'Maximilian','Braune','6-jul-2003','Portiere'),
  ('604125','MSV Duisburg',25,'Roman','Schabbing','6-feb-2002','Portiere'),
  ('156710','MSV Duisburg',28,'Oliver','Steurer','6-jan-1995','Difensore'),
  ('227352','MSV Duisburg',14,'Stefan','Velkov','12-dec-1996','Difensore'),
  ('335999','MSV Duisburg',26,'Vincent','Gembalies','18-jan-2000','Difensore'),
  ('339596','MSV Duisburg',4,'Dominic','Volkmer','27-apr-1996','Difensore'),
  ('335101','MSV Duisburg',15,'Tobias','Fleckstein','24-apr-1999','Difensore'),
  ('358903','MSV Duisburg',5,'Leroy','Kwadwo','15-aug-1996','Difensore'),
  ('397677','MSV Duisburg',27,'Niko','Bretschneider','10-aug-1999','Difensore'),
  ('052590','MSV Duisburg',21,'Rolf','Feltscher','6-oct-1990','Difensore'),
  ('681188','MSV Duisburg',16,'Luca','Nikolai','2-mar-2003','Difensore'),
  ('053602','MSV Duisburg',6,'Marvin','Bakalorz','13-sep-1989','Centrocampista'),
  ('044299','MSV Duisburg',17,'Marvin','Knoll','5-dec-1990','Centrocampista'),
  ('388026','MSV Duisburg',23,'Niclas','Stierlin','22-jan-2000','Centrocampista'),
  ('182752','MSV Duisburg',37,'Marlon','Frey','24-mar-1996','Centrocampista'),
  ('696116','MSV Duisburg',18,'Caspar','Jander','23-mar-2003','Centrocampista'),
  ('216401','MSV Duisburg',20,'Marvin','Ajani','4-oct-1993','Centrocampista'),
  ('085946','MSV Duisburg',7,'Kolja','Pusch','12-feb-1993','Centrocampista'),
  ('386109','MSV Duisburg',9,'Alaa','Bakir','15-jan-2001','Centrocampista'),
  ('032845','MSV Duisburg',10,'Moritz','Stoppelkamp','11-dec-1986','Attaccante'),
  ('439914','MSV Duisburg',39,'John','Yeboah','23-jun-2000','Attaccante'),
  ('482074','MSV Duisburg',22,'Rudolf','Ndualu','22-jul-1999','Attaccante'),
  ('092111','MSV Duisburg',29,'Orhan','Ademi','28-oct-1991','Attaccante'),
  ('049821','MSV Duisburg',11,'Aziz','Bouhaddouz','30-mar-1987','Attaccante'),
  ('675509','MSV Duisburg',13,'Julian','Hettwer','15-jun-2003','Attaccante'),
  ('321099','MSV Duisburg',19,'Chinedu','Ekene','9-jul-1999','Attaccante'),
  ('278329','TSV 1860 Munich',1,'Marco','Hiller','20-feb-1997','Portiere'),
  ('334127','TSV 1860 Munich',40,'Tom','Kretzschmar','19-jan-1999','Portiere'),
  ('197169','TSV 1860 Munich',12,'György','Székely','2-jun-1995','Portiere'),
  ('045707','TSV 1860 Munich',6,'Stephan','Salger','30-jan-1990','Difensore'),
  ('315334','TSV 1860 Munich',27,'Semi','Belkahia','22-dec-1998','Difensore'),
  ('590478','TSV 1860 Munich',3,'Niklas','Lang','13-jun-2002','Difensore'),
  ('786822','TSV 1860 Munich',39,'Leandro','Morgalla','13-sep-2004','Difensore'),
  ('082008','TSV 1860 Munich',36,'Phillipp','Steinhart','7-jul-1992','Difensore'),
  ('620493','TSV 1860 Munich',32,'Maxim','Gresler','3-jun-2003','Difensore'),
  ('081542','TSV 1860 Munich',25,'Marius','Willsch','18-mar-1991','Difensore'),
  ('348214','TSV 1860 Munich',16,'Kevin','Goden','22-feb-1999','Difensore'),
  ('324856','TSV 1860 Munich',14,'Dennis','Dressel','26-oct-1998','Centrocampista'),
  ('087190','TSV 1860 Munich',5,'Quirin','Moll','21-jan-1991','Centrocampista'),
  ('124571','TSV 1860 Munich',17,'Daniel','Wein','5-feb-1994','Centrocampista'),
  ('522250','TSV 1860 Munich',28,'Marco','Mannhardt','4-jul-2002','Centrocampista'),
  ('454034','TSV 1860 Munich',8,'Erik','Tallig','10-jan-2000','Centrocampista'),
  ('158805','TSV 1860 Munich',20,'Yannick','Deichmann','13-aug-1994','Centrocampista'),
  ('667470','TSV 1860 Munich',24,'Nathan','Wicht','20-feb-2004','Centrocampista'),
  ('380420','TSV 1860 Munich',34,'Alexander','Freitag','12-feb-1999','Centrocampista'),
  ('228953','TSV 1860 Munich',31,'Richard','Neudecker','29-oct-1996','Centrocampista'),
  ('264310','TSV 1860 Munich',23,'Keanu','Staude','26-jan-1997','Centrocampista'),
  ('590480','TSV 1860 Munich',30,'Milos','Cocic','5-jun-2003','Centrocampista'),
  ('435798','TSV 1860 Munich',11,'Fabian','Greilinger','13-sep-2000','Attaccante'),
  ('196843','TSV 1860 Munich',19,'Merveille','Biankadi','9-may-1995','Attaccante'),
  ('615400','TSV 1860 Munich',18,'Lorenz','Knöferl','4-may-2003','Attaccante'),
  ('458397','TSV 1860 Munich',21,'Johann Ngounou','Djayo','27-feb-2001','Attaccante'),
  ('116792','TSV 1860 Munich',7,'Stefan','Lex','27-nov-1989','Attaccante'),
  ('154853','TSV 1860 Munich',15,'Marcel','Bär','8-jun-1992','Attaccante'),
  ('346850','TSV 1860 Munich',22,'Tim','Linsbichler','14-jan-2000','Attaccante'),
  ('124187','VfL Osnabrück',22,'Philipp','Kühn','2-sep-1992','Portiere'),
  ('193632','VfL Osnabrück',1,'Tim','Wiesner','21-nov-1996','Portiere'),
  ('400514','VfL Osnabrück',21,'Laurenz','Beckemeyer','16-apr-2000','Portiere'),
  ('164142','VfL Osnabrück',4,'Lukas','Gugganig','14-feb-1995','Difensore'),
  ('088430','VfL Osnabrück',33,'Timo','Beermann','10-dec-1990','Difensore'),
  ('084456','VfL Osnabrück',18,'Maurice','Trapp','31-dec-1991','Difensore'),
  ('448027','VfL Osnabrück',3,'Florian','Kleinhansl','11-aug-2000','Difensore'),
  ('186363','VfL Osnabrück',24,'Manuel','Haas','7-may-1996','Difensore'),
  ('388294','VfL Osnabrück',23,'Omar','Traoré','4-feb-1998','Difensore'),
  ('093557','VfL Osnabrück',8,'Ulrich','Taffertshofer','14-feb-1992','Centrocampista'),
  ('202604','VfL Osnabrück',6,'Sven','Köhler','8-nov-1996','Centrocampista'),
  ('333239','VfL Osnabrück',13,'Lukas','Kunze','14-jun-1998','Centrocampista'),
  ('300509','VfL Osnabrück',29,'Davide','Itter','5-jan-1999','Centrocampista'),
  ('378424','VfL Osnabrück',26,'Sebastian','Klaas','30-jun-1998','Centrocampista'),
  ('331638','VfL Osnabrück',16,'Ulrich','Bapoh','29-jun-1999','Centrocampista'),
  ('364375','VfL Osnabrück',10,'Oliver','Wähling','6-sep-1999','Centrocampista'),
  ('344063','VfL Osnabrück',30,'Aaron','Opoku','28-mar-1999','Attaccante'),
  ('605244','VfL Osnabrück',25,'Emeka','Oduah','14-apr-2002','Attaccante'),
  ('227974','VfL Osnabrück',11,'Ba-Muaka','Simakala','28-jan-1997','Attaccante'),
  ('076143','VfL Osnabrück',7,'Sören','Bertram','5-jun-1991','Attaccante'),
  ('810355','VfL Osnabrück',37,'Jannik','Zahmel','15-apr-2003','Attaccante'),
  ('067407','VfL Osnabrück',9,'Andrew','Wooten','30-sep-1989','Attaccante'),
  ('031968','VfL Osnabrück',20,'Marc','Heider','18-may-1986','Attaccante'),
  ('230810','VfL Osnabrück',17,'Felix','Higl','8-jan-1997','Attaccante'),
  ('627398','VfL Osnabrück',27,'Tom','Bertelsmann','17-jan-2002','Attaccante'),
  ('817011','VfL Osnabrück',35,'Arvin','Moulai','29-jun-2003','Attaccante'),
  ('284270','FC Viktoria Köln',22,'Moritz','Nicolas','21-oct-1997','Portiere'),
  ('569288','FC Viktoria Köln',25,'Elias','Bördner','18-feb-2002','Portiere'),
  ('078872','FC Viktoria Köln',24,'Kevin','Rauhut','30-dec-1989','Portiere'),
  ('158052','FC Viktoria Köln',3,'Maximilian','Rossmann','6-may-1995','Difensore'),
  ('278324','FC Viktoria Köln',15,'Christoph','Greger','14-jan-1997','Difensore'),
  ('604113','FC Viktoria Köln',20,'Jamil','Siebert','2-apr-2002','Difensore'),
  ('154980','FC Viktoria Köln',23,'Moritz','Fritz','15-jul-1993','Difensore'),
  ('701336','FC Viktoria Köln',2,'Alexander','Höck','30-mar-2002','Difensore'),
  ('453756','FC Viktoria Köln',21,'Dario','De Vita','12-feb-2000','Difensore'),
  ('810673','FC Viktoria Köln',36,'Ilhan','Altuntas','6-jan-2003','Difensore'),
  ('109763','FC Viktoria Köln',5,'Daniel','Buballa','11-may-1990','Difensore'),
  ('597001','FC Viktoria Köln',37,'Niklas','May','10-apr-2002','Difensore'),
  ('076516','FC Viktoria Köln',28,'Patrick','Koronkiewicz','13-mar-1991','Difensore'),
  ('332624','FC Viktoria Köln',18,'Kai','Klefisch','3-dec-1999','Centrocampista'),
  ('196050','FC Viktoria Köln',4,'Jeremias','Lorch','2-dec-1995','Centrocampista'),
  ('296897','FC Viktoria Köln',6,'Patrick','Sontheimer','3-jul-1998','Centrocampista'),
  ('051176','FC Viktoria Köln',31,'Marcel','Risse','17-dec-1989','Centrocampista'),
  ('333661','FC Viktoria Köln',17,'Florian','Heister','2-mar-1997','Centrocampista'),
  ('819248','FC Viktoria Köln',34,'Benjamin','Hemcke','14-feb-2003','Centrocampista'),
  ('106265','FC Viktoria Köln',7,'Simon','Handle','25-jan-1993','Centrocampista'),
  ('810672','FC Viktoria Köln',26,'Joel','Vieting','11-may-2003','Centrocampista'),
  ('684307','FC Viktoria Köln',27,'Youssef','Amyn','21-aug-2003','Attaccante'),
  ('339057','FC Viktoria Köln',30,'Luca','Marseiler','18-feb-1997','Attaccante'),
  ('342165','FC Viktoria Köln',10,'David','Philipp','10-apr-2000','Attaccante'),
  ('146096','FC Viktoria Köln',11,'Federico','Palacios','9-apr-1995','Attaccante'),
  ('524560','FC Viktoria Köln',14,'Lenn','Jastremski','24-jan-2001','Attaccante'),
  ('095354','FC Viktoria Köln',9,'Timmy','Thiele','31-jul-1991','Attaccante'),
  ('810669','FC Viktoria Köln',39,'Seok-ju','Hong','7-may-2003','Attaccante'),
  ('104220','Würzburger Kickers',1,'Hendrik','Bonmann','22-jan-1994','Portiere'),
  ('634638','Würzburger Kickers',24,'Marc','Richter','31-dec-1999','Portiere'),
  ('586058','Würzburger Kickers',33,'Maximilian','Pérez Hintermeier','3-jul-2003','Portiere'),
  ('224513','Würzburger Kickers',4,'Lars','Dietz','7-jan-1997','Difensore'),
  ('405784','Würzburger Kickers',6,'Tobias','Kraulich','24-mar-1999','Difensore'),
  ('356325','Würzburger Kickers',5,'Leon','Schneider','19-jun-2000','Difensore'),
  ('048081','Würzburger Kickers',32,'Christian','Strohdiek','22-jan-1988','Difensore'),
  ('422211','Würzburger Kickers',26,'Alexander','Lungwitz','4-aug-2000','Difensore'),
  ('161936','Würzburger Kickers',16,'Peter','Kurzweg','10-feb-1994','Difensore'),
  ('760069','Würzburger Kickers',14,'Louis','Breunig','14-nov-2003','Difensore'),
  ('453877','Würzburger Kickers',2,'Dennis','Waidner','8-feb-2001','Difensore'),
  ('068004','Würzburger Kickers',27,'Nzuzi','Toko','20-nov-1990','Centrocampista'),
  ('101168','Würzburger Kickers',22,'Daniel','Hägele','23-feb-1989','Centrocampista'),
  ('282104','Würzburger Kickers',3,'Niklas','Hoffmann','9-apr-1997','Centrocampista'),
  ('195781','Würzburger Kickers',7,'Mirnes','Pepic','19-dec-1995','Centrocampista'),
  ('062934','Würzburger Kickers',20,'Fanol','Perdedaj','16-jul-1991','Centrocampista'),
  ('380286','Würzburger Kickers',25,'Dominik','Meisel','29-jun-1999','Centrocampista'),
  ('278330','Würzburger Kickers',21,'Moritz','Heinrich','3-jul-1997','Centrocampista'),
  ('378798','Würzburger Kickers',37,'Ryan','Adigo','15-apr-2001','Centrocampista'),
  ('124338','Würzburger Kickers',38,'Robert','Herrmann','10-aug-1993','Centrocampista'),
  ('317739','Würzburger Kickers',29,'David','Kopacz','29-may-1999','Centrocampista'),
  ('196421','Würzburger Kickers',34,'Marvin','Stefaniak','3-feb-1995','Centrocampista'),
  ('588902','Würzburger Kickers',17,'Dildar','Atmaca','17-oct-2002','Attaccante'),
  ('354054','Würzburger Kickers',19,'Marco','Hausjell','6-jun-1999','Attaccante'),
  ('584254','Würzburger Kickers',10,'Maximilian','Breunig','14-aug-2000','Attaccante'),
  ('052117','Würzburger Kickers',9,'Marvin','Pourié','8-jan-1991','Attaccante'),
  ('324660','Würzburger Kickers',39,'André','Becker','26-jul-1996','Attaccante'),
  ('094256','Würzburger Kickers',11,'Saliou','Sané','19-jul-1992','Attaccante'),
  ('040520','Türkgücü München',1,'René','Vollath','20-mar-1990','Portiere'),
  ('059818','Türkgücü München',26,'Franco','Flückiger','1-mar-1991','Portiere'),
  ('411201','Türkgücü München',12,'Michael','Wagner','26-jul-2000','Portiere'),
  ('038267','Türkgücü München',5,'Mergim','Mavraj','9-jun-1986','Difensore'),
  ('217285','Türkgücü München',36,'Filip','Kusic','3-jun-1996','Difensore'),
  ('195612','Türkgücü München',13,'Alexander','Sorge','21-apr-1993','Difensore'),
  ('315437','Türkgücü München',35,'Furkan','Zorba','25-feb-1998','Difensore'),
  ('452222','Türkgücü München',3,'Moritz','Römling','30-apr-2001','Difensore'),
  ('125331','Türkgücü München',23,'Moritz','Kuhn','1-aug-1991','Difensore'),
  ('242166','Türkgücü München',18,'Boubacar','Barry','15-apr-1996','Difensore'),
  ('149265','Türkgücü München',15,'Paterson','Chato','1-dec-1996','Centrocampista'),
  ('111277','Türkgücü München',17,'Tim','Rieder','3-sep-1993','Centrocampista'),
  ('471896','Türkgücü München',16,'Luis','Jakobi','15-dec-2001','Centrocampista'),
  ('430310','Türkgücü München',6,'Andy','Irving','13-may-2000','Centrocampista'),
  ('307591','Türkgücü München',37,'Nico','Gorzel','29-jul-1998','Centrocampista'),
  ('190699','Türkgücü München',8,'Ünal','Tosun','5-oct-1992','Centrocampista'),
  ('140712','Türkgücü München',30,'Lukas','Scepanik','11-apr-1994','Centrocampista'),
  ('045464','Türkgücü München',10,'Sercan','Sararer','27-nov-1989','Centrocampista'),
  ('126285','Türkgücü München',11,'Sebastian','Maier','18-sep-1993','Centrocampista'),
  ('122827','Türkgücü München',20,'Philip','Türpitz','23-aug-1991','Attaccante'),
  ('191426','Türkgücü München',7,'Leroy-Jacques','Mickels','25-jun-1995','Attaccante'),
  ('274355','Türkgücü München',9,'Albion','Vrenezi','4-oct-1993','Attaccante'),
  ('337816','Türkgücü München',22,'Sinan','Karweina','29-mar-1999','Attaccante'),
  ('284737','Türkgücü München',21,'Törles','Knöll','13-sep-1997','Attaccante'),
  ('403899','Türkgücü München',24,'Eric','Hottmann','8-feb-2000','Attaccante'),
  ('282156','Türkgücü München',14,'Yomi','Scintu','20-may-1997','Attaccante'),
  ('090317','1.FC Saarbrücken',1,'Daniel','Batz','12-jan-1991','Portiere'),
  ('527555','1.FC Saarbrücken',36,'Marcel','Johnen','11-oct-2002','Portiere'),
  ('300582','1.FC Saarbrücken',30,'Jonas','Hupe','1-dec-1999','Portiere'),
  ('227078','1.FC Saarbrücken',29,'Lukas','Boeder','18-apr-1997','Difensore'),
  ('060443','1.FC Saarbrücken',5,'Steven','Zellner','14-mar-1991','Difensore'),
  ('091280','1.FC Saarbrücken',14,'Boné','Uaferro','4-jan-1992','Difensore'),
  ('335998','1.FC Saarbrücken',17,'Dominik','Becker','9-jan-2000','Difensore'),
  ('094210','1.FC Saarbrücken',16,'Bjarne','Thoelke','11-apr-1992','Difensore'),
  ('222225','1.FC Saarbrücken',4,'Pius','Krätschmer','16-jun-1997','Difensore'),
  ('161697','1.FC Saarbrücken',23,'Mario','Müller','16-jan-1992','Difensore'),
  ('115659','1.FC Saarbrücken',22,'Dominik','Ernst','8-aug-1990','Difensore'),
  ('809498','1.FC Saarbrücken',33,'Luca','Kerber','10-mar-2002','Centrocampista'),
  ('085960','1.FC Saarbrücken',8,'Manuel','Zeitz','1-aug-1990','Centrocampista'),
  ('270164','1.FC Saarbrücken',21,'Alexander','Groiß','1-jul-1998','Centrocampista'),
  ('286593','1.FC Saarbrücken',26,'Dave','Gnaase','14-dec-1996','Centrocampista'),
  ('322081','1.FC Saarbrücken',10,'Robin','Scheu','16-feb-1995','Centrocampista'),
  ('043821','1.FC Saarbrücken',25,'Tobias','Jänicke','16-mar-1989','Centrocampista'),
  ('278569','1.FC Saarbrücken',28,'Minos','Gouras','7-jun-1998','Attaccante'),
  ('433091','1.FC Saarbrücken',7,'Jalen','Hawkins','24-jan-2001','Attaccante'),
  ('718236','1.FC Saarbrücken',32,'Marius','Köhl','31-may-2001','Attaccante'),
  ('161079','1.FC Saarbrücken',20,'Julian','Günther-Schmidt','13-sep-1994','Attaccante'),
  ('196876','1.FC Saarbrücken',24,'Sebastian','Jacob','26-jun-1993','Attaccante'),
  ('069392','1.FC Saarbrücken',39,'Adriano','Grimaldi','5-apr-1991','Attaccante'),
  ('455664','1.FC Saarbrücken',19,'Justin','Steinkötter','26-sep-1999','Attaccante'),
  ('019072','SV Meppen',32,'Erik','Domaschke','11-nov-1985','Portiere'),
  ('443478','SV Meppen',12,'Matthis','Harsman','4-oct-1999','Portiere'),
  ('274989','SV Meppen',1,'Constantin','Frommann','27-may-1998','Portiere'),
  ('863612','SV Meppen',37,'Julius','Tombült','6-mar-2003','Portiere'),
  ('964114','SV Meppen',44,'Julius','Pünt','1-apr-2004','Portiere'),
  ('379114','SV Meppen',19,'Lars','Bünning','27-feb-1998','Difensore'),
  ('054238','SV Meppen',22,'Steffen','Puttkammer','30-sep-1988','Difensore'),
  ('410259','SV Meppen',4,'Yannick','Osée','13-jun-1997','Difensore'),
  ('123395','SV Meppen',25,'Jeron','Al-Hazaimeh','13-feb-1992','Difensore'),
  ('379804','SV Meppen',5,'Jonas','Fedl','5-feb-1999','Difensore'),
  ('471358','SV Meppen',28,'Moritz','Hinnenkamp','21-may-2002','Difensore'),
  ('606122','SV Meppen',29,'Joe','Klöpper','6-mar-2002','Difensore'),
  ('094754','SV Meppen',30,'Max','Dombrowka','24-mar-1992','Difensore'),
  ('227799','SV Meppen',15,'Markus','Ballmert','27-nov-1993','Difensore'),
  ('245800','SV Meppen',3,'Janik','Jesgarzewski','26-jan-1994','Difensore'),
  ('195676','SV Meppen',6,'Ole','Käuper','9-jan-1997','Centrocampista'),
  ('322761','SV Meppen',16,'Florian','Egerer','17-feb-1998','Centrocampista'),
  ('047737','SV Meppen',8,'Thilo','Leugers','9-jan-1991','Centrocampista'),
  ('038378','SV Meppen',31,'David','Blacha','22-oct-1990','Centrocampista'),
  ('080060','SV Meppen',14,'Willi','Evseev','14-feb-1992','Centrocampista'),
  ('072989','SV Meppen',10,'Luka','Tankulic','21-jun-1991','Centrocampista'),
  ('193006','SV Meppen',20,'Mike','Bähre','10-aug-1995','Centrocampista'),
  ('033416','SV Meppen',7,'Marcus','Piossek','21-jul-1989','Centrocampista'),
  ('264528','SV Meppen',21,'Beyhan','Ametov','7-nov-1998','Attaccante'),
  ('525385','SV Meppen',34,'Tobias','Dombrowa','24-jul-1999','Attaccante'),
  ('346309','SV Meppen',11,'Morgan','Faßbender','18-oct-1998','Attaccante'),
  ('058030','SV Meppen',17,'Christoph','Hemlein','16-dec-1990','Attaccante'),
  ('216348','SV Meppen',18,'René','Guder','6-sep-1994','Attaccante'),
  ('315256','SV Meppen',9,'Mike','Feigenspan','5-aug-1995','Attaccante'),
  ('053455','SV Meppen',39,'Richard','Sukuta-Pasu','24-jun-1990','Attaccante'),
  ('448092','SV Meppen',23,'Lukas','Krüger','20-jan-2000','Attaccante'),
  ('348778','SC Verl',40,'Niclas','Thiede','14-apr-1999','Portiere'),
  ('232487','SC Verl',32,'Robin','Brüseke','14-sep-1993','Portiere'),
  ('119291','SC Verl',23,'Steffen','Schäfer','1-may-1994','Difensore'),
  ('296694','SC Verl',19,'Lasse','Jürgensen','16-feb-1998','Difensore'),
  ('096098','SC Verl',22,'Aaron','Berzel','29-may-1992','Difensore'),
  ('380419','SC Verl',3,'Cottrell','Ezekwem','13-may-1999','Difensore'),
  ('086028','SC Verl',4,'Daniel','Mikic','6-jul-1992','Difensore'),
  ('264641','SC Verl',15,'Frederik','Lach','18-mar-1997','Difensore'),
  ('336975','SC Verl',20,'Luca','Stellwagen','10-dec-1998','Difensore'),
  ('326921','SC Verl',24,'Christopher','Lannert','8-jun-1998','Difensore'),
  ('427254','SC Verl',11,'Nico','Ochojski','9-jan-1999','Difensore'),
  ('331637','SC Verl',5,'Tom','Baack','13-mar-1999','Centrocampista'),
  ('088033','SC Verl',25,'Vinko','Sapina','29-jun-1995','Centrocampista'),
  ('423192','SC Verl',6,'Barne','Pernot','11-jun-1999','Centrocampista'),
  ('467433','SC Verl',26,'Emanuel','Mirchev','9-feb-2002','Centrocampista'),
  ('413859','SC Verl',27,'Mael','Corboz','6-sep-1994','Centrocampista'),
  ('401639','SC Verl',21,'Lukas','Petkov','1-nov-2000','Centrocampista'),
  ('296415','SC Verl',8,'Julian','Schwermann','8-jul-1999','Centrocampista'),
  ('237732','SC Verl',34,'Leandro','Putaro','7-jan-1997','Attaccante'),
  ('085206','SC Verl',30,'Patrick','Schikowski','20-jun-1992','Attaccante'),
  ('196146','SC Verl',9,'Kasim','Rabihic','24-feb-1993','Attaccante'),
  ('279018','SC Verl',18,'Pascal','Steinwender','2-aug-1996','Attaccante'),
  ('506855','SC Verl',14,'Cyrill','Akono','29-feb-2000','Attaccante'),
  ('259183','SC Verl',13,'Serhat','Koruk','4-may-1996','Attaccante'),
  ('360311','SC Verl',7,'Ron','Berlinski','8-aug-1994','Attaccante'),
  ('503854','SC Verl',10,'Joel','Grodowski','30-nov-1997','Attaccante'),
  ('002453','SC Verl',28,'Mahir','Saglik','18-jan-1983','Attaccante'),
  ('089649','FSV Zwickau',1,'Johannes','Brinkies','20-jun-1993','Portiere'),
  ('312178','FSV Zwickau',29,'Matti','Kamenz','9-aug-1998','Portiere'),
  ('517085','FSV Zwickau',26,'Max','Sprang','4-jul-2000','Portiere'),
  ('185423','FSV Zwickau',25,'Steffen','Nkansah','7-apr-1996','Difensore'),
  ('202838','FSV Zwickau',14,'Max','Reinthaler','22-mar-1995','Difensore'),
  ('056554','FSV Zwickau',19,'Davy','Frick','5-apr-1990','Difensore'),
  ('069012','FSV Zwickau',17,'Adam','Susac','20-may-1989','Difensore'),
  ('237576','FSV Zwickau',22,'Can','Coskun','26-mar-1998','Difensore'),
  ('521141','FSV Zwickau',2,'Felix','Brand','15-feb-2001','Difensore'),
  ('151105','FSV Zwickau',16,'Nils','Butzen','2-apr-1993','Difensore'),
  ('229792','FSV Zwickau',21,'Marco','Schikora','20-sep-1994','Centrocampista'),
  ('149209','FSV Zwickau',6,'Maximilian','Jansen','26-may-1993','Centrocampista'),
  ('369882','FSV Zwickau',27,'Yannik','Möker','27-jul-1999','Centrocampista'),
  ('146167','FSV Zwickau',3,'Anthony','Syhre','18-mar-1995','Centrocampista'),
  ('077869','FSV Zwickau',13,'Mike','Könnecke','23-aug-1988','Centrocampista'),
  ('094116','FSV Zwickau',31,'Patrick','Göbel','8-jul-1993','Centrocampista'),
  ('393337','FSV Zwickau',23,'Marius','Hauptmann','14-sep-1999','Centrocampista'),
  ('329814','FSV Zwickau',20,'Luca','Horn','19-dec-1998','Centrocampista'),
  ('523212','FSV Zwickau',7,'Yannic','Voigt','27-oct-2002','Centrocampista'),
  ('083707','FSV Zwickau',10,'Manfred','Starke','21-feb-1991','Centrocampista'),
  ('371347','FSV Zwickau',11,'Dustin','Willms','30-jun-1999','Attaccante'),
  ('153634','FSV Zwickau',8,'Marcel','Hilßner','30-jan-1995','Attaccante'),
  ('673925','FSV Zwickau',18,'Johan','Gómez','23-jul-2001','Attaccante'),
  ('152431','FSV Zwickau',28,'Dominic','Baumann','24-apr-1995','Attaccante'),
  ('425283','FSV Zwickau',9,'Lars','Lokotsch','17-may-1996','Attaccante'),
  ('002175','FSV Zwickau',15,'Ronny','König','2-jun-1983','Attaccante'),
  ('337082','FC Viktoria 1889 Berlin',13,'Julian','Krahl','22-jan-2000','Portiere'),
  ('093869','FC Viktoria 1889 Berlin',1,'Philip','Sprint','27-jun-1993','Portiere'),
  ('817521','FC Viktoria 1889 Berlin',32,'Maximilian','Kinzig','4-dec-2003','Portiere'),
  ('287220','FC Viktoria 1889 Berlin',4,'Jakob','Lewald','26-feb-1999','Difensore'),
  ('259127','FC Viktoria 1889 Berlin',16,'Patrick Wolfgang','Kapp','20-jul-1997','Difensore'),
  ('390631','FC Viktoria 1889 Berlin',19,'Tobias','Gunte','11-apr-1997','Difensore'),
  ('088597','FC Viktoria 1889 Berlin',24,'Alexander','Hahn','20-jan-1993','Difensore'),
  ('688639','FC Viktoria 1889 Berlin',36,'Mladen','Cvjetinovic','18-sep-2003','Difensore'),
  ('521474','FC Viktoria 1889 Berlin',14,'Brooklyn','Ezeh','23-jun-2001','Difensore'),
  ('050758','FC Viktoria 1889 Berlin',30,'Christoph','Menz','22-dec-1988','Centrocampista'),
  ('031169','FC Viktoria 1889 Berlin',6,'Bernd','Nehrig','28-sep-1986','Centrocampista'),
  ('093806','FC Viktoria 1889 Berlin',25,'Björn','Jopek','24-aug-1993','Centrocampista'),
  ('153502','FC Viktoria 1889 Berlin',8,'Christopher','Theisen','13-jun-1993','Centrocampista'),
  ('448259','FC Viktoria 1889 Berlin',29,'Lukas','Pinckert','22-jan-2000','Centrocampista'),
  ('444878','FC Viktoria 1889 Berlin',27,'Shinji','Yamada','24-feb-1994','Centrocampista'),
  ('482163','FC Viktoria 1889 Berlin',26,'Deji','Beyreuther','6-sep-1999','Centrocampista'),
  ('237032','FC Viktoria 1889 Berlin',20,'Firat','Sucsuz','27-jun-1996','Centrocampista'),
  ('334924','FC Viktoria 1889 Berlin',31,'Martin','Gambos','23-jan-1998','Centrocampista'),
  ('272570','FC Viktoria 1889 Berlin',10,'Enes','Küc','28-nov-1996','Centrocampista'),
  ('363425','FC Viktoria 1889 Berlin',7,'Cebrail','Makreckis','10-may-2000','Centrocampista'),
  ('601908','FC Viktoria 1889 Berlin',35,'Diren-Mehmet','Günay','10-may-2003','Centrocampista'),
  ('336331','FC Viktoria 1889 Berlin',18,'Franck','Evina','5-jul-2000','Attaccante'),
  ('381133','FC Viktoria 1889 Berlin',17,'Pasqual','Verkamp','13-oct-1997','Attaccante'),
  ('528555','FC Viktoria 1889 Berlin',23,'Moritz','Seiffert','4-nov-2000','Attaccante'),
  ('528866','FC Viktoria 1889 Berlin',28,'Shalva','Ogbaidze','1-aug-2002','Attaccante'),
  ('505983','FC Viktoria 1889 Berlin',11,'Falcão','null','21-oct-1999','Attaccante'),
  ('077947','FC Viktoria 1889 Berlin',9,'Soufian','Benyamina','2-mar-1990','Attaccante'),
  ('263899','FC Viktoria 1889 Berlin',34,'Kimmo','Hovi','31-may-1994','Attaccante'),
  ('602816','FC Viktoria 1889 Berlin',21,'Matteo','Gumaneh','5-sep-2002','Attaccante'),
  ('235403','TSV Havelse',1,'Norman','Quindt','2-nov-1996','Portiere'),
  ('379959','TSV Havelse',12,'Tobias','Stirl','17-apr-2000','Portiere'),
  ('009247','TSV Havelse',35,'Alexander','Dlugaiczyk','17-feb-1983','Portiere'),
  ('235371','TSV Havelse',19,'Fynn','Arkenberg','4-mar-1996','Difensore'),
  ('123562','TSV Havelse',20,'Tobias','Fölster','30-jan-1994','Difensore'),
  ('080069','TSV Havelse',26,'Niklas','Tasky','11-feb-1991','Difensore'),
  ('094208','TSV Havelse',5,'Jonas','Sonnenberg','23-jun-1993','Difensore'),
  ('193051','TSV Havelse',13,'Niklas','Teichgräber','7-feb-1996','Difensore'),
  ('335920','TSV Havelse',6,'Nils','Piwernetz','3-apr-2000','Difensore'),
  ('054863','TSV Havelse',39,'Florian','Riedel','9-apr-1990','Difensore'),
  ('388980','TSV Havelse',3,'Marco','Schleef','15-jan-1999','Difensore'),
  ('286230','TSV Havelse',2,'Erik','Henschel','4-oct-1996','Difensore'),
  ('499212','TSV Havelse',27,'Leonardo','Gubinelli','27-aug-2000','Centrocampista'),
  ('202957','TSV Havelse',9,'Julius','Düker','4-jan-1996','Centrocampista'),
  ('334587','TSV Havelse',24,'Noah','Plume','18-aug-1996','Centrocampista'),
  ('386512','TSV Havelse',7,'Vico','Meien','15-mar-1998','Centrocampista'),
  ('528855','TSV Havelse',28,'Julian','Rufidis','6-jul-2000','Centrocampista'),
  ('294701','TSV Havelse',15,'Kianz','Froese','16-apr-1996','Centrocampista'),
  ('447772','TSV Havelse',25,'Oliver','Daedlow','29-jun-2000','Centrocampista'),
  ('094008','TSV Havelse',23,'Linus','Meyer','7-jan-1992','Centrocampista'),
  ('032677','TSV Havelse',10,'Deniz','Cicek','19-oct-1992','Centrocampista'),
  ('383699','TSV Havelse',16,'Torben','Engelking','28-jun-1996','Attaccante'),
  ('397665','TSV Havelse',14,'Leon','Damer','31-jan-2000','Attaccante'),
  ('403267','TSV Havelse',8,'Julius','Langfeld','18-feb-1995','Attaccante'),
  ('529128','TSV Havelse',17,'Ilir','Qela','3-jan-2001','Attaccante'),
  ('528856','TSV Havelse',18,'Fynn','Lakenmacher','10-may-2000','Attaccante'),
  ('153910','TSV Havelse',11,'Yannik','Jaeschke','20-oct-1993','Attaccante');

insert into Partite values
  ('L3000000',2,'1.FC Magdeburg','SC Freiburg II',0,0),
  ('L3000001',4,'1.FC Magdeburg','MSV Duisburg',2,1),
  ('L3000002',7,'1.FC Magdeburg','1.FC Kaiserslautern',1,0),
  ('L3000003',9,'1.FC Magdeburg','Würzburger Kickers',1,2),
  ('L3000004',11,'1.FC Magdeburg','Türkgücü München',4,0),
  ('L3000005',13,'1.FC Magdeburg','FC Viktoria 1889 Berlin',1,0),
  ('L3000006',15,'1.FC Magdeburg','SC Verl',2,0),
  ('L3000007',17,'1.FC Magdeburg','Eintracht Braunschweig',2,0),
  ('L3000008',19,'1.FC Magdeburg','VfL Osnabrück',2,1),
  ('L3000009',1,'1.FC Kaiserslautern','Eintracht Braunschweig',0,0),
  ('L3000010',4,'1.FC Kaiserslautern','TSV 1860 Munich',3,0),
  ('L3000011',6,'1.FC Kaiserslautern','FSV Zwickau',1,1),
  ('L3000012',8,'1.FC Kaiserslautern','SV Waldhof Mannheim',0,0),
  ('L3000013',10,'1.FC Kaiserslautern','VfL Osnabrück',2,0),
  ('L3000014',12,'1.FC Kaiserslautern','SC Freiburg II',3,0),
  ('L3000015',14,'1.FC Kaiserslautern','Würzburger Kickers',0,2),
  ('L3000016',16,'1.FC Kaiserslautern','SV Wehen Wiesbaden',1,0),
  ('L3000017',18,'1.FC Kaiserslautern','FC Viktoria Köln',4,0),
  ('L3000018',2,'Eintracht Braunschweig','FC Viktoria 1889 Berlin',0,4),
  ('L3000019',4,'Eintracht Braunschweig','FSV Zwickau',2,0),
  ('L3000020',6,'Eintracht Braunschweig','TSV 1860 Munich',1,1),
  ('L3000021',8,'Eintracht Braunschweig','VfL Osnabrück',2,2),
  ('L3000022',10,'Eintracht Braunschweig','SV Waldhof Mannheim',0,0),
  ('L3000023',12,'Eintracht Braunschweig','Borussia Dortmund II',4,2),
  ('L3000024',14,'Eintracht Braunschweig','SV Wehen Wiesbaden',1,2),
  ('L3000025',16,'Eintracht Braunschweig','Türkgücü München',2,0),
  ('L3000026',18,'Eintracht Braunschweig','SV Meppen',5,0),
  ('L3000027',2,'1.FC Saarbrücken','VfL Osnabrück',1,2),
  ('L3000028',3,'1.FC Saarbrücken','MSV Duisburg',2,0),
  ('L3000029',5,'1.FC Saarbrücken','1.FC Magdeburg',2,1),
  ('L3000030',7,'1.FC Saarbrücken','SV Wehen Wiesbaden',3,4),
  ('L3000031',9,'1.FC Saarbrücken','Türkgücü München',3,1),
  ('L3000032',11,'1.FC Saarbrücken','Eintracht Braunschweig',2,2),
  ('L3000033',13,'1.FC Saarbrücken','TSV 1860 Munich',1,1),
  ('L3000034',15,'1.FC Saarbrücken','1.FC Kaiserslautern',0,2),
  ('L3000035',17,'1.FC Saarbrücken','FC Viktoria 1889 Berlin',2,0),
  ('L3000036',19,'1.FC Saarbrücken','SC Freiburg II',1,0),
  ('L3000037',1,'TSV 1860 Munich','Würzburger Kickers',1,0),
  ('L3000038',3,'TSV 1860 Munich','Türkgücü München',1,1),
  ('L3000039',5,'TSV 1860 Munich','FC Viktoria Köln',3,0),
  ('L3000040',7,'TSV 1860 Munich','SV Meppen',1,1),
  ('L3000041',9,'TSV 1860 Munich','FSV Zwickau',0,2),
  ('L3000042',11,'TSV 1860 Munich','FC Viktoria 1889 Berlin',1,1),
  ('L3000043',12,'TSV 1860 Munich','SV Waldhof Mannheim',1,3),
  ('L3000044',14,'TSV 1860 Munich','SC Freiburg II',6,0),
  ('L3000045',16,'TSV 1860 Munich','MSV Duisburg',3,2),
  ('L3000046',18,'TSV 1860 Munich','1.FC Magdeburg',2,5),
  ('L3000047',1,'SV Waldhof Mannheim','1.FC Magdeburg',0,2),
  ('L3000048',3,'SV Waldhof Mannheim','Würzburger Kickers',1,1),
  ('L3000049',5,'SV Waldhof Mannheim','SV Meppen',5,0),
  ('L3000050',7,'SV Waldhof Mannheim','Türkgücü München',3,0),
  ('L3000051',9,'SV Waldhof Mannheim','Hallescher FC',2,1),
  ('L3000052',11,'SV Waldhof Mannheim','SC Verl',2,1),
  ('L3000053',13,'SV Waldhof Mannheim','FSV Zwickau',1,1),
  ('L3000054',14,'SV Waldhof Mannheim','1.FC Saarbrücken',1,0),
  ('L3000055',16,'SV Waldhof Mannheim','VfL Osnabrück',3,3),
  ('L3000056',18,'SV Waldhof Mannheim','SV Wehen Wiesbaden',1,1),
  ('L3000057',1,'VfL Osnabrück','MSV Duisburg',0,1),
  ('L3000058',3,'VfL Osnabrück','SV Wehen Wiesbaden',0,1),
  ('L3000059',5,'VfL Osnabrück','Borussia Dortmund II',2,1),
  ('L3000060',7,'VfL Osnabrück','FC Viktoria Köln',3,0),
  ('L3000061',9,'VfL Osnabrück','SV Meppen',1,0),
  ('L3000062',11,'VfL Osnabrück','FSV Zwickau',0,1),
  ('L3000063',13,'VfL Osnabrück','Hallescher FC',0,0),
  ('L3000064',15,'VfL Osnabrück','TSV 1860 Munich',3,1),
  ('L3000065',17,'VfL Osnabrück','SC Freiburg II',0,1),
  ('L3000066',18,'VfL Osnabrück','TSV Havelse',0,0),
  ('L3000067',2,'SV Wehen Wiesbaden','TSV 1860 Munich',0,0),
  ('L3000068',4,'SV Wehen Wiesbaden','TSV Havelse',2,1),
  ('L3000069',6,'SV Wehen Wiesbaden','1.FC Magdeburg',2,4),
  ('L3000070',9,'SV Wehen Wiesbaden','Borussia Dortmund II',0,1),
  ('L3000071',11,'SV Wehen Wiesbaden','FC Viktoria Köln',1,1),
  ('L3000072',13,'SV Wehen Wiesbaden','SV Meppen',3,4),
  ('L3000073',15,'SV Wehen Wiesbaden','FSV Zwickau',2,2),
  ('L3000074',17,'SV Wehen Wiesbaden','SC Verl',0,0),
  ('L3000075',19,'SV Wehen Wiesbaden','Hallescher FC',2,1),
  ('L3000076',1,'SC Freiburg II','SV Wehen Wiesbaden',0,0),
  ('L3000077',3,'SC Freiburg II','Borussia Dortmund II',2,5),
  ('L3000078',5,'SC Freiburg II','Würzburger Kickers',1,0),
  ('L3000079',7,'SC Freiburg II','Eintracht Braunschweig',0,1),
  ('L3000080',9,'SC Freiburg II','FC Viktoria 1889 Berlin',2,0),
  ('L3000081',11,'SC Freiburg II','Hallescher FC',1,1),
  ('L3000082',13,'SC Freiburg II','SC Verl',3,2),
  ('L3000083',15,'SC Freiburg II','SV Waldhof Mannheim',2,1),
  ('L3000084',16,'SC Freiburg II','TSV Havelse',0,0),
  ('L3000085',18,'SC Freiburg II','MSV Duisburg',1,0),
  ('L3000086',2,'Borussia Dortmund II','SV Waldhof Mannheim',1,1),
  ('L3000087',4,'Borussia Dortmund II','1.FC Saarbrücken',0,0),
  ('L3000088',6,'Borussia Dortmund II','MSV Duisburg',4,1),
  ('L3000089',8,'Borussia Dortmund II','1.FC Magdeburg',0,2),
  ('L3000090',11,'Borussia Dortmund II','Würzburger Kickers',2,0),
  ('L3000091',13,'Borussia Dortmund II','FC Viktoria Köln',0,1),
  ('L3000092',15,'Borussia Dortmund II','SV Meppen',0,1),
  ('L3000093',17,'Borussia Dortmund II','1.FC Kaiserslautern',0,0),
  ('L3000094',19,'Borussia Dortmund II','TSV 1860 Munich',0,2),
  ('L3000095',2,'SV Meppen','1.FC Kaiserslautern',1,0),
  ('L3000096',4,'SV Meppen','SC Verl',2,0),
  ('L3000097',6,'SV Meppen','TSV Havelse',1,0),
  ('L3000098',8,'SV Meppen','SC Freiburg II',0,1),
  ('L3000099',10,'SV Meppen','1.FC Saarbrücken',2,2),
  ('L3000100',12,'SV Meppen','1.FC Magdeburg',2,3),
  ('L3000101',14,'SV Meppen','Türkgücü München',1,0),
  ('L3000102',16,'SV Meppen','FC Viktoria Köln',4,0),
  ('L3000103',19,'SV Meppen','FC Viktoria 1889 Berlin',3,0),
  ('L3000104',1,'Hallescher FC','SV Meppen',3,1),
  ('L3000105',3,'Hallescher FC','Eintracht Braunschweig',0,2),
  ('L3000106',5,'Hallescher FC','1.FC Kaiserslautern',1,0),
  ('L3000107',6,'Hallescher FC','SC Verl',4,4),
  ('L3000108',8,'Hallescher FC','TSV 1860 Munich',1,1),
  ('L3000109',10,'Hallescher FC','1.FC Magdeburg',3,2),
  ('L3000110',12,'Hallescher FC','1.FC Saarbrücken',2,3),
  ('L3000111',14,'Hallescher FC','MSV Duisburg',2,1),
  ('L3000112',16,'Hallescher FC','Borussia Dortmund II',1,2),
  ('L3000113',18,'Hallescher FC','Würzburger Kickers',0,0),
  ('L3000114',2,'FC Viktoria Köln','FSV Zwickau',1,1),
  ('L3000115',4,'FC Viktoria Köln','SV Waldhof Mannheim',2,3),
  ('L3000116',6,'FC Viktoria Köln','SC Freiburg II',3,1),
  ('L3000117',8,'FC Viktoria Köln','1.FC Saarbrücken',0,0),
  ('L3000118',10,'FC Viktoria Köln','MSV Duisburg',4,2),
  ('L3000119',12,'FC Viktoria Köln','Würzburger Kickers',1,1),
  ('L3000120',14,'FC Viktoria Köln','1.FC Magdeburg',1,0),
  ('L3000121',17,'FC Viktoria Köln','Hallescher FC',2,0),
  ('L3000122',19,'FC Viktoria Köln','Eintracht Braunschweig',1,2),
  ('L3000123',1,'FSV Zwickau','Borussia Dortmund II',1,2),
  ('L3000124',3,'FSV Zwickau','SV Meppen',1,1),
  ('L3000125',5,'FSV Zwickau','FC Viktoria 1889 Berlin',1,1),
  ('L3000126',7,'FSV Zwickau','Hallescher FC',2,2),
  ('L3000127',8,'FSV Zwickau','SC Verl',1,3),
  ('L3000128',10,'FSV Zwickau','SC Freiburg II',0,0),
  ('L3000129',12,'FSV Zwickau','MSV Duisburg',3,2),
  ('L3000130',14,'FSV Zwickau','TSV Havelse',2,0),
  ('L3000131',16,'FSV Zwickau','1.FC Magdeburg',1,1),
  ('L3000132',18,'FSV Zwickau','1.FC Saarbrücken',1,2),
  ('L3000133',2,'MSV Duisburg','TSV Havelse',3,0),
  ('L3000134',5,'MSV Duisburg','SV Wehen Wiesbaden',0,2),
  ('L3000135',7,'MSV Duisburg','Würzburger Kickers',2,0),
  ('L3000136',9,'MSV Duisburg','Eintracht Braunschweig',3,2),
  ('L3000137',11,'MSV Duisburg','SV Meppen',0,1),
  ('L3000138',13,'MSV Duisburg','1.FC Kaiserslautern',1,1),
  ('L3000139',15,'MSV Duisburg','FC Viktoria 1889 Berlin',1,0),
  ('L3000140',17,'MSV Duisburg','SV Waldhof Mannheim',1,3),
  ('L3000141',19,'MSV Duisburg','SC Verl',2,2),
  ('L3000142',1,'FC Viktoria 1889 Berlin','FC Viktoria Köln',2,1),
  ('L3000143',3,'FC Viktoria 1889 Berlin','1.FC Kaiserslautern',4,0),
  ('L3000144',4,'FC Viktoria 1889 Berlin','Hallescher FC',0,1),
  ('L3000145',6,'FC Viktoria 1889 Berlin','SV Waldhof Mannheim',1,0),
  ('L3000146',8,'FC Viktoria 1889 Berlin','SV Wehen Wiesbaden',3,1),
  ('L3000147',10,'FC Viktoria 1889 Berlin','TSV Havelse',3,4),
  ('L3000148',12,'FC Viktoria 1889 Berlin','VfL Osnabrück',1,2),
  ('L3000149',14,'FC Viktoria 1889 Berlin','Borussia Dortmund II',2,1),
  ('L3000150',16,'FC Viktoria 1889 Berlin','Würzburger Kickers',1,1),
  ('L3000151',18,'FC Viktoria 1889 Berlin','Türkgücü München',0,0),
  ('L3000152',1,'SC Verl','Türkgücü München',0,0),
  ('L3000153',3,'SC Verl','FC Viktoria Köln',3,1),
  ('L3000154',5,'SC Verl','Eintracht Braunschweig',0,3),
  ('L3000155',7,'SC Verl','FC Viktoria 1889 Berlin',3,3),
  ('L3000156',9,'SC Verl','1.FC Kaiserslautern',0,2),
  ('L3000157',10,'SC Verl','TSV 1860 Munich',1,1),
  ('L3000158',12,'SC Verl','TSV Havelse',5,3),
  ('L3000159',14,'SC Verl','VfL Osnabrück',1,2),
  ('L3000160',16,'SC Verl','1.FC Saarbrücken',2,4),
  ('L3000161',18,'SC Verl','Borussia Dortmund II',0,3),
  ('L3000162',2,'Würzburger Kickers','SC Verl',0,1),
  ('L3000163',4,'Würzburger Kickers','VfL Osnabrück',1,1),
  ('L3000164',6,'Würzburger Kickers','1.FC Saarbrücken',1,1),
  ('L3000165',8,'Würzburger Kickers','TSV Havelse',0,0),
  ('L3000166',10,'Würzburger Kickers','SV Wehen Wiesbaden',0,4),
  ('L3000167',13,'Würzburger Kickers','Türkgücü München',2,1),
  ('L3000168',15,'Würzburger Kickers','Eintracht Braunschweig',0,2),
  ('L3000169',17,'Würzburger Kickers','SV Meppen',1,3),
  ('L3000170',19,'Würzburger Kickers','FSV Zwickau',2,2),
  ('L3000171',1,'TSV Havelse','1.FC Saarbrücken',0,1),
  ('L3000172',3,'TSV Havelse','1.FC Magdeburg',1,3),
  ('L3000173',5,'TSV Havelse','Türkgücü München',0,3),
  ('L3000174',7,'TSV Havelse','Borussia Dortmund II',0,1),
  ('L3000175',9,'TSV Havelse','FC Viktoria Köln',1,0),
  ('L3000176',11,'TSV Havelse','1.FC Kaiserslautern',0,6),
  ('L3000177',13,'TSV Havelse','Eintracht Braunschweig',0,4),
  ('L3000178',15,'TSV Havelse','Hallescher FC',2,1),
  ('L3000179',17,'TSV Havelse','TSV 1860 Munich',2,3),
  ('L3000180',19,'TSV Havelse','SV Waldhof Mannheim',1,2),
  ('L3000181',2,'Türkgücü München','Hallescher FC',2,2),
  ('L3000182',4,'Türkgücü München','SC Freiburg II',3,0),
  ('L3000183',6,'Türkgücü München','VfL Osnabrück',0,3),
  ('L3000184',8,'Türkgücü München','MSV Duisburg',1,0),
  ('L3000185',10,'Türkgücü München','Borussia Dortmund II',2,1),
  ('L3000186',12,'Türkgücü München','SV Wehen Wiesbaden',1,0),
  ('L3000187',15,'Türkgücü München','FC Viktoria Köln',1,2),
  ('L3000188',17,'Türkgücü München','FSV Zwickau',2,2),
  ('L3000189',19,'Türkgücü München','1.FC Kaiserslautern',1,2);

insert into Gol values
  ('L3000001',29,'388029',false),
  ('L3000001',36,'307183',false),
  ('L3000001',91,'092111',false),
  ('L3000002',7,'388029',false),
  ('L3000003',5,'317739',false),
  ('L3000003',52,'124338',false),
  ('L3000003',88,'438315',false),
  ('L3000004',30,'052354',false),
  ('L3000004',55,'161072',false),
  ('L3000004',56,'218011',false),
  ('L3000004',82,'390661',false),
  ('L3000005',4,'107205',false),
  ('L3000006',25,'390661',false),
  ('L3000006',77,'388029',false),
  ('L3000007',13,'232355',false),
  ('L3000007',26,'161072',false),
  ('L3000008',36,'388029',false),
  ('L3000008',62,'333239',false),
  ('L3000008',90,'161072',false),
  ('L3000010',27,'120427',false),
  ('L3000010',33,'362746',false),
  ('L3000010',87,'026171',false),
  ('L3000011',19,'185423',true),
  ('L3000011',73,'002175',false),
  ('L3000013',7,'120427',false),
  ('L3000013',25,'216399',false),
  ('L3000014',11,'330635',false),
  ('L3000014',48,'280581',false),
  ('L3000014',61,'026171',false),
  ('L3000015',23,'405784',false),
  ('L3000015',26,'052117',false),
  ('L3000016',68,'151636',false),
  ('L3000017',4,'416809',false),
  ('L3000017',20,'216399',false),
  ('L3000017',48,'416809',false),
  ('L3000017',87,'118196',false),
  ('L3000018',68,'448259',false),
  ('L3000019',8,'447730',false),
  ('L3000019',58,'336325',false),
  ('L3000020',92,'085660',false),
  ('L3000021',60,'378424',false),
  ('L3000021',66,'187496',false),
  ('L3000021',73,'307800',false),
  ('L3000021',82,'031968',false),
  ('L3000023',11,'159258',true),
  ('L3000023',13,'405690',false),
  ('L3000023',15,'202515',false),
  ('L3000023',62,'336325',false),
  ('L3000023',74,'392710',false),
  ('L3000023',92,'093853',false),
  ('L3000024',15,'196785',false),
  ('L3000024',23,'120301',false),
  ('L3000024',54,'307800',false),
  ('L3000025',18,'307800',false),
  ('L3000025',48,'202515',false),
  ('L3000026',8,'202515',false),
  ('L3000026',25,'511246',false),
  ('L3000026',55,'193032',false),
  ('L3000026',70,'307800',false),
  ('L3000026',77,'336325',false),
  ('L3000027',13,'161079',false),
  ('L3000027',43,'227974',false),
  ('L3000028',27,'161079',false),
  ('L3000028',35,'278569',false),
  ('L3000029',8,'161072',false),
  ('L3000029',65,'069392',false),
  ('L3000029',69,'322081',false),
  ('L3000030',5,'397696',false),
  ('L3000030',10,'120301',false),
  ('L3000030',26,'342240',false),
  ('L3000030',44,'196785',false),
  ('L3000030',56,'043821',false),
  ('L3000030',68,'069392',false),
  ('L3000030',84,'455664',false),
  ('L3000031',14,'284737',false),
  ('L3000031',26,'222225',false),
  ('L3000031',32,'196876',false),
  ('L3000031',52,'278569',false),
  ('L3000032',36,'069392',false),
  ('L3000032',57,'307800',false),
  ('L3000032',60,'809498',false),
  ('L3000032',85,'222225',true),
  ('L3000033',58,'196843',false),
  ('L3000033',81,'161079',false),
  ('L3000034',32,'280581',false),
  ('L3000034',67,'196147',false),
  ('L3000035',79,'043821',false),
  ('L3000036',44,'085960',false),
  ('L3000037',11,'154853',false),
  ('L3000038',60,'045464',false),
  ('L3000039',40,'228953',false),
  ('L3000039',55,'324856',false),
  ('L3000039',82,'196843',false),
  ('L3000040',18,'216348',false),
  ('L3000040',40,'154853',false),
  ('L3000041',25,'673925',false),
  ('L3000041',63,'369882',false),
  ('L3000042',60,'390631',false),
  ('L3000043',13,'018684',false),
  ('L3000043',20,'227093',false),
  ('L3000043',66,'228953',false),
  ('L3000043',94,'227093',false),
  ('L3000044',17,'116792',false),
  ('L3000044',56,'435798',false),
  ('L3000044',58,'116792',false),
  ('L3000044',70,'154853',false),
  ('L3000044',73,'348214',false),
  ('L3000045',10,'049821',false),
  ('L3000045',16,'082008',false),
  ('L3000045',68,'092111',false),
  ('L3000045',73,'154853',false),
  ('L3000046',5,'107205',false),
  ('L3000046',14,'438315',false),
  ('L3000046',17,'107205',false),
  ('L3000046',29,'388029',false),
  ('L3000046',43,'161072',false),
  ('L3000046',71,'435798',false),
  ('L3000046',88,'196843',false),
  ('L3000047',6,'388029',false),
  ('L3000047',9,'161072',false),
  ('L3000048',10,'584254',false),
  ('L3000048',87,'268757',false),
  ('L3000049',32,'119572',false),
  ('L3000049',46,'119572',false),
  ('L3000049',51,'227093',false),
  ('L3000049',59,'018684',false),
  ('L3000049',89,'055510',false),
  ('L3000050',68,'227093',false),
  ('L3000050',74,'228386',false),
  ('L3000050',92,'395674',false),
  ('L3000051',15,'227093',false),
  ('L3000051',22,'528834',false),
  ('L3000051',34,'228386',false),
  ('L3000052',34,'018684',false),
  ('L3000052',43,'228386',false),
  ('L3000052',48,'401639',false),
  ('L3000053',68,'055510',false),
  ('L3000053',75,'152431',false),
  ('L3000054',62,'228386',false),
  ('L3000055',29,'333239',false),
  ('L3000055',36,'227093',false),
  ('L3000055',44,'227093',false),
  ('L3000055',65,'227974',false),
  ('L3000055',76,'227093',false),
  ('L3000055',82,'119572',true),
  ('L3000056',2,'120301',false),
  ('L3000056',90,'372127',true),
  ('L3000057',40,'032845',false),
  ('L3000058',93,'334543',false),
  ('L3000059',14,'031968',false),
  ('L3000059',53,'451380',false),
  ('L3000059',74,'333239',false),
  ('L3000060',56,'031968',false),
  ('L3000060',68,'031968',false),
  ('L3000060',74,'096098',true),
  ('L3000061',43,'076143',false),
  ('L3000062',73,'002175',false),
  ('L3000064',24,'116792',false),
  ('L3000064',39,'227974',false),
  ('L3000064',48,'227974',false),
  ('L3000064',85,'230810',false),
  ('L3000065',33,'273054',false),
  ('L3000068',66,'320440',false),
  ('L3000068',82,'153910',false),
  ('L3000068',93,'320440',false),
  ('L3000069',2,'307183',false),
  ('L3000069',37,'161072',false),
  ('L3000069',58,'338879',false),
  ('L3000069',59,'320440',false),
  ('L3000069',83,'284058',false),
  ('L3000069',93,'388029',false),
  ('L3000070',15,'451380',false),
  ('L3000071',26,'320440',false),
  ('L3000071',63,'332624',false),
  ('L3000072',31,'120301',false),
  ('L3000072',36,'227799',false),
  ('L3000072',41,'259183',false),
  ('L3000072',48,'333450',true),
  ('L3000072',51,'338879',false),
  ('L3000072',78,'072989',false),
  ('L3000072',90,'392714',false),
  ('L3000073',21,'120301',false),
  ('L3000073',37,'002175',false),
  ('L3000073',55,'342240',false),
  ('L3000073',61,'152431',false),
  ('L3000075',52,'195049',false),
  ('L3000075',58,'320440',false),
  ('L3000075',64,'320440',false),
  ('L3000077',14,'395928',false),
  ('L3000077',16,'452131',false),
  ('L3000077',22,'390460',false),
  ('L3000077',59,'451380',false),
  ('L3000077',95,'363425',false),
  ('L3000078',89,'488778',false),
  ('L3000079',33,'121454',false),
  ('L3000080',3,'346900',false),
  ('L3000080',63,'273054',false),
  ('L3000081',14,'195049',false),
  ('L3000081',82,'548348',false),
  ('L3000082',16,'336324',false),
  ('L3000082',20,'401639',false),
  ('L3000082',37,'405670',false),
  ('L3000082',41,'599419',false),
  ('L3000082',59,'237732',false),
  ('L3000083',23,'527279',false),
  ('L3000083',66,'296188',false),
  ('L3000083',87,'273054',false),
  ('L3000085',93,'383362',false),
  ('L3000086',16,'395928',false),
  ('L3000086',61,'228386',false),
  ('L3000088',28,'092111',false),
  ('L3000088',51,'451380',false),
  ('L3000088',87,'452131',false),
  ('L3000089',50,'388029',false),
  ('L3000089',56,'161072',false),
  ('L3000090',25,'390460',false),
  ('L3000091',27,'109763',false),
  ('L3000092',15,'448092',false),
  ('L3000094',25,'116792',false),
  ('L3000094',49,'154853',false),
  ('L3000095',48,'094754',false),
  ('L3000096',30,'072989',false),
  ('L3000096',93,'080060',false),
  ('L3000097',74,'448092',false),
  ('L3000098',86,'273054',false),
  ('L3000099',7,'069392',false),
  ('L3000099',14,'278569',false),
  ('L3000099',29,'072989',false),
  ('L3000099',84,'080060',false),
  ('L3000100',25,'195676',false),
  ('L3000100',27,'052354',false),
  ('L3000100',35,'390661',false),
  ('L3000100',62,'038378',false),
  ('L3000100',87,'052354',false),
  ('L3000101',88,'053455',false),
  ('L3000102',39,'072989',false),
  ('L3000102',56,'072989',false),
  ('L3000102',73,'346309',false),
  ('L3000102',88,'053455',false),
  ('L3000103',11,'072989',false),
  ('L3000103',27,'072989',false),
  ('L3000103',75,'058030',false),
  ('L3000104',18,'072989',false),
  ('L3000104',27,'276566',false),
  ('L3000104',39,'103064',false),
  ('L3000104',44,'155374',false),
  ('L3000105',42,'447730',false),
  ('L3000105',83,'093649',false),
  ('L3000106',19,'337097',false),
  ('L3000107',9,'195049',false),
  ('L3000107',11,'360311',false),
  ('L3000107',20,'237732',false),
  ('L3000107',25,'195049',false),
  ('L3000107',34,'360311',false),
  ('L3000107',52,'401639',false),
  ('L3000107',75,'087650',false),
  ('L3000107',87,'195049',false),
  ('L3000108',13,'082452',false),
  ('L3000108',65,'124571',false),
  ('L3000109',20,'207580',false),
  ('L3000109',41,'195049',false),
  ('L3000109',62,'089658',false),
  ('L3000109',74,'103064',false),
  ('L3000109',79,'284058',false),
  ('L3000110',25,'069392',false),
  ('L3000110',43,'195049',false),
  ('L3000110',46,'103064',false),
  ('L3000110',49,'196876',false),
  ('L3000110',88,'069392',false),
  ('L3000111',58,'195049',false),
  ('L3000111',73,'103064',false),
  ('L3000111',83,'092111',false),
  ('L3000112',30,'412935',false),
  ('L3000112',53,'103064',false),
  ('L3000112',63,'412935',false),
  ('L3000114',72,'106265',false),
  ('L3000114',85,'393337',false),
  ('L3000115',22,'227093',false),
  ('L3000115',32,'018684',false),
  ('L3000115',44,'018684',false),
  ('L3000115',48,'051176',false),
  ('L3000115',80,'106265',false),
  ('L3000116',7,'106265',false),
  ('L3000116',17,'527279',false),
  ('L3000116',53,'051176',false),
  ('L3000116',82,'597001',false),
  ('L3000118',31,'106265',false),
  ('L3000118',44,'154980',false),
  ('L3000118',85,'216401',false),
  ('L3000118',91,'342165',false),
  ('L3000118',93,'092111',false),
  ('L3000118',95,'342165',false),
  ('L3000119',14,'158052',false),
  ('L3000119',26,'052117',false),
  ('L3000120',29,'106265',false),
  ('L3000121',2,'339057',false),
  ('L3000121',20,'339057',false),
  ('L3000122',3,'051176',false),
  ('L3000122',47,'307800',false),
  ('L3000122',86,'151111',false),
  ('L3000123',3,'002175',false),
  ('L3000123',12,'412935',false),
  ('L3000124',17,'229792',false),
  ('L3000124',59,'058030',false),
  ('L3000125',15,'152431',false),
  ('L3000125',89,'077947',false),
  ('L3000126',18,'229792',false),
  ('L3000126',49,'087650',false),
  ('L3000126',71,'049669',false),
  ('L3000126',73,'425283',false),
  ('L3000127',36,'229792',false),
  ('L3000127',43,'088033',false),
  ('L3000127',45,'119291',false),
  ('L3000127',46,'196146',false),
  ('L3000129',29,'216401',false),
  ('L3000129',44,'673925',false),
  ('L3000129',46,'092111',false),
  ('L3000129',87,'152431',false),
  ('L3000129',93,'523212',false),
  ('L3000130',49,'152431',false),
  ('L3000130',57,'229792',false),
  ('L3000131',7,'388029',false),
  ('L3000131',82,'196763',true),
  ('L3000132',3,'161079',false),
  ('L3000132',65,'185423',false),
  ('L3000132',90,'196876',false),
  ('L3000133',26,'092111',false),
  ('L3000133',66,'032845',false),
  ('L3000133',68,'085946',false),
  ('L3000134',69,'320440',false),
  ('L3000134',83,'120301',false),
  ('L3000135',5,'156710',false),
  ('L3000135',45,'182752',false),
  ('L3000136',12,'397677',false),
  ('L3000136',22,'092111',false),
  ('L3000136',70,'092111',false),
  ('L3000136',80,'093853',false),
  ('L3000136',92,'337031',false),
  ('L3000137',21,'038378',false),
  ('L3000138',44,'280581',false),
  ('L3000138',82,'026171',true),
  ('L3000139',52,'049821',false),
  ('L3000140',5,'018684',false),
  ('L3000140',19,'274274',false),
  ('L3000140',26,'049821',false),
  ('L3000140',81,'227093',false),
  ('L3000141',35,'092111',false),
  ('L3000141',41,'506855',false),
  ('L3000141',57,'401639',false),
  ('L3000141',67,'049821',false),
  ('L3000142',34,'684307',false),
  ('L3000143',3,'093806',false),
  ('L3000144',28,'103064',false),
  ('L3000145',89,'448259',false),
  ('L3000146',29,'534304',false),
  ('L3000146',88,'077947',false),
  ('L3000147',18,'259127',false),
  ('L3000147',27,'294701',false),
  ('L3000147',36,'093806',false),
  ('L3000147',57,'202957',false),
  ('L3000147',60,'050758',false),
  ('L3000147',69,'403267',false),
  ('L3000147',80,'094008',false),
  ('L3000148',7,'259127',false),
  ('L3000148',13,'031968',false),
  ('L3000148',31,'202604',false),
  ('L3000149',38,'272570',false),
  ('L3000149',42,'451380',false),
  ('L3000150',8,'195781',false),
  ('L3000153',22,'684307',false),
  ('L3000153',29,'196146',false),
  ('L3000153',34,'506855',false),
  ('L3000153',52,'506855',false),
  ('L3000154',47,'336325',false),
  ('L3000154',65,'187496',false),
  ('L3000154',92,'296694',true),
  ('L3000155',34,'237732',false),
  ('L3000155',52,'093806',false),
  ('L3000155',61,'259127',true),
  ('L3000155',75,'279018',false),
  ('L3000156',33,'216399',false),
  ('L3000156',75,'362746',false),
  ('L3000157',22,'196843',false),
  ('L3000157',66,'427254',false),
  ('L3000158',10,'123562',false),
  ('L3000158',12,'237732',false),
  ('L3000158',15,'401639',false),
  ('L3000158',21,'237732',false),
  ('L3000158',50,'397665',false),
  ('L3000158',64,'123562',false),
  ('L3000158',71,'296415',false),
  ('L3000159',22,'084456',false),
  ('L3000159',35,'378424',false),
  ('L3000159',70,'506855',false),
  ('L3000160',15,'069392',false),
  ('L3000160',60,'237732',false),
  ('L3000160',64,'360311',false),
  ('L3000160',73,'069392',false),
  ('L3000160',94,'161079',false),
  ('L3000161',35,'451380',false),
  ('L3000161',43,'451380',false),
  ('L3000162',72,'401639',false),
  ('L3000163',48,'317739',false),
  ('L3000163',81,'378424',false),
  ('L3000164',23,'094256',false),
  ('L3000164',92,'278569',false),
  ('L3000166',52,'342240',false),
  ('L3000166',66,'320440',false),
  ('L3000166',81,'320440',false),
  ('L3000166',84,'320440',false),
  ('L3000167',55,'405784',false),
  ('L3000167',80,'052117',false),
  ('L3000167',91,'122827',false),
  ('L3000168',9,'392139',false),
  ('L3000168',15,'307800',false),
  ('L3000169',25,'405784',false),
  ('L3000169',35,'346309',false),
  ('L3000169',63,'072989',false),
  ('L3000169',86,'346309',false),
  ('L3000170',29,'052117',false),
  ('L3000170',52,'224513',true),
  ('L3000170',74,'584254',false),
  ('L3000170',90,'229792',false),
  ('L3000171',19,'278569',false),
  ('L3000172',36,'107205',false),
  ('L3000172',48,'153910',false),
  ('L3000172',85,'161072',false),
  ('L3000172',94,'284058',false),
  ('L3000173',6,'082367',false),
  ('L3000173',22,'125331',false),
  ('L3000173',80,'274355',false),
  ('L3000174',69,'390460',false),
  ('L3000175',33,'294701',false),
  ('L3000176',11,'151636',false),
  ('L3000176',17,'058996',false),
  ('L3000176',30,'026171',false),
  ('L3000176',44,'216399',false),
  ('L3000176',48,'416809',false),
  ('L3000176',56,'416809',false),
  ('L3000177',25,'511246',false),
  ('L3000177',66,'126424',false),
  ('L3000177',68,'307800',false),
  ('L3000177',88,'392139',false),
  ('L3000178',8,'528856',false),
  ('L3000178',18,'528856',false),
  ('L3000178',46,'195049',false),
  ('L3000179',8,'123562',true),
  ('L3000179',32,'154853',false),
  ('L3000179',51,'153910',false),
  ('L3000179',55,'196843',false),
  ('L3000179',85,'153910',false),
  ('L3000180',5,'274274',false),
  ('L3000180',47,'334587',false),
  ('L3000180',88,'018684',false),
  ('L3000181',10,'274355',false),
  ('L3000181',53,'195049',false),
  ('L3000181',58,'122827',false),
  ('L3000181',76,'195049',false),
  ('L3000182',77,'274355',false),
  ('L3000182',90,'082367',false),
  ('L3000182',93,'122827',false),
  ('L3000183',25,'378424',false),
  ('L3000183',32,'031968',false),
  ('L3000183',50,'448027',false),
  ('L3000184',81,'274355',false),
  ('L3000185',41,'195612',false),
  ('L3000185',68,'122827',false),
  ('L3000185',88,'452131',false),
  ('L3000186',88,'122827',false),
  ('L3000187',15,'296897',false),
  ('L3000187',19,'810669',false),
  ('L3000187',81,'242166',false),
  ('L3000188',31,'673925',false),
  ('L3000188',43,'045464',false),
  ('L3000188',53,'673925',false),
  ('L3000188',88,'202838',true),
  ('L3000189',5,'416809',false),
  ('L3000189',7,'244930',false),
  ('L3000189',55,'082367',false);
