/* File created by scraping https://www.transfermarkt.com using Antonio Cardin's program */

insert into Squadre values
  ('FC Bayern Munich II','München','Schwarz'),
  ('SG Dynamo Dresden','Dresden','Schmidt'),
  ('Türkgücü München','München','Pummer'),
  ('FC Ingolstadt 04','Ingolstadt','Oral'),
  ('1.FC Kaiserslautern','Kaiserslautern','Schommers'),
  ('SV Wehen Wiesbaden','Wiesbaden','Rehm'),
  ('FC Hansa Rostock','Rostock','Härtel'),
  ('SpVgg Unterhaching','Unterhaching','van Lent'),
  ('SV Waldhof Mannheim','Mannheim','Glöckner'),
  ('MSV Duisburg','Duisburg','Lieberknecht'),
  ('TSV 1860 Munich','München','Köllner'),
  ('KFC Uerdingen 05','Krefeld','Press'),
  ('1.FC Magdeburg','Magdeburg','Hoßmang'),
  ('1.FC Saarbrücken','Saarbrücken','Kwasniok'),
  ('FC Viktoria Köln','Köln','Dotchev'),
  ('Hallescher FC','Halle (Saale)','Schnorrenberg'),
  ('SC Verl','Verl','Capretti'),
  ('SV Meppen','Meppen','Schmitt'),
  ('FSV Zwickau','Zwickau','Enochs'),
  ('VfB Lübeck','Lübeck','Landerl');

insert into Giocatori values
  ('317444','FC Bayern Munich II',1,'Ron-Thorben','Hoffmann','4-apr-1999','Portiere'),
  ('453874','FC Bayern Munich II',23,'Lukas','Schneller','26-oct-2001','Portiere'),
  ('411201','FC Bayern Munich II',12,'Michael','Wagner','26-jul-2000','Portiere'),
  ('604326','FC Bayern Munich II',33,'Johannes','Schenk','13-jan-2003','Portiere'),
  ('578539','FC Bayern Munich II',null,'Chris','Richards','28-mar-2000','Difensore'),
  ('796429','FC Bayern Munich II',null,'Justin','Che','18-nov-2003','Difensore'),
  ('580193','FC Bayern Munich II',26,'Bright','Arrey-Mbi','26-mar-2003','Difensore'),
  ('522248','FC Bayern Munich II',40,'Jamie','Lawrence','10-nov-2002','Difensore'),
  ('335455','FC Bayern Munich II',13,'Kilian','Senkbeil','22-may-1999','Difensore'),
  ('031741','FC Bayern Munich II',5,'Nicolas','Feldhahn','14-aug-1986','Difensore'),
  ('805835','FC Bayern Munich II',2,'Rémy','Vita','1-apr-2001','Difensore'),
  ('422211','FC Bayern Munich II',15,'Alexander','Lungwitz','4-aug-2000','Difensore'),
  ('228952','FC Bayern Munich II',3,'Angelo','Mayer','10-sep-1996','Difensore'),
  ('393217','FC Bayern Munich II',null,'Mert','Yilmaz','8-mar-1999','Difensore'),
  ('513963','FC Bayern Munich II',null,'Taylor','Booth','31-may-2001','Difensore'),
  ('483046','FC Bayern Munich II',4,'Josip','Stanisic','2-apr-2000','Difensore'),
  ('406603','FC Bayern Munich II',21,'Lenny','Borges','30-apr-2001','Difensore'),
  ('453877','FC Bayern Munich II',44,'Dennis','Waidner','8-feb-2001','Difensore'),
  ('379979','FC Bayern Munich II',null,'Adrian','Fein','18-mar-1999','Centrocampista'),
  ('443710','FC Bayern Munich II',38,'Angelo','Stiller','4-apr-2001','Centrocampista'),
  ('081559','FC Bayern Munich II',19,'Maximilian','Welzmüller','10-jan-1990','Centrocampista'),
  ('429987','FC Bayern Munich II',6,'Tiago','Dantas','24-dec-2000','Centrocampista'),
  ('522253','FC Bayern Munich II',25,'Torben','Rhein','12-jan-2003','Centrocampista'),
  ('057574','FC Bayern Munich II',10,'Timo','Kern','16-jan-1990','Centrocampista'),
  ('380423','FC Bayern Munich II',18,'Maximilian','Zaiser','8-mar-1999','Centrocampista'),
  ('580195','FC Bayern Munich II',null,'Jamal','Musiala','26-feb-2003','Centrocampista'),
  ('503162','FC Bayern Munich II',24,'Christopher','Scott','7-jun-2002','Centrocampista'),
  ('467437','FC Bayern Munich II',17,'Malik','Tillman','28-may-2002','Centrocampista'),
  ('501794','FC Bayern Munich II',null,'Jannik','Rochelt','27-sep-1998','Centrocampista'),
  ('336324','FC Bayern Munich II',30,'Daniels','Ontuzans','7-mar-2000','Centrocampista'),
  ('522245','FC Bayern Munich II',22,'Lasse','Günther','21-mar-2003','Attaccante'),
  ('350357','FC Bayern Munich II',31,'Sarpreet','Singh','20-feb-1999','Attaccante'),
  ('604323','FC Bayern Munich II',43,'Nemanja','Motika','20-mar-2003','Attaccante'),
  ('336012','FC Bayern Munich II',11,'Nicolas','Kühn','1-jan-2000','Attaccante'),
  ('483974','FC Bayern Munich II',null,'Leon','Dajaku','12-apr-2001','Attaccante'),
  ('569033','FC Bayern Munich II',41,'Armindo','Sieb','17-feb-2003','Attaccante'),
  ('435648','FC Bayern Munich II',null,'Joshua','Zirkzee','22-may-2001','Attaccante'),
  ('343337','FC Bayern Munich II',9,'Fiete','Arp','6-jan-2000','Attaccante'),
  ('212718','FC Bayern Munich II',7,'Dimitri','Oberlin','27-sep-1997','Attaccante'),
  ('524560','FC Bayern Munich II',14,'Lenn','Jastremski','24-jan-2001','Attaccante'),
  ('161075','SG Dynamo Dresden',1,'Kevin','Broll','23-aug-1995','Portiere'),
  ('082298','SG Dynamo Dresden',24,'Patrick','Wiegers','19-apr-1990','Portiere'),
  ('438536','SG Dynamo Dresden',23,'Stefan','Kiefer','10-jul-2001','Portiere'),
  ('688408','SG Dynamo Dresden',32,'Jannis','Maul','28-aug-2003','Portiere'),
  ('447783','SG Dynamo Dresden',39,'Kevin','Ehlers','23-jan-2001','Difensore'),
  ('185520','SG Dynamo Dresden',4,'Tim','Knipping','24-nov-1992','Difensore'),
  ('152457','SG Dynamo Dresden',26,'Sebastian','Mai','10-dec-1993','Difensore'),
  ('023566','SG Dynamo Dresden',6,'Marco','Hartmann','25-feb-1988','Difensore'),
  ('686978','SG Dynamo Dresden',null,'Bastian','Schrewe','10-mar-2002','Difensore'),
  ('688638','SG Dynamo Dresden',null,'Lorenz','Hollenbach','2-oct-2003','Difensore'),
  ('793137','SG Dynamo Dresden',null,'Kenny','Weyh','1-nov-2004','Difensore'),
  ('379989','SG Dynamo Dresden',19,'Jonathan','Meier','11-nov-1999','Difensore'),
  ('055125','SG Dynamo Dresden',15,'Chris','Löwe','16-apr-1989','Difensore'),
  ('358903','SG Dynamo Dresden',3,'Leroy','Kwadwo','15-aug-1996','Difensore'),
  ('604742','SG Dynamo Dresden',null,'Jonas','Kühn','20-mar-2002','Difensore'),
  ('745070','SG Dynamo Dresden',null,'Louis','Schulze','2-nov-2004','Difensore'),
  ('089658','SG Dynamo Dresden',22,'Niklas','Kreuzer','20-feb-1993','Difensore'),
  ('237444','SG Dynamo Dresden',16,'Robin','Becker','18-jan-1997','Difensore'),
  ('690559','SG Dynamo Dresden',null,'Louis','Schmidt','11-jan-2003','Difensore'),
  ('049737','SG Dynamo Dresden',5,'Yannick','Stark','28-oct-1990','Centrocampista'),
  ('356640','SG Dynamo Dresden',28,'Paul','Will','1-mar-1999','Centrocampista'),
  ('528515','SG Dynamo Dresden',17,'Maximilian','Großer','23-jul-2001','Centrocampista'),
  ('317735','SG Dynamo Dresden',20,'Julius','Kade','20-may-1999','Centrocampista'),
  ('394280','SG Dynamo Dresden',36,'Max','Kulke','10-nov-2000','Centrocampista'),
  ('523604','SG Dynamo Dresden',null,'Bennet','Haffke','14-feb-2003','Centrocampista'),
  ('604740','SG Dynamo Dresden',null,'Till','Jacobi','26-feb-2003','Centrocampista'),
  ('596371','SG Dynamo Dresden',null,'Joon-mo','Kang','8-feb-2002','Centrocampista'),
  ('186365','SG Dynamo Dresden',null,'Sascha','Horvath','22-aug-1996','Centrocampista'),
  ('250945','SG Dynamo Dresden',8,'Heinz','Mörschel','24-aug-1997','Centrocampista'),
  ('125105','SG Dynamo Dresden',10,'Patrick','Weihrauch','3-mar-1994','Centrocampista'),
  ('196421','SG Dynamo Dresden',13,'Marvin','Stefaniak','3-feb-1995','Centrocampista'),
  ('288668','SG Dynamo Dresden',34,'Justin','Löwe','30-dec-1998','Centrocampista'),
  ('661711','SG Dynamo Dresden',null,'Jonas','Oehmichen','3-mar-2004','Centrocampista'),
  ('083700','SG Dynamo Dresden',7,'Panagiotis','Vlachodimos','12-oct-1991','Attaccante'),
  ('784710','SG Dynamo Dresden',null,'Jonas','Saliger','13-mar-2004','Attaccante'),
  ('470038','SG Dynamo Dresden',35,'Ransford-Yeboah','Königsdörffer','13-sep-2001','Attaccante'),
  ('317024','SG Dynamo Dresden',11,'Agyemang','Diawusie','12-feb-1998','Attaccante'),
  ('324851','SG Dynamo Dresden',33,'Christoph','Daferner','12-jan-1998','Attaccante'),
  ('037788','SG Dynamo Dresden',14,'Philipp','Hosiner','15-may-1989','Attaccante'),
  ('158312','SG Dynamo Dresden',9,'Pascal','Sohm','2-nov-1991','Attaccante'),
  ('340428','SG Dynamo Dresden',37,'Luka','Stor','5-jul-1998','Attaccante'),
  ('604738','SG Dynamo Dresden',null,'Simon','Gollnack','29-jan-2002','Attaccante'),
  ('606119','SG Dynamo Dresden',null,'Phil','Harres','25-mar-2002','Attaccante'),
  ('784741','SG Dynamo Dresden',null,'Julius','Hoffmann','30-apr-2004','Attaccante'),
  ('040520','Türkgücü München',1,'René','Vollath','20-mar-1990','Portiere'),
  ('059818','Türkgücü München',26,'Franco','Flückiger','1-mar-1991','Portiere'),
  ('278322','Türkgücü München',39,'Maximilian','Engl','31-dec-1997','Portiere'),
  ('628440','Türkgücü München',null,'Jordaine','Jäger','22-feb-2002','Portiere'),
  ('683584','Türkgücü München',null,'Julian','Kirr','4-jan-2001','Portiere'),
  ('312218','Türkgücü München',15,'Maxime','Awoudja','2-feb-1998','Difensore'),
  ('217285','Türkgücü München',36,'Filip','Kusic','3-jun-1996','Difensore'),
  ('195612','Türkgücü München',13,'Alexander','Sorge','21-apr-1993','Difensore'),
  ('096098','Türkgücü München',22,'Aaron','Berzel','29-may-1992','Difensore'),
  ('058355','Türkgücü München',null,'Mario','Erb','16-jun-1990','Difensore'),
  ('307494','Türkgücü München',null,'Erol','Alkan','16-feb-1994','Difensore'),
  ('315437','Türkgücü München',35,'Furkan','Zorba','25-feb-1998','Difensore'),
  ('198014','Türkgücü München',33,'Michael','Zant','15-jul-1995','Difensore'),
  ('378879','Türkgücü München',null,'Marcel','Spitzer','23-may-1999','Difensore'),
  ('120372','Türkgücü München',null,'Azur','Velagic','20-oct-1991','Difensore'),
  ('084537','Türkgücü München',23,'Stefan','Stangl','20-oct-1991','Difensore'),
  ('083694','Türkgücü München',null,'Sebastian','Hertner','2-may-1991','Difensore'),
  ('452222','Türkgücü München',null,'Moritz','Römling','30-apr-2001','Difensore'),
  ('324760','Türkgücü München',3,'Kilian','Jakob','25-jan-1998','Difensore'),
  ('435796','Türkgücü München',17,'Kilian','Fischer','12-oct-2000','Difensore'),
  ('125331','Türkgücü München',null,'Moritz','Kuhn','1-aug-1991','Difensore'),
  ('307397','Türkgücü München',2,'Yi-young','Park','29-jun-1994','Difensore'),
  ('242166','Türkgücü München',18,'Boubacar','Barry','15-apr-1996','Difensore'),
  ('325261','Türkgücü München',null,'Thomas','Haas','7-feb-1998','Difensore'),
  ('058061','Türkgücü München',null,'Fabio','Leutenecker','15-mar-1990','Difensore'),
  ('149265','Türkgücü München',null,'Paterson','Chato','1-dec-1996','Centrocampista'),
  ('151216','Türkgücü München',24,'Philipp','Erhardt','10-sep-1993','Centrocampista'),
  ('471896','Türkgücü München',null,'Luis','Jakobi','15-dec-2001','Centrocampista'),
  ('230804','Türkgücü München',null,'Severin','Buchta','14-feb-1997','Centrocampista'),
  ('057934','Türkgücü München',null,'Marco','Holz','31-jan-1990','Centrocampista'),
  ('159697','Türkgücü München',null,'Marco','Kehl-Gómez','1-may-1992','Centrocampista'),
  ('307591','Türkgücü München',37,'Nico','Gorzel','29-jul-1998','Centrocampista'),
  ('237141','Türkgücü München',5,'Benedikt','Kirsch','15-apr-1996','Centrocampista'),
  ('327542','Türkgücü München',29,'Atakan','Akkaynak','5-jan-1999','Centrocampista'),
  ('190699','Türkgücü München',8,'Ünal','Tosun','5-oct-1992','Centrocampista'),
  ('045464','Türkgücü München',10,'Sercan','Sararer','27-nov-1989','Centrocampista'),
  ('126285','Türkgücü München',11,'Sebastian','Maier','18-sep-1993','Centrocampista'),
  ('337265','Türkgücü München',null,'Stefan','Wächter','17-sep-1997','Centrocampista'),
  ('251327','Türkgücü München',7,'Alexander','Laukart','25-oct-1998','Centrocampista'),
  ('039744','Türkgücü München',null,'Yasin','Yilmaz','19-feb-1989','Centrocampista'),
  ('792903','Türkgücü München',38,'Fabijan','Podunavac',null,'Centrocampista'),
  ('122827','Türkgücü München',null,'Philip','Türpitz','23-aug-1991','Attaccante'),
  ('522263','Türkgücü München',21,'Omar','Sijaric','2-nov-2001','Attaccante'),
  ('519414','Türkgücü München',20,'Noel','Niemann','14-nov-1999','Attaccante'),
  ('191426','Türkgücü München',null,'Leroy-Jacques','Mickels','25-jun-1995','Attaccante'),
  ('377113','Türkgücü München',19,'Furkan','Kircicek','28-sep-1996','Attaccante'),
  ('161203','Türkgücü München',null,'Dominik','Weiß','17-apr-1995','Attaccante'),
  ('274355','Türkgücü München',null,'Albion','Vrenezi','4-oct-1993','Attaccante'),
  ('196146','Türkgücü München',null,'Kasim','Rabihic','24-feb-1993','Attaccante'),
  ('447686','Türkgücü München',null,'Masaaki','Takahara','15-aug-1995','Attaccante'),
  ('794715','Türkgücü München',27,'Amani','Mbaraka',null,'Attaccante'),
  ('082367','Türkgücü München',25,'Petar','Sliskovic','21-feb-1991','Attaccante'),
  ('124863','Türkgücü München',null,'Tom','Boere','24-nov-1992','Attaccante'),
  ('115210','Türkgücü München',9,'Lucas','Röser','28-dec-1993','Attaccante'),
  ('275454','Türkgücü München',null,'Patrick','Hasenhüttl','20-may-1997','Attaccante'),
  ('123189','Türkgücü München',14,'Mounir','Bouziane','5-feb-1991','Attaccante'),
  ('403899','Türkgücü München',null,'Eric','Hottmann','8-feb-2000','Attaccante'),
  ('060004','Türkgücü München',null,'Emre','Güral','5-apr-1989','Attaccante'),
  ('282156','Türkgücü München',null,'Yomi','Scintu','20-may-1997','Attaccante'),
  ('272594','Türkgücü München',null,'Ilker','Yüksel','31-may-1998','Attaccante'),
  ('101449','Türkgücü München',null,'Karl-Heinz','Lappe','14-sep-1987','Attaccante'),
  ('447753','Türkgücü München',null,'Serhat','Imsak','20-jul-1999','Attaccante'),
  ('804160','Türkgücü München',null,'Kerem','Kavuk','10-jan-2002','Attaccante'),
  ('248349','FC Ingolstadt 04',24,'Fabijan','Buntic','24-feb-1997','Portiere'),
  ('242070','FC Ingolstadt 04',1,'Robert','Jendrusch','28-may-1996','Portiere'),
  ('336308','FC Ingolstadt 04',39,'Lukas','Schellenberg','2-aug-2000','Portiere'),
  ('103428','FC Ingolstadt 04',4,'Björn','Paulsen','2-jul-1991','Difensore'),
  ('130437','FC Ingolstadt 04',21,'Tobias','Schröck','31-dec-1992','Difensore'),
  ('485747','FC Ingolstadt 04',27,'Thomas','Keller','5-aug-1999','Difensore'),
  ('082526','FC Ingolstadt 04',5,'Nico','Antonitsch','30-sep-1991','Difensore'),
  ('090330','FC Ingolstadt 04',25,'Jonatan','Kotzke','18-mar-1990','Difensore'),
  ('471902','FC Ingolstadt 04',null,'Lukas','Schröder','16-aug-2001','Difensore'),
  ('288348','FC Ingolstadt 04',3,'Dominik','Franke','5-oct-1998','Difensore'),
  ('161936','FC Ingolstadt 04',16,'Peter','Kurzweg','10-feb-1994','Difensore'),
  ('196342','FC Ingolstadt 04',18,'Gordon','Büch','25-oct-1995','Difensore'),
  ('093535','FC Ingolstadt 04',17,'Michael','Heinloth','9-feb-1992','Difensore'),
  ('602821','FC Ingolstadt 04',null,'Maximilian','Neuberger','23-mar-2000','Difensore'),
  ('121454','FC Ingolstadt 04',23,'Robin','Krauße','2-apr-1994','Centrocampista'),
  ('160943','FC Ingolstadt 04',10,'Marc','Stendera','10-dec-1995','Centrocampista'),
  ('056969','FC Ingolstadt 04',19,'Marcel','Gaus','2-aug-1989','Centrocampista'),
  ('608832','FC Ingolstadt 04',34,'Merlin','Röhl','5-jul-2002','Centrocampista'),
  ('206411','FC Ingolstadt 04',6,'Rico','Preißinger','21-jul-1996','Centrocampista'),
  ('602796','FC Ingolstadt 04',35,'Filip','Bilbija','24-apr-2000','Attaccante'),
  ('330795','FC Ingolstadt 04',14,'Caniggia','Elva','14-jul-1996','Attaccante'),
  ('427291','FC Ingolstadt 04',37,'Patrick','Sussek','8-feb-2000','Attaccante'),
  ('268606','FC Ingolstadt 04',22,'Ilmari','Niskanen','27-oct-1997','Attaccante'),
  ('058379','FC Ingolstadt 04',11,'Maximilian','Beister','6-sep-1990','Attaccante'),
  ('433091','FC Ingolstadt 04',20,'Jalen','Hawkins','24-jan-2001','Attaccante'),
  ('054137','FC Ingolstadt 04',13,'Caiuby','null','14-jul-1988','Attaccante'),
  ('174856','FC Ingolstadt 04',null,'Thorsten','Röcher','11-jun-1991','Attaccante'),
  ('249303','FC Ingolstadt 04',7,'Dennis','Eckert Ayensa','9-jan-1997','Attaccante'),
  ('368825','FC Ingolstadt 04',9,'Fatih','Kaya','13-nov-1999','Attaccante'),
  ('051069','FC Ingolstadt 04',30,'Stefan','Kutschke','3-nov-1988','Attaccante'),
  ('453861','FC Ingolstadt 04',31,'Justin','Butler','23-mar-2001','Attaccante'),
  ('698336','FC Ingolstadt 04',null,'Arian','Llugiqi','24-oct-2002','Attaccante'),
  ('273937','1.FC Kaiserslautern',1,'Avdo','Spahic','12-feb-1997','Portiere'),
  ('386685','1.FC Kaiserslautern',40,'Matheo','Raab','18-dec-1998','Portiere'),
  ('569286','1.FC Kaiserslautern',42,'Elija','Wohlgemuth','13-mar-2002','Portiere'),
  ('527653','1.FC Kaiserslautern',31,'Lorenz','Otto','24-jan-2001','Portiere'),
  ('432737','1.FC Kaiserslautern',13,'Jonas','Weyand','3-dec-2000','Portiere'),
  ('447797','1.FC Kaiserslautern',3,'Marvin','Senger','6-jan-2000','Difensore'),
  ('058996','1.FC Kaiserslautern',5,'Kevin','Kraus','12-aug-1992','Difensore'),
  ('166292','1.FC Kaiserslautern',4,'Alexander','Winkler','26-jan-1992','Difensore'),
  ('380285','1.FC Kaiserslautern',null,'Jonas','Scholz','24-jan-1999','Difensore'),
  ('039335','1.FC Kaiserslautern',null,'André','Hainault','17-jun-1986','Difensore'),
  ('435129','1.FC Kaiserslautern',28,'Lukas','Gottwalt','16-sep-1997','Difensore'),
  ('445599','1.FC Kaiserslautern',30,'Leon','Hotopp','12-may-2000','Difensore'),
  ('062800','1.FC Kaiserslautern',14,'Adam','Hlousek','20-dec-1988','Difensore'),
  ('082018','1.FC Kaiserslautern',21,'Hendrick','Zuck','21-jul-1990','Difensore'),
  ('337680','1.FC Kaiserslautern',null,'Lars','Oeßwein','13-mar-1998','Difensore'),
  ('696990','1.FC Kaiserslautern',null,'Neal','Gibs','1-jan-2002','Difensore'),
  ('216399','1.FC Kaiserslautern',23,'Philipp','Hercher','21-mar-1996','Difensore'),
  ('282150','1.FC Kaiserslautern',20,'Dominik','Schad','4-mar-1997','Difensore'),
  ('330635','1.FC Kaiserslautern',24,'Felix','Götze','11-feb-1998','Centrocampista'),
  ('327862','1.FC Kaiserslautern',null,'Janik','Bachmann','6-may-1996','Centrocampista'),
  ('282163','1.FC Kaiserslautern',25,'Carlo','Sickinger','29-jul-1997','Centrocampista'),
  ('111277','1.FC Kaiserslautern',17,'Tim','Rieder','3-sep-1993','Centrocampista'),
  ('335929','1.FC Kaiserslautern',41,'Constantin','Fath','12-jul-2000','Centrocampista'),
  ('337681','1.FC Kaiserslautern',null,'Luca','Jensen','1-jan-1998','Centrocampista'),
  ('151636','1.FC Kaiserslautern',7,'Marlon','Ritter','15-oct-1994','Centrocampista'),
  ('244930','1.FC Kaiserslautern',6,'Hikmet','Ciftci','10-mar-1998','Centrocampista'),
  ('489090','1.FC Kaiserslautern',36,'Anas','Bakhat','2-apr-2000','Centrocampista'),
  ('118196','1.FC Kaiserslautern',16,'Jean','Zimmer','6-dec-1993','Centrocampista'),
  ('139942','1.FC Kaiserslautern',10,'Simon','Skarlatidis','6-jun-1991','Centrocampista'),
  ('240889','1.FC Kaiserslautern',18,'Anas','Ouahim','23-sep-1997','Centrocampista'),
  ('259135','1.FC Kaiserslautern',8,'Nicolas','Sessa','23-mar-1996','Centrocampista'),
  ('415879','1.FC Kaiserslautern',null,'Mohamed','Morabet','31-jan-1998','Centrocampista'),
  ('443863','1.FC Kaiserslautern',39,'Anil','Gözütok','27-oct-2000','Centrocampista'),
  ('453808','1.FC Kaiserslautern',null,'Anil','Aydin','10-jan-2000','Centrocampista'),
  ('196147','1.FC Kaiserslautern',11,'Kenny Prince','Redondo','29-aug-1994','Attaccante'),
  ('218584','1.FC Kaiserslautern',34,'Dylan','Esmel','20-mar-1998','Attaccante'),
  ('256994','1.FC Kaiserslautern',22,'Marius','Kleinsorge','30-oct-1995','Attaccante'),
  ('052117','1.FC Kaiserslautern',9,'Marvin','Pourié','8-jan-1991','Attaccante'),
  ('416809','1.FC Kaiserslautern',19,'Daniel','Hanslik','6-oct-1996','Attaccante'),
  ('284688','1.FC Kaiserslautern',32,'Elias','Huth','10-feb-1997','Attaccante'),
  ('155960','1.FC Kaiserslautern',33,'Lukas','Spalvis','27-jul-1994','Attaccante'),
  ('085534','SV Wehen Wiesbaden',1,'Tim','Boss','28-jun-1993','Portiere'),
  ('104267','SV Wehen Wiesbaden',26,'Matthias','Hamrol','31-dec-1993','Portiere'),
  ('372127','SV Wehen Wiesbaden',31,'Arthur','Lyska','19-may-2000','Portiere'),
  ('488755','SV Wehen Wiesbaden',13,'Jakov','Medic','7-sep-1998','Difensore'),
  ('334543','SV Wehen Wiesbaden',17,'Florian','Carstens','8-nov-1998','Difensore'),
  ('147216','SV Wehen Wiesbaden',4,'Sascha','Mockenhaupt','10-sep-1991','Difensore'),
  ('397696','SV Wehen Wiesbaden',3,'Ahmet','Gürleyen','26-apr-1999','Difensore'),
  ('116272','SV Wehen Wiesbaden',5,'Benedikt','Röcker','19-nov-1989','Difensore'),
  ('154110','SV Wehen Wiesbaden',19,'Michel','Niemeyer','19-nov-1995','Difensore'),
  ('031215','SV Wehen Wiesbaden',25,'Dennis','Kempe','24-jun-1986','Difensore'),
  ('411271','SV Wehen Wiesbaden',27,'Michael','Guthörl','26-jan-1999','Difensore'),
  ('124568','SV Wehen Wiesbaden',10,'Sebastian','Mrowca','16-jan-1994','Centrocampista'),
  ('083188','SV Wehen Wiesbaden',18,'Marc','Lais','4-feb-1991','Centrocampista'),
  ('529117','SV Wehen Wiesbaden',16,'Tim','Walbrecht','18-sep-2001','Centrocampista'),
  ('605068','SV Wehen Wiesbaden',37,'Ben','Bischof','20-sep-2002','Centrocampista'),
  ('338879','SV Wehen Wiesbaden',28,'Kevin','Lankford','16-nov-1998','Centrocampista'),
  ('216401','SV Wehen Wiesbaden',22,'Marvin','Ajani','4-oct-1993','Centrocampista'),
  ('453870','SV Wehen Wiesbaden',21,'Benedict','Hollerbach','17-may-2001','Centrocampista'),
  ('153680','SV Wehen Wiesbaden',6,'Tobias','Schwede','17-mar-1994','Centrocampista'),
  ('392714','SV Wehen Wiesbaden',14,'Lucas','Brumme','25-sep-1999','Centrocampista'),
  ('223975','SV Wehen Wiesbaden',24,'Dominik','Prokop','2-jun-1997','Centrocampista'),
  ('109792','SV Wehen Wiesbaden',7,'Gianluca','Korte','29-aug-1990','Centrocampista'),
  ('035183','SV Wehen Wiesbaden',32,'Stefan','Aigner','20-aug-1987','Attaccante'),
  ('405568','SV Wehen Wiesbaden',11,'Maurice','Malone','17-aug-2000','Attaccante'),
  ('288340','SV Wehen Wiesbaden',9,'Phillip','Tietz','9-jul-1997','Attaccante'),
  ('093926','SV Wehen Wiesbaden',8,'Johannes','Wurtz','19-jun-1992','Attaccante'),
  ('320440','SV Wehen Wiesbaden',29,'Gustaf','Nilsson','23-may-1997','Attaccante'),
  ('099451','FC Hansa Rostock',1,'Markus','Kolke','18-aug-1990','Portiere'),
  ('335996','FC Hansa Rostock',22,'Luis','Klatte','1-mar-2000','Portiere'),
  ('453742','FC Hansa Rostock',30,'Ben','Voll','9-dec-2000','Portiere'),
  ('082112','FC Hansa Rostock',3,'Julian','Riedel','10-aug-1991','Difensore'),
  ('153198','FC Hansa Rostock',4,'Damian','Roßbach','27-feb-1993','Difensore'),
  ('339151','FC Hansa Rostock',23,'Sven','Sonnenberg','19-jan-1999','Difensore'),
  ('087071','FC Hansa Rostock',null,'Adam','Straith','11-sep-1990','Difensore'),
  ('202838','FC Hansa Rostock',14,'Max','Reinthaler','22-mar-1995','Difensore'),
  ('192309','FC Hansa Rostock',20,'Lukas','Scherff','14-jul-1996','Difensore'),
  ('158360','FC Hansa Rostock',7,'Nico','Neidhart','27-sep-1994','Difensore'),
  ('151105','FC Hansa Rostock',16,'Nils','Butzen','2-apr-1993','Difensore'),
  ('284188','FC Hansa Rostock',5,'Simon','Rhein','18-may-1998','Centrocampista'),
  ('233980','FC Hansa Rostock',6,'Björn','Rother','29-jul-1996','Centrocampista'),
  ('082452','FC Hansa Rostock',24,'Jan','Löhmannsröben','21-apr-1991','Centrocampista'),
  ('447772','FC Hansa Rostock',25,'Oliver','Daedlow','29-jun-2000','Centrocampista'),
  ('329814','FC Hansa Rostock',27,'Luca','Horn','19-dec-1998','Centrocampista'),
  ('094964','FC Hansa Rostock',8,'Baxter','Bahn','28-aug-1992','Centrocampista'),
  ('126293','FC Hansa Rostock',10,'Korbinian','Vollmann','27-oct-1993','Centrocampista'),
  ('276566','FC Hansa Rostock',11,'Aaron','Herzog','30-jan-1998','Centrocampista'),
  ('091842','FC Hansa Rostock',19,'Manuel','Farrona Pulido','1-may-1993','Attaccante'),
  ('188061','FC Hansa Rostock',28,'Maurice','Litka','2-jan-1996','Attaccante'),
  ('075665','FC Hansa Rostock',21,'Nik','Omladic','21-aug-1989','Attaccante'),
  ('397695','FC Hansa Rostock',17,'Luca','Schulz','14-jan-1999','Attaccante'),
  ('075295','FC Hansa Rostock',18,'John','Verhoek','25-mar-1989','Attaccante'),
  ('094637','FC Hansa Rostock',39,'Pascal','Breier','2-feb-1992','Attaccante'),
  ('307800','FC Hansa Rostock',15,'Lion','Lauberbach','15-feb-1998','Attaccante'),
  ('291537','FC Hansa Rostock',9,'Erik','Engelhardt','18-apr-1998','Attaccante'),
  ('349536','SpVgg Unterhaching',null,'Nico','Mantl','6-feb-2000','Portiere'),
  ('042717','SpVgg Unterhaching',48,'Jo','Coppens','21-dec-1990','Portiere'),
  ('275081','SpVgg Unterhaching',22,'Steve','Kroll','7-may-1997','Portiere'),
  ('001013','SpVgg Unterhaching',41,'Michael','Gurski','21-mar-1979','Portiere'),
  ('699920','SpVgg Unterhaching',45,'Lino','Volkmer','12-aug-2001','Portiere'),
  ('604547','SpVgg Unterhaching',14,'Felix','Göttlicher','20-mar-2002','Difensore'),
  ('278324','SpVgg Unterhaching',15,'Christoph','Greger','14-jan-1997','Difensore'),
  ('016917','SpVgg Unterhaching',4,'Robert','Müller','12-nov-1986','Difensore'),
  ('231549','SpVgg Unterhaching',5,'Josef','Welzmüller','10-jan-1990','Difensore'),
  ('094754','SpVgg Unterhaching',8,'Max','Dombrowka','24-mar-1992','Difensore'),
  ('452478','SpVgg Unterhaching',28,'Jannis','Turtschan','21-oct-2001','Difensore'),
  ('085758','SpVgg Unterhaching',31,'Felix','Müller','27-jan-1993','Difensore'),
  ('189691','SpVgg Unterhaching',17,'Jannik','Bandowski','30-mar-1994','Difensore'),
  ('082289','SpVgg Unterhaching',23,'Markus','Schwabl','26-aug-1990','Difensore'),
  ('388026','SpVgg Unterhaching',26,'Niclas','Stierlin','22-jan-2000','Centrocampista'),
  ('297054','SpVgg Unterhaching',25,'Paul','Grauschopf','15-aug-1998','Centrocampista'),
  ('047168','SpVgg Unterhaching',20,'Dominik','Stahl','20-aug-1988','Centrocampista'),
  ('168741','SpVgg Unterhaching',10,'Lucas','Hufnagel','29-jan-1994','Centrocampista'),
  ('278323','SpVgg Unterhaching',35,'Alexander','Fuchs','5-jan-1997','Centrocampista'),
  ('694141','SpVgg Unterhaching',46,'Fynn','Seidel','31-jan-2004','Centrocampista'),
  ('604544','SpVgg Unterhaching',40,'Leonard','Grob','18-nov-2002','Centrocampista'),
  ('278330','SpVgg Unterhaching',27,'Moritz','Heinrich','3-jul-1997','Centrocampista'),
  ('620174','SpVgg Unterhaching',38,'Boipelo','Mashigo','5-apr-2003','Centrocampista'),
  ('337194','SpVgg Unterhaching',33,'Christoph','Ehlich','2-feb-1999','Centrocampista'),
  ('456222','SpVgg Unterhaching',18,'Niclas','Anspach','22-jul-2000','Centrocampista'),
  ('044298','SpVgg Unterhaching',21,'Sascha','Bigalke','8-jan-1990','Centrocampista'),
  ('380280','SpVgg Unterhaching',37,'Julien','Richter','10-apr-1999','Centrocampista'),
  ('605572','SpVgg Unterhaching',43,'Daniel','Hausmann','12-feb-2003','Centrocampista'),
  ('339057','SpVgg Unterhaching',30,'Luca','Marseiler','18-feb-1997','Attaccante'),
  ('334554','SpVgg Unterhaching',19,'Maximilian','Krauß','24-nov-1996','Attaccante'),
  ('336323','SpVgg Unterhaching',16,'Stephan','Mensah','1-jun-2000','Attaccante'),
  ('337244','SpVgg Unterhaching',24,'Alexander','Kaltner','24-oct-1999','Attaccante'),
  ('620494','SpVgg Unterhaching',44,'Andreas','Hirtlreiter','22-mar-2003','Attaccante'),
  ('050199','SpVgg Unterhaching',9,'Stephan','Hain','27-sep-1988','Attaccante'),
  ('170525','SpVgg Unterhaching',29,'Felix','Schröter','23-jan-1996','Attaccante'),
  ('019736','SpVgg Unterhaching',7,'Dominik','Stroh-Engel','27-nov-1985','Attaccante'),
  ('217718','SV Waldhof Mannheim',1,'Timo','Königsmann','5-apr-1997','Portiere'),
  ('296346','SV Waldhof Mannheim',23,'Jan-Christoph','Bartels','13-jan-1999','Portiere'),
  ('051060','SV Waldhof Mannheim',25,'Markus','Scholz','17-may-1988','Portiere'),
  ('810168','SV Waldhof Mannheim',null,'Luca','Pedretti','19-sep-2001','Portiere'),
  ('810169','SV Waldhof Mannheim',null,'Marc','Lutz','11-may-2001','Difensore'),
  ('233420','SV Waldhof Mannheim',4,'Jesper','Verlaat','4-jun-1996','Difensore'),
  ('480710','SV Waldhof Mannheim',27,'Gerrit','Gohlke','12-mar-1999','Difensore'),
  ('119572','SV Waldhof Mannheim',5,'Marcel','Seegert','29-apr-1994','Difensore'),
  ('238144','SV Waldhof Mannheim',22,'Jan','Just','14-sep-1996','Difensore'),
  ('280553','SV Waldhof Mannheim',19,'Anton','Donkor','11-nov-1997','Difensore'),
  ('126310','SV Waldhof Mannheim',31,'Marcel','Hofrath','21-mar-1993','Difensore'),
  ('169295','SV Waldhof Mannheim',26,'Jan-Hendrik','Marx','26-apr-1995','Difensore'),
  ('183755','SV Waldhof Mannheim',24,'Marcel','Gottschling','14-may-1994','Difensore'),
  ('333243','SV Waldhof Mannheim',3,'Emmanuel Léonce','Kouadio','27-dec-1998','Difensore'),
  ('192300','SV Waldhof Mannheim',13,'Max','Christiansen','25-sep-1996','Centrocampista'),
  ('168186','SV Waldhof Mannheim',6,'Marco','Schuster','10-oct-1995','Centrocampista'),
  ('343332','SV Waldhof Mannheim',32,'Stefano','Russo','29-jun-2000','Centrocampista'),
  ('199710','SV Waldhof Mannheim',21,'Benedict','dos Santos','2-may-1998','Centrocampista'),
  ('268757','SV Waldhof Mannheim',35,'Hamza','Saghiri','18-feb-1997','Centrocampista'),
  ('285161','SV Waldhof Mannheim',7,'Onur','Ünlücifci','24-apr-1997','Centrocampista'),
  ('274274','SV Waldhof Mannheim',17,'Marcel','Costly','20-nov-1995','Centrocampista'),
  ('241973','SV Waldhof Mannheim',16,'Rafael','García','27-sep-1993','Centrocampista'),
  ('247380','SV Waldhof Mannheim',10,'Arianit','Ferati','7-sep-1997','Centrocampista'),
  ('192294','SV Waldhof Mannheim',18,'Mohamed','Gouaida','15-may-1993','Centrocampista'),
  ('230623','SV Waldhof Mannheim',8,'Dorian','Diring','11-apr-1992','Centrocampista'),
  ('533101','SV Waldhof Mannheim',null,'Shin-hyung','Lee','2-mar-2001','Centrocampista'),
  ('691199','SV Waldhof Mannheim',null,'Malik','Mikona','28-mar-2000','Attaccante'),
  ('358870','SV Waldhof Mannheim',33,'Dennis','Jastrzembski','20-feb-2000','Attaccante'),
  ('167552','SV Waldhof Mannheim',20,'Manfred','Osei Kwadwo','30-may-1995','Attaccante'),
  ('228386','SV Waldhof Mannheim',9,'Joseph','Boyamba','29-jul-1996','Attaccante'),
  ('227093','SV Waldhof Mannheim',11,'Dominik','Martinovic','25-mar-1997','Attaccante'),
  ('231587','SV Waldhof Mannheim',29,'Gillian','Jurcher','9-apr-1997','Attaccante'),
  ('383032','SV Waldhof Mannheim',14,'Anthony','Roczen','16-aug-1999','Attaccante'),
  ('074041','SV Waldhof Mannheim',null,'Andis','Shala','15-nov-1988','Attaccante'),
  ('196427','MSV Duisburg',1,'Leo','Weinkauf','7-jul-1996','Portiere'),
  ('061150','MSV Duisburg',30,'Steven','Deana','4-mar-1990','Portiere'),
  ('361275','MSV Duisburg',22,'Jonas','Brendieck','5-jun-1999','Portiere'),
  ('604125','MSV Duisburg',25,'Roman','Schabbing','6-feb-2002','Portiere'),
  ('227352','MSV Duisburg',14,'Stefan','Velkov','12-dec-1996','Difensore'),
  ('335999','MSV Duisburg',26,'Vincent','Gembalies','18-jan-2000','Difensore'),
  ('339596','MSV Duisburg',4,'Dominic','Volkmer','27-apr-1996','Difensore'),
  ('017443','MSV Duisburg',3,'Dominik','Schmidt','1-jul-1987','Difensore'),
  ('335101','MSV Duisburg',15,'Tobias','Fleckstein','24-apr-1999','Difensore'),
  ('244997','MSV Duisburg',17,'Arne','Sicker','17-apr-1997','Difensore'),
  ('397677','MSV Duisburg',27,'Niko','Bretschneider','10-aug-1999','Difensore'),
  ('158054','MSV Duisburg',2,'Maximilian','Sauer','15-may-1994','Difensore'),
  ('265159','MSV Duisburg',23,'Joshua','Bitter','1-jan-1997','Difensore'),
  ('055512','MSV Duisburg',36,'Wilson','Kamavuaka','29-mar-1990','Centrocampista'),
  ('149209','MSV Duisburg',21,'Maximilian','Jansen','26-may-1993','Centrocampista'),
  ('182752','MSV Duisburg',37,'Marlon','Frey','24-mar-1996','Centrocampista'),
  ('195781','MSV Duisburg',5,'Mirnes','Pepic','19-dec-1995','Centrocampista'),
  ('140712','MSV Duisburg',7,'Lukas','Scepanik','11-apr-1994','Centrocampista'),
  ('107205','MSV Duisburg',6,'Connor','Krempicki','14-sep-1994','Centrocampista'),
  ('508762','MSV Duisburg',8,'Darius','Ghindovean','1-nov-2001','Centrocampista'),
  ('032845','MSV Duisburg',10,'Moritz','Stoppelkamp','11-dec-1986','Attaccante'),
  ('193612','MSV Duisburg',9,'Ahmet','Engin','9-aug-1996','Attaccante'),
  ('337816','MSV Duisburg',19,'Sinan','Karweina','29-mar-1999','Attaccante'),
  ('153897','MSV Duisburg',null,'Arnold','Budimbu','20-feb-1995','Attaccante'),
  ('337682','MSV Duisburg',28,'David','Tomic','9-feb-1998','Attaccante'),
  ('146096','MSV Duisburg',31,'Federico','Palacios','9-apr-1995','Attaccante'),
  ('273054','MSV Duisburg',24,'Vincent','Vermeij','9-aug-1994','Attaccante'),
  ('049821','MSV Duisburg',39,'Aziz','Bouhaddouz','30-mar-1987','Attaccante'),
  ('092111','MSV Duisburg',29,'Orhan','Ademi','28-oct-1991','Attaccante'),
  ('675509','MSV Duisburg',13,'Julian','Hettwer','15-jun-2003','Attaccante'),
  ('452109','MSV Duisburg',35,'Cem','Sabanci','9-mar-2000','Attaccante'),
  ('278329','TSV 1860 Munich',1,'Marco','Hiller','20-feb-1997','Portiere'),
  ('334127','TSV 1860 Munich',40,'Tom','Kretzschmar','19-jan-1999','Portiere'),
  ('197169','TSV 1860 Munich',12,'György','Székely','2-jun-1995','Portiere'),
  ('045707','TSV 1860 Munich',6,'Stephan','Salger','30-jan-1990','Difensore'),
  ('315334','TSV 1860 Munich',27,'Semi','Belkahia','22-dec-1998','Difensore'),
  ('195954','TSV 1860 Munich',13,'Dennis','Erdmann','22-nov-1990','Difensore'),
  ('590478','TSV 1860 Munich',3,'Niklas','Lang','13-jun-2002','Difensore'),
  ('082008','TSV 1860 Munich',36,'Phillipp','Steinhart','7-jul-1992','Difensore'),
  ('441987','TSV 1860 Munich',33,'Leon','Klassen','29-may-2000','Difensore'),
  ('620493','TSV 1860 Munich',32,'Maxim','Gresler','3-jun-2003','Difensore'),
  ('081542','TSV 1860 Munich',25,'Marius','Willsch','18-mar-1991','Difensore'),
  ('516408','TSV 1860 Munich',20,'Ahanna','Agbowo','11-aug-2001','Difensore'),
  ('324856','TSV 1860 Munich',14,'Dennis','Dressel','26-oct-1998','Centrocampista'),
  ('087190','TSV 1860 Munich',5,'Quirin','Moll','21-jan-1991','Centrocampista'),
  ('124571','TSV 1860 Munich',17,'Daniel','Wein','5-feb-1994','Centrocampista'),
  ('522250','TSV 1860 Munich',28,'Marco','Mannhardt','4-jul-2002','Centrocampista'),
  ('454034','TSV 1860 Munich',8,'Erik','Tallig','10-jan-2000','Centrocampista'),
  ('228953','TSV 1860 Munich',31,'Richard','Neudecker','29-oct-1996','Centrocampista'),
  ('264310','TSV 1860 Munich',23,'Keanu','Staude','26-jan-1997','Centrocampista'),
  ('435798','TSV 1860 Munich',11,'Fabian','Greilinger','13-sep-2000','Attaccante'),
  ('196843','TSV 1860 Munich',19,'Merveille','Biankadi','9-may-1995','Attaccante'),
  ('615400','TSV 1860 Munich',18,'Lorenz','Knöferl','4-may-2003','Attaccante'),
  ('458397','TSV 1860 Munich',21,'Johann Ngounou','Djayo','27-feb-2001','Attaccante'),
  ('116792','TSV 1860 Munich',7,'Stefan','Lex','27-nov-1989','Attaccante'),
  ('048052','TSV 1860 Munich',null,'Martin','Pusic','24-oct-1987','Attaccante'),
  ('017689','TSV 1860 Munich',9,'Sascha','Mölders','20-mar-1985','Attaccante'),
  ('346850','TSV 1860 Munich',22,'Tim','Linsbichler','14-jan-2000','Attaccante'),
  ('324757','TSV 1860 Munich',26,'Matthew','Durrans','10-dec-1998','Attaccante'),
  ('215551','KFC Uerdingen 05',31,'Hidde','Jurjus','9-feb-1994','Portiere'),
  ('042483','KFC Uerdingen 05',1,'Lukas','Königshofer','16-mar-1989','Portiere'),
  ('695812','KFC Uerdingen 05',29,'Julius','Paris','22-aug-2001','Portiere'),
  ('167369','KFC Uerdingen 05',2,'Edvinas','Girdvainis','17-jan-1993','Difensore'),
  ('356325','KFC Uerdingen 05',15,'Leon','Schneider','19-jun-2000','Difensore'),
  ('032618','KFC Uerdingen 05',5,'Assani','Lukimya','25-jan-1986','Difensore'),
  ('041023','KFC Uerdingen 05',32,'Dominic','Maroh','4-mar-1987','Difensore'),
  ('049734','KFC Uerdingen 05',4,'Jan','Kirchhoff','1-oct-1990','Difensore'),
  ('036189','KFC Uerdingen 05',7,'Christian','Dorda','6-dec-1988','Difensore'),
  ('892858','KFC Uerdingen 05',null,'Daniel','Pfaffenroth',null,'Difensore'),
  ('264633','KFC Uerdingen 05',16,'Gino','Fechner','5-sep-1997','Difensore'),
  ('388294','KFC Uerdingen 05',23,'Omar','Traoré','4-feb-1998','Difensore'),
  ('598314','KFC Uerdingen 05',null,'Shawn','Jeroch','6-feb-2002','Difensore'),
  ('093658','KFC Uerdingen 05',14,'Tim','Albutat','23-sep-1992','Centrocampista'),
  ('238175','KFC Uerdingen 05',22,'Fridolin','Wagner','23-sep-1997','Centrocampista'),
  ('286593','KFC Uerdingen 05',26,'Dave','Gnaase','14-dec-1996','Centrocampista'),
  ('698221','KFC Uerdingen 05',null,'Fabio','Minino','27-feb-2002','Centrocampista'),
  ('094116','KFC Uerdingen 05',33,'Patrick','Göbel','8-jul-1993','Centrocampista'),
  ('892878','KFC Uerdingen 05',null,'Marcel','Kretschmer','21-may-2002','Centrocampista'),
  ('085946','KFC Uerdingen 05',10,'Kolja','Pusch','12-feb-1993','Centrocampista'),
  ('377793','KFC Uerdingen 05',17,'Rijad','Kobiljar','8-apr-1996','Centrocampista'),
  ('240884','KFC Uerdingen 05',null,'Ali','Ibrahimaj','18-aug-1991','Centrocampista'),
  ('123521','KFC Uerdingen 05',8,'Peter','van Ooijen','16-feb-1992','Attaccante'),
  ('342393','KFC Uerdingen 05',18,'Gustav','Marcussen','12-jun-1998','Attaccante'),
  ('453797','KFC Uerdingen 05',19,'Hans','Anapak','10-feb-2001','Attaccante'),
  ('342968','KFC Uerdingen 05',11,'Christian','Kinsombi','24-aug-1999','Attaccante'),
  ('315256','KFC Uerdingen 05',9,'Mike','Feigenspan','5-aug-1995','Attaccante'),
  ('362746','KFC Uerdingen 05',36,'Muhammed','Kiprit','9-jul-1999','Attaccante'),
  ('069392','KFC Uerdingen 05',39,'Adriano','Grimaldi','5-apr-1991','Attaccante'),
  ('173593','KFC Uerdingen 05',35,'Osayamen','Osawe','3-sep-1993','Attaccante'),
  ('594978','KFC Uerdingen 05',null,'Joshua','Yeboah','17-jul-2002','Attaccante'),
  ('684306','KFC Uerdingen 05',null,'Chrysanth','Mallek','17-mar-2003','Attaccante'),
  ('274039','1.FC Magdeburg',1,'Morten','Behrens','1-apr-1997','Portiere'),
  ('296428','1.FC Magdeburg',30,'Timon','Weiner','18-jan-1999','Portiere'),
  ('695738','1.FC Magdeburg',12,'Tom','Schlitter','17-may-2002','Portiere'),
  ('019483','1.FC Magdeburg',5,'Tobias','Müller','8-jul-1994','Difensore'),
  ('052354','1.FC Magdeburg',24,'Alexander','Bittroff','19-sep-1988','Difensore'),
  ('196763','1.FC Magdeburg',27,'Korbinian','Burger','27-apr-1995','Difensore'),
  ('083241','1.FC Magdeburg',3,'Dustin','Bomheuer','17-apr-1991','Difensore'),
  ('251975','1.FC Magdeburg',4,'Brian','Koglin','7-jan-1997','Difensore'),
  ('005197','1.FC Magdeburg',10,'Jürgen','Gjasula','5-dec-1985','Difensore'),
  ('333289','1.FC Magdeburg',25,'Philipp','Harant','20-feb-1999','Difensore'),
  ('695739','1.FC Magdeburg',null,'Leon','Schmökel','9-jun-2002','Difensore'),
  ('232355','1.FC Magdeburg',19,'Leon','Bell Bell','6-sep-1996','Difensore'),
  ('042086','1.FC Magdeburg',29,'Timo','Perthel','11-feb-1989','Difensore'),
  ('429737','1.FC Magdeburg',null,'Nico','Mai','9-mar-2001','Difensore'),
  ('330699','1.FC Magdeburg',28,'Raphael','Obermair','1-apr-1996','Difensore'),
  ('115659','1.FC Magdeburg',2,'Dominik','Ernst','8-aug-1990','Difensore'),
  ('381755','1.FC Magdeburg',15,'Henry','Rorig','3-mar-2000','Difensore'),
  ('438315','1.FC Magdeburg',16,'Andreas','Müller','20-jul-2000','Centrocampista'),
  ('236986','1.FC Magdeburg',22,'Thore','Jacobsen','19-apr-1997','Centrocampista'),
  ('342042','1.FC Magdeburg',6,'Adrian','Malachowski','10-mar-1998','Centrocampista'),
  ('604105','1.FC Magdeburg',null,'Ole','Hoch','6-may-2002','Centrocampista'),
  ('695740','1.FC Magdeburg',null,'Tom','Weiß','26-feb-2002','Centrocampista'),
  ('124084','1.FC Magdeburg',8,'Sebastian','Jakubiak','21-jun-1993','Centrocampista'),
  ('161072','1.FC Magdeburg',23,'Baris','Atik','9-jan-1995','Centrocampista'),
  ('628303','1.FC Magdeburg',null,'Julian','Weigel','14-jul-2001','Centrocampista'),
  ('262270','1.FC Magdeburg',7,'Luka','Sliskovic','4-apr-1995','Attaccante'),
  ('218011','1.FC Magdeburg',18,'Florian','Kath','21-oct-1994','Attaccante'),
  ('045734','1.FC Magdeburg',31,'Nico','Granatowski','3-jun-1991','Attaccante'),
  ('076143','1.FC Magdeburg',20,'Sören','Bertram','5-jun-1991','Attaccante'),
  ('379985','1.FC Magdeburg',14,'Maximilian','Franzke','5-mar-1999','Attaccante'),
  ('307183','1.FC Magdeburg',17,'Sirlord','Conteh','9-jul-1996','Attaccante'),
  ('195720','1.FC Magdeburg',13,'Daniel','Steininger','13-apr-1995','Attaccante'),
  ('094256','1.FC Magdeburg',33,'Saliou','Sané','19-jul-1992','Attaccante'),
  ('284058','1.FC Magdeburg',9,'Kai','Brünker','10-jun-1994','Attaccante'),
  ('039396','1.FC Magdeburg',11,'Christian','Beck','10-mar-1988','Attaccante'),
  ('090317','1.FC Saarbrücken',1,'Daniel','Batz','12-jan-1991','Portiere'),
  ('244945','1.FC Saarbrücken',29,'Jannick','Theißen','7-jan-1998','Portiere'),
  ('279070','1.FC Saarbrücken',36,'Ramon','Castellucci','6-mar-1997','Portiere'),
  ('809485','1.FC Saarbrücken',null,'Lukas','Hoffmann','9-nov-2003','Portiere'),
  ('282169','1.FC Saarbrücken',3,'Marin','Sverko','4-feb-1998','Difensore'),
  ('060443','1.FC Saarbrücken',5,'Steven','Zellner','14-mar-1991','Difensore'),
  ('091280','1.FC Saarbrücken',14,'Boné','Uaferro','4-jan-1992','Difensore'),
  ('094210','1.FC Saarbrücken',21,'Bjarne','Thoelke','11-apr-1992','Difensore'),
  ('036902','1.FC Saarbrücken',null,'Christopher','Schorch','30-jan-1989','Difensore'),
  ('161697','1.FC Saarbrücken',23,'Mario','Müller','16-jan-1992','Difensore'),
  ('238119','1.FC Saarbrücken',16,'Anthony','Barylla','1-jun-1997','Difensore'),
  ('233610','1.FC Saarbrücken',18,'Sebastian','Bösel','24-oct-1994','Difensore'),
  ('279249','1.FC Saarbrücken',27,'Jayson','Breitenbach','12-may-1998','Difensore'),
  ('809498','1.FC Saarbrücken',33,'Luca','Kerber','10-mar-2002','Centrocampista'),
  ('085960','1.FC Saarbrücken',8,'Manuel','Zeitz','1-aug-1990','Centrocampista'),
  ('679471','1.FC Saarbrücken',6,'Rasim','Bulic','10-dec-2000','Centrocampista'),
  ('062934','1.FC Saarbrücken',17,'Fanol','Perdedaj','16-jul-1991','Centrocampista'),
  ('294701','1.FC Saarbrücken',19,'Kianz','Froese','16-apr-1996','Centrocampista'),
  ('043821','1.FC Saarbrücken',25,'Tobias','Jänicke','16-mar-1989','Centrocampista'),
  ('228966','1.FC Saarbrücken',22,'Timm','Golley','17-feb-1991','Centrocampista'),
  ('085538','1.FC Saarbrücken',13,'Maurice','Deville','31-jul-1992','Attaccante'),
  ('278569','1.FC Saarbrücken',28,'Minos','Gouras','7-jun-1998','Attaccante'),
  ('120834','1.FC Saarbrücken',11,'Markus','Mendler','7-jan-1993','Attaccante'),
  ('052883','1.FC Saarbrücken',9,'José Pierre','Vunguidica','3-jan-1990','Attaccante'),
  ('378335','1.FC Saarbrücken',null,'Jonas','Singer','15-nov-1997','Attaccante'),
  ('313178','1.FC Saarbrücken',7,'Nicklas','Shipnoski','1-jan-1998','Attaccante'),
  ('718236','1.FC Saarbrücken',null,'Marius','Köhl','31-may-2001','Attaccante'),
  ('196876','1.FC Saarbrücken',24,'Sebastian','Jacob','26-jun-1993','Attaccante'),
  ('161079','1.FC Saarbrücken',20,'Julian','Günther-Schmidt','13-sep-1994','Attaccante'),
  ('479273','1.FC Saarbrücken',30,'Lukas','Schleimer','9-dec-1999','Attaccante'),
  ('042079','FC Viktoria Köln',1,'Sebastian','Mielitz','18-jul-1989','Portiere'),
  ('058806','FC Viktoria Köln',33,'André','Weis','30-sep-1989','Portiere'),
  ('335464','FC Viktoria Köln',25,'Yannik','Bangsow','21-feb-1998','Portiere'),
  ('158052','FC Viktoria Köln',3,'Maximilian','Rossmann','6-may-1995','Difensore'),
  ('126424','FC Viktoria Köln',30,'Michael','Schultz','30-may-1993','Difensore'),
  ('111419','FC Viktoria Köln',5,'Sead','Hajrovic','4-jun-1993','Difensore'),
  ('154980','FC Viktoria Köln',23,'Moritz','Fritz','15-jul-1993','Difensore'),
  ('222007','FC Viktoria Köln',20,'Bernard','Kyere','1-jul-1995','Difensore'),
  ('333666','FC Viktoria Köln',null,'Dominik','Lanius','28-mar-1997','Difensore'),
  ('701336','FC Viktoria Köln',2,'Alexander','Höck','30-mar-2002','Difensore'),
  ('453756','FC Viktoria Köln',21,'Dario','De Vita','12-feb-2000','Difensore'),
  ('777330','FC Viktoria Köln',null,'Paul','Weist','15-mar-2002','Difensore'),
  ('810673','FC Viktoria Köln',null,'Ilhan','Altuntas','6-jan-2003','Difensore'),
  ('336975','FC Viktoria Köln',26,'Luca','Stellwagen','10-dec-1998','Difensore'),
  ('597001','FC Viktoria Köln',null,'Niklas','May','10-apr-2002','Difensore'),
  ('076516','FC Viktoria Köln',28,'Patrick','Koronkiewicz','13-mar-1991','Difensore'),
  ('819250','FC Viktoria Köln',null,'Marten','Imping','1-feb-2002','Centrocampista'),
  ('332624','FC Viktoria Köln',18,'Kai','Klefisch','3-dec-1999','Centrocampista'),
  ('196050','FC Viktoria Köln',4,'Jeremias','Lorch','2-dec-1995','Centrocampista'),
  ('192841','FC Viktoria Köln',6,'Fabian','Holthaus','17-jan-1995','Centrocampista'),
  ('598284','FC Viktoria Köln',null,'Maximilian','Fischer','22-apr-2002','Centrocampista'),
  ('120427','FC Viktoria Köln',17,'René','Klingenburg','29-dec-1993','Centrocampista'),
  ('085036','FC Viktoria Köln',10,'André','Dej','6-feb-1992','Centrocampista'),
  ('411135','FC Viktoria Köln',27,'Enes','Tubluk','3-jun-2000','Centrocampista'),
  ('051176','FC Viktoria Köln',31,'Marcel','Risse','17-dec-1989','Centrocampista'),
  ('106265','FC Viktoria Köln',7,'Simon','Handle','25-jan-1993','Centrocampista'),
  ('026171','FC Viktoria Köln',8,'Mike','Wunderlich','25-mar-1986','Centrocampista'),
  ('232376','FC Viktoria Köln',11,'Lucas','Cueto','24-mar-1996','Attaccante'),
  ('684307','FC Viktoria Köln',34,'Youssef','Amyn','21-aug-2003','Attaccante'),
  ('148095','FC Viktoria Köln',19,'Kevin','Holzweiler','16-oct-1994','Attaccante'),
  ('095354','FC Viktoria Köln',39,'Timmy','Thiele','31-jul-1991','Attaccante'),
  ('255933','FC Viktoria Köln',9,'Michael','Seaton','1-may-1996','Attaccante'),
  ('019194','FC Viktoria Köln',12,'Albert','Bunjaku','29-nov-1983','Attaccante'),
  ('810669','FC Viktoria Köln',null,'Seok-ju','Hong','7-may-2003','Attaccante'),
  ('426685','Hallescher FC',18,'Tim','Schreiber','24-apr-2002','Portiere'),
  ('168797','Hallescher FC',30,'Sven','Müller','16-feb-1996','Portiere'),
  ('192191','Hallescher FC',1,'Kai','Eisele','25-jun-1995','Portiere'),
  ('341878','Hallescher FC',32,'Tom','Müller','27-nov-1997','Portiere'),
  ('111463','Hallescher FC',23,'Stipe','Vucur','22-may-1992','Difensore'),
  ('155374','Hallescher FC',33,'Jonas','Nietfeld','15-jan-1994','Difensore'),
  ('267035','Hallescher FC',5,'Jannes','Vollert','21-jan-1998','Difensore'),
  ('227078','Hallescher FC',29,'Lukas','Boeder','18-apr-1997','Difensore'),
  ('124507','Hallescher FC',21,'Fabian','Menig','26-feb-1994','Difensore'),
  ('197383','Hallescher FC',25,'Sören','Reddemann','16-may-1996','Difensore'),
  ('386784','Hallescher FC',3,'Niklas','Kastenhofer','8-jan-1999','Difensore'),
  ('196394','Hallescher FC',31,'Niklas','Landgraf','1-mar-1996','Difensore'),
  ('089542','Hallescher FC',22,'Janek','Sternberg','19-oct-1992','Difensore'),
  ('093553','Hallescher FC',2,'Tobias','Schilk','24-mar-1992','Difensore'),
  ('482573','Hallescher FC',8,'Antonios','Papadopoulos','10-sep-1999','Centrocampista'),
  ('146167','Hallescher FC',4,'Anthony','Syhre','18-mar-1995','Centrocampista'),
  ('049669','Hallescher FC',26,'Marcel','Titsch Rivero','2-nov-1989','Centrocampista'),
  ('043822','Hallescher FC',6,'Toni','Lindenhahn','15-nov-1990','Centrocampista'),
  ('093854','Hallescher FC',16,'Dennis','Mast','15-feb-1992','Centrocampista'),
  ('451403','Hallescher FC',19,'Laurenz','Dehl','12-dec-2001','Centrocampista'),
  ('528834','Hallescher FC',11,'Jan','Shcherbakovski','24-mar-2001','Centrocampista'),
  ('087650','Hallescher FC',7,'Julian-Maurice','Derstroff','5-jan-1992','Attaccante'),
  ('469814','Hallescher FC',24,'Julian','Guttau','29-oct-1999','Attaccante'),
  ('152781','Hallescher FC',null,'Selim','Gündüz','16-may-1994','Attaccante'),
  ('231590','Hallescher FC',28,'Braydon','Manu','28-mar-1997','Attaccante'),
  ('195049','Hallescher FC',10,'Michael','Eberwein','11-mar-1996','Attaccante'),
  ('103064','Hallescher FC',13,'Terrence','Boyd','16-feb-1991','Attaccante'),
  ('605573','Hallescher FC',null,'Tom','Bierschenk','13-jul-2002','Attaccante'),
  ('232487','SC Verl',32,'Robin','Brüseke','14-sep-1993','Portiere'),
  ('166182','SC Verl',22,'Till','Brinkmann','1-nov-1995','Portiere'),
  ('041645','SC Verl',null,'Sebastian','Lange','16-oct-1987','Portiere'),
  ('296694','SC Verl',19,'Lasse','Jürgensen','16-feb-1998','Difensore'),
  ('086028','SC Verl',4,'Daniel','Mikic','6-jul-1992','Difensore'),
  ('229435','SC Verl',5,'Yannick','Langesberg','31-mar-1994','Difensore'),
  ('264641','SC Verl',15,'Frederik','Lach','18-mar-1997','Difensore'),
  ('052870','SC Verl',23,'Julian','Stöckner','16-mar-1989','Difensore'),
  ('182211','SC Verl',28,'Leander','Siemann','25-oct-1995','Difensore'),
  ('333903','SC Verl',21,'Lars','Ritzka','7-may-1998','Difensore'),
  ('326921','SC Verl',24,'Christopher','Lannert','8-jun-1998','Difensore'),
  ('391429','SC Verl',14,'Patrick','Choroba','11-jun-1996','Difensore'),
  ('109728','SC Verl',20,'Steffen','Lang','14-aug-1993','Difensore'),
  ('066973','SC Verl',16,'Sergej','Schmik','27-nov-1989','Difensore'),
  ('196226','SC Verl',7,'Mehmet','Kurt','9-jan-1996','Centrocampista'),
  ('423192','SC Verl',6,'Barne','Pernot','11-jun-1999','Centrocampista'),
  ('094952','SC Verl',31,'Sascha','Korb','18-jun-1993','Centrocampista'),
  ('388409','SC Verl',11,'Philipp','Sander','21-feb-1998','Centrocampista'),
  ('413859','SC Verl',27,'Mael','Corboz','6-sep-1994','Centrocampista'),
  ('296415','SC Verl',8,'Julian','Schwermann','8-jul-1999','Centrocampista'),
  ('202604','SC Verl',33,'Sven','Köhler','8-nov-1996','Centrocampista'),
  ('451380','SC Verl',25,'Berkan','Taz','19-dec-1998','Centrocampista'),
  ('237732','SC Verl',34,'Leandro','Putaro','7-jan-1997','Attaccante'),
  ('085206','SC Verl',30,'Patrick','Schikowski','20-jun-1992','Attaccante'),
  ('300334','SC Verl',18,'Aygün','Yildirim','4-apr-1995','Attaccante'),
  ('050782','SC Verl',26,'Justin','Eilers','13-jun-1988','Attaccante'),
  ('083228','SC Verl',17,'Nico','Hecker','5-sep-1991','Attaccante'),
  ('027033','SC Verl',13,'Zlatko','Janjic','7-may-1986','Attaccante'),
  ('045664','SC Verl',10,'Matthias','Haeder','23-feb-1989','Attaccante'),
  ('335997','SV Meppen',null,'Luca','Plogmann','10-mar-2000','Portiere'),
  ('019072','SV Meppen',32,'Erik','Domaschke','11-nov-1985','Portiere'),
  ('443478','SV Meppen',12,'Matthis','Harsman','4-oct-1999','Portiere'),
  ('274989','SV Meppen',37,'Constantin','Frommann','27-may-1998','Portiere'),
  ('002398','SV Meppen',null,'André','Poggenborg','17-sep-1983','Portiere'),
  ('379114','SV Meppen',19,'Lars','Bünning','27-feb-1998','Difensore'),
  ('410259','SV Meppen',4,'Yannick','Osée','13-jun-1997','Difensore'),
  ('054238','SV Meppen',22,'Steffen','Puttkammer','30-sep-1988','Difensore'),
  ('123395','SV Meppen',25,'Jeron','Al-Hazaimeh','13-feb-1992','Difensore'),
  ('104293','SV Meppen',7,'Hassan','Amin','12-oct-1991','Difensore'),
  ('657962','SV Meppen',21,'Leonard','Bredol','1-aug-2000','Difensore'),
  ('227799','SV Meppen',15,'Markus','Ballmert','27-nov-1993','Difensore'),
  ('245800','SV Meppen',3,'Janik','Jesgarzewski','26-jan-1994','Difensore'),
  ('322761','SV Meppen',16,'Florian','Egerer','17-feb-1998','Centrocampista'),
  ('047737','SV Meppen',8,'Thilo','Leugers','9-jan-1991','Centrocampista'),
  ('202957','SV Meppen',26,'Julius','Düker','4-jan-1996','Centrocampista'),
  ('080060','SV Meppen',14,'Willi','Evseev','14-feb-1992','Centrocampista'),
  ('196433','SV Meppen',6,'Nicolas','Andermatt','6-nov-1995','Centrocampista'),
  ('193006','SV Meppen',20,'Mike','Bähre','10-aug-1995','Centrocampista'),
  ('072989','SV Meppen',10,'Luka','Tankulic','21-jun-1991','Centrocampista'),
  ('033416','SV Meppen',11,'Marcus','Piossek','21-jul-1989','Centrocampista'),
  ('033535','SV Meppen',27,'Valdet','Rama','20-nov-1987','Attaccante'),
  ('058030','SV Meppen',17,'Christoph','Hemlein','16-dec-1990','Attaccante'),
  ('216348','SV Meppen',18,'René','Guder','6-sep-1994','Attaccante'),
  ('273551','SV Meppen',null,'Hilal','El-Helwe','24-nov-1994','Attaccante'),
  ('119543','SV Meppen',33,'Dejan','Bozic','22-jan-1993','Attaccante'),
  ('448092','SV Meppen',23,'Lukas','Krüger','20-jan-2000','Attaccante'),
  ('679013','SV Meppen',30,'Ted','Tattermusch','8-may-2001','Attaccante'),
  ('089649','FSV Zwickau',1,'Johannes','Brinkies','20-jun-1993','Portiere'),
  ('312178','FSV Zwickau',29,'Matti','Kamenz','9-aug-1998','Portiere'),
  ('517085','FSV Zwickau',26,'Max','Sprang','4-jul-2000','Portiere'),
  ('185423','FSV Zwickau',25,'Steffen','Nkansah','7-apr-1996','Difensore'),
  ('056554','FSV Zwickau',19,'Davy','Frick','5-apr-1990','Difensore'),
  ('286443','FSV Zwickau',3,'Bastian','Strietzel','19-jun-1998','Difensore'),
  ('215490','FSV Zwickau',5,'Maurice','Hehne','24-apr-1997','Difensore'),
  ('230614','FSV Zwickau',4,'Ali','Odabas','20-oct-1993','Difensore'),
  ('237576','FSV Zwickau',22,'Can','Coskun','26-mar-1998','Difensore'),
  ('059176','FSV Zwickau',28,'Nils','Miatke','30-jan-1990','Difensore'),
  ('333450','FSV Zwickau',6,'Jozo','Stanic','6-apr-1999','Difensore'),
  ('381069','FSV Zwickau',2,'Marcus','Godinho','28-jun-1997','Difensore'),
  ('229792','FSV Zwickau',21,'Marco','Schikora','20-sep-1994','Centrocampista'),
  ('369882','FSV Zwickau',27,'Yannik','Möker','27-jul-1999','Centrocampista'),
  ('048313','FSV Zwickau',30,'Julius','Reinhardt','29-mar-1988','Centrocampista'),
  ('273904','FSV Zwickau',8,'Leon','Jensen','19-may-1997','Centrocampista'),
  ('077869','FSV Zwickau',13,'Mike','Könnecke','23-aug-1988','Centrocampista'),
  ('171352','FSV Zwickau',17,'Morris','Schröter','20-aug-1995','Centrocampista'),
  ('393337','FSV Zwickau',23,'Marius','Hauptmann','14-sep-1999','Centrocampista'),
  ('083707','FSV Zwickau',10,'Manfred','Starke','21-feb-1991','Centrocampista'),
  ('154722','FSV Zwickau',7,'Felix','Drinkuth','20-oct-1994','Attaccante'),
  ('371347','FSV Zwickau',11,'Dustin','Willms','30-jun-1999','Attaccante'),
  ('224503','FSV Zwickau',18,'Maximilian','Wolfram','21-feb-1997','Attaccante'),
  ('136308','FSV Zwickau',null,'Gerrit','Wegkamp','13-apr-1993','Attaccante'),
  ('425283','FSV Zwickau',9,'Lars','Lokotsch','17-may-1996','Attaccante'),
  ('002175','FSV Zwickau',15,'Ronny','König','2-jun-1983','Attaccante'),
  ('125172','VfB Lübeck',32,'Lukas','Raeder','30-dec-1993','Portiere'),
  ('384535','VfB Lübeck',23,'Michael','Luyambula','8-jun-1999','Portiere'),
  ('019801','VfB Lübeck',1,'Benjamin','Gommert','1-may-1985','Portiere'),
  ('897864','VfB Lübeck',1,'Christopher','Barkmann','15-jul-2003','Portiere'),
  ('820603','VfB Lübeck',18,'Sjard','Strauß','10-aug-2003','Portiere'),
  ('074841','VfB Lübeck',17,'Tommy','Grupe','29-mar-1992','Difensore'),
  ('373178','VfB Lübeck',16,'Ryan','Malone','11-aug-1992','Difensore'),
  ('279357','VfB Lübeck',2,'Tim','Weißmann','2-jun-1997','Difensore'),
  ('296350','VfB Lübeck',4,'Moody','Chana','7-jan-1999','Difensore'),
  ('309403','VfB Lübeck',14,'Sören','Lippert','9-oct-1999','Difensore'),
  ('166281','VfB Lübeck',27,'Nico','Rieble','22-aug-1995','Difensore'),
  ('237620','VfB Lübeck',13,'Marvin','Thiel','29-jan-1995','Difensore'),
  ('469930','VfB Lübeck',3,'Brandel','Crentsil',null,'Difensore'),
  ('532071','VfB Lübeck',7,'Tarec','Blohm',null,'Difensore'),
  ('487452','VfB Lübeck',22,'Gustavo','Melo','23-apr-2001','Difensore'),
  ('369575','VfB Lübeck',21,'Tim','Kircher','10-mar-1999','Difensore'),
  ('054863','VfB Lübeck',39,'Florian','Riedel','9-apr-1990','Difensore'),
  ('529104','VfB Lübeck',4,'Robin','Bonilla Szelitzki','8-feb-2001','Difensore'),
  ('275127','VfB Lübeck',15,'Ersin','Zehir','15-jan-1998','Centrocampista'),
  ('165407','VfB Lübeck',20,'Osarenren','Okungbowa','13-may-1994','Centrocampista'),
  ('036255','VfB Lübeck',31,'Mirko','Boland','23-apr-1987','Centrocampista'),
  ('148123','VfB Lübeck',8,'Sven','Mende','18-jan-1994','Centrocampista'),
  ('224499','VfB Lübeck',5,'Dren','Feka','9-jun-1997','Centrocampista'),
  ('883461','VfB Lübeck',5,'Sven','Freitag','6-may-2002','Centrocampista'),
  ('158805','VfB Lübeck',10,'Yannick','Deichmann','13-aug-1994','Centrocampista'),
  ('333944','VfB Lübeck',6,'Elsamed','Ramaj','26-apr-1996','Centrocampista'),
  ('152907','VfB Lübeck',9,'Martin','Röser','13-aug-1990','Centrocampista'),
  ('322249','VfB Lübeck',18,'Thorben','Deters','20-aug-1995','Centrocampista'),
  ('190978','VfB Lübeck',7,'Morten','Rüdiger','13-jun-1995','Centrocampista'),
  ('447864','VfB Lübeck',35,'Lucas','Wolf','28-aug-2001','Centrocampista'),
  ('622473','VfB Lübeck',13,'Belal','Ahmadi','7-oct-2002','Centrocampista'),
  ('689715','VfB Lübeck',21,'Leon','Will','7-jan-2002','Centrocampista'),
  ('599141','VfB Lübeck',19,'Jamie','Shalom','11-oct-2001','Attaccante'),
  ('817741','VfB Lübeck',11,'Keenon','Erfurth','21-may-2002','Attaccante'),
  ('897858','VfB Lübeck',23,'Mika','Urbanski','14-may-2003','Attaccante'),
  ('279018','VfB Lübeck',22,'Pascal','Steinwender','2-aug-1996','Attaccante'),
  ('546890','VfB Lübeck',6,'Vjekoslav','Taritas','27-sep-1999','Attaccante'),
  ('897861','VfB Lübeck',8,'Jeremy','Haering','17-jan-2003','Attaccante'),
  ('506855','VfB Lübeck',14,'Cyrill','Akono','29-feb-2000','Attaccante'),
  ('077947','VfB Lübeck',33,'Soufian','Benyamina','2-mar-1990','Attaccante'),
  ('236543','VfB Lübeck',34,'Patrick','Hobsch','10-oct-1994','Attaccante'),
  ('057706','VfB Lübeck',11,'Nicolas','Hebisch','26-mar-1990','Attaccante'),
  ('521328','VfB Lübeck',9,'Kaniwar','Uzun','10-aug-1999','Attaccante');

insert into Partite values
  ('L3000000',2,'SG Dynamo Dresden','SV Waldhof Mannheim',1,1),
  ('L3000001',4,'SG Dynamo Dresden','1.FC Magdeburg',1,0),
  ('L3000002',6,'SG Dynamo Dresden','FSV Zwickau',1,2),
  ('L3000003',8,'SG Dynamo Dresden','SV Meppen',3,0),
  ('L3000004',10,'SG Dynamo Dresden','TSV 1860 Munich',2,1),
  ('L3000005',12,'SG Dynamo Dresden','SpVgg Unterhaching',2,0),
  ('L3000006',14,'SG Dynamo Dresden','KFC Uerdingen 05',0,0),
  ('L3000007',16,'SG Dynamo Dresden','SC Verl',4,1),
  ('L3000008',19,'SG Dynamo Dresden','SV Wehen Wiesbaden',1,0),
  ('L3000009',1,'FC Hansa Rostock','MSV Duisburg',3,1),
  ('L3000010',3,'FC Hansa Rostock','KFC Uerdingen 05',0,0),
  ('L3000011',5,'FC Hansa Rostock','TSV 1860 Munich',1,1),
  ('L3000012',7,'FC Hansa Rostock','FC Viktoria Köln',5,1),
  ('L3000013',9,'FC Hansa Rostock','Türkgücü München',2,0),
  ('L3000014',11,'FC Hansa Rostock','SG Dynamo Dresden',1,3),
  ('L3000015',13,'FC Hansa Rostock','FC Bayern Munich II',2,0),
  ('L3000016',15,'FC Hansa Rostock','SV Meppen',0,2),
  ('L3000017',18,'FC Hansa Rostock','SpVgg Unterhaching',1,0),
  ('L3000018',1,'FC Ingolstadt 04','KFC Uerdingen 05',2,1),
  ('L3000019',3,'FC Ingolstadt 04','SpVgg Unterhaching',0,1),
  ('L3000020',5,'FC Ingolstadt 04','SC Verl',2,1),
  ('L3000021',7,'FC Ingolstadt 04','SG Dynamo Dresden',1,0),
  ('L3000022',9,'FC Ingolstadt 04','SV Wehen Wiesbaden',4,1),
  ('L3000023',11,'FC Ingolstadt 04','1.FC Magdeburg',1,0),
  ('L3000024',14,'FC Ingolstadt 04','VfB Lübeck',1,1),
  ('L3000025',16,'FC Ingolstadt 04','FC Hansa Rostock',1,0),
  ('L3000026',18,'FC Ingolstadt 04','MSV Duisburg',2,1),
  ('L3000027',2,'TSV 1860 Munich','1.FC Magdeburg',1,1),
  ('L3000028',4,'TSV 1860 Munich','VfB Lübeck',4,1),
  ('L3000029',6,'TSV 1860 Munich','1.FC Saarbrücken',1,2),
  ('L3000030',8,'TSV 1860 Munich','MSV Duisburg',0,2),
  ('L3000031',9,'TSV 1860 Munich','Hallescher FC',6,1),
  ('L3000032',11,'TSV 1860 Munich','KFC Uerdingen 05',0,0),
  ('L3000033',13,'TSV 1860 Munich','Türkgücü München',2,2),
  ('L3000034',15,'TSV 1860 Munich','SV Waldhof Mannheim',5,0),
  ('L3000035',17,'TSV 1860 Munich','SV Wehen Wiesbaden',2,2),
  ('L3000036',19,'TSV 1860 Munich','FC Ingolstadt 04',1,0),
  ('L3000037',2,'1.FC Saarbrücken','FC Hansa Rostock',2,0),
  ('L3000038',3,'1.FC Saarbrücken','Hallescher FC',4,0),
  ('L3000039',5,'1.FC Saarbrücken','SpVgg Unterhaching',2,1),
  ('L3000040',7,'1.FC Saarbrücken','SC Verl',1,2),
  ('L3000041',9,'1.FC Saarbrücken','SG Dynamo Dresden',2,1),
  ('L3000042',11,'1.FC Saarbrücken','SV Wehen Wiesbaden',3,3),
  ('L3000043',13,'1.FC Saarbrücken','1.FC Kaiserslautern',1,1),
  ('L3000044',15,'1.FC Saarbrücken','FC Bayern Munich II',1,2),
  ('L3000045',17,'1.FC Saarbrücken','FC Ingolstadt 04',3,3),
  ('L3000046',19,'1.FC Saarbrücken','FSV Zwickau',1,2),
  ('L3000047',1,'SV Wehen Wiesbaden','SC Verl',0,0),
  ('L3000048',3,'SV Wehen Wiesbaden','1.FC Kaiserslautern',2,2),
  ('L3000049',5,'SV Wehen Wiesbaden','SV Waldhof Mannheim',0,1),
  ('L3000050',8,'SV Wehen Wiesbaden','FC Bayern Munich II',2,4),
  ('L3000051',10,'SV Wehen Wiesbaden','FSV Zwickau',3,1),
  ('L3000052',12,'SV Wehen Wiesbaden','SV Meppen',1,0),
  ('L3000053',14,'SV Wehen Wiesbaden','FC Hansa Rostock',2,1),
  ('L3000054',16,'SV Wehen Wiesbaden','VfB Lübeck',4,2),
  ('L3000055',18,'SV Wehen Wiesbaden','Hallescher FC',1,1),
  ('L3000056',2,'SC Verl','FC Bayern Munich II',3,0),
  ('L3000057',4,'SC Verl','FC Hansa Rostock',2,3),
  ('L3000058',6,'SC Verl','1.FC Magdeburg',3,1),
  ('L3000059',8,'SC Verl','FSV Zwickau',1,1),
  ('L3000060',10,'SC Verl','VfB Lübeck',1,2),
  ('L3000061',12,'SC Verl','TSV 1860 Munich',1,1),
  ('L3000062',14,'SC Verl','Hallescher FC',4,2),
  ('L3000063',15,'SC Verl','FC Viktoria Köln',1,1),
  ('L3000064',17,'SC Verl','Türkgücü München',0,1),
  ('L3000065',19,'SC Verl','1.FC Kaiserslautern',1,1),
  ('L3000066',1,'SV Waldhof Mannheim','FC Viktoria Köln',2,2),
  ('L3000067',3,'SV Waldhof Mannheim','Türkgücü München',4,4),
  ('L3000068',6,'SV Waldhof Mannheim','FC Hansa Rostock',1,2),
  ('L3000069',8,'SV Waldhof Mannheim','1.FC Magdeburg',5,2),
  ('L3000070',10,'SV Waldhof Mannheim','FC Ingolstadt 04',4,1),
  ('L3000071',12,'SV Waldhof Mannheim','MSV Duisburg',2,2),
  ('L3000072',14,'SV Waldhof Mannheim','1.FC Saarbrücken',4,1),
  ('L3000073',16,'SV Waldhof Mannheim','SpVgg Unterhaching',1,4),
  ('L3000074',18,'SV Waldhof Mannheim','SC Verl',2,2),
  ('L3000075',2,'Hallescher FC','FC Ingolstadt 04',0,2),
  ('L3000076',4,'Hallescher FC','FSV Zwickau',0,2),
  ('L3000077',6,'Hallescher FC','SV Meppen',4,1),
  ('L3000078',8,'Hallescher FC','SpVgg Unterhaching',2,0),
  ('L3000079',10,'Hallescher FC','FC Hansa Rostock',1,1),
  ('L3000080',11,'Hallescher FC','1.FC Kaiserslautern',1,1),
  ('L3000081',13,'Hallescher FC','FC Viktoria Köln',2,0),
  ('L3000082',15,'Hallescher FC','SG Dynamo Dresden',1,3),
  ('L3000083',17,'Hallescher FC','SV Waldhof Mannheim',0,0),
  ('L3000084',19,'Hallescher FC','FC Bayern Munich II',0,4),
  ('L3000085',1,'FSV Zwickau','SpVgg Unterhaching',2,1),
  ('L3000086',3,'FSV Zwickau','TSV 1860 Munich',1,2),
  ('L3000087',5,'FSV Zwickau','KFC Uerdingen 05',1,2),
  ('L3000088',7,'FSV Zwickau','Türkgücü München',0,1),
  ('L3000089',9,'FSV Zwickau','1.FC Kaiserslautern',1,2),
  ('L3000090',11,'FSV Zwickau','SV Waldhof Mannheim',0,0),
  ('L3000091',13,'FSV Zwickau','1.FC Magdeburg',0,1),
  ('L3000092',15,'FSV Zwickau','FC Ingolstadt 04',0,2),
  ('L3000093',17,'FSV Zwickau','FC Hansa Rostock',0,2),
  ('L3000094',18,'FSV Zwickau','VfB Lübeck',2,1),
  ('L3000095',1,'1.FC Magdeburg','Hallescher FC',0,2),
  ('L3000096',3,'1.FC Magdeburg','FC Viktoria Köln',0,2),
  ('L3000097',5,'1.FC Magdeburg','Türkgücü München',2,0),
  ('L3000098',7,'1.FC Magdeburg','SV Wehen Wiesbaden',1,2),
  ('L3000099',9,'1.FC Magdeburg','FC Bayern Munich II',2,1),
  ('L3000100',12,'1.FC Magdeburg','FC Hansa Rostock',1,1),
  ('L3000101',14,'1.FC Magdeburg','SV Meppen',0,0),
  ('L3000102',16,'1.FC Magdeburg','1.FC Saarbrücken',1,2),
  ('L3000103',18,'1.FC Magdeburg','KFC Uerdingen 05',1,1),
  ('L3000104',2,'FC Viktoria Köln','SV Wehen Wiesbaden',0,2),
  ('L3000105',4,'FC Viktoria Köln','FC Ingolstadt 04',2,0),
  ('L3000106',6,'FC Viktoria Köln','FC Bayern Munich II',3,2),
  ('L3000107',8,'FC Viktoria Köln','VfB Lübeck',0,2),
  ('L3000108',10,'FC Viktoria Köln','1.FC Saarbrücken',0,2),
  ('L3000109',12,'FC Viktoria Köln','FSV Zwickau',1,1),
  ('L3000110',14,'FC Viktoria Köln','TSV 1860 Munich',2,1),
  ('L3000111',16,'FC Viktoria Köln','KFC Uerdingen 05',0,2),
  ('L3000112',17,'FC Viktoria Köln','SG Dynamo Dresden',2,4),
  ('L3000113',19,'FC Viktoria Köln','Türkgücü München',0,2),
  ('L3000114',2,'Türkgücü München','1.FC Kaiserslautern',3,0),
  ('L3000115',4,'Türkgücü München','SV Wehen Wiesbaden',0,0),
  ('L3000116',6,'Türkgücü München','VfB Lübeck',4,3),
  ('L3000117',8,'Türkgücü München','FC Ingolstadt 04',1,1),
  ('L3000118',10,'Türkgücü München','MSV Duisburg',2,1),
  ('L3000119',12,'Türkgücü München','1.FC Saarbrücken',1,1),
  ('L3000120',14,'Türkgücü München','SpVgg Unterhaching',0,0),
  ('L3000121',16,'Türkgücü München','Hallescher FC',0,3),
  ('L3000122',18,'Türkgücü München','SG Dynamo Dresden',1,0),
  ('L3000123',1,'1.FC Kaiserslautern','SG Dynamo Dresden',0,1),
  ('L3000124',4,'1.FC Kaiserslautern','SV Waldhof Mannheim',1,1),
  ('L3000125',6,'1.FC Kaiserslautern','FC Ingolstadt 04',1,1),
  ('L3000126',8,'1.FC Kaiserslautern','FC Hansa Rostock',0,0),
  ('L3000127',10,'1.FC Kaiserslautern','1.FC Magdeburg',1,1),
  ('L3000128',12,'1.FC Kaiserslautern','VfB Lübeck',1,0),
  ('L3000129',14,'1.FC Kaiserslautern','MSV Duisburg',2,2),
  ('L3000130',16,'1.FC Kaiserslautern','TSV 1860 Munich',0,3),
  ('L3000131',18,'1.FC Kaiserslautern','FC Viktoria Köln',0,0),
  ('L3000132',2,'MSV Duisburg','FSV Zwickau',1,1),
  ('L3000133',4,'MSV Duisburg','1.FC Saarbrücken',2,3),
  ('L3000134',5,'MSV Duisburg','Hallescher FC',0,0),
  ('L3000135',7,'MSV Duisburg','KFC Uerdingen 05',0,2),
  ('L3000136',9,'MSV Duisburg','FC Viktoria Köln',1,3),
  ('L3000137',11,'MSV Duisburg','SC Verl',0,4),
  ('L3000138',13,'MSV Duisburg','SG Dynamo Dresden',0,3),
  ('L3000139',15,'MSV Duisburg','SV Wehen Wiesbaden',4,1),
  ('L3000140',17,'MSV Duisburg','1.FC Magdeburg',1,2),
  ('L3000141',19,'MSV Duisburg','SV Meppen',1,0),
  ('L3000142',2,'KFC Uerdingen 05','SV Meppen',0,2),
  ('L3000143',4,'KFC Uerdingen 05','FC Bayern Munich II',1,1),
  ('L3000144',6,'KFC Uerdingen 05','SV Wehen Wiesbaden',0,4),
  ('L3000145',8,'KFC Uerdingen 05','1.FC Saarbrücken',1,0),
  ('L3000146',10,'KFC Uerdingen 05','SpVgg Unterhaching',3,1),
  ('L3000147',12,'KFC Uerdingen 05','Hallescher FC',0,1),
  ('L3000148',13,'KFC Uerdingen 05','SC Verl',1,2),
  ('L3000149',15,'KFC Uerdingen 05','Türkgücü München',1,0),
  ('L3000150',17,'KFC Uerdingen 05','1.FC Kaiserslautern',0,2),
  ('L3000151',19,'KFC Uerdingen 05','SV Waldhof Mannheim',1,1),
  ('L3000152',1,'SV Meppen','TSV 1860 Munich',1,3),
  ('L3000153',3,'SV Meppen','SC Verl',1,2),
  ('L3000154',5,'SV Meppen','FC Viktoria Köln',0,1),
  ('L3000155',7,'SV Meppen','1.FC Kaiserslautern',3,2),
  ('L3000156',9,'SV Meppen','SV Waldhof Mannheim',2,0),
  ('L3000157',11,'SV Meppen','Türkgücü München',1,4),
  ('L3000158',13,'SV Meppen','FC Ingolstadt 04',2,0),
  ('L3000159',16,'SV Meppen','FSV Zwickau',1,2),
  ('L3000160',18,'SV Meppen','1.FC Saarbrücken',1,0),
  ('L3000161',1,'FC Bayern Munich II','Türkgücü München',2,2),
  ('L3000162',3,'FC Bayern Munich II','SG Dynamo Dresden',3,0),
  ('L3000163',5,'FC Bayern Munich II','1.FC Kaiserslautern',0,0),
  ('L3000164',7,'FC Bayern Munich II','SV Waldhof Mannheim',2,0),
  ('L3000165',10,'FC Bayern Munich II','SV Meppen',2,0),
  ('L3000166',12,'FC Bayern Munich II','FC Ingolstadt 04',1,3),
  ('L3000167',14,'FC Bayern Munich II','FSV Zwickau',3,2),
  ('L3000168',16,'FC Bayern Munich II','MSV Duisburg',1,1),
  ('L3000169',18,'FC Bayern Munich II','TSV 1860 Munich',0,2),
  ('L3000170',1,'VfB Lübeck','1.FC Saarbrücken',1,1),
  ('L3000171',3,'VfB Lübeck','MSV Duisburg',1,1),
  ('L3000172',5,'VfB Lübeck','SG Dynamo Dresden',0,1),
  ('L3000173',7,'VfB Lübeck','Hallescher FC',2,3),
  ('L3000174',9,'VfB Lübeck','KFC Uerdingen 05',1,0),
  ('L3000175',11,'VfB Lübeck','FC Bayern Munich II',3,0),
  ('L3000176',13,'VfB Lübeck','SV Waldhof Mannheim',0,1),
  ('L3000177',15,'VfB Lübeck','1.FC Magdeburg',1,1),
  ('L3000178',17,'VfB Lübeck','SV Meppen',0,2),
  ('L3000179',19,'VfB Lübeck','FC Hansa Rostock',1,0),
  ('L3000180',2,'SpVgg Unterhaching','VfB Lübeck',1,0),
  ('L3000181',4,'SpVgg Unterhaching','SV Meppen',2,1),
  ('L3000182',6,'SpVgg Unterhaching','MSV Duisburg',0,1),
  ('L3000183',7,'SpVgg Unterhaching','TSV 1860 Munich',0,2),
  ('L3000184',9,'SpVgg Unterhaching','SC Verl',3,4),
  ('L3000185',11,'SpVgg Unterhaching','FC Viktoria Köln',2,2),
  ('L3000186',13,'SpVgg Unterhaching','SV Wehen Wiesbaden',2,1),
  ('L3000187',15,'SpVgg Unterhaching','1.FC Kaiserslautern',2,0),
  ('L3000188',17,'SpVgg Unterhaching','FC Bayern Munich II',1,1),
  ('L3000189',19,'SpVgg Unterhaching','1.FC Magdeburg',0,2);

insert into Gol values
  ('L3000000',42,'192300',false),
  ('L3000000',87,'324851',false),
  ('L3000001',55,'049737',false),
  ('L3000002',2,'037788',false),
  ('L3000002',4,'229792',false),
  ('L3000002',30,'273904',false),
  ('L3000003',49,'037788',false),
  ('L3000003',59,'470038',false),
  ('L3000003',94,'317735',false),
  ('L3000004',27,'082008',false),
  ('L3000004',33,'049737',false),
  ('L3000004',70,'470038',false),
  ('L3000005',26,'023566',false),
  ('L3000005',42,'037788',false),
  ('L3000007',43,'317735',false),
  ('L3000007',56,'027033',false),
  ('L3000007',68,'125105',false),
  ('L3000007',75,'470038',false),
  ('L3000007',79,'317735',false),
  ('L3000008',12,'158312',false),
  ('L3000009',32,'140712',false),
  ('L3000009',56,'082452',false),
  ('L3000009',65,'094637',false),
  ('L3000009',75,'094637',false),
  ('L3000011',42,'195954',false),
  ('L3000011',50,'094964',false),
  ('L3000012',24,'094964',false),
  ('L3000012',25,'075295',false),
  ('L3000012',49,'082112',false),
  ('L3000012',50,'075295',false),
  ('L3000012',69,'126293',false),
  ('L3000012',81,'026171',false),
  ('L3000013',7,'094964',false),
  ('L3000013',28,'096098',true),
  ('L3000014',14,'324851',false),
  ('L3000014',30,'023566',false),
  ('L3000014',40,'470038',false),
  ('L3000014',43,'094637',false),
  ('L3000015',60,'082112',false),
  ('L3000015',66,'091842',false),
  ('L3000016',36,'033535',false),
  ('L3000016',96,'104293',false),
  ('L3000017',55,'075295',false),
  ('L3000018',25,'058379',false),
  ('L3000018',61,'330795',false),
  ('L3000018',69,'362746',false),
  ('L3000019',67,'388026',false),
  ('L3000020',19,'056969',false),
  ('L3000020',34,'388409',false),
  ('L3000020',48,'103428',false),
  ('L3000021',5,'051069',false),
  ('L3000022',13,'051069',false),
  ('L3000022',17,'056969',false),
  ('L3000022',23,'288340',false),
  ('L3000022',32,'160943',false),
  ('L3000022',74,'103428',false),
  ('L3000023',85,'196763',true),
  ('L3000024',72,'051069',false),
  ('L3000024',78,'279018',false),
  ('L3000025',37,'608832',false),
  ('L3000026',4,'193612',false),
  ('L3000026',16,'249303',false),
  ('L3000026',29,'485747',false),
  ('L3000027',56,'330699',false),
  ('L3000027',76,'454034',false),
  ('L3000028',7,'236543',false),
  ('L3000028',29,'081542',false),
  ('L3000028',36,'017689',false),
  ('L3000028',62,'228953',false),
  ('L3000028',66,'116792',false),
  ('L3000029',14,'196876',false),
  ('L3000029',40,'279249',false),
  ('L3000029',51,'087190',false),
  ('L3000030',62,'335101',false),
  ('L3000030',91,'140712',false),
  ('L3000031',41,'324856',false),
  ('L3000031',47,'324856',false),
  ('L3000031',56,'324856',false),
  ('L3000031',58,'017689',false),
  ('L3000031',63,'103064',false),
  ('L3000031',71,'324856',false),
  ('L3000031',79,'454034',false),
  ('L3000033',22,'435798',false),
  ('L3000033',25,'082367',false),
  ('L3000033',49,'017689',false),
  ('L3000033',70,'082367',false),
  ('L3000034',3,'017689',false),
  ('L3000034',24,'017689',false),
  ('L3000034',27,'017689',false),
  ('L3000034',54,'082008',false),
  ('L3000034',71,'082008',false),
  ('L3000035',17,'397696',false),
  ('L3000035',52,'223975',false),
  ('L3000035',74,'017689',false),
  ('L3000035',83,'615400',false),
  ('L3000036',75,'017689',false),
  ('L3000037',5,'196876',false),
  ('L3000037',83,'313178',false),
  ('L3000038',2,'085538',false),
  ('L3000038',27,'313178',false),
  ('L3000038',60,'085538',false),
  ('L3000038',71,'120834',false),
  ('L3000039',60,'170525',false),
  ('L3000039',79,'120834',false),
  ('L3000039',93,'196876',false),
  ('L3000040',35,'300334',false),
  ('L3000040',60,'238119',false),
  ('L3000040',84,'027033',false),
  ('L3000041',16,'324851',false),
  ('L3000041',45,'313178',false),
  ('L3000041',91,'196876',false),
  ('L3000042',13,'196876',false),
  ('L3000042',17,'405568',false),
  ('L3000042',23,'313178',false),
  ('L3000042',25,'405568',false),
  ('L3000042',54,'405568',false),
  ('L3000042',73,'196876',false),
  ('L3000043',59,'196147',false),
  ('L3000043',88,'085538',false),
  ('L3000044',14,'057574',false),
  ('L3000044',26,'043821',false),
  ('L3000044',43,'524560',false),
  ('L3000045',3,'249303',false),
  ('L3000045',6,'313178',false),
  ('L3000045',12,'249303',false),
  ('L3000045',19,'121454',false),
  ('L3000045',27,'313178',false),
  ('L3000045',73,'313178',false),
  ('L3000046',51,'171352',false),
  ('L3000046',78,'002175',false),
  ('L3000046',85,'091280',false),
  ('L3000048',8,'149265',false),
  ('L3000048',34,'288340',false),
  ('L3000048',79,'327862',false),
  ('L3000048',94,'244930',false),
  ('L3000049',2,'228386',false),
  ('L3000050',9,'109792',false),
  ('L3000050',33,'057574',false),
  ('L3000050',39,'488755',false),
  ('L3000050',43,'483974',false),
  ('L3000050',49,'057574',false),
  ('L3000050',82,'805835',false),
  ('L3000051',7,'109792',false),
  ('L3000051',15,'149265',false),
  ('L3000051',16,'371347',false),
  ('L3000051',83,'288340',false),
  ('L3000052',71,'109792',false),
  ('L3000053',35,'453870',false),
  ('L3000053',48,'453870',false),
  ('L3000053',68,'075295',false),
  ('L3000054',23,'275127',false),
  ('L3000054',39,'322249',false),
  ('L3000054',46,'031215',false),
  ('L3000054',68,'223975',false),
  ('L3000054',70,'288340',false),
  ('L3000054',89,'488755',false),
  ('L3000055',44,'087650',false),
  ('L3000055',89,'405568',false),
  ('L3000056',17,'300334',false),
  ('L3000056',39,'027033',false),
  ('L3000056',64,'027033',false),
  ('L3000057',31,'094964',false),
  ('L3000057',35,'158360',false),
  ('L3000057',37,'300334',false),
  ('L3000057',43,'188061',false),
  ('L3000057',54,'196226',false),
  ('L3000058',7,'027033',false),
  ('L3000058',51,'027033',false),
  ('L3000058',53,'451380',false),
  ('L3000058',65,'438315',false),
  ('L3000059',2,'077869',true),
  ('L3000059',49,'002175',false),
  ('L3000060',59,'279018',false),
  ('L3000060',66,'300334',false),
  ('L3000060',91,'158805',false),
  ('L3000061',20,'116792',false),
  ('L3000061',38,'326921',false),
  ('L3000062',3,'423192',false),
  ('L3000062',6,'052870',false),
  ('L3000062',44,'103064',false),
  ('L3000062',60,'196146',false),
  ('L3000062',63,'027033',false),
  ('L3000062',83,'111463',false),
  ('L3000063',3,'232376',false),
  ('L3000063',36,'076516',true),
  ('L3000064',62,'045464',false),
  ('L3000065',61,'052117',false),
  ('L3000065',80,'451380',false),
  ('L3000066',7,'247380',false),
  ('L3000066',20,'274274',false),
  ('L3000066',51,'192300',true),
  ('L3000066',78,'026171',false),
  ('L3000067',13,'082367',false),
  ('L3000067',27,'238144',false),
  ('L3000067',42,'045464',false),
  ('L3000067',49,'227093',false),
  ('L3000067',59,'082367',false),
  ('L3000067',68,'195612',false),
  ('L3000067',71,'228386',false),
  ('L3000067',84,'228386',false),
  ('L3000068',42,'188061',false),
  ('L3000068',44,'227093',false),
  ('L3000068',48,'075295',false),
  ('L3000069',11,'233420',false),
  ('L3000069',25,'330699',false),
  ('L3000069',28,'227093',false),
  ('L3000069',41,'119572',true),
  ('L3000069',72,'228386',false),
  ('L3000069',87,'231587',false),
  ('L3000069',93,'126310',false),
  ('L3000070',24,'241973',false),
  ('L3000070',35,'274274',false),
  ('L3000070',62,'227093',false),
  ('L3000070',77,'051069',false),
  ('L3000070',88,'228386',false),
  ('L3000071',3,'247380',false),
  ('L3000071',11,'508762',false),
  ('L3000071',47,'032845',false),
  ('L3000071',60,'247380',false),
  ('L3000072',15,'120834',false),
  ('L3000072',24,'227093',false),
  ('L3000072',49,'228386',false),
  ('L3000072',59,'227093',false),
  ('L3000072',84,'274274',false),
  ('L3000073',14,'278330',false),
  ('L3000073',22,'297054',false),
  ('L3000073',27,'241973',false),
  ('L3000073',42,'456222',false),
  ('L3000073',57,'339057',false),
  ('L3000074',25,'268757',false),
  ('L3000074',42,'247380',false),
  ('L3000074',68,'196146',false),
  ('L3000074',73,'300334',false),
  ('L3000075',55,'056969',false),
  ('L3000075',68,'051069',false),
  ('L3000076',39,'224503',false),
  ('L3000076',57,'002175',false),
  ('L3000077',11,'451403',false),
  ('L3000077',13,'072989',false),
  ('L3000077',25,'267035',false),
  ('L3000077',50,'087650',false),
  ('L3000077',80,'103064',false),
  ('L3000078',34,'103064',false),
  ('L3000078',53,'103064',false),
  ('L3000079',25,'103064',false),
  ('L3000079',51,'126293',false),
  ('L3000080',12,'196147',false),
  ('L3000080',53,'482573',false),
  ('L3000081',69,'103064',false),
  ('L3000081',82,'103064',false),
  ('L3000082',7,'087650',false),
  ('L3000082',26,'049737',false),
  ('L3000082',45,'237444',false),
  ('L3000082',94,'125105',false),
  ('L3000084',9,'524560',false),
  ('L3000084',41,'380423',false),
  ('L3000084',51,'380423',false),
  ('L3000084',72,'524560',false),
  ('L3000085',37,'154722',false),
  ('L3000085',67,'019736',false),
  ('L3000085',89,'083707',false),
  ('L3000086',1,'017689',false),
  ('L3000086',9,'002175',false),
  ('L3000086',62,'324856',false),
  ('L3000087',16,'227352',true),
  ('L3000087',30,'085946',false),
  ('L3000087',40,'362746',false),
  ('L3000088',70,'045464',false),
  ('L3000089',57,'052117',false),
  ('L3000089',78,'229792',false),
  ('L3000089',86,'082018',false),
  ('L3000091',72,'438315',false),
  ('L3000092',37,'249303',false),
  ('L3000092',60,'368825',false),
  ('L3000093',16,'075665',false),
  ('L3000093',49,'229792',true),
  ('L3000094',35,'158805',false),
  ('L3000094',64,'002175',false),
  ('L3000094',84,'083707',false),
  ('L3000095',22,'005197',true),
  ('L3000095',43,'087650',false),
  ('L3000096',12,'158052',false),
  ('L3000096',18,'232376',false),
  ('L3000097',31,'438315',false),
  ('L3000097',81,'284058',false),
  ('L3000098',50,'196763',false),
  ('L3000098',63,'149265',false),
  ('L3000098',74,'405568',false),
  ('L3000099',49,'379985',false),
  ('L3000099',60,'330699',false),
  ('L3000099',79,'057574',false),
  ('L3000100',31,'039396',false),
  ('L3000100',53,'075295',false),
  ('L3000102',4,'196876',false),
  ('L3000102',45,'094256',false),
  ('L3000102',57,'196876',false),
  ('L3000103',42,'076143',false),
  ('L3000103',54,'019483',true),
  ('L3000104',40,'093926',false),
  ('L3000104',63,'093926',false),
  ('L3000105',10,'019194',false),
  ('L3000105',92,'232376',false),
  ('L3000106',1,'026171',false),
  ('L3000106',14,'095354',false),
  ('L3000106',27,'232376',false),
  ('L3000106',42,'336012',false),
  ('L3000106',61,'343337',false),
  ('L3000107',6,'074841',false),
  ('L3000107',39,'165407',false),
  ('L3000108',24,'183755',true),
  ('L3000108',47,'313178',false),
  ('L3000109',87,'095354',false),
  ('L3000109',92,'171352',false),
  ('L3000110',16,'228953',false),
  ('L3000110',39,'076516',false),
  ('L3000110',87,'051176',false),
  ('L3000111',26,'032618',false),
  ('L3000111',51,'238175',false),
  ('L3000112',3,'232376',false),
  ('L3000112',60,'324851',false),
  ('L3000112',65,'232376',false),
  ('L3000112',72,'037788',false),
  ('L3000112',78,'158312',false),
  ('L3000112',89,'158312',false),
  ('L3000113',47,'045464',false),
  ('L3000113',90,'082367',false),
  ('L3000114',7,'082367',false),
  ('L3000114',39,'082367',false),
  ('L3000114',55,'124863',false),
  ('L3000116',10,'124863',false),
  ('L3000116',26,'195612',true),
  ('L3000116',28,'151216',false),
  ('L3000116',50,'082367',false),
  ('L3000116',54,'120372',true),
  ('L3000116',56,'152907',false),
  ('L3000117',14,'485747',false),
  ('L3000117',34,'082367',false),
  ('L3000118',48,'082367',false),
  ('L3000118',66,'082367',false),
  ('L3000118',89,'273054',false),
  ('L3000119',8,'123189',false),
  ('L3000119',60,'120834',false),
  ('L3000121',12,'087650',false),
  ('L3000121',14,'195049',false),
  ('L3000121',61,'087650',false),
  ('L3000122',32,'045464',false),
  ('L3000123',18,'152457',false),
  ('L3000124',7,'228386',false),
  ('L3000124',77,'151636',false),
  ('L3000125',10,'052117',false),
  ('L3000125',76,'602796',false),
  ('L3000127',48,'052117',false),
  ('L3000127',55,'438315',false),
  ('L3000128',88,'151636',false),
  ('L3000129',14,'337816',false),
  ('L3000129',64,'193612',false),
  ('L3000129',89,'052117',false),
  ('L3000129',90,'052117',false),
  ('L3000130',6,'228953',false),
  ('L3000130',36,'017689',false),
  ('L3000130',80,'017689',false),
  ('L3000132',67,'002175',false),
  ('L3000132',74,'191426',false),
  ('L3000133',38,'313178',false),
  ('L3000133',66,'282169',false),
  ('L3000133',76,'153897',false),
  ('L3000133',79,'273054',false),
  ('L3000133',93,'043821',false),
  ('L3000135',48,'342393',false),
  ('L3000135',71,'362746',false),
  ('L3000136',21,'032845',false),
  ('L3000136',34,'095354',false),
  ('L3000136',52,'019194',false),
  ('L3000136',77,'051176',false),
  ('L3000137',16,'196146',false),
  ('L3000137',59,'027033',false),
  ('L3000137',76,'300334',false),
  ('L3000137',80,'196146',false),
  ('L3000138',25,'037788',false),
  ('L3000138',53,'125105',false),
  ('L3000138',54,'324851',false),
  ('L3000139',19,'273054',false),
  ('L3000139',47,'273054',false),
  ('L3000139',74,'273054',false),
  ('L3000139',77,'193612',false),
  ('L3000139',84,'411271',false),
  ('L3000140',22,'193612',false),
  ('L3000140',55,'045734',false),
  ('L3000140',75,'232355',false),
  ('L3000141',21,'055512',false),
  ('L3000142',22,'033416',false),
  ('L3000142',59,'033535',false),
  ('L3000143',53,'483974',false),
  ('L3000143',58,'362746',false),
  ('L3000144',13,'093926',false),
  ('L3000144',30,'093926',false),
  ('L3000144',36,'405568',false),
  ('L3000144',63,'109792',false),
  ('L3000145',90,'342968',false),
  ('L3000146',53,'250945',false),
  ('L3000146',76,'250945',false),
  ('L3000146',80,'275454',false),
  ('L3000146',90,'069392',false),
  ('L3000147',58,'195049',false),
  ('L3000148',47,'123521',false),
  ('L3000148',66,'451380',false),
  ('L3000148',78,'027033',false),
  ('L3000149',27,'250945',false),
  ('L3000150',30,'216399',false),
  ('L3000150',33,'151636',false),
  ('L3000151',40,'192294',false),
  ('L3000151',62,'250945',false),
  ('L3000152',3,'116792',false),
  ('L3000152',54,'119543',false),
  ('L3000152',59,'087190',false),
  ('L3000152',92,'017689',false),
  ('L3000153',6,'300334',false),
  ('L3000153',44,'109728',false),
  ('L3000153',84,'273551',false),
  ('L3000154',50,'019194',false),
  ('L3000155',25,'054238',false),
  ('L3000155',27,'082018',false),
  ('L3000155',47,'216348',false),
  ('L3000155',66,'052117',false),
  ('L3000155',86,'448092',false),
  ('L3000156',22,'104293',false),
  ('L3000156',48,'379114',false),
  ('L3000157',15,'082367',false),
  ('L3000157',41,'379114',false),
  ('L3000157',43,'377113',false),
  ('L3000157',70,'195612',false),
  ('L3000157',91,'307591',false),
  ('L3000158',4,'072989',false),
  ('L3000158',23,'033535',false),
  ('L3000159',51,'171352',false),
  ('L3000159',68,'171352',false),
  ('L3000159',95,'123395',false),
  ('L3000160',32,'379114',false),
  ('L3000161',10,'045464',false),
  ('L3000161',23,'379979',false),
  ('L3000161',72,'057574',false),
  ('L3000161',81,'057934',false),
  ('L3000162',22,'343337',false),
  ('L3000162',28,'483974',false),
  ('L3000162',90,'336012',false),
  ('L3000164',45,'336012',false),
  ('L3000164',74,'805835',false),
  ('L3000165',68,'336012',false),
  ('L3000165',74,'503162',false),
  ('L3000166',3,'057574',false),
  ('L3000166',31,'330795',false),
  ('L3000166',72,'249303',false),
  ('L3000166',93,'058379',false),
  ('L3000167',12,'524560',false),
  ('L3000167',13,'056554',true),
  ('L3000167',46,'229792',false),
  ('L3000167',59,'171352',false),
  ('L3000167',73,'185423',true),
  ('L3000168',39,'057574',false),
  ('L3000168',65,'273054',false),
  ('L3000169',44,'057574',true),
  ('L3000169',93,'196843',false),
  ('L3000170',13,'236543',false),
  ('L3000170',76,'043821',false),
  ('L3000171',61,'158805',false),
  ('L3000171',74,'273054',false),
  ('L3000172',69,'037788',false),
  ('L3000173',11,'152907',false),
  ('L3000173',62,'103064',false),
  ('L3000173',65,'451403',false),
  ('L3000173',82,'077947',false),
  ('L3000173',90,'469814',false),
  ('L3000174',56,'275127',false),
  ('L3000175',47,'158805',false),
  ('L3000175',73,'279018',false),
  ('L3000175',78,'275127',false),
  ('L3000176',25,'227093',false),
  ('L3000177',21,'036255',false),
  ('L3000177',26,'330699',false),
  ('L3000178',11,'033416',false),
  ('L3000178',77,'072989',false),
  ('L3000179',48,'077947',false),
  ('L3000180',24,'278324',false),
  ('L3000181',14,'273551',false),
  ('L3000181',19,'275454',false),
  ('L3000181',72,'456222',false),
  ('L3000182',36,'092111',false),
  ('L3000183',13,'324856',false),
  ('L3000183',84,'017689',false),
  ('L3000184',41,'296694',true),
  ('L3000184',45,'333903',false),
  ('L3000184',58,'275454',false),
  ('L3000184',76,'278330',false),
  ('L3000184',86,'196146',false),
  ('L3000184',88,'082289',true),
  ('L3000184',90,'451380',false),
  ('L3000185',15,'297054',true),
  ('L3000185',22,'026171',false),
  ('L3000185',28,'275454',false),
  ('L3000185',60,'456222',false),
  ('L3000186',2,'405568',false),
  ('L3000186',20,'019736',false),
  ('L3000186',54,'339057',false),
  ('L3000187',50,'275454',false),
  ('L3000187',74,'278324',false),
  ('L3000188',2,'339057',false),
  ('L3000188',47,'343337',false),
  ('L3000189',29,'094256',false),
  ('L3000189',85,'076143',false);
